


NVFORTRAN (Version     24.5)          03/19/2025  06:56:06      page 1

Switches: -noasm -nodclchk -debug -nodlines -line -list
          -idir /opt/softs/gcc/9.2.0/hpc_sdk/Linux_x86_64/24.5/comm_libs/12.4/hpcx/hpcx-2.19/ompi/include
          -idir /opt/softs/gcc/9.2.0/hpc_sdk/Linux_x86_64/24.5/comm_libs/12.4/hpcx/hpcx-2.19/ompi/lib
          -inform severe -opt 1 -nosave -object -noonetrip
          -depchk on -nostandard     
          -symbol -noupcase    

Filename: ./cumastrn.F90

(    1) SUBROUTINE CUMASTRN &
(    2)  & (PPLDARE, PPLRG,    YDTHF,   YDCST, YDML_PHY_SLIN,     YDML_PHY_EC, YGFL,&
(    3)  & YDCHEM,   YDSPP_CONFIG, YDPERTPAR, &
(    4)  & KIDIA,    KFDIA,    KLON,    KLEV,   PDX, LDTDKMF,&
(    5)  & LDMCAPEA, LDLAND,   PTSPHY,&
(    6)  & PTEN,     PQEN,     PUEN,     PVEN,     PLITOT,&
(    7)  & PVERVEL,  PQSEN,    PQHFL,    PAHFS,&
(    8)  & PAP,      PAPH,     PGEO,     PGEOH,    PGAW,&
(    9)  & PCUCONVCA,PGP2DSPP, &
(   10)  & PTENT,    PTENQ,    PTENU,    PTENV,    PTENTA,   PTENQA,&
(   11)  & LDCUM,    KTYPE,    KCBOT,    KCTOP,&
(   12)  & LDCUM_LIG, KCBOT_LIG, KCTOP_LIG,&
(   13)  & KBOTSC,   LDSC,&
(   14)  & LDSHCV,&
(   15)  & PLCRIT_AER,&     
(   16)  & PTU,      PQU,      PLU,      PLUDE,    PLUDELI,   PSNDE,&
(   17)  & PENTH,    PMFLXR,   PMFLXS,   PRAIN,    PLRAIN,    PRSUD,&
(   18)  & PMFU,     PMFD,     PLGLAC, &
(   19)  & PMFUDE_RATE,        PMFDDE_RATE,    PCAPE,   PWU, PWMEAN, PVDISCU, PDISS, &
(   20)  & KTRAC,    PCEN,     PTENC,    PSCAV, PSCAV0 )  
(   21) 
(   22) !**** *CUMASTR*  MASTER ROUTINE FOR CUMULUS MASSFLUX-SCHEME
(   23) 
(   24) !     PURPOSE
(   25) !     -------
(   26) !          THIS ROUTINE COMPUTES THE PHYSICAL TENDENCIES OF THE
(   27) !     PROGNOSTIC VARIABLES T,Q,U, V AND TRACERS DUE TO CONVECTIVE PROCESSES.
(   28) !     PROCESSES CONSIDERED ARE: CONVECTIVE FLUXES, FORMATION OF
(   29) !     PRECIPITATION, EVAPORATION OF FALLING RAIN BELOW CLOUD BASE,
(   30) !     SATURATED CUMULUS DOWNDRAFTS.
(   31) 
(   32) !**   INTERFACE.
(   33) !     ----------
(   34) 
(   35) !          *CUMASTR* IS CALLED FROM *CUCALL*
(   36) !     THE ROUTINE TAKES ITS INPUT FROM THE LONG-TERM STORAGE
(   37) !     T,Q,U,V,PHI AND P AND MOISTURE TENDENCIES.
(   38) !     IT RETURNS ITS OUTPUT TO THE SAME SPACE
(   39) !      1.MODIFIED TENDENCIES OF MODEL VARIABLES
(   40) !      2.RATES OF CONVECTIVE PRECIPITATION
(   41) !        (USED IN SUBROUTINE SURF)
(   42) !      3.CLOUD BASE, CLOUD TOP AND PRECIP FOR RADIATION
(   43) !        (USED IN SUBROUTINE CLOUD)
(   44) 
(   45) !     METHOD
(   46) !     -------
(   47) 
(   48) !     PARAMETERIZATION IS DONE USING A MASSFLUX-SCHEME.
(   49) !        (1) DEFINE CONSTANTS AND PARAMETERS
(   50) !        (2) SPECIFY VALUES (T,Q,QS...) AT HALF LEVELS AND






NVFORTRAN (Version     24.5)          03/19/2025  06:56:06      page 2

(   51) !            INITIALIZE UPDRAFT- AND DOWNDRAFT-VALUES IN 'CUINI'
(   52) !        (3) CALCULATE CLOUD BASE IN 'CUBASE'
(   53) !            AND SPECIFY CLOUD BASE MASSFLUX FROM PBL MOISTURE BUDGET
(   54) !        (4) DO CLOUD ASCENT IN 'CUASC' IN ABSENCE OF DOWNDRAFTS
(   55) !        (5) DO DOWNDRAFT CALCULATIONS:
(   56) !              (A) DETERMINE VALUES AT LFS IN 'CUDLFS'
(   57) !              (B) DETERMINE MOIST DESCENT IN 'CUDDRAF'
(   58) !              (C) RECALCULATE CLOUD BASE MASSFLUX CONSIDERING THE
(   59) !                  EFFECT OF CU-DOWNDRAFTS
(   60) !        (6) DO FINAL CLOUD ASCENT IN 'CUASC'
(   61) !        (7) DO FINAL ADJUSMENTS TO CONVECTIVE FLUXES IN 'CUFLX',
(   62) !            DO EVAPORATION IN SUBCLOUD LAYER
(   63) !        (8) CALCULATE INCREMENTS OF T AND Q IN 'CUDTDQ'
(   64) !        (9) CALCULATE INCREMENTS OF U AND V IN 'CUDUDV'
(   65) 
(   66) !     PARAMETER     DESCRIPTION                                   UNITS
(   67) !     ---------     -----------                                   -----
(   68) !     INPUT PARAMETERS (INTEGER):
(   69) 
(   70) !    *KIDIA*        START POINT
(   71) !    *KFDIA*        END POINT
(   72) !    *KLON*         NUMBER OF GRID POINTS PER PACKET
(   73) !    *KLEV*         NUMBER OF LEVELS
(   74) !    *KTRAC*        NUMBER OF CHEMICAL TRACERS
(   75) 
(   76) !     INPUT PARAMETERS (LOGICAL)
(   77) 
(   78) !    *LDLAND*       LAND SEA MASK (.TRUE. FOR LAND)
(   79) !    *LDTDKMF*      Arpege tuning (if TRUE)
(   80) 
(   81) !     INPUT PARAMETERS (REAL)
(   82) 
(   83) !    *PTSPHY*       TIME STEP FOR THE PHYSICS                       S
(   84) !    *PTEN*         PROVISIONAL ENVIRONMENT TEMPERATURE (T+1)       K
(   85) !    *PQEN*         PROVISIONAL ENVIRONMENT SPEC. HUMIDITY (T+1)  KG/KG
(   86) !    *PUEN*         PROVISIONAL ENVIRONMENT U-VELOCITY (T+1)       M/S
(   87) !    *PVEN*         PROVISIONAL ENVIRONMENT V-VELOCITY (T+1)       M/S
(   88) !    *PCEN*         PROVISIONAL ENVIRONMENT TRACER CONCENTRATIONS KG/KG 
(   89) !    *PLITOT*       GRID MEAN LIQUID WATER+ICE CONTENT            KG/KG
(   90) !    *PVERVEL*      VERTICAL VELOCITY                             PA/S
(   91) !    *PQSEN*        ENVIRONMENT SPEC. SATURATION HUMIDITY (T+1)   KG/KG
(   92) !    *PQHFL*        MOISTURE FLUX (EXCEPT FROM SNOW EVAP.)        KG/(SM2)
(   93) !    *PAHFS*        SENSIBLE HEAT FLUX                            W/M2
(   94) !    *PAP*          PROVISIONAL PRESSURE ON FULL LEVELS             PA
(   95) !    *PAPH*         PROVISIONAL PRESSURE ON HALF LEVELS             PA
(   96) !    *PGEO*         GEOPOTENTIAL                                  M2/S2
(   97) !    *PGEOH*        GEOPOTENTIAL ON HALF LEVELS                   M2/S2
(   98) !    *PGAW*       NORMALISED GAUSSIAN QUADRATURE WEIGHT / NUMBER OF LONGITUDE POINTS
(   99) !                           LOCAL SUB-AREA == 4*RPI*RA**2 * PGAW
(  100) !    *PLCRIT_AER*   CRITICAL LIQUID MMR FOR AUTOCONVERSION PROCESS KG/KG
(  101) !    *PCUCONVCA*    COUPLING TO CELL AUTOMATON OR 2D ADV FIELD     ( )
(  102) !    *PGP2DSPP*     Standard stochastic variable (mean=0, SD=1)
(  103) !    *PSCAV*        SCAVENGING COEFFICIENTS FOR CHEM TRANSPORT    UNITLESS
(  104) 
(  105) !    UPDATED PARAMETERS (REAL):
(  106) 
(  107) !    *PTENT*        TEMPERATURE TENDENCY                           K/S
(  108) !    *PTENQ*        MOISTURE TENDENCY                             KG/(KG S)






NVFORTRAN (Version     24.5)          03/19/2025  06:56:06      page 3

(  109) !    *PTENU*        TENDENCY OF U-COMP. OF WIND                    M/S2
(  110) !    *PTENV*        TENDENCY OF V-COMP. OF WIND                    M/S2
(  111) !    *PTENC*        TENDENCY OF CHEMICAL TRACERS                   1/S
(  112) !    *PTENTA*       TEMPERATURE TENDENCY DYNAMICS=TOT ADVECTION    K/S
(  113) !    *PTENQA*       MOISTURE    TENDENCY DYNAMICS=TOT ADVECTION    1/S
(  114) 
(  115) !    OUTPUT PARAMETERS (LOGICAL):
(  116) 
(  117) !    *LDCUM*        FLAG: .TRUE. FOR CONVECTIVE POINTS 
(  118) !    *LDCUM_LIG*    FLAG: .TRUE. FOR CONVECTIVE POINTS (FOR LIGHTNING PARAM)
(  119) !    *LDSC*         FLAG: .TRUE. FOR SC-POINTS
(  120) 
(  121) !    OUTPUT PARAMETERS (INTEGER):
(  122) 
(  123) !    *KTYPE*        TYPE OF CONVECTION
(  124) !                       1 = PENETRATIVE CONVECTION
(  125) !                       2 = SHALLOW CONVECTION
(  126) !                       3 = MIDLEVEL CONVECTION
(  127) !    *KCBOT*        CLOUD BASE LEVEL
(  128) !    *KCTOP*        CLOUD TOP LEVEL
(  129) !    *KCBOT_LIG*    CLOUD BASE LEVEL (FOR LIGHTNING PARAM)
(  130) !    *KCTOP_LIG*    CLOUD TOP LEVEL (FOR LIGHTNING PARAM)
(  131) !    *KBOTSC*       CLOUD BASE LEVEL FOR SC-CLOUDS
(  132) 
(  133) !    OUTPUT PARAMETERS (REAL):
(  134) 
(  135) !    *PTU*          TEMPERATURE IN UPDRAFTS                         K
(  136) !    *PQU*          SPEC. HUMIDITY IN UPDRAFTS                    KG/KG
(  137) !    *PLU*          LIQUID WATER CONTENT IN UPDRAFTS              KG/KG
(  138) !    *PLUDE*        DETRAINED TOTAL CONDENSATE                    KG/(M2*S)
(  139) !    *PLUDELI*      DETRAINED LIQUID, ICE, VAPOR, T               KG/(M2*S)
(  140) !    *PLGLAC*       FROZEN CLOUD WATER/RAIN CONTENT              KG/KG
(  141) !    *PSNDE*        DETRAINED SNOW/RAIN                           KG/(M2*S)
(  142) !    *PENTH*        INCREMENT OF DRY STATIC ENERGY                 J/(KG*S)
(  143) !    *PMFLXR*       CONVECTIVE RAIN FLUX                          KG/(M2*S)
(  144) !    *PMFLXS*       CONVECTIVE SNOW FLUX                          KG/(M2*S)
(  145) !    *PRAIN*        TOTAL PRECIP. PRODUCED IN CONV. UPDRAFTS      KG/(M2*S)
(  146) !                   (NO EVAPORATION IN DOWNDRAFTS)
(  147) !    *PLRAIN*       RAIN+SNOW CONTENT IN UPDRAFTS                 KG/KG
(  148) !    *PRSUD*        CONVECT MEAN RAIN AND SNOW CONTENT IN COLUMN  KG/KG
(  149) !    *PMFU*         MASSFLUX UPDRAFTS                             KG/(M2*S)
(  150) !    *PMFD*         MASSFLUX DOWNDRAFTS                           KG/(M2*S)
(  151) !    *PMFUDE_RATE*  UPDRAFT DETRAINMENT RATE                      KG/(M3*S)
(  152) !    *PMFDDE_RATE*  DOWNDRAFT DETRAINMENT RATE                    KG/(M3*S)
(  153) !    *PCAPE*        CONVECTVE AVAILABLE POTENTIAL ENERGY           J/KG
(  154) !    *PWMEAN*       VERTICALLY AVERAGED UPDRAUGHT VELOCITY         M/S
(  155) !    *PVDISCU*      VERT INTEGRATED CONVECTIVE DISSIPATION RATE    W/m2
(  156) !    *PDISS*        DISSIPATION BY DEEP CONVECTION ESTIMATE       m2/s3^(1/3)
(  157) 
(  158) !     EXTERNALS.
(  159) !     ----------
(  160) 
(  161) !       CUINI:  INITIALIZES VALUES AT VERTICAL GRID USED IN CU-PARAMETR.
(  162) !       CUBASE: CLOUD BASE CALCULATION FOR PENETR.AND SHALLOW CONVECTION
(  163) !       CUASC:  CLOUD ASCENT FOR ENTRAINING PLUME
(  164) !       CUDLFS: DETERMINES VALUES AT LFS FOR DOWNDRAFTS
(  165) !       CUDDRAF:DOES MOIST DESCENT FOR CUMULUS DOWNDRAFTS
(  166) !       CUFLX:  FINAL ADJUSTMENTS TO CONVECTIVE FLUXES (ALSO IN PBL)






NVFORTRAN (Version     24.5)          03/19/2025  06:56:06      page 4

(  167) !       CUDQDT: UPDATES TENDENCIES FOR T AND Q
(  168) !       CUDUDV: UPDATES TENDENCIES FOR U AND V
(  169) !       CUCTRACER: TRACER TRANSPORT
(  170) 
(  171) !     SWITCHES.
(  172) !     --------
(  173) 
(  174) !          LMFPEN=.TRUE.   PENETRATIVE CONVECTION IS SWITCHED ON
(  175) !          LMFSCV=.TRUE.   SHALLOW CONVECTION IS SWITCHED ON
(  176) !          LMFMID=.TRUE.   MIDLEVEL CONVECTION IS SWITCHED ON
(  177) !          LMFDD=.TRUE.    CUMULUS DOWNDRAFTS SWITCHED ON
(  178) !          LMFDUDV=.TRUE.  CUMULUS FRICTION SWITCHED ON
(  179) !          LMFTRAC=.false. TRACER TRANSPORT 
(  180) 
(  181) !     REFERENCE.
(  182) !     ----------
(  183) 
(  184) !          PAPER ON MASSFLUX SCHEME (TIEDTKE,1989)
(  185) !          DRAFT PAPER ON MASSFLUX SCHEME (NORDENG, 1995)
(  186) !          Bechtold et al. (2008 QJRMS 134,1337-1351), Rooy et al. (2012 QJRMS)  
(  187) !          Bechtold et al. (2013 JAS)
(  188) 
(  189) !     AUTHOR.
(  190) !     -------
(  191) !      M.TIEDTKE      E.C.M.W.F.     1986/1987/1989
(  192) 
(  193) !     MODIFICATIONS.
(  194) !     --------------
(  195) !      03-08-29 : Clean-up, deep/shallow switches  P.Bechtold
(  196) !      04-02-11 : Add tracer transport             P.Bechtold
(  197) !      05-02-11 : Positive scaling of total Mflux  P.Bechtold
(  198) !      M.Hamrud      01-Oct-2003 CY28 Cleaning
(  199) !      04-12-03 : Turn off shallow convection over stratocu. M.Ko"hler
(  200) !      05-06-27 : Switch off ddraught if idtop<kctop  
(  201) !                 correction for detrainment rates P.Bechtold
(  202) !      05-11-22 : Mods for coarser/finer physics D.Salmond + M.Hortal
(  203) !      06-02-11 : Enable TQ implicit               P.Bechtold
(  204) !      07-06-01 : Only single updraught call with  P.Bechtold
(  205) !                 scaling, convective turnover time
(  206) !                 scale, contain momentum computations in cumastrn
(  207) !      07-10-09 : Added KE dissipation and convective scavenging   P. Bechtold
(  208) !      12-03-02 : remove all entrainment stuff     P. Bechtold
(  209) !      04-10-12 : Add RPLRG/RPLDARE for small planet  N.Semane+P.Bechtold  
(  210) !      13-02-23 : modif diurnal cycle CAPE closure P. Bechtold
(  211) !      13-10-01 : modified option RCAPDCYCL=1 for diurnal cycle N. Semane
(  212) !      16-01-27 : Introduced SPP scheme (LSPP)     M. Leutbecher & S.-J. Lock
(  213) !      20180303 : Gabor: Just a comment line to force recompilation due to 
(  214) !                        compiler wrapper optimation exception liat change
(  215) !      20-08-25 : Additional total moisture advection in CAPE closure P. Bechtold&T. Becker
(  216) !      08-12-20 : Added separate fields for lightning parameterization  P. Lopez.
(  217) !      20-10-12 : SPP abstraction and revision     M. Leutbecher & S. Lang
(  218) !    2021-04-26 : Introduce LNEWTAU switch to compute RTAU depending on grid size  Y. Bouteloup 
(  219) !      20210913 : Modifications for Arpege Y.Bouteloup (LDTDKMF)
(  220) !    2020-09-18 : Choose CAPE diagnostic (LMCAPEA) J.M. Piriou
(  221) !     R. El Khatib 22-Jun-2022 A contribution to simplify phasing after the refactoring of YOMCLI/YOMCST/YOETHF.
(  222) !      15-11-21 : Added PVDISCU, vert-integrated convective dissipation rate R.Forbes
(  223) !------------------------------------------------------------------------------------------
(  224) 






NVFORTRAN (Version     24.5)          03/19/2025  06:56:06      page 5

(  225) USE MODEL_PHYSICS_ECMWF_MOD , ONLY : MODEL_PHYSICS_ECMWF_TYPE
(  226) USE MODEL_PHYSICS_SIMPLINEAR_MOD , ONLY : MODEL_PHYSICS_SIMPLINEAR_TYPE
(  227) USE YOM_YGFL  , ONLY : TYPE_GFLD
(  228) USE YOMCHEM   , ONLY : TCHEM
(  229) USE PARKIND1  , ONLY : JPIM, JPRB
(  230) USE YOMHOOK   , ONLY : LHOOK, DR_HOOK, JPHOOK
(  231) USE YOMCST    , ONLY : TCST
(  232) USE YOETHF    , ONLY : TTHF  
(  233) USE SPP_MOD     , ONLY : TSPP_CONFIG
(  234) USE SPP_GEN_MOD , ONLY : SPP_PERT
(  235) USE YOMPERTPAR  , ONLY : TPERTPAR
(  236) 
(  237) IMPLICIT NONE
(  238) 
(  239) REAL(KIND=JPRB)   ,INTENT(IN)    :: PPLDARE
(  240) REAL(KIND=JPRB)   ,INTENT(IN)    :: PPLRG
(  241) TYPE(TTHF)                         ,INTENT(IN):: YDTHF
(  242) TYPE(TCST)                         ,INTENT(IN):: YDCST
(  243) TYPE(MODEL_PHYSICS_ECMWF_TYPE)     ,INTENT(IN):: YDML_PHY_EC
(  244) TYPE(TCHEM)       ,INTENT(IN)    :: YDCHEM
(  245) TYPE(TSPP_CONFIG) ,INTENT(IN)    :: YDSPP_CONFIG
(  246) TYPE(TPERTPAR)    ,INTENT(IN)    :: YDPERTPAR
(  247) TYPE(MODEL_PHYSICS_SIMPLINEAR_TYPE),INTENT(IN):: YDML_PHY_SLIN
(  248) TYPE(TYPE_GFLD)   ,INTENT(IN)    :: YGFL
(  249) INTEGER(KIND=JPIM),INTENT(IN)    :: KLON
(  250) INTEGER(KIND=JPIM),INTENT(IN)    :: KLEV
(  251) INTEGER(KIND=JPIM),INTENT(IN)    :: KIDIA
(  252) INTEGER(KIND=JPIM),INTENT(IN)    :: KFDIA
(  253) INTEGER(KIND=JPIM),INTENT(IN)    :: KTRAC
(  254) LOGICAL           ,INTENT(IN)    :: LDMCAPEA
(  255) LOGICAL           ,INTENT(IN)    :: LDLAND(KLON) 
(  256) REAL(KIND=JPRB)   ,INTENT(IN)    :: PTSPHY
(  257) REAL(KIND=JPRB)   ,INTENT(IN)    :: PLCRIT_AER(KLON,KLEV) 
(  258) REAL(KIND=JPRB)   ,INTENT(INOUT) :: PTEN(KLON,KLEV) 
(  259) REAL(KIND=JPRB)   ,INTENT(INOUT) :: PQEN(KLON,KLEV) 
(  260) REAL(KIND=JPRB)   ,INTENT(IN)    :: PUEN(KLON,KLEV) 
(  261) REAL(KIND=JPRB)   ,INTENT(IN)    :: PVEN(KLON,KLEV) 
(  262) REAL(KIND=JPRB)   ,INTENT(IN)    :: PLITOT(KLON,KLEV) 
(  263) REAL(KIND=JPRB)   ,INTENT(IN)    :: PVERVEL(KLON,KLEV) 
(  264) REAL(KIND=JPRB)   ,INTENT(INOUT) :: PQSEN(KLON,KLEV) 
(  265) REAL(KIND=JPRB)   ,INTENT(IN)    :: PQHFL(KLON,KLEV+1) 
(  266) REAL(KIND=JPRB)   ,INTENT(IN)    :: PAHFS(KLON,KLEV+1) 
(  267) REAL(KIND=JPRB)   ,INTENT(IN)    :: PAP(KLON,KLEV) 
(  268) REAL(KIND=JPRB)   ,INTENT(IN)    :: PAPH(KLON,KLEV+1)
(  269) REAL(KIND=JPRB)   ,INTENT(IN)    :: PGEO(KLON,KLEV) 
(  270) REAL(KIND=JPRB)   ,INTENT(IN)    :: PGEOH(KLON,KLEV+1) 
(  271) REAL(KIND=JPRB)   ,INTENT(IN)    :: PGAW(KLON)
(  272) REAL(KIND=JPRB)   ,INTENT(IN)    :: PCUCONVCA(KLON)
(  273) REAL(KIND=JPRB)   ,INTENT(IN)    :: PGP2DSPP(KLON,YDSPP_CONFIG%SM%NRFTOTAL)
(  274) REAL(KIND=JPRB)   ,INTENT(IN)    :: PCEN(KLON,KLEV,KTRAC) 
(  275) REAL(KIND=JPRB)   ,INTENT(IN)    :: PSCAV(KTRAC) 
(  276) REAL(KIND=JPRB)   ,INTENT(IN)    :: PSCAV0(KTRAC) 
(  277) REAL(KIND=JPRB)   ,INTENT(IN)    :: PDX(KLON) 
(  278) LOGICAL           ,INTENT(IN)    :: LDTDKMF
(  279) REAL(KIND=JPRB)   ,INTENT(INOUT) :: PTENT(KLON,KLEV) 
(  280) REAL(KIND=JPRB)   ,INTENT(INOUT) :: PTENQ(KLON,KLEV) 
(  281) REAL(KIND=JPRB)   ,INTENT(INOUT) :: PTENU(KLON,KLEV) 
(  282) REAL(KIND=JPRB)   ,INTENT(INOUT) :: PTENV(KLON,KLEV) 






NVFORTRAN (Version     24.5)          03/19/2025  06:56:06      page 6

(  283) REAL(KIND=JPRB)   ,INTENT(IN)    :: PTENTA(KLON,KLEV) 
(  284) REAL(KIND=JPRB)   ,INTENT(IN)    :: PTENQA(KLON,KLEV) 
(  285) REAL(KIND=JPRB)   ,INTENT(INOUT) :: PTENC(KLON,KLEV,KTRAC) 
(  286) LOGICAL           ,INTENT(OUT)   :: LDCUM(KLON)
(  287) INTEGER(KIND=JPIM),INTENT(OUT)   :: KTYPE(KLON)
(  288) INTEGER(KIND=JPIM),INTENT(OUT)   :: KCBOT(KLON)
(  289) INTEGER(KIND=JPIM),INTENT(OUT)   :: KCTOP(KLON)
(  290) LOGICAL           ,INTENT(OUT)   :: LDCUM_LIG(KLON)
(  291) INTEGER(KIND=JPIM),INTENT(OUT)   :: KCBOT_LIG(KLON)
(  292) INTEGER(KIND=JPIM),INTENT(OUT)   :: KCTOP_LIG(KLON)
(  293) INTEGER(KIND=JPIM),INTENT(OUT)   :: KBOTSC(KLON) 
(  294) LOGICAL           ,INTENT(OUT)   :: LDSC(KLON) 
(  295) LOGICAL           ,INTENT(IN)    :: LDSHCV(KLON) 
(  296) REAL(KIND=JPRB)   ,INTENT(OUT)   :: PTU(KLON,KLEV) 
(  297) REAL(KIND=JPRB)   ,INTENT(OUT)   :: PQU(KLON,KLEV) 
(  298) REAL(KIND=JPRB)   ,INTENT(OUT)   :: PLU(KLON,KLEV) 
(  299) REAL(KIND=JPRB)   ,INTENT(OUT)   :: PLUDE(KLON,KLEV) 
(  300) REAL(KIND=JPRB)   ,INTENT(OUT)   :: PLUDELI(KLON,KLEV,4) 
(  301) REAL(KIND=JPRB)   ,INTENT(OUT)   :: PSNDE(KLON,KLEV,2) 
(  302) REAL(KIND=JPRB)   ,INTENT(OUT)   :: PENTH(KLON,KLEV) 
(  303) REAL(KIND=JPRB)   ,INTENT(OUT)   :: PMFLXR(KLON,KLEV+1) 
(  304) REAL(KIND=JPRB)   ,INTENT(OUT)   :: PMFLXS(KLON,KLEV+1) 
(  305) REAL(KIND=JPRB)   ,INTENT(OUT)   :: PRAIN(KLON) 
(  306) REAL(KIND=JPRB)   ,INTENT(OUT)   :: PLRAIN(KLON,KLEV) 
(  307) REAL(KIND=JPRB)   ,INTENT(OUT)   :: PRSUD(KLON,KLEV,2) 
(  308) REAL(KIND=JPRB)   ,INTENT(OUT)   :: PMFU(KLON,KLEV)
(  309) REAL(KIND=JPRB)   ,INTENT(OUT)   :: PMFD(KLON,KLEV)
(  310) REAL(KIND=JPRB)   ,INTENT(OUT)   :: PLGLAC(KLON,KLEV) 
(  311) REAL(KIND=JPRB)   ,INTENT(OUT)   :: PMFUDE_RATE(KLON,KLEV)
(  312) REAL(KIND=JPRB)   ,INTENT(OUT)   :: PMFDDE_RATE(KLON,KLEV)
(  313) REAL(KIND=JPRB)   ,INTENT(OUT)   :: PCAPE(KLON) 
(  314) REAL(KIND=JPRB)   ,INTENT(OUT)   :: PWMEAN(KLON) 
(  315) REAL(KIND=JPRB)   ,INTENT(OUT)   :: PVDISCU(KLON) 
(  316) REAL(KIND=JPRB)   ,INTENT(OUT)   :: PWU(KLON,KLEV)
(  317) REAL(KIND=JPRB)   ,INTENT(OUT)   :: PDISS(KLON,KLEV) 
(  318) 
(  319) 
(  320) REAL(KIND=JPRB) ::     ZTENH(KLON,KLEV),       ZQENH(KLON,KLEV),&
(  321)  & ZTENH2(KLON,KLEV),      ZQENH2(KLON,KLEV),&
(  322)  & ZQSENH(KLON,KLEV),&
(  323)  & ZTD(KLON,KLEV),         ZQD(KLON,KLEV),&
(  324)  & ZMFUS(KLON,KLEV),       ZMFDS(KLON,KLEV),&
(  325)  & ZMFUQ(KLON,KLEV),       ZMFDQ(KLON,KLEV),&
(  326)  & ZDMFUP(KLON,KLEV),      ZDMFDP(KLON,KLEV),&
(  327)  & ZMFUL(KLON,KLEV),       ZRFL(KLON),&
(  328)  & ZUU(KLON,KLEV),         ZVU(KLON,KLEV),&
(  329)  & ZUD(KLON,KLEV),         ZVD(KLON,KLEV),&
(  330)  & ZKINEU(KLON,KLEV),      ZKINED(KLON,KLEV) 
(  331) REAL(KIND=JPRB) :: &
(  332)  & ZMFUB(KLON),            ZMFUB1(KLON),  ZKHVFL(KLON), ZKHFL(KLON),&
(  333)  & ZDQCV(KLON),            ZFACCA(KLON),  ZMFCFL(KLON), ZSATFR(KLON)
(  334) REAL(KIND=JPRB) ::     ZDPMEL(KLON,KLEV)
(  335) REAL(KIND=JPRB) ::     ZDHPBL(KLON),       ZWUBASE(KLON)
(  336) 
(  337) REAL(KIND=JPRB) ::     ZDMFEN(KLON,KLEV),  ZDMFDE(KLON,KLEV), ZDX(KLON)
(  338) 
(  339) INTEGER(KIND=JPIM) ::  ILAB(KLON,KLEV), IDTOP(KLON), ICTOP0(KLON)
(  340) INTEGER(KIND=JPIM) ::  IDPL(KLON) ! departure level for convection






NVFORTRAN (Version     24.5)          03/19/2025  06:56:06      page 7

(  341) REAL(KIND=JPRB) ::     ZCAPE(KLON), ZCAPE2(KLON), ZHEAT(KLON), ZCAPPBL(KLON), ZCAPDCYCL(KLON), ZCAPDCYCLLD(KLON), ZCAPDCYCLS
(  342) LOGICAL ::  LLDDRAF(KLON), LLDDRAF3(KLON), LLDCUM(KLON), LLSCVFLAG(KLON)
(  343) LOGICAL ::  LLO1, LLO2(KLON), LLMIXS, LLO3
(  344) 
(  345) INTEGER(KIND=JPIM) :: IKB, IKD, ITOPM2, JK, IK, JL
(  346) 
(  347) REAL(KIND=JPRB) ::   ZCONS2, ZCONS, ZDH, ZDH2,&
(  348)  & ZDQMIN, ZDZ, ZEPS, ZFAC, &
(  349)  & ZMFMAX, ZPBMPT, ZQUMQE, ZRO, ZMFA, ZERATE, ZDERATE, ZORCPD, ZRDOCPD,&
(  350)  & ZDUTEN, ZDVTEN, ZTDIS, ZTAURES, ZAR, ZAS, ZBR, ZBS, ZAK, ZRG, ZIND !, ZALPHA
(  351)           
(  352) REAL(KIND=JPRB) :: ZTAU(KLON), ZTAUPBL(KLON)  ! adjustment time
(  353) REAL(KIND=JPRB) :: ZXTAU(KLON)
(  354) 
(  355) ! A bunch of SPP variables
(  356) LOGICAL            :: LLPERT_RTAU     ! SPP perturbation on?
(  357) INTEGER(KIND=JPIM) :: IPRTAU   ! SPP random field pointer
(  358) INTEGER(KIND=JPIM) :: IPN      !  SPP perturbation pointer
(  359) TYPE(SPP_PERT)     :: PN1      ! SPP pertn. configs. for RTAU
(  360) 
(  361) ! scaling factor for momentum and tracer massflux
(  362) REAL(KIND=JPRB) :: ZMFS(KLON),  ZMFUUS(KLON,KLEV), ZMFDUS(KLON,KLEV) ,&
(  363)                   &             ZMFUDR(KLON,KLEV), ZMFDDR(KLON,KLEV) ,&
(  364)                   &             ZTENU(KLON,KLEV),  ZTENV(KLON,KLEV) ,&
(  365)                   & ZMFUUB(KLON), ZMFUVB(KLON),&
(  366)                   & ZMF_SHAL(KLON), ZKMFL(KLON), &
(  367)                   & ZDMFUPC(KLON,KLEV), ZDMFDPC(KLON,KLEV), &
(  368)                   & ZUV2(KLON,KLEV), ZSUM12(KLON), ZSUM22(KLON)
(  369) REAL(KIND=JPHOOK) :: ZHOOK_HANDLE
(  370) 
(  371) #include "cuascn.intfb.h"
(  372) #include "cubasen.intfb.h"
(  373) #include "cuddrafn.intfb.h"
(  374) #include "cudlfsn.intfb.h"
(  375) #include "cudtdqn.intfb.h"
(  376) #include "cududv.intfb.h"
(  377) #include "cuflxn.intfb.h"
(  378) #include "cuinin.intfb.h"
(  379) #include "cuctracer.intfb.h"
(  380) 
(  381) #include "fcttre.func.h"
(  382) 
(  383) !---------------------------------------------------------------------
(  384) 
(  385) !     1.           SPECIFY CONSTANTS AND PARAMETERS
(  386) !                  --------------------------------
(  387) 
(  388) IF (LHOOK) CALL DR_HOOK('CUMASTRN',0,ZHOOK_HANDLE)
(  389) ASSOCIATE(LMFCUCA=>YDML_PHY_EC%YRECUMF%LMFCUCA, LMFDD=>YDML_PHY_EC%YRECUMF%LMFDD, &
(  390)  & LMFDUDV=>YDML_PHY_EC%YRECUMF%LMFDUDV, LMFPEN=>YDML_PHY_EC%YRECUMF%LMFPEN, LMFSCV=>YDML_PHY_EC%YRECUMF%LMFSCV, &
(  391)  & LMFSMOOTH=>YDML_PHY_EC%YRECUMF%LMFSMOOTH, LMFUVDIS=>YDML_PHY_EC%YRECUMF%LMFUVDIS, &
(  392)  & LMFWSTAR=>YDML_PHY_EC%YRECUMF%LMFWSTAR, NJKT1=>YDML_PHY_EC%YRECUMF%NJKT1, NJKT2=>YDML_PHY_EC%YRECUMF%NJKT2, &
(  393)  & NJKT3=>YDML_PHY_EC%YRECUMF%NJKT3, NJKT5=>YDML_PHY_EC%YRECUMF%NJKT5, RCAPDCYCL=>YDML_PHY_EC%YRECUMF%RCAPDCYCL, &
(  394)  & RDEPTHS=>YDML_PHY_EC%YRECUMF%RDEPTHS, RCUCOV =>YDML_PHY_EC%YRECUMF%RCUCOV, &
(  395)  & RMFCFL=>YDML_PHY_EC%YRECUMF%RMFCFL, RMFCMIN=>YDML_PHY_EC%YRECUMF%RMFCMIN, RMFLIA=>YDML_PHY_EC%YRECUMF%RMFLIA, &
(  396)  & RMFSOLCT=>YDML_PHY_EC%YRECUMF%RMFSOLCT, RCAPQADV=>YDML_PHY_EC%YRECUMF%RCAPQADV,&
(  397)  & RMFSOLTQ=>YDML_PHY_EC%YRECUMF%RMFSOLTQ, RMFSOLUV=>YDML_PHY_EC%YRECUMF%RMFSOLUV, &
(  398)  & RMINCAPE=>YDML_PHY_EC%YRECUMF%RMINCAPE, RTAUA=>YDML_PHY_EC%YRECUMF%RTAUA, &






NVFORTRAN (Version     24.5)          03/19/2025  06:56:06      page 8

(  399)  & RUVPER=>YDML_PHY_EC%YRECUMF%RUVPER, RMFADVW=>YDML_PHY_EC%YRECUMF%RMFADVW,RMFADVWDD=>YDML_PHY_EC%YRECUMF%RMFADVWDD,&
(  400)  & LNEWTAU=>YDML_PHY_EC%YRECUMF%LNEWTAU, RXMIN=>YDML_PHY_EC%YRECUMF%RXMIN, RTAULIM=>YDML_PHY_EC%YRECUMF%RTAULIM, &
(  401)  & RTAUFAC=>YDML_PHY_EC%YRECUMF%RTAUFAC, RDXMIN=>YDML_PHY_EC%YRECUMF%RDXMIN, RDXMAX=>YDML_PHY_EC%YRECUMF%RDXMAX, &
(  402)  & LMFSCAV=>YDML_PHY_EC%YREPHY%LMFSCAV, LMFTRAC=>YDML_PHY_EC%YREPHY%LMFTRAC, &
(  403)  & LELIGHT=>YDML_PHY_EC%YREPHY%LELIGHT, LCHEM_LIGHT=>YDCHEM%LCHEM_LIGHT,&
(  404)  & RA=>YDCST%RA, RCPD=>YDCST%RCPD, RD=>YDCST%RD, RETV=>YDCST%RETV, RG=>YDCST%RG, &
(  405)  & RLVTT=>YDCST%RLVTT, RPI=>YDCST%RPI)
(  406) 
(  407) ZCONS2=RMFCFL/(RG*PTSPHY)
(  408) ZCONS=1.0_JPRB/(RG*PTSPHY)
(  409) ZORCPD=1.0_JPRB/RCPD
(  410) ZRDOCPD=RD*ZORCPD
(  411) ZRG=1.0_JPRB/RG
(  412) ZTAU(:)=0.0
(  413) 
(  414) ! prepare SPP PERTURBATIONS
(  415) IF (YDSPP_CONFIG%LSPP) THEN
(  416)   IPN  = YDSPP_CONFIG%PPTR%RTAU
(  417)   LLPERT_RTAU = IPN > 0
(  418)   IF (LLPERT_RTAU) THEN
(  419)     PN1    = YDSPP_CONFIG%SM%PN(IPN)
(  420)     IPRTAU = PN1%MP
(  421)   ENDIF
(  422) 
(  423) ELSE
(  424)   LLPERT_RTAU  =.FALSE.
(  425) ENDIF
(  426) 
(  427) !----------------------------------------------------------------------
(  428) DO JL=KIDIA,KFDIA
(  429)   PCAPE(JL)=0.0_JPRB
(  430)   PVDISCU(JL)=0.0_JPRB
(  431)   LDCUM(JL)=.FALSE.
(  432) ENDDO
(  433) 
(  434) !*    2.           INITIALIZE VALUES AT VERTICAL GRID POINTS IN 'CUINI'
(  435) !                  ---------------------------------------------------
(  436) 
(  437) CALL CUININ &
(  438)  & (YDCST,   YDTHF,    YDML_PHY_SLIN%YREPHLI,  YDML_PHY_EC%YRECUMF,&
(  439)  & KIDIA,    KFDIA,    KLON,     KLEV,&
(  440)  & PTEN,     PQEN,     PQSEN,    PUEN,     PVEN,&
(  441)  & PGEO,     PAPH,&
(  442)  & ILAB,&
(  443)  & ZTENH,    ZQENH,    ZQSENH,   PGEOH,&
(  444)  & PTU,      PQU,      ZTD,      ZQD,&
(  445)  & ZUU,      ZVU,      ZUD,      ZVD,&
(  446)  & PLU     )  
(  447) 
(  448) !---------------------------------------------------------------------
(  449) 
(  450) !*    3.0          CLOUD BASE CALCULATIONS
(  451) !                  -----------------------
(  452) 
(  453) !*             (A) DETERMINE CLOUD BASE VALUES IN 'CUBASE'
(  454) !                  ---------------------------------------
(  455) 
(  456) ZKMFL(:)=0.0_JPRB






NVFORTRAN (Version     24.5)          03/19/2025  06:56:06      page 9

(  457) LLMIXS = LDTDKMF
(  458) CALL CUBASEN &
(  459)  & (PPLDARE, PPLRG,    YDTHF,   YDCST,    YDML_PHY_SLIN%YREPHLI,YDML_PHY_EC%YRECLDP,YDML_PHY_EC%YRECUMF,&
(  460)  & YDSPP_CONFIG, &
(  461)  & KIDIA,    KFDIA,    KLON,     KLEV,   NJKT1, LLMIXS, LDTDKMF,&
(  462)  & ZTENH,    ZQENH,    PGEOH,    PAPH,&
(  463)  & PQHFL,    PAHFS,    PGP2DSPP, ZKMFL,&
(  464)  & PTEN,     PQEN,     PQSEN,    PGEO,&
(  465)  & PTU,      PQU,      PLU,      ZKINEU,   ZWUBASE,&
(  466)  & ILAB,     LDCUM,    LDSC,     KCBOT,    KBOTSC,&
(  467)  & ICTOP0,   IDPL,     PCAPE )   
(  468) 
(  469) 
(  470) !*             (B) DETERMINE TOTAL MOISTURE CONVERGENCE AND
(  471) !*                 DECIDE ON TYPE OF CUMULUS CONVECTION 
(  472) !*                 ONE THE BASIS OF THE DEPTH OF THE CONVECTION
(  473) !*                 DEEP IF CLOUD DEPTH > 200MB
(  474) !*                 SHALLOW IF CLOUD DEPTH <200MB
(  475) !                  -----------------------------------------
(  476) 
(  477) ! CALCULATE COLUMN AND SUB CLOUD LAYER MOISTURE CONVERGENCE
(  478) ! AND SUB CLOUD LAYER MOIST STATIC ENERGY CONVERGENCE
(  479) 
(  480) !DIR$ LOOP_INFO EST_TRIPS(16)
(  481) DO JL=KIDIA,KFDIA
(  482)   ZDHPBL(JL)=0.0_JPRB
(  483)   IDTOP(JL)=0
(  484)   ZCAPPBL(JL)=0.
(  485)   ZKHVFL(JL)= (-PAHFS(JL,KLEV+1) * ZORCPD - RETV * PTEN(JL,KLEV) * PQHFL(JL,KLEV+1))/(PPLRG*PPLDARE)
(  486)   ZKHFL(JL) = (-PAHFS(JL,KLEV+1) - RLVTT * PQHFL(JL,KLEV+1))/(PPLRG*PPLDARE)
(  487) ENDDO
(  488) DO JK=NJKT2,KLEV
(  489) !DIR$ LOOP_INFO EST_TRIPS(16)
(  490)   DO JL=KIDIA,KFDIA
(  491)     IF(LDCUM(JL).AND.JK >= KCBOT(JL)) THEN
(  492)       ZDZ=(PAPH(JL,JK+1)-PAPH(JL,JK))
(  493)       ZDHPBL(JL)=ZDHPBL(JL)+(RLVTT*PTENQ(JL,JK)+RCPD*PTENT(JL,JK))*ZDZ
(  494)       ZCAPPBL(JL)=ZCAPPBL(JL)+(PTENT(JL,JK)+RETV*PTEN(JL,JK)*PTENQ(JL,JK))*ZDZ
(  495)     ENDIF
(  496)   ENDDO
(  497) ENDDO
(  498) 
(  499) !*                 ESTIMATE CLOUD HEIGHT FOR ENTRAINMENT/DETRAINMENT
(  500) !*                 CALCULATIONS IN CUASC AND INITIAL DETERMINATION OF 
(  501) !*                 CLOUD TYPE
(  502) !*                 (MAX.POSSIBLE CLOUD HEIGHT
(  503) !*                 FOR NON-ENTRAINING PLUME, FOLLOWING A.-S.,1974)
(  504) !                  -------------------------------------------------
(  505) 
(  506) 
(  507) !*                 SPECIFY INITIAL CLOUD TYPE
(  508) !*
(  509) 
(  510) !DIR$ LOOP_INFO EST_TRIPS(16)
(  511) DO JL=KIDIA,KFDIA
(  512)   IF (LDCUM(JL)) THEN
(  513)     IKB=KCBOT(JL)
(  514)     ITOPM2=ICTOP0(JL)






NVFORTRAN (Version     24.5)          03/19/2025  06:56:06      page 10

(  515)     ZPBMPT=PAPH(JL,IKB)-PAPH(JL,ITOPM2)
(  516)     IF (ZPBMPT >= RDEPTHS) THEN
(  517)       KTYPE(JL)=1
(  518)     ELSE
(  519)       KTYPE(JL)=2
(  520)     ENDIF
(  521)   ELSE
(  522)     KTYPE(JL)=0
(  523)   ENDIF
(  524) ENDDO
(  525) 
(  526) !*             (C) calculate initial updraught mass flux
(  527) !*                 and set lateral mixing rates
(  528) !*
(  529) !*                 for deep convection assume it is 10% of 
(  530) !*                 maximum value which is determined by the 
(  531) !*                 thickness of the layer and timestep
(  532) !*
(  533) !*                 for shallow convection calculated assuming
(  534) !*                 a balance of moist static energy in the 
(  535) !*                 sub-cloud layer (ignores present of downdraughts)
(  536) !                  ------------------------------------------
(  537) 
(  538) IF (LMFWSTAR) THEN
(  539) !DIR$ IVDEP
(  540) !OCL NOVREC
(  541) !DIR$ LOOP_INFO EST_TRIPS(16)
(  542)   DO JL=KIDIA,KFDIA
(  543)     IF (LDCUM(JL)) THEN
(  544)       IKB=KCBOT(JL)
(  545)       ZDZ=MAX(0.0_JPRB,MIN(1.5E3_JPRB,(PGEOH(JL,IKB)-PGEOH(JL,KLEV+1))/RG))
(  546)       ZMF_SHAL(JL)=0.07_JPRB*(RG/PTEN(JL,KLEV)*ZDZ*MAX(0.0_JPRB,ZKHVFL(JL)))**.3333
(  547)       ZMFMAX=(PAPH(JL,IKB)-PAPH(JL,IKB-1))*ZCONS2
(  548)       ZMF_SHAL(JL)=MIN(ZMF_SHAL(JL),ZMFMAX)
(  549)     ENDIF
(  550)   ENDDO
(  551) ENDIF
(  552) 
(  553) !DIR$ LOOP_INFO EST_TRIPS(16)
(  554) DO JL=KIDIA,KFDIA
(  555)   IF (LDCUM(JL)) THEN
(  556)     IKB=KCBOT(JL)
(  557)     ZMFMAX=(PAPH(JL,IKB)-PAPH(JL,IKB-1))*ZCONS2
(  558) 
(  559) ! deep convection
(  560) 
(  561)     IF (KTYPE(JL) == 1) THEN
(  562)       ZMFUB(JL)=ZMFMAX*0.1_JPRB
(  563) 
(  564)     ELSEIF (KTYPE(JL) == 2) THEN
(  565) 
(  566) ! shallow convection
(  567) 
(  568)       ZQUMQE=PQU(JL,IKB)+PLU(JL,IKB)-ZQENH(JL,IKB)
(  569)       ZDQMIN=MAX(0.01_JPRB*ZQENH(JL,IKB),1.E-10_JPRB)
(  570)       ZDH=RCPD*(PTU(JL,IKB)-ZTENH(JL,IKB))+RLVTT*ZQUMQE
(  571)       ZDH=RG*MAX(ZDH,1.E5_JPRB*ZDQMIN)
(  572)       IF (ZDHPBL(JL) > 0.0_JPRB) THEN






NVFORTRAN (Version     24.5)          03/19/2025  06:56:06      page 11

(  573)         ZMFUB(JL)=ZDHPBL(JL)/ZDH
(  574)         ZMFUB(JL)=MIN(ZMFUB(JL),ZMFMAX)
(  575)       ELSE
(  576)         ZMFUB(JL)=ZMFMAX*0.1_JPRB
(  577)         LDCUM(JL)=.FALSE.
(  578)       ENDIF
(  579)       IF(LMFWSTAR) ZMFUB(JL)=ZMF_SHAL(JL)
(  580)     ENDIF
(  581) 
(  582)   ELSE
(  583) 
(  584) ! no buoyancy cloud base from surface
(  585) ! set cloud base mass flux and mixing rate
(  586) ! to default value for safety
(  587) 
(  588)     ZMFUB(JL)=0.0_JPRB
(  589)   ENDIF
(  590) ENDDO
(  591) 
(  592) !-----------------------------------------------------------------------
(  593) 
(  594) !*    4.0          DETERMINE CLOUD ASCENT FOR ENTRAINING PLUME
(  595) !                  -------------------------------------------
(  596) 
(  597) !*             (A) ESTIMATE CLOUD HEIGHT FOR ENTRAINMENT/DETRAINMENT
(  598) !*                 CALCULATIONS IN CUASC (MAX.POSSIBLE CLOUD HEIGHT
(  599) !*                 FOR NON-ENTRAINING PLUME, FOLLOWING A.-S.,1974)
(  600) !                  -------------------------------------------------
(  601) 
(  602) ! CALCULATIONS NOW DONE IS SECTION 3 ABOVE SO THAT
(  603) ! INITIAL CLOUD DEPTH CAN BE USED TO SPECIFY
(  604) ! THE TYPE OF CONVECTION
(  605) 
(  606) !*             (B) DO ASCENT IN 'CUASC'IN ABSENCE OF DOWNDRAFTS
(  607) !                  --------------------------------------------
(  608) 
(  609) CALL CUASCN &
(  610)  & (YDTHF, YDCST, YDML_PHY_SLIN%YREPHLI,YDML_PHY_EC%YRECLDP,YDML_PHY_EC%YRECUMF,YDSPP_CONFIG,YGFL,&
(  611)  & KIDIA,    KFDIA,    KLON,    KLEV, LDTDKMF,&
(  612)  & PTSPHY,&
(  613)  & ZTENH,    ZQENH,    PUEN,     PVEN,&
(  614)  & PTEN,     PQEN,     PQSEN,    PLITOT,&
(  615)  & PGEO,     PGEOH,    PAP,      PAPH,&
(  616)  & PVERVEL,  ZWUBASE,  PGP2DSPP,  &
(  617)  & LDLAND,   LDCUM,    KTYPE,    ILAB,     LLSCVFLAG,&
(  618)  & PTU,      PQU,      PLU,      PLRAIN,&
(  619)  & PMFU,     ZMFUB,    PLGLAC,&
(  620)  & ZMFUS,    ZMFUQ,    ZMFUL,    PLUDE,    PLUDELI,       ZDMFUP,&
(  621)  & PLCRIT_AER,&
(  622)  & ZDMFEN,&  
(  623)  & KCBOT,    KCTOP,    ICTOP0,   IDPL,     PMFUDE_RATE,   ZKINEU,   PWU,PWMEAN ) 
(  624) 
(  625) !*         (C) CHECK CLOUD DEPTH AND CHANGE ENTRAINMENT RATE ACCORDINGLY
(  626) !              CALCULATE PRECIPITATION RATE (FOR DOWNDRAFT CALCULATION)
(  627) !              -----------------------------------------------------
(  628) 
(  629) !DIR$ IVDEP
(  630) !OCL NOVREC






NVFORTRAN (Version     24.5)          03/19/2025  06:56:06      page 12

(  631) !DIR$ LOOP_INFO EST_TRIPS(16)
(  632) DO JL=KIDIA,KFDIA
(  633)   IF (LDCUM(JL)) THEN
(  634)     IKB=KCBOT(JL)
(  635)     ITOPM2=KCTOP(JL)
(  636)     ZPBMPT=PAPH(JL,IKB)-PAPH(JL,ITOPM2)
(  637)     IF(KTYPE(JL) == 1.AND.ZPBMPT < RDEPTHS) KTYPE(JL)=2
(  638)     IF(KTYPE(JL) == 2.AND.ZPBMPT >= RDEPTHS) KTYPE(JL)=1
(  639)     ICTOP0(JL)=KCTOP(JL)
(  640)   ENDIF
(  641)   ZRFL(JL)=ZDMFUP(JL,1)
(  642) ENDDO
(  643) DO JK=2,KLEV
(  644) !DIR$ LOOP_INFO EST_TRIPS(16)
(  645)   DO JL=KIDIA,KFDIA
(  646)     ZRFL(JL)=ZRFL(JL)+ZDMFUP(JL,JK)
(  647)   ENDDO
(  648) ENDDO
(  649) DO JK=1,KLEV
(  650) !DIR$ LOOP_INFO EST_TRIPS(16)
(  651)   DO JL=KIDIA,KFDIA
(  652)     PMFD(JL,JK)=0.0_JPRB
(  653)     ZMFDS(JL,JK)=0.0_JPRB
(  654)     ZMFDQ(JL,JK)=0.0_JPRB
(  655)     ZDMFDP(JL,JK)=0.0_JPRB
(  656)     ZDPMEL(JL,JK)=0.0_JPRB
(  657)   ENDDO
(  658) ENDDO
(  659) 
(  660) ! Needed for dissipation rate and if LMFUVDIS=T
(  661) DO JK=1,KLEV
(  662) !DIR$ LOOP_INFO EST_TRIPS(16)
(  663)   DO JL=KIDIA,KFDIA
(  664)     ZTENU(JL,JK)=PTENU(JL,JK)
(  665)     ZTENV(JL,JK)=PTENV(JL,JK)
(  666)   ENDDO
(  667) ENDDO
(  668) 
(  669) !-----------------------------------------------------------------------
(  670) 
(  671) !*    5.0          CUMULUS DOWNDRAFT CALCULATIONS
(  672) !                  ------------------------------
(  673) 
(  674) IF(LMFDD) THEN
(  675) 
(  676) !*             (A) DETERMINE LFS IN 'CUDLFS'
(  677) !                  -------------------------
(  678) 
(  679)   CALL CUDLFSN &
(  680)    & (YDTHF, YDCST, YDML_PHY_SLIN%YREPHLI,YDML_PHY_EC%YRECUMF,&
(  681)    & KIDIA,    KFDIA,    KLON,     KLEV,&
(  682)    & KCBOT,    KCTOP,    LDCUM,&
(  683)    & ZTENH,    ZQENH,    PTEN,     PQSEN,    PGEO,&
(  684)    & PGEOH,    PAPH,     PTU,      PQU,&
(  685)    & ZMFUB,    ZRFL,&
(  686)    & ZTD,      ZQD,&
(  687)    & PMFD,     ZMFDS,    ZMFDQ,    ZDMFDP,&
(  688)    & IDTOP,    LLDDRAF )  






NVFORTRAN (Version     24.5)          03/19/2025  06:56:06      page 13

(  689) 
(  690) !*            (B)  DETERMINE DOWNDRAFT T,Q AND FLUXES IN 'CUDDRAF'
(  691) !                  -----------------------------------------------
(  692) 
(  693)   CALL CUDDRAFN &
(  694)    & (YDCST,   YDTHF,    YDML_PHY_SLIN%YREPHLI,YDML_PHY_EC%YRECUMF,&
(  695)    & KIDIA,    KFDIA,    KLON,    KLEV,&
(  696)    & LLDDRAF,&
(  697)    & ZTENH,    ZQENH,    PQSEN,&
(  698)    & PGEO,     PGEOH,    PAPH,     ZRFL,&
(  699)    & ZTD,      ZQD,      PMFU,&
(  700)    & PMFD,     ZMFDS,    ZMFDQ,    ZDMFDP,&
(  701)    & ZDMFDE,   PMFDDE_RATE,        ZKINED )  
(  702) 
(  703) ENDIF
(  704) 
(  705) !-----------------------------------------------------------------------
(  706) 
(  707) !*    6.0          CLOSURE
(  708) !                  ------
(  709) 
(  710) !*                  RECALCULATE CLOUD BASE MASSFLUX FROM A
(  711) !*                 CAPE CLOSURE FOR DEEP CONVECTION (KTYPE=1)
(  712) !*                 AND BY PBL EQUILIBRUM TAKING DOWNDRAFTS INTO
(  713) !*                 ACCOUNT FOR SHALLOW CONVECTION (KTYPE=2)          
(  714) !                  --------------------------------------------
(  715) 
(  716) !   DEEP CONVECTION
(  717) 
(  718) !DIR$ LOOP_INFO EST_TRIPS(16)
(  719) DO JL=KIDIA,KFDIA
(  720)   ZHEAT(JL)=0.0_JPRB
(  721)   ZCAPE(JL)=0.0_JPRB
(  722)   ZCAPE2(JL)=0.0_JPRB
(  723)   ZMFUB1(JL)=ZMFUB(JL)
(  724)   ZDQCV(JL)=0.0_JPRB
(  725)   ZSATFR(JL)=0.0_JPRB
(  726)   ZDX(JL)=2*RA*SQRT(RPI*PGAW(JL))
(  727)   ZDX(JL)=MAX(ZDX(JL),1.E2_JPRB)
(  728) ENDDO
(  729) 
(  730) DO JK=NJKT2,KLEV
(  731) !DIR$ LOOP_INFO EST_TRIPS(16)
(  732)   DO JL=KIDIA,KFDIA
(  733)     LLO1=LDCUM(JL).AND.KTYPE(JL) == 1
(  734)     LLO3=LLO1.AND.JK <= KCBOT(JL).AND.JK > KCTOP(JL)
(  735)     IF(LLO3) THEN
(  736)       ZDZ=(PGEO(JL,JK-1)-PGEO(JL,JK))
(  737)       IF (LDTDKMF) THEN
(  738)         ZHEAT(JL)=ZHEAT(JL) +&
(  739)          & (  (PTEN(JL,JK-1)-PTEN(JL,JK) + ZDZ*ZORCPD)/ZTENH(JL,JK)&
(  740)          & +  RETV*(PQEN(JL,JK-1)-PQEN(JL,JK))  ) *&
(  741)          & (RG*(PMFU(JL,JK)+PMFD(JL,JK)))
(  742)       ELSE
(  743)         ZHEAT(JL)=ZHEAT(JL) +MAX(0.0_JPRB,&
(  744)          & (  (PTEN(JL,JK-1)-PTEN(JL,JK) + ZDZ*ZORCPD)/ZTENH(JL,JK)&
(  745)          & +  RETV*(PQEN(JL,JK-1)-PQEN(JL,JK))  ) *&
(  746)          & (RG*(PMFU(JL,JK)+PMFD(JL,JK))) )






NVFORTRAN (Version     24.5)          03/19/2025  06:56:06      page 14

(  747)       ENDIF
(  748)       ZDZ=(PAP(JL,JK)-PAP(JL,JK-1))
(  749)       ZCAPE(JL)=ZCAPE(JL) +&
(  750)        & ((PTU(JL,JK)-ZTENH(JL,JK))/ZTENH(JL,JK)&
(  751)        & +RETV*(PQU(JL,JK)-ZQENH(JL,JK))&
(  752)        & -PLU(JL,JK) ) * ZDZ  ! -PLRAIN(JL,JK) not added
(  753)     ENDIF
(  754)     IF(LLO3.AND.RCAPQADV>0.0_JPRB) THEN
(  755)       ZTENH2(JL,JK)=ZTENH(JL,JK)-0.5_JPRB*(PTENTA(JL,JK)+PTENTA(JL,JK-1))*PTSPHY
(  756)       ZQENH2(JL,JK)=ZQENH(JL,JK)-0.5_JPRB*(PTENQA(JL,JK)+PTENQA(JL,JK-1))*PTSPHY
(  757)       ZCAPE2(JL)=ZCAPE2(JL) +&
(  758)        & ((PTU(JL,JK)-ZTENH2(JL,JK))/ZTENH2(JL,JK)&
(  759)        & +RETV*(PQU(JL,JK)-ZQENH2(JL,JK))&
(  760)        & -PLU(JL,JK) ) * ZDZ  ! -ZLRAIN(JL,JK) not added
(  761)     ENDIF
(  762)   ! IF(LLO1.AND.JK > KCTOP(JL)) THEN
(  763)     IF(LLO1) THEN
(  764)        ZDZ=(PAPH(JL,JK+1)-PAPH(JL,JK))
(  765)        ZDQCV(JL)=ZDQCV(JL)+PTENQA(JL,JK)*ZDZ*(PQEN(JL,JK)/PQSEN(JL,JK))
(  766)      ! ZMFA=2.5_JPRB/MAX(2.5_JPRB,-PVERVEL(JL,JK))*PQSEN(JL,JK)/ZDX(JL)
(  767)      ! ZDQCV(JL)=ZDQCV(JL)+MIN(ZMFA,PTENQA(JL,JK))*ZDZ*(PQEN(JL,JK)/PQSEN(JL,JK))
(  768)     ENDIF
(  769)     IF(LLO1.AND.JK >= KCTOP(JL)) THEN
(  770)        ZDZ=(PAPH(JL,JK+1)-PAPH(JL,JK))
(  771)        ZSATFR(JL)=ZSATFR(JL)+(PQEN(JL,JK)/PQSEN(JL,JK))*ZDZ
(  772)     ENDIF
(  773)   ENDDO
(  774) ENDDO
(  775) ! time scale and subcloud contribution to CAPE to be substracted for better diurnal cycle over land
(  776) !DIR$ LOOP_INFO EST_TRIPS(16)
(  777) DO JL=KIDIA,KFDIA
(  778)   ZCAPDCYCL(JL)=0.0_JPRB
(  779)   ZTAU(JL)=0.0_JPRB
(  780)   IF (LDTDKMF) THEN
(  781)      ZDX(JL) = PDX(JL)
(  782)      ZDX(JL)=MAX(ZDX(JL),1.E2_JPRB)
(  783)   ENDIF
(  784) !! CFL limit as function of resolution used in DWD ICON model
(  785) ! ZMFCFL(JL) = 2._JPRB*MIN(2._JPRB,1._JPRB + 2.5E-5_JPRB*ZDX(JL))
(  786)   IF(LDCUM(JL).AND.KTYPE(JL) == 1) THEN
(  787)     IF (LNEWTAU) THEN    
(  788)        ZTAURES = RTAULIM*(1._JPRB + RTAUFAC/((ZDX(JL)/1000._JPRB-RXMIN+1._JPRB)**2))    
(  789)     ELSE
(  790)        ZTAURES=1.0_JPRB+1.60_JPRB*ZDX(JL)/125.E3_JPRB
(  791)        ! for the 10-1 km resolution range increase ZTAURES
(  792)        IF(ZDX(JL)<8.E3_JPRB) THEN
(  793)          ZTAURES=1.0_JPRB+(LOG(8.E3_JPRB/ZDX(JL)))**2
(  794)        ENDIF
(  795)     ENDIF
(  796)     IF(ZDX(JL)>125.E3_JPRB) ZTAURES=MIN(3.0_JPRB,ZTAURES)
(  797) 
(  798)     IKD=IDPL(JL)
(  799)     IKB=KCBOT(JL)
(  800)     IK=KCTOP(JL)
(  801)     ZTAU(JL)=(PGEOH(JL,IK)-PGEOH(JL,IKB))/((2.0_JPRB+MIN(15.0_JPRB,PWMEAN(JL)))*RG)*ZTAURES*RTAUA
(  802)     IF (YDSPP_CONFIG%LSPP .AND. LLPERT_RTAU) THEN
(  803)       ZXTAU(JL)= ZTAU(JL)*EXP(PN1%MU(1)+PN1%XMAG(1)*PGP2DSPP(JL, IPRTAU))
(  804)     ELSE






NVFORTRAN (Version     24.5)          03/19/2025  06:56:06      page 15

(  805)       ZXTAU(JL)=ZTAU(JL)
(  806)     ENDIF
(  807) 
(  808)     LLO1=PAPH(JL,KLEV+1)-PAPH(JL,IKD)<50.E2_JPRB
(  809)     IF(LLO1.AND.LDLAND(JL).AND.RCAPDCYCL==1.0_JPRB) THEN
(  810)        ZDZ=MIN(1.E4_JPRB,PGEOH(JL,IKB)-PGEOH(JL,KLEV+1))/RG
(  811)        ZCAPDCYCL(JL)=ZXTAU(JL)*MAX(0.0_JPRB,ZKHVFL(JL))*RCPD/ZDZ
(  812)     ENDIF
(  813)     IF(LLO1.AND.RCAPDCYCL==2.0_JPRB) THEN
(  814)       ZIND=MAX(0._JPRB,MIN(1._JPRB,(RDXMAX-ZDX(JL))/(RDXMAX-RDXMIN)))
(  815)       IF(LDLAND(JL)) ZIND=1._JPRB
(  816)       ZCAPDCYCLLD(JL) =ZCAPPBL(JL)*ZTAU(JL)/ZTAURES
(  817)       ZDUTEN=2.0_JPRB+SQRT(0.5*(PUEN(JL,IKB)**2+PVEN(JL,IKB)**2+PUEN(JL,NJKT3)**2+PVEN(JL,NJKT3)**2))
(  818)       ZTAUPBL(JL)=MIN(1.E4_JPRB,PGEOH(JL,IKB)-PGEOH(JL,KLEV+1))/(RG*ZDUTEN)
(  819)       ZCAPDCYCLSE(JL)=ZCAPPBL(JL)*ZTAUPBL(JL)      
(  820)       ZCAPDCYCL(JL) = ZIND*ZCAPDCYCLLD(JL) + (1._JPRB-ZIND)*ZCAPDCYCLSE(JL)
(  821)     ENDIF
(  822) 
(  823)     ZDQCV(JL)=ZDQCV(JL)*RLVTT/PGEOH(JL,IK)*ZXTAU(JL)/MAX(1.25_JPRB,ZTAURES)*RCAPQADV
(  824)     ZSATFR(JL)=ZSATFR(JL)/(PAPH(JL,KLEV+1)-PAPH(JL,IK))
(  825) 
(  826)   ELSE
(  827)     ZTAU(JL)=0.0_JPRB
(  828)   ENDIF
(  829) ENDDO
(  830) 
(  831) IF (LMFCUCA) THEN
(  832) !only allow cloud base mass flux to vary by certain amount
(  833) !DIR$ LOOP_INFO EST_TRIPS(16)
(  834)   DO JL=KIDIA,KFDIA
(  835)     ZFACCA(JL)=MAX(0.3_JPRB,MIN(1.8_JPRB,PCUCONVCA(JL)))
(  836)   ENDDO
(  837) ELSE
(  838)   ZFACCA(KIDIA:KFDIA)=1.0_JPRB
(  839) ENDIF
(  840) 
(  841) !DIR$ LOOP_INFO EST_TRIPS(16)
(  842) DO JL=KIDIA,KFDIA
(  843)   IF(LDCUM(JL).AND.KTYPE(JL) == 1) THEN
(  844)     IKB=KCBOT(JL)
(  845)     ZCAPE2(JL)=RCAPQADV*ZCAPE2(JL)+(1.0_JPRB-RCAPQADV)*ZCAPE(JL)
(  846)     ZCAPDCYCL(JL)=MAX(ZCAPDCYCL(JL),-2*ZCAPE2(JL))
(  847)     IF(ZSATFR(JL)<=0.94.OR.PVERVEL(JL,NJKT5)<-100._JPRB) THEN
(  848)       ZCAPE(JL)=MAX(RMINCAPE*ZCAPE(JL),ZCAPE2(JL)-ZCAPDCYCL(JL)+ZDQCV(JL))
(  849)     ELSE
(  850)       ZCAPE(JL)=MAX(RMINCAPE*ZCAPE(JL),ZCAPE(JL)-ZCAPDCYCL(JL))
(  851)     ENDIF
(  852)     ZCAPE(JL)=MIN(ZCAPE(JL),5000.0_JPRB)
(  853)     ZHEAT(JL)=MAX(1.E-4_JPRB,ZHEAT(JL))
(  854) !    ZXTAU(JL)=MAX(720._JPRB,ZXTAU(JL))
(  855)     ZXTAU(JL)=MAX(3.6E3_JPRB/(5.0_JPRB*PPLRG*PPLDARE),MIN(3.0_JPRB*3.6E3_JPRB/(PPLRG*PPLDARE),ZXTAU(JL)))
(  856)     ZMFUB1(JL)=(ZCAPE(JL)*ZMFUB(JL))/(ZHEAT(JL)*ZXTAU(JL))
(  857)     ZMFUB1(JL)=MAX(ZMFUB1(JL),0.001_JPRB)*ZFACCA(JL)
(  858)     ZMFMAX=(PAPH(JL,IKB)-PAPH(JL,IKB-1))*ZCONS2
(  859)     ZMFUB1(JL)=MIN(ZMFUB1(JL),ZMFMAX)
(  860)   ENDIF
(  861) ENDDO
(  862) 






NVFORTRAN (Version     24.5)          03/19/2025  06:56:06      page 16

(  863) IF(LDMCAPEA) THEN
(  864)   ! Prefer ZCAPE computed from real CUASCN updraft rather than PCAPE estimated from CUBASEN.
(  865)   DO JL=KIDIA,KFDIA
(  866)     PCAPE(JL) = RG*ZCAPE(JL)
(  867)   ENDDO
(  868) ENDIF
(  869) 
(  870) !  SHALLOW CONVECTION AND MID_LEVEL
(  871) 
(  872) !DIR$ IVDEP
(  873) !OCL NOVREC
(  874) !DIR$ LOOP_INFO EST_TRIPS(16)
(  875) DO JL=KIDIA,KFDIA
(  876)   IF ( LDCUM(JL) .AND. KTYPE(JL) >= 2 ) THEN
(  877)     IKB=KCBOT(JL)
(  878)     IF(PMFD(JL,IKB) < 0.0_JPRB) THEN
(  879)       ZEPS=-PMFD(JL,IKB)/MAX(ZMFUB(JL),1.E-10_JPRB)
(  880)     ELSE
(  881)       ZEPS=0.0_JPRB
(  882)     ENDIF
(  883) ! maximum permissible value of ud base mass flux 
(  884)     ZMFMAX=(PAPH(JL,IKB)-PAPH(JL,IKB-1))*ZCONS2
(  885) 
(  886) ! shallow convection
(  887) 
(  888)     IF(KTYPE(JL) == 2) THEN
(  889)       IF(ZDHPBL(JL) > 0.0_JPRB) THEN
(  890)         ZQUMQE=PQU(JL,IKB)+PLU(JL,IKB)-&
(  891)          & ZEPS*ZQD(JL,IKB)-(1.0_JPRB-ZEPS)*ZQENH(JL,IKB)  
(  892)         ZDH=RCPD*(PTU(JL,IKB)-ZEPS*ZTD(JL,IKB)-&
(  893)          & (1.0_JPRB-ZEPS)*ZTENH(JL,IKB))+RLVTT*ZQUMQE  
(  894)         ZDH2=RCPD*(PTU(JL,IKB-1)-ZEPS*ZTD(JL,IKB-1)-&
(  895)          & (1.0_JPRB-ZEPS)*ZTENH(JL,IKB-1))+RLVTT*ZQUMQE 
(  896)         ZDH=0.5_JPRB*(ZDH+ZDH2)
(  897)         ZDH=RG*MAX(ZDH,0.1_JPRB*RCPD)
(  898)         ZMFUB1(JL)=ZDHPBL(JL)/ZDH
(  899)         IF (.NOT. LDTDKMF) THEN
(  900)           IF(ZMFUB1(JL)>0.9_JPRB*ZMFMAX/RMFCFL.AND.ZDH<0.5_JPRB*RG*RCPD) THEN
(  901)             ZDH=0.75_JPRB*RCPD*RG
(  902)             ZMFUB1(JL)=ZDHPBL(JL)/ZDH
(  903)           ENDIF
(  904)         ENDIF  
(  905)       ELSE
(  906)         ZMFUB1(JL)=ZMFUB(JL)
(  907)       ENDIF
(  908)       IF(LMFWSTAR) ZMFUB1(JL)=ZMF_SHAL(JL)
(  909)       ZMFUB1(JL)=MIN(ZMFUB1(JL),ZMFMAX)
(  910)     ENDIF
(  911) 
(  912) ! mid-level convection
(  913) 
(  914)     IF(KTYPE(JL) == 3)THEN
(  915)       IF (LDTDKMF) THEN
(  916)         ZMFUB1(JL)=MAX(ZMFUB(JL),ZKHFL(JL)/PGEOH(JL,IKB))&
(  917)        &                    *(1.0_JPRB+ZEPS)
(  918)       ELSE
(  919)         ZMFUB1(JL)=MAX(ZMFUB(JL),5*ZKHFL(JL)/PGEOH(JL,IKB))&
(  920)        &                    *(1.0_JPRB+ZEPS)






NVFORTRAN (Version     24.5)          03/19/2025  06:56:06      page 17

(  921)       ENDIF
(  922)       IF(PGEOH(JL,IKB)<1.5E3_JPRB) THEN
(  923)         ZMFUB1(JL)=MIN(ZMFUB1(JL),ZMFMAX/(1.05_JPRB*RMFCFL))
(  924)       ELSE
(  925)         ZMFUB1(JL)=MIN(ZMFUB1(JL),ZMFMAX)
(  926)       ENDIF
(  927)     ENDIF
(  928) 
(  929)   ENDIF
(  930) ENDDO
(  931) 
(  932) ! rescale DD fluxes if deep and shallow convection
(  933) 
(  934) DO JK=1,KLEV
(  935) !DIR$ LOOP_INFO EST_TRIPS(16)
(  936)   DO JL=KIDIA,KFDIA
(  937)     IF ( LLDDRAF(JL) .AND.( KTYPE(JL) == 1.OR. KTYPE(JL) == 2 ) ) THEN
(  938)       ZFAC=ZMFUB1(JL)/MAX(ZMFUB(JL),1.E-10_JPRB)
(  939)       PMFD(JL,JK)=PMFD(JL,JK)*ZFAC
(  940)       ZMFDS(JL,JK)=ZMFDS(JL,JK)*ZFAC
(  941)       ZMFDQ(JL,JK)=ZMFDQ(JL,JK)*ZFAC
(  942)       ZDMFDP(JL,JK)=ZDMFDP(JL,JK)*ZFAC
(  943) !  also rescale detrainment flux for ERA pp
(  944)       PMFDDE_RATE(JL,JK)=PMFDDE_RATE(JL,JK)*ZFAC
(  945)     ENDIF
(  946)   ENDDO
(  947) ENDDO
(  948) 
(  949) !-----------------------------------------------------------------------
(  950) 
(  951) !*    6.2          FINAL CLOSURE=SCALING
(  952) !                  ---------------------
(  953) 
(  954) !DIR$ LOOP_INFO EST_TRIPS(16)
(  955) DO JL=KIDIA,KFDIA
(  956)   IF(LDCUM(JL)) THEN
(  957)     ZMFS(JL)=ZMFUB1(JL)/MAX(RMFCMIN,ZMFUB(JL))
(  958)   ENDIF
(  959) ENDDO
(  960) DO JK=2,KLEV
(  961) !DIR$ LOOP_INFO EST_TRIPS(16)
(  962)   DO JL=KIDIA,KFDIA
(  963)     IF(LDCUM(JL).AND.JK>=KCTOP(JL)-1) THEN
(  964)       IKB=KCBOT(JL)
(  965)       IF(JK>IKB) THEN
(  966)         ZDZ=((PAPH(JL,KLEV+1)-PAPH(JL,JK))/(PAPH(JL,KLEV+1)-PAPH(JL,IKB)))
(  967)         PMFU(JL,JK)=PMFU(JL,IKB)*ZDZ
(  968)       ENDIF
(  969)       ZMFMAX=(PAPH(JL,JK)-PAPH(JL,JK-1))*ZCONS2 !*zmfcfl(jl)/rmfcfl
(  970)       IF (.NOT. LDTDKMF) ZMFMAX=MIN(ZMFMAX,RMFLIA)
(  971)       IF(PMFU(JL,JK)*ZMFS(JL)>ZMFMAX) THEN 
(  972)          ZMFS(JL)=MIN(ZMFS(JL),ZMFMAX/PMFU(JL,JK))  
(  973)          ZMFS(JL)=MAX(ZMFS(JL),1.E-10_JPRB)  
(  974)       ENDIF
(  975)     ENDIF
(  976)   ENDDO
(  977) ENDDO
(  978)  






NVFORTRAN (Version     24.5)          03/19/2025  06:56:06      page 18

(  979) !test additionally on divergence limit in case of direct Dynamics coupling
(  980) IF (RMFADVW>0.0_JPRB) THEN
(  981)   DO JK=2,KLEV-1
(  982)      DO JL=KIDIA,KFDIA
(  983)        IF(KTYPE(JL)==1.AND.JK>=KCTOP(JL)-1) THEN
(  984)           ZFAC=ZMFS(JL)*RG*RMFADVW*(PMFU(JL,JK)-PMFU(JL,JK+1)+RMFADVWDD*(PMFD(JL,JK)-PMFD(JL,JK+1)))/&
(  985)                       &(PAPH(JL,JK)-PAPH(JL,JK+1))*PTSPHY
(  986)           IF(ABS(ZFAC)>0.98_JPRB) ZMFS(JL)=ZMFS(JL)/MAX(1.02_JPRB,ABS(ZFAC))
(  987)        ENDIF
(  988)      ENDDO
(  989)   ENDDO
(  990)   JK=KLEV
(  991)   DO JL=KIDIA,KFDIA
(  992)        IF(KTYPE(JL)==1) THEN
(  993)           ZFAC=ZMFS(JL)*RG*RMFADVW*(PMFU(JL,JK)+RMFADVWDD*PMFD(JL,JK))/(PAPH(JL,JK)-PAPH(JL,JK+1))*PTSPHY
(  994)           IF(ABS(ZFAC)>0.98_JPRB) ZMFS(JL)=ZMFS(JL)/MAX(1.02_JPRB,ABS(ZFAC))
(  995)        ENDIF
(  996)   ENDDO
(  997) ENDIF
(  998) 
(  999) DO JK=2,KLEV
( 1000) !DIR$ LOOP_INFO EST_TRIPS(16)
( 1001)   DO JL=KIDIA,KFDIA
( 1002)     IF(LDCUM(JL).AND.JK<=KCBOT(JL).AND.JK>=KCTOP(JL)-1) THEN
( 1003)       PMFU(JL,JK)=PMFU(JL,JK)*ZMFS(JL)
( 1004)       ZMFUS(JL,JK)=ZMFUS(JL,JK)*ZMFS(JL)
( 1005)       ZMFUQ(JL,JK)=ZMFUQ(JL,JK)*ZMFS(JL)
( 1006)       ZMFUL(JL,JK)=ZMFUL(JL,JK)*ZMFS(JL)
( 1007)       ZDMFUP(JL,JK)=ZDMFUP(JL,JK)*ZMFS(JL)
( 1008)       ZDMFEN(JL,JK)=ZDMFEN(JL,JK)*ZMFS(JL)
( 1009)       PLUDE(JL,JK)=PLUDE(JL,JK)*ZMFS(JL)
( 1010)       PLUDELI(JL,JK,1)=PLUDELI(JL,JK,1)*ZMFS(JL)
( 1011)       PLUDELI(JL,JK,2)=PLUDELI(JL,JK,2)*ZMFS(JL)
( 1012)       PMFUDE_RATE(JL,JK)=PMFUDE_RATE(JL,JK)*ZMFS(JL)
( 1013)     ENDIF
( 1014)   ENDDO
( 1015) ENDDO
( 1016) 
( 1017) !-----------------------------------------------------------------------
( 1018) 
( 1019) !*    6.5          IN CASE THAT EITHER DEEP OR SHALLOW IS SWITCHED OFF
( 1020) !                  RESET LDCUM TO FALSE-> FLUXES SET TO ZERO IN CUFLXN
( 1021) !                  ---------------------------------------------------
( 1022) 
( 1023) !                 exclude pathological KTYPE=2 KCBOT=KCTOP=KLEV-1
( 1024) 
( 1025) !DIR$ LOOP_INFO EST_TRIPS(16)
( 1026) DO JL=KIDIA,KFDIA
( 1027)   IF(KTYPE(JL)==2.AND.KCBOT(JL)==KCTOP(JL).AND.KCBOT(JL)>=KLEV-1) THEN
( 1028)     LDCUM(JL)=.FALSE.
( 1029)     KTYPE(JL)=0
( 1030)   ENDIF
( 1031) ENDDO
( 1032) 
( 1033) !                  turn off shallow convection if stratocumulus PBL type
( 1034) !DIR$ LOOP_INFO EST_TRIPS(16)
( 1035) DO JL=KIDIA,KFDIA
( 1036)   LLO2(JL)=.FALSE.






NVFORTRAN (Version     24.5)          03/19/2025  06:56:06      page 19

( 1037)   IF((.NOT.LDSHCV(JL) .AND. KTYPE(JL)==2)) THEN
( 1038)     LLO2(JL)=.TRUE.
( 1039)     LDCUM(JL)=.FALSE.
( 1040)   ENDIF
( 1041) ENDDO
( 1042) 
( 1043) 
( 1044) !DIR$ LOOP_INFO EST_TRIPS(16)
( 1045)   ! The following is needed to allow lightning calculations in case deep convection 
( 1046)   ! is treated explicitly (i.e. when LMFPEN=false).
( 1047) DO JL=KIDIA,KFDIA
( 1048)     ! Store convection flag.
( 1049)     LDCUM_LIG(JL)=LDCUM(JL)
( 1050)     ! Store convective cloud top and bottom levels.
( 1051)     KCTOP_LIG(JL)=KCTOP(JL)
( 1052)     KCBOT_LIG(JL)=KCBOT(JL)
( 1053) ENDDO
( 1054) 
( 1055) IF (.NOT.LMFSCV .OR. .NOT.LMFPEN) THEN
( 1056) !DIR$ LOOP_INFO EST_TRIPS(16)
( 1057)   DO JL=KIDIA,KFDIA
( 1058)    ! LLO2(JL)=.FALSE.
( 1059)     IF((.NOT.LMFSCV .AND. KTYPE(JL)==2).OR.(.NOT.LMFPEN .AND. KTYPE(JL)==1))THEN
( 1060)       LLO2(JL)=.TRUE.
( 1061)       LDCUM(JL)=.FALSE.
( 1062)     ENDIF
( 1063)   ENDDO
( 1064) ENDIF
( 1065) 
( 1066) !-----------------------------------------------------------------------
( 1067) 
( 1068) !*    7.0          DETERMINE FINAL CONVECTIVE FLUXES IN 'CUFLX'
( 1069) !                  ------------------------------------------
( 1070) 
( 1071) !- set DD mass fluxes to zero above cloud top
( 1072) !  (because of inconsistency with second updraught)
( 1073) !DIR$ LOOP_INFO EST_TRIPS(16)
( 1074) DO JL=KIDIA,KFDIA
( 1075)   IF(LLDDRAF(JL).AND.IDTOP(JL)<=KCTOP(JL)) THEN
( 1076)     IDTOP(JL)=KCTOP(JL)+1
( 1077)   ENDIF
( 1078) ENDDO
( 1079) 
( 1080) DO JK=2,KLEV
( 1081) !DIR$ LOOP_INFO EST_TRIPS(16)
( 1082)   DO JL=KIDIA,KFDIA
( 1083)     IF (LLDDRAF(JL)) THEN
( 1084)       IF (JK<IDTOP(JL)) THEN
( 1085)         PMFD(JL,JK)=0.0_JPRB
( 1086)         ZMFDS(JL,JK)=0.0_JPRB
( 1087)         ZMFDQ(JL,JK)=0.0_JPRB
( 1088)         PMFDDE_RATE(JL,JK)=0.0_JPRB
( 1089)         ZDMFDP(JL,JK)=0.0_JPRB
( 1090)       ELSEIF (JK==IDTOP(JL)) THEN
( 1091)         PMFDDE_RATE(JL,JK)=0.0_JPRB
( 1092)       ENDIF
( 1093)     ENDIF
( 1094)   ENDDO






NVFORTRAN (Version     24.5)          03/19/2025  06:56:06      page 20

( 1095) ENDDO
( 1096) CALL CUFLXN &
( 1097)  & (YDTHF, YDCST, YDML_PHY_SLIN%YREPHLI,YDML_PHY_EC%YRECUMF,&
( 1098)  & KIDIA,    KFDIA,    KLON,     KLEV,&
( 1099)  & PTSPHY,&
( 1100)  & PTEN,     PQEN,     PQSEN,    ZTENH,    ZQENH,&
( 1101)  & PAPH,     PAP,      PGEOH,    LDLAND,   LDCUM, LDTDKMF, &
( 1102)  & KCBOT,    KCTOP,    IDTOP,    ITOPM2,&
( 1103)  & KTYPE,    LLDDRAF,&
( 1104)  & PMFU,     PMFD,     ZMFUS,    ZMFDS,&
( 1105)  & ZMFUQ,    ZMFDQ,    ZMFUL,    PLUDE,    PLUDELI,   PLRAIN,  PSNDE,&
( 1106)  & ZDMFUP,   ZDMFDP,   ZDPMEL,   PLGLAC,&
( 1107)  & PMFLXR,   PMFLXS,   PRAIN,    PMFUDE_RATE,  PMFDDE_RATE )  
( 1108)  
( 1109) !- correct DD detrainment rates if entrainment becomes negative
( 1110) !- correct UD detrainment rates if entrainment becomes negative
( 1111) !- conservation correction for precip
( 1112) 
( 1113) DO JK=2,KLEV-1
( 1114) !DIR$ LOOP_INFO EST_TRIPS(16)
( 1115)   DO JL=KIDIA,KFDIA
( 1116)     IF ( LLDDRAF(JL) .AND. JK>=IDTOP(JL)-1 ) THEN
( 1117)        ZERATE=-PMFD(JL,JK)+PMFD(JL,JK-1)+PMFDDE_RATE(JL,JK)
( 1118)        IF(ZERATE<0.0_JPRB) THEN
( 1119)          PMFDDE_RATE(JL,JK)=PMFDDE_RATE(JL,JK)-ZERATE
( 1120)        ENDIF
( 1121)     ENDIF
( 1122)     IF ( LDCUM(JL) .AND. JK>=KCTOP(JL)-1 ) THEN
( 1123)        ZERATE=PMFU(JL,JK)-PMFU(JL,JK+1)+PMFUDE_RATE(JL,JK)
( 1124)        IF(ZERATE<0.0_JPRB) THEN
( 1125)          PMFUDE_RATE(JL,JK)=PMFUDE_RATE(JL,JK)-ZERATE
( 1126)        ENDIF
( 1127)      ! ZDMFUP(JL,JK)=ZDMFUP(JL,JK)+ZDMFDP(JL,JK)
( 1128)        ZDMFUP(JL,JK)=PMFLXR(JL,JK+1)+PMFLXS(JL,JK+1)&
( 1129)                    &-PMFLXR(JL,JK)-PMFLXS(JL,JK)
( 1130)        ZDMFDP(JL,JK)=0.0_JPRB
( 1131)     ENDIF
( 1132)   ENDDO
( 1133) ENDDO
( 1134) 
( 1135) ! avoid negative humidities at ddraught top
( 1136) !DIR$ LOOP_INFO EST_TRIPS(16)
( 1137) DO JL=KIDIA,KFDIA
( 1138)  IF(LLDDRAF(JL)) THEN
( 1139)    JK=IDTOP(JL)
( 1140)    IK=MIN(JK+1,KLEV)
( 1141)    IF(ZMFDQ(JL,JK)<0.3_JPRB*ZMFDQ(JL,IK)) THEN
( 1142)      IF(RMFSOLTQ==0.0_JPRB) THEN
( 1143)        ZMFDQ(JL,JK)=0.3_JPRB*ZMFDQ(JL,IK)
( 1144)      ELSE
( 1145)        PMFD(JL,JK)=0.3_JPRB*PMFD(JL,IK)
( 1146)      ENDIF
( 1147)    ENDIF
( 1148)  ENDIF
( 1149) ENDDO
( 1150) 
( 1151) ! avoid negative humidities near cloud top because gradient of precip flux
( 1152) ! and detrainment / liquid water flux too large






NVFORTRAN (Version     24.5)          03/19/2025  06:56:06      page 21

( 1153) DO JK=2,KLEV
( 1154) !DIR$ LOOP_INFO EST_TRIPS(16)
( 1155)   DO JL=KIDIA,KFDIA
( 1156)     IF(LDCUM(JL).AND.JK>=KCTOP(JL)-1.AND.JK<KCBOT(JL)) THEN
( 1157)       ZDZ=PTSPHY*RG/(PAPH(JL,JK+1)-PAPH(JL,JK))
( 1158)       ZMFA=ZMFUQ(JL,JK+1)+ZMFDQ(JL,JK+1)-ZMFUQ(JL,JK)-ZMFDQ(JL,JK)+&
( 1159)           &ZMFUL(JL,JK+1)-ZMFUL(JL,JK)+ZDMFUP(JL,JK)-PSNDE(JL,JK,1)-PSNDE(JL,JK,2)
( 1160)       ZMFA=(ZMFA-PLUDE(JL,JK))*ZDZ
( 1161)       IF(PQEN(JL,JK)+ZMFA<0.0_JPRB.AND.PLUDE(JL,JK)>0.0_JPRB) THEN
( 1162)         ZFAC=MIN(-(PQEN(JL,JK)+ZMFA)/ZDZ,PLUDE(JL,JK))
( 1163)         PLUDE(JL,JK)=PLUDE(JL,JK)+ZFAC
( 1164)         PLUDELI(JL,JK,1)=PLUDELI(JL,JK,1)+ZFAC*PLUDELI(JL,JK,1)/PLUDE(JL,JK)
( 1165)         PLUDELI(JL,JK,2)=PLUDELI(JL,JK,2)+ZFAC*PLUDELI(JL,JK,2)/PLUDE(JL,JK)
( 1166)       ENDIF
( 1167)       IF(PLUDE(JL,JK)<0.0_JPRB) THEN
( 1168)         PLUDE(JL,JK)=0.0_JPRB
( 1169)         PLUDELI(JL,JK,1)=0.0_JPRB
( 1170)         PLUDELI(JL,JK,2)=0.0_JPRB
( 1171)       ENDIF
( 1172)     ENDIF
( 1173)     IF(.NOT.LDCUM(JL)) THEN
( 1174)        PMFUDE_RATE(JL,JK)=0.0_JPRB
( 1175)     ENDIF
( 1176)     IF(PMFD(JL,JK-1)==0.0_JPRB) THEN
( 1177)        PMFDDE_RATE(JL,JK)=0.0_JPRB
( 1178)     ENDIF
( 1179)   ENDDO
( 1180) ENDDO
( 1181) !----------------------------------------------------------------------
( 1182) 
( 1183) !*    8.0          UPDATE TENDENCIES FOR T AND Q IN SUBROUTINE CUDTDQ
( 1184) !                  --------------------------------------------------
( 1185) 
( 1186) IF( RMFSOLTQ>0.0_JPRB) THEN
( 1187) ! derive draught properties for implicit
( 1188) 
( 1189)   DO JK=KLEV,2,-1
( 1190) !DIR$ LOOP_INFO EST_TRIPS(16)
( 1191)     DO JL=KIDIA,KFDIA
( 1192)       IF(LDCUM(JL)) THEN
( 1193)         IF(JK>KCBOT(JL)) THEN
( 1194)           ZMFA=1.0_JPRB/MAX(1.E-15_JPRB,PMFU(JL,JK))
( 1195)           PQU(JL,JK)=ZQENH(JL,JK)+ZMFUQ(JL,JK)*ZMFA
( 1196)           PTU(JL,JK)=ZTENH(JL,JK)+ZMFUS(JL,JK)*ZMFA*ZORCPD
( 1197)           ZMFUS(JL,JK)=PMFU(JL,JK)*(RCPD*PTU(JL,JK)+PGEOH(JL,JK))
( 1198)           ZMFUQ(JL,JK)=PMFU(JL,JK)*PQU(JL,JK)
( 1199)           IF(LLDDRAF(JL)) THEN
( 1200)             ZMFA=1.0_JPRB/MIN(-1.E-15_JPRB,PMFD(JL,JK))
( 1201)             ZQD(JL,JK)=ZQENH(JL,JK)+ZMFDQ(JL,JK)*ZMFA
( 1202)             ZTD(JL,JK)=ZTENH(JL,JK)+ZMFDS(JL,JK)*ZMFA*ZORCPD
( 1203)             ZMFDQ(JL,JK)=PMFD(JL,JK)*ZQD(JL,JK)
( 1204)             ZMFDS(JL,JK)=PMFD(JL,JK)*(RCPD*ZTD(JL,JK)+PGEOH(JL,JK))
( 1205)           ENDIF
( 1206)         ELSEIF(JK<=KCBOT(JL).AND.JK>=KCTOP(JL)) THEN
( 1207)           ZMFUS(JL,JK)=PMFU(JL,JK)*(RCPD*PTU(JL,JK)+PGEOH(JL,JK))
( 1208)           ZMFUQ(JL,JK)=PMFU(JL,JK)*PQU(JL,JK)
( 1209)           ZMFDS(JL,JK)=PMFD(JL,JK)*(RCPD*ZTD(JL,JK)+PGEOH(JL,JK))
( 1210)           ZMFDQ(JL,JK)=PMFD(JL,JK)*ZQD(JL,JK)






NVFORTRAN (Version     24.5)          03/19/2025  06:56:06      page 22

( 1211)         ENDIF
( 1212)       ENDIF
( 1213)     ENDDO
( 1214)   ENDDO
( 1215)   
( 1216) ENDIF
( 1217) 
( 1218) CALL CUDTDQN &
( 1219)  & (YDTHF, YDCST, YDML_PHY_SLIN%YREPHLI,YDML_PHY_SLIN%YRPHNC,YDML_PHY_EC%YRECUMF,YDML_PHY_EC%YREPHY,&
( 1220)  & KIDIA,    KFDIA,    KLON,     KLEV,&
( 1221)  & ITOPM2,   KTYPE,    KCTOP,    KCBOT,    IDTOP,  LDTDKMF,  LDCUM,    LLDDRAF,   LLSCVFLAG,   PTSPHY,&
( 1222)  & PAPH,     PAP,      PGEOH,    PGEO,&
( 1223)  & PTEN,     ZTENH,    PQEN,     ZQENH,    PQSEN,&
( 1224)  & PLGLAC,   PLUDE,    PLUDELI,  PSNDE,    PMFU,     PMFD,&
( 1225)  & ZMFUS,    ZMFDS,    ZMFUQ,    ZMFDQ,&
( 1226)  & ZMFUL,    ZDMFUP,   ZDPMEL,   PMFLXR,   PMFLXS,&
( 1227)  & PTENT,    PTENQ,    PENTH )
( 1228) 
( 1229) !----------------------------------------------------------------------
( 1230) 
( 1231) !*    9.0          COMPUTE MOMENTUM IN UPDRAUGHT AND DOWNDRAUGHT
( 1232) !                  ---------------------------------------------
( 1233) 
( 1234) IF(LMFDUDV) THEN
( 1235) 
( 1236)   DO JK=KLEV-1,2,-1
( 1237)     IK=JK+1
( 1238) !DIR$ LOOP_INFO EST_TRIPS(16)
( 1239)     DO JL=KIDIA,KFDIA
( 1240)       IF(LDCUM(JL)) THEN
( 1241)         IF(JK==KCBOT(JL).AND.KTYPE(JL)<3) THEN
( 1242)            IKB=IDPL(JL)
( 1243)            ZUU(JL,JK)=PUEN(JL,IKB-1)
( 1244)            ZVU(JL,JK)=PVEN(JL,IKB-1)
( 1245)         ELSEIF(JK==KCBOT(JL).AND.KTYPE(JL)==3) THEN
( 1246)            ZUU(JL,JK)=PUEN(JL,JK-1)
( 1247)            ZVU(JL,JK)=PVEN(JL,JK-1)
( 1248)         ENDIF
( 1249)         IF( JK<KCBOT(JL).AND.JK>=KCTOP(JL)) THEN
( 1250)           ZFAC=0.0_JPRB
( 1251)           IF (LDTDKMF .AND. (KTYPE(JL)==1.OR.KTYPE(JL)==3) ) ZFAC=2.0_JPRB            
( 1252)         ! IF(KTYPE(JL)==2) ZFAC=1.0_JPRB
( 1253)           ZERATE=PMFU(JL,JK)-PMFU(JL,IK)+(1.0_JPRB+ZFAC)*PMFUDE_RATE(JL,JK)
( 1254)           ZDERATE=(1.0_JPRB+ZFAC)*PMFUDE_RATE(JL,JK)
( 1255)           ZMFA=1.0_JPRB/MAX(RMFCMIN,PMFU(JL,JK))
( 1256)           ZUU(JL,JK)=(ZUU(JL,IK)*PMFU(JL,IK)+ZERATE*PUEN(JL,JK)-ZDERATE*ZUU(JL,IK))*ZMFA
( 1257)           ZVU(JL,JK)=(ZVU(JL,IK)*PMFU(JL,IK)+ZERATE*PVEN(JL,JK)-ZDERATE*ZVU(JL,IK))*ZMFA
( 1258)         ENDIF
( 1259)       ENDIF
( 1260)     ENDDO
( 1261)   ENDDO
( 1262)   DO JK=3,KLEV
( 1263)     IK=JK-1
( 1264) !DIR$ LOOP_INFO EST_TRIPS(16)
( 1265)     DO JL=KIDIA,KFDIA
( 1266)       IF( LDCUM(JL)) THEN
( 1267)         IF(JK==IDTOP(JL)) THEN
( 1268)           ZUD(JL,JK)=0.5_JPRB*(ZUU(JL,JK)+PUEN(JL,IK))






NVFORTRAN (Version     24.5)          03/19/2025  06:56:06      page 23

( 1269)           ZVD(JL,JK)=0.5_JPRB*(ZVU(JL,JK)+PVEN(JL,IK))
( 1270)         ELSEIF(JK>IDTOP(JL)) THEN
( 1271)           ZERATE=-PMFD(JL,JK)+PMFD(JL,IK)+PMFDDE_RATE(JL,JK)
( 1272)           ZMFA=1.0_JPRB/MIN(-RMFCMIN,PMFD(JL,JK))
( 1273)           ZUD(JL,JK)=(ZUD(JL,IK)*PMFD(JL,IK)-ZERATE*PUEN(JL,IK)+PMFDDE_RATE(JL,JK)*ZUD(JL,IK))*ZMFA
( 1274)           ZVD(JL,JK)=(ZVD(JL,IK)*PMFD(JL,IK)-ZERATE*PVEN(JL,IK)+PMFDDE_RATE(JL,JK)*ZVD(JL,IK))*ZMFA
( 1275)         ENDIF
( 1276)       ENDIF
( 1277)     ENDDO
( 1278)   ENDDO
( 1279) 
( 1280) !*    9.1          UPDATE TENDENCIES FOR U AND V IN SUBROUTINE CUDUDV
( 1281) !                  --------------------------------------------------
( 1282) 
( 1283) ! for explicit/semi-implicit rescale massfluxes for stability in Momentum
( 1284) !------------------------------------------------------------------------
( 1285) 
( 1286)   ZMFS(:)=1.0_JPRB
( 1287) ! IF(RMFSOLUV<=0.5_JPRB) THEN
( 1288)   IF(RMFSOLUV<=1.0_JPRB) THEN
( 1289)     DO JK=2,KLEV
( 1290) !DIR$ LOOP_INFO EST_TRIPS(16)
( 1291)       DO JL=KIDIA,KFDIA
( 1292)         IF(LDCUM(JL).AND.JK>=KCTOP(JL)-1) THEN
( 1293)           ZMFMAX=(PAPH(JL,JK)-PAPH(JL,JK-1))*ZCONS
( 1294)           IF(PMFU(JL,JK)>ZMFMAX.AND.JK>=KCTOP(JL)) &
( 1295)            & ZMFS(JL)=MIN(ZMFS(JL),ZMFMAX/PMFU(JL,JK))  
( 1296)         ENDIF
( 1297)       ENDDO
( 1298)     ENDDO
( 1299)   ENDIF
( 1300)   DO JK=1,KLEV
( 1301) !DIR$ LOOP_INFO EST_TRIPS(16)
( 1302)     DO JL=KIDIA,KFDIA
( 1303)       ZMFUUS(JL,JK)=PMFU(JL,JK)
( 1304)       ZMFDUS(JL,JK)=PMFD(JL,JK)
( 1305)       IF(LDCUM(JL).AND.JK>=KCTOP(JL)-1) THEN
( 1306)         ZMFUUS(JL,JK)=PMFU(JL,JK)*ZMFS(JL)
( 1307)         ZMFDUS(JL,JK)=PMFD(JL,JK)*ZMFS(JL)
( 1308)       ENDIF
( 1309)     ENDDO
( 1310)   ENDDO
( 1311) 
( 1312) ! recompute Draught properties below for Implicit
( 1313) ! based on linear flux profiles
( 1314) 
( 1315)   IF(RMFSOLUV>0.0_JPRB) THEN
( 1316) 
( 1317) !DIR$ LOOP_INFO EST_TRIPS(16)
( 1318)     DO JL=KIDIA,KFDIA
( 1319)       IF(LDCUM(JL)) THEN
( 1320)         JK=KCBOT(JL)
( 1321)         IK=JK-1
( 1322)         ZMFUUB(JL)=ZMFUUS(JL,JK)*(ZUU(JL,JK)-PUEN(JL,IK))
( 1323)         ZMFUVB(JL)=ZMFUUS(JL,JK)*(ZVU(JL,JK)-PVEN(JL,IK))
( 1324)       ENDIF
( 1325)     ENDDO
( 1326) 






NVFORTRAN (Version     24.5)          03/19/2025  06:56:06      page 24

( 1327)     DO JK=2,KLEV
( 1328)       IK=JK-1
( 1329) !DIR$ LOOP_INFO EST_TRIPS(16)
( 1330)       DO JL=KIDIA,KFDIA
( 1331)         IF ( LDCUM(JL).AND.JK>KCBOT(JL) ) THEN
( 1332)           IKB=KCBOT(JL)
( 1333)           ZDZ=((PAPH(JL,KLEV+1)-PAPH(JL,JK))/(PAPH(JL,KLEV+1)-PAPH(JL,IKB)))
( 1334)           IF(KTYPE(JL) == 3) THEN
( 1335)             ZDZ=ZDZ*ZDZ
( 1336)           ENDIF
( 1337)           ZMFA=1.0_JPRB/MAX(RMFCMIN,ZMFUUS(JL,JK))
( 1338)           ZUU(JL,JK)=PUEN(JL,IK)+ZMFUUB(JL)*ZDZ*ZMFA
( 1339)           ZVU(JL,JK)=PVEN(JL,IK)+ZMFUVB(JL)*ZDZ*ZMFA
( 1340) 
( 1341)           ZMFDUS(JL,JK)=ZMFDUS(JL,IKB)*ZDZ
( 1342)           ZUD(JL,JK)=PUEN(JL,IK)+ZUD(JL,IKB)-PUEN(JL,IKB-1)
( 1343)           ZVD(JL,JK)=PVEN(JL,IK)+ZVD(JL,IKB)-PVEN(JL,IKB-1)
( 1344)         ENDIF
( 1345)     ! add UV perturb to correct wind bias
( 1346)         IF ( LDCUM(JL).AND.JK>=KCTOP(JL) ) THEN
( 1347)           IF (LDTDKMF) THEN
( 1348)             ZUU(JL,JK)=ZUU(JL,JK)-RUVPER*SIGN(1.0_JPRB,ZUU(JL,JK))
( 1349)             ZVU(JL,JK)=ZVU(JL,JK)-RUVPER*SIGN(1.0_JPRB,ZVU(JL,JK))
( 1350)           ELSE
( 1351)             ZUU(JL,JK)=ZUU(JL,JK)-MIN(ABS(ZUU(JL,JK)),RUVPER)*SIGN(1.0_JPRB,ZUU(JL,JK))
( 1352)             ZVU(JL,JK)=ZVU(JL,JK)-MIN(ABS(ZVU(JL,JK)),RUVPER)*SIGN(1.0_JPRB,ZVU(JL,JK))
( 1353)           ENDIF   
( 1354)         ENDIF
( 1355)       ENDDO
( 1356)     ENDDO
( 1357) 
( 1358)   ENDIF
( 1359) 
( 1360) !-------------------------------------------------------------------
( 1361) ! End
( 1362) ! Intermediate Solution for stability in EPS: 
( 1363) ! For original code replace line
( 1364) !  &, PUEN,     PVEN,     ZMFUUS,   ZMFDUS &
( 1365) !by
( 1366) !  &, PUEN,     PVEN,     PMFU,     PMFD
( 1367) 
( 1368)   CALL CUDUDV &
( 1369)    & (YDCST,   YDML_PHY_EC%YRECUMF, YDSPP_CONFIG, YDPERTPAR, &
( 1370)    & KIDIA,    KFDIA,    KLON,     KLEV, &
( 1371)    & ITOPM2,   KTYPE,    KCBOT,    KCTOP,    LDCUM,    PTSPHY,&
( 1372)    & PAPH,     PAP,      PUEN,     PVEN,     ZMFUUS,   ZMFDUS,&
( 1373)    & PMFU,     PMFD,     ZUU,      ZUD,      ZVU,      ZVD,    PGP2DSPP,&
( 1374)    & PTENU,    PTENV     )  
( 1375) 
( 1376)   IF(LMFUVDIS) THEN
( 1377) ! add KE dissipation
( 1378) !DIR$ LOOP_INFO EST_TRIPS(16)
( 1379)     DO JL=KIDIA,KFDIA
( 1380)       ZSUM12(JL)=0.0_JPRB
( 1381)       ZSUM22(JL)=0.0_JPRB
( 1382)     ENDDO
( 1383)     DO JK=1,KLEV
( 1384) !DIR$ LOOP_INFO EST_TRIPS(16)






NVFORTRAN (Version     24.5)          03/19/2025  06:56:06      page 25

( 1385)       DO JL=KIDIA,KFDIA
( 1386)         ZUV2(JL,JK)=0.0_JPRB
( 1387)         IF (LDCUM(JL).AND.JK>=KCTOP(JL)-1) THEN
( 1388)           ZDZ=(PAPH(JL,JK+1)-PAPH(JL,JK))
( 1389)           ZDUTEN=PTENU(JL,JK)-ZTENU(JL,JK)
( 1390)           ZDVTEN=PTENV(JL,JK)-ZTENV(JL,JK)
( 1391)           ZUV2(JL,JK)=SQRT(ZDUTEN**2+ZDVTEN**2)
( 1392)           ZSUM22(JL)=ZSUM22(JL)+ZUV2(JL,JK)*ZDZ
( 1393)           ZSUM12(JL)=ZSUM12(JL)-(PUEN(JL,JK)*ZDUTEN+PVEN(JL,JK)*ZDVTEN)*ZDZ
( 1394)         ENDIF
( 1395)       ENDDO
( 1396)     ENDDO
( 1397)     ! Store vertically integrated dissipation rate (W m-2)
( 1398) !DIR$ LOOP_INFO EST_TRIPS(16)
( 1399)     DO JL=KIDIA,KFDIA
( 1400)       PVDISCU(JL)=ZSUM12(JL)*ZRG
( 1401)     ENDDO
( 1402)     ! Calculate local temperature tendency (K) due to dissipation
( 1403)     DO JK=1,KLEV
( 1404) !DIR$ LOOP_INFO EST_TRIPS(16)
( 1405)       DO JL=KIDIA,KFDIA
( 1406)         IF (LDCUM(JL).AND.JK>=KCTOP(JL)-1) THEN
( 1407)           ZTDIS=ZORCPD*ZSUM12(JL)*&
( 1408)          &             ZUV2(JL,JK)/MAX(1.E-15_JPRB,ZSUM22(JL))
( 1409)           PTENT(JL,JK)=PTENT(JL,JK)+ZTDIS
( 1410)         ENDIF
( 1411)       ENDDO
( 1412)     ENDDO
( 1413)   ENDIF
( 1414) 
( 1415) ENDIF
( 1416) 
( 1417) !----------------------------------------------------------------------
( 1418) 
( 1419) !*   10.           IN CASE THAT EITHER DEEP OR SHALLOW IS SWITCHED OFF
( 1420) !                  NEED TO SET SOME VARIABLES A POSTERIORI TO ZERO
( 1421) !                  ---------------------------------------------------
( 1422) 
( 1423) IF (.NOT.LMFSCV .OR. .NOT.LMFPEN) THEN
( 1424)   DO JK=2,KLEV
( 1425) !DIR$ LOOP_INFO EST_TRIPS(16)
( 1426)     DO JL=KIDIA,KFDIA
( 1427)       IF(LLO2(JL).AND.JK>=KCTOP(JL)-1) THEN
( 1428)         PMFUDE_RATE(JL,JK) =0.0_JPRB
( 1429)         PMFDDE_RATE(JL,JK) =0.0_JPRB
( 1430)       ENDIF
( 1431)     ENDDO
( 1432)   ENDDO
( 1433) !DIR$ LOOP_INFO EST_TRIPS(16)
( 1434)   DO JL=KIDIA,KFDIA
( 1435)     IF(LLO2(JL)) THEN
( 1436)       KCTOP(JL)=KLEV-1
( 1437)       KCBOT(JL)=KLEV-1
( 1438)     ENDIF
( 1439)   ENDDO
( 1440) ENDIF
( 1441) 
( 1442) !----------------------------------------------------------------------






NVFORTRAN (Version     24.5)          03/19/2025  06:56:06      page 26

( 1443) 
( 1444) !*   11.0          CHEMICAL TRACER TRANSPORT
( 1445) !                  -------------------------
( 1446) 
( 1447) IF ( LMFTRAC .AND. KTRAC>0 ) THEN
( 1448) 
( 1449) ! transport switched off for mid-level convection
( 1450) !DIR$ LOOP_INFO EST_TRIPS(16)
( 1451)   DO JL=KIDIA,KFDIA
( 1452)     !IF( LDCUM(JL).AND.KTYPE(JL)/=3 ) THEN
( 1453)      IF( LDCUM(JL).AND.KTYPE(JL)/=3.AND.KCBOT(JL)-KCTOP(JL)>=1 ) THEN
( 1454)          LLDCUM(JL)=.TRUE.
( 1455)          LLDDRAF3(JL)=LLDDRAF(JL)
( 1456)      ELSE
( 1457)          LLDCUM(JL)=.FALSE.
( 1458)          LLDDRAF3(JL)=.FALSE.
( 1459)      ENDIF
( 1460)   ENDDO
( 1461)   
( 1462) ! check and correct mass fluxes for CFL criterium
( 1463) 
( 1464)   ZMFS(:)=1.0_JPRB
( 1465)   IF(RMFSOLCT<=3.0_JPRB) THEN
( 1466)     DO JK=2,KLEV
( 1467) !DIR$ LOOP_INFO EST_TRIPS(16)
( 1468)       DO JL=KIDIA,KFDIA
( 1469)         IF(LLDCUM(JL).AND.JK>=KCTOP(JL)) THEN
( 1470)           ZMFMAX=(PAPH(JL,JK)-PAPH(JL,JK-1))*0.8_JPRB*ZCONS
( 1471)           IF(PMFU(JL,JK)>ZMFMAX) &
( 1472)            & ZMFS(JL)=MIN(ZMFS(JL),ZMFMAX/PMFU(JL,JK))  
( 1473)         ENDIF
( 1474)       ENDDO
( 1475)     ENDDO
( 1476)   ENDIF
( 1477)   DO JK=1,KLEV
( 1478) !DIR$ LOOP_INFO EST_TRIPS(16)
( 1479)     DO JL=KIDIA,KFDIA
( 1480)       IF(LLDCUM(JL).AND.JK>=KCTOP(JL)-1) THEN
( 1481)         ZMFUUS(JL,JK)=PMFU(JL,JK)*ZMFS(JL)
( 1482)         ZMFUDR(JL,JK)=PMFUDE_RATE(JL,JK)*ZMFS(JL)
( 1483)         ZDMFUPC(JL,JK)=(PMFLXR(JL,JK)+PMFLXS(JL,JK))*ZMFS(JL)
( 1484)         IKB=KCBOT(JL)
( 1485)         IF (JK>IKB) THEN
( 1486)           ZDMFUPC(JL,JK)=ZDMFUPC(JL,IKB)
( 1487)         ENDIF
( 1488)       ELSE
( 1489)         ZMFUUS(JL,JK)=0._JPRB
( 1490)         ZMFUDR(JL,JK)=0._JPRB
( 1491)       ENDIF
( 1492)       IF ( LLDDRAF3(JL) .AND. JK>=IDTOP(JL)-1) THEN
( 1493)         ZMFDUS(JL,JK)=PMFD(JL,JK)*ZMFS(JL)
( 1494)         ZMFDDR(JL,JK)=PMFDDE_RATE(JL,JK)*ZMFS(JL)
( 1495)   !     ZDMFDPC(JL,JK)=ZDMFDPC(JL,JK)*ZMFS(JL)
( 1496)         ZDMFDPC(JL,JK)=0.0_JPRB
( 1497)       ELSE
( 1498)         ZMFDUS(JL,JK)=0._JPRB
( 1499)         ZMFDDR(JL,JK)=0._JPRB
( 1500)       ENDIF






NVFORTRAN (Version     24.5)          03/19/2025  06:56:06      page 27

( 1501)     ENDDO
( 1502)   ENDDO
( 1503) 
( 1504)   IF( LMFSMOOTH ) THEN
( 1505) ! smmoothing of mass fluxes (gradients) at top and bottom of draughts
( 1506)     DO JK=2,KLEV-1
( 1507) !DIR$ LOOP_INFO EST_TRIPS(16)
( 1508)       DO JL=KIDIA,KFDIA
( 1509)         IF(LLDDRAF3(JL).AND.ZMFDUS(JL,JK)<0.0_JPRB .AND. ZMFDUS(JL,JK+1)==0.0_JPRB) THEN
( 1510)           ZERATE=MIN(0._JPRB,ZMFDUS(JL,JK)-0.5*ZMFDUS(JL,JK-1))
( 1511)           ZMFDUS(JL,JK)=ZMFDUS(JL,JK)-ZERATE
( 1512)           ZMFDDR(JL,JK)=ZMFDDR(JL,JK)-ZERATE
( 1513)           ZMFDDR(JL,JK+1)=-ZMFDUS(JL,JK)
( 1514)         ENDIF
( 1515)         IF(LLDCUM(JL).AND.JK==KCTOP(JL)) THEN
( 1516)           ZERATE=MAX(0.0_JPRB,ZMFUUS(JL,JK)-0.5_JPRB*ZMFUUS(JL,JK+1))
( 1517)           ZMFUUS(JL,JK)=ZMFUUS(JL,JK)-ZERATE
( 1518)           ZMFUDR(JL,JK)=ZMFUDR(JL,JK)+ZERATE
( 1519)           ZMFUDR(JL,JK-1)=ZMFUUS(JL,JK)
( 1520)         ENDIF
( 1521)       ENDDO
( 1522)     ENDDO
( 1523)     DO JK=KLEV-1,2,-1
( 1524) !DIR$ LOOP_INFO EST_TRIPS(16)
( 1525)       DO JL=KIDIA,KFDIA
( 1526)         IF(LLDCUM(JL)) THEN
( 1527)           IF(ZMFUDR(JL,JK)==0.0_JPRB.AND.ZMFUDR(JL,JK-1)>0.0_JPRB) THEN
( 1528)             ZMFUDR(JL,JK)=0.5_JPRB*ZMFUDR(JL,JK-1)
( 1529)           ENDIF
( 1530)         ENDIF
( 1531)       ENDDO
( 1532)     ENDDO
( 1533)   ENDIF
( 1534) 
( 1535)   IF(LMFSCAV) THEN
( 1536)     CALL CUCTRACER &
( 1537)      & (YDCST, YDML_PHY_SLIN%YRCUMFS,YDML_PHY_SLIN%YRECUMF2,YDML_PHY_EC%YRECUMF,&
( 1538)      & KIDIA,    KFDIA,    KLON,     KLEV,     KTRAC,&
( 1539)      & KCTOP,    IDTOP,   KTYPE,&
( 1540)      & LLDCUM,   LLDDRAF3,  PTSPHY,   PAPH,  PAP,&
( 1541)      & ZMFUUS,   ZMFDUS,    PMFU,     PMFD,  ZMFUDR,   ZMFDDR,&
( 1542)      & ZDMFUPC,  ZDMFDPC,&
( 1543)      & PCEN,     PTENC,     PSCAV)  
( 1544)   ELSE
( 1545)     ZDMFUPC(:,:)=0.0_JPRB
( 1546)     CALL CUCTRACER &
( 1547)      & (YDCST, YDML_PHY_SLIN%YRCUMFS,YDML_PHY_SLIN%YRECUMF2,YDML_PHY_EC%YRECUMF,&
( 1548)      & KIDIA,    KFDIA,    KLON,     KLEV,     KTRAC,&
( 1549)      & KCTOP,    IDTOP,   KTYPE,&
( 1550)      & LLDCUM,   LLDDRAF3,  PTSPHY,   PAPH,  PAP,&
( 1551)      & ZMFUUS,   ZMFDUS,    PMFU,     PMFD,  ZMFUDR,   ZMFDDR,&
( 1552)      & ZDMFUPC,  ZDMFDPC,&
( 1553)      & PCEN,     PTENC,     PSCAV0)  
( 1554)   ENDIF
( 1555) 
( 1556) ENDIF
( 1557) 
( 1558) !----------------------------------------------------------------------






NVFORTRAN (Version     24.5)          03/19/2025  06:56:06      page 28

( 1559) 
( 1560) !*   12.           PUT DETRAINMENT RATES FROM MFLX UNITS IN UNITS MFLX/M 
( 1561) !                  FOR ERA40, ESTIMATE VOLUME MEAN RAIN AND SNOW CONTENT
( 1562) !                  ---------------------------------------------------
( 1563) 
( 1564) PDISS(:,1)=0.0_JPRB
( 1565) ZAR=1.0_JPRB/20.89_JPRB
( 1566) ZAS=1.0_JPRB/29.51_JPRB
( 1567) ZBR=1.0_JPRB/1.15_JPRB
( 1568) ZBS=1.0_JPRB/1.10_JPRB
( 1569) ZAK=1.0_JPRB/5.09E-3_JPRB
( 1570) DO JK=1,KLEV
( 1571) !DIR$ LOOP_INFO EST_TRIPS(16)
( 1572)   IK=MIN(JK+1,KLEV)
( 1573)   IKD=MAX(JK-1,1)
( 1574)   DO JL=KIDIA,KFDIA
( 1575)     PDISS(JL,JK)=0.0_JPRB
( 1576)     PRSUD(JL,JK,1)=0.0_JPRB
( 1577)     PRSUD(JL,JK,2)=0.0_JPRB
( 1578)     IF ( LDCUM(JL) .AND.JK>=KCTOP(JL)-1 ) THEN
( 1579)       PLUDELI(JL,JK,3)=PMFUDE_RATE(JL,JK)*(PQU(JL,IK)-ZQENH(JL,IK))+&
( 1580)                       &PMFDDE_RATE(JL,JK)*(ZQD(JL,IKD)-ZQENH(JL,IKD))
( 1581)       PLUDELI(JL,JK,4)=PMFUDE_RATE(JL,JK)*(PTU(JL,IK)-ZTENH(JL,IK))+&
( 1582)                       &PMFDDE_RATE(JL,JK)*(ZTD(JL,IKD)-ZTENH(JL,IKD))
( 1583)     ! Change units for detrainment as for ERA
( 1584)       ZRO=RG/(PGEOH(JL,JK)-PGEOH(JL,JK+1))  ! 1/dz
( 1585)       PMFUDE_RATE(JL,JK)=PMFUDE_RATE(JL,JK)*ZRO
( 1586)       PMFDDE_RATE(JL,JK)=PMFDDE_RATE(JL,JK)*ZRO
( 1587)       ZRO=RD*PTEN(JL,JK)*(1.0_JPRB+RETV*PQEN(JL,JK))/PAP(JL,JK)
( 1588)     ! Dissipation definition used in stoch Backscatter
( 1589)     ! PDISS(JL,JK)=MIN(PWMEAN(JL),17._JPRB)**2*PMFUDE_RATE(JL,JK)*ZRO*ZTAU(JL)
( 1590)       ZDUTEN=PTENU(JL,JK)-ZTENU(JL,JK)
( 1591)       ZDVTEN=PTENV(JL,JK)-ZTENV(JL,JK)
( 1592)     ! Dissipation used in eddy dissipation(EDR) turbulence diagnostic
( 1593)       PDISS(JL,JK)=ABS(PUEN(JL,JK)*ZDUTEN+PVEN(JL,JK)*ZDVTEN)**0.3333
( 1594) 
( 1595)     ! grid-mean convective rain/snow parametrization (Geer et al. 2009) with factor 0.5 for snow
( 1596)       PRSUD(JL,JK,1)=1.E-3_JPRB*ZRO*(PMFLXR(JL,JK)*3600._JPRB*ZAR)**ZBR
( 1597)       PRSUD(JL,JK,2)=0.5*1.E-3_JPRB*ZRO*(10.0_JPRB*PMFLXS(JL,JK)*3600._JPRB*ZAS)**ZBS
( 1598)     ! possible updraught fraction for incloud values
( 1599)     ! ZFAC=PAPH(JL,NJKT5)/MIN(PAPH(JL,NJKT5),MAX(200.E2_JPRB,PAPH(JL,JK)))
( 1600)     ! ZFAC=RCUCOV*ZFAC**2
( 1601)     ! grid-mean convective rain/snow parametrization similar to that used in evaporation
( 1602)     ! i.e. Kessler but without pressure factor and factor for snow
( 1603)     ! PRSUD(JL,JK,1)=1.E-3_JPRB*ZRO*(PMFLXR(JL,JK)*ZAK)**0.888_JPRB
( 1604)     ! PRSUD(JL,JK,2)=1.E-3_JPRB*ZRO*(PMFLXS(JL,JK)*2.5*ZAK)**0.888_JPRB
( 1605)     ELSE
( 1606)       PMFU(JL,JK)=0.0_JPRB
( 1607)       PMFD(JL,JK)=0.0_JPRB
( 1608)       PLUDE(JL,JK)=0.0_JPRB
( 1609)       PLUDELI(JL,JK,1)=0.0_JPRB
( 1610)       PLUDELI(JL,JK,2)=0.0_JPRB
( 1611)       PLUDELI(JL,JK,3)=0.0_JPRB
( 1612)       PLUDELI(JL,JK,4)=0.0_JPRB
( 1613)       PSNDE(JL,JK,1)=0.0_JPRB
( 1614)       PSNDE(JL,JK,2)=0.0_JPRB
( 1615)       PTU(JL,JK)=PTEN(JL,JK)
( 1616)       PQU(JL,JK)=PQEN(JL,JK)






NVFORTRAN (Version     24.5)          03/19/2025  06:56:06      page 29

( 1617)       PLU(JL,JK)=0.0_JPRB
( 1618)       PENTH(JL,JK)=0.0_JPRB
( 1619)       PMFUDE_RATE(JL,JK)=0.0_JPRB
( 1620)       PMFDDE_RATE(JL,JK)=0.0_JPRB
( 1621)     ENDIF
( 1622)   ENDDO
( 1623) ENDDO
( 1624) 
( 1625) !----------------------------------------------------------------------
( 1626) 
( 1627) END ASSOCIATE
( 1628) IF (LHOOK) CALL DR_HOOK('CUMASTRN',1,ZHOOK_HANDLE)
( 1629) END SUBROUTINE CUMASTRN



















































NVFORTRAN (Version     24.5)          03/19/2025  06:56:06      page 30

(    1) # 1 "./cumastrn.F90"
(    1) SUBROUTINE CUMASTRN &
(    2)  & (PPLDARE, PPLRG,    YDTHF,   YDCST, YDML_PHY_SLIN,     YDML_PHY_EC, YGFL,&
(    3)  & YDCHEM,   YDSPP_CONFIG, YDPERTPAR, &
(    4)  & KIDIA,    KFDIA,    KLON,    KLEV,   PDX, LDTDKMF,&
(    5)  & LDMCAPEA, LDLAND,   PTSPHY,&
(    6)  & PTEN,     PQEN,     PUEN,     PVEN,     PLITOT,&
(    7)  & PVERVEL,  PQSEN,    PQHFL,    PAHFS,&
(    8)  & PAP,      PAPH,     PGEO,     PGEOH,    PGAW,&
(    9)  & PCUCONVCA,PGP2DSPP, &
(   10)  & PTENT,    PTENQ,    PTENU,    PTENV,    PTENTA,   PTENQA,&
(   11)  & LDCUM,    KTYPE,    KCBOT,    KCTOP,&
(   12)  & LDCUM_LIG, KCBOT_LIG, KCTOP_LIG,&
(   13)  & KBOTSC,   LDSC,&
(   14)  & LDSHCV,&
(   15)  & PLCRIT_AER,&     
(   16)  & PTU,      PQU,      PLU,      PLUDE,    PLUDELI,   PSNDE,&
(   17)  & PENTH,    PMFLXR,   PMFLXS,   PRAIN,    PLRAIN,    PRSUD,&
(   18)  & PMFU,     PMFD,     PLGLAC, &
(   19)  & PMFUDE_RATE,        PMFDDE_RATE,    PCAPE,   PWU, PWMEAN, PVDISCU, PDISS, &
(   20)  & KTRAC,    PCEN,     PTENC,    PSCAV, PSCAV0 )  
(   21) # 22 "./cumastrn.F90"
(   22) !**** *CUMASTR*  MASTER ROUTINE FOR CUMULUS MASSFLUX-SCHEME
(   23) # 24 "./cumastrn.F90"
(   24) !     PURPOSE
(   25) !     -------
(   26) !          THIS ROUTINE COMPUTES THE PHYSICAL TENDENCIES OF THE
(   27) !     PROGNOSTIC VARIABLES T,Q,U, V AND TRACERS DUE TO CONVECTIVE PROCESSES.
(   28) !     PROCESSES CONSIDERED ARE: CONVECTIVE FLUXES, FORMATION OF
(   29) !     PRECIPITATION, EVAPORATION OF FALLING RAIN BELOW CLOUD BASE,
(   30) !     SATURATED CUMULUS DOWNDRAFTS.
(   31) # 32 "./cumastrn.F90"
(   32) !**   INTERFACE.
(   33) !     ----------
(   34) # 35 "./cumastrn.F90"
(   35) !          *CUMASTR* IS CALLED FROM *CUCALL*
(   36) !     THE ROUTINE TAKES ITS INPUT FROM THE LONG-TERM STORAGE
(   37) !     T,Q,U,V,PHI AND P AND MOISTURE TENDENCIES.
(   38) !     IT RETURNS ITS OUTPUT TO THE SAME SPACE
(   39) !      1.MODIFIED TENDENCIES OF MODEL VARIABLES
(   40) !      2.RATES OF CONVECTIVE PRECIPITATION
(   41) !        (USED IN SUBROUTINE SURF)
(   42) !      3.CLOUD BASE, CLOUD TOP AND PRECIP FOR RADIATION
(   43) !        (USED IN SUBROUTINE CLOUD)
(   44) # 45 "./cumastrn.F90"
(   45) !     METHOD
(   46) !     -------
(   47) # 48 "./cumastrn.F90"
(   48) !     PARAMETERIZATION IS DONE USING A MASSFLUX-SCHEME.
(   49) !        (1) DEFINE CONSTANTS AND PARAMETERS
(   50) !        (2) SPECIFY VALUES (T,Q,QS...) AT HALF LEVELS AND
(   51) !            INITIALIZE UPDRAFT- AND DOWNDRAFT-VALUES IN 'CUINI'
(   52) !        (3) CALCULATE CLOUD BASE IN 'CUBASE'
(   53) !            AND SPECIFY CLOUD BASE MASSFLUX FROM PBL MOISTURE BUDGET
(   54) !        (4) DO CLOUD ASCENT IN 'CUASC' IN ABSENCE OF DOWNDRAFTS
(   55) !        (5) DO DOWNDRAFT CALCULATIONS:
(   56) !              (A) DETERMINE VALUES AT LFS IN 'CUDLFS'
(   57) !              (B) DETERMINE MOIST DESCENT IN 'CUDDRAF'






NVFORTRAN (Version     24.5)          03/19/2025  06:56:06      page 31

(   58) !              (C) RECALCULATE CLOUD BASE MASSFLUX CONSIDERING THE
(   59) !                  EFFECT OF CU-DOWNDRAFTS
(   60) !        (6) DO FINAL CLOUD ASCENT IN 'CUASC'
(   61) !        (7) DO FINAL ADJUSMENTS TO CONVECTIVE FLUXES IN 'CUFLX',
(   62) !            DO EVAPORATION IN SUBCLOUD LAYER
(   63) !        (8) CALCULATE INCREMENTS OF T AND Q IN 'CUDTDQ'
(   64) !        (9) CALCULATE INCREMENTS OF U AND V IN 'CUDUDV'
(   65) # 66 "./cumastrn.F90"
(   66) !     PARAMETER     DESCRIPTION                                   UNITS
(   67) !     ---------     -----------                                   -----
(   68) !     INPUT PARAMETERS (INTEGER):
(   69) # 70 "./cumastrn.F90"
(   70) !    *KIDIA*        START POINT
(   71) !    *KFDIA*        END POINT
(   72) !    *KLON*         NUMBER OF GRID POINTS PER PACKET
(   73) !    *KLEV*         NUMBER OF LEVELS
(   74) !    *KTRAC*        NUMBER OF CHEMICAL TRACERS
(   75) # 76 "./cumastrn.F90"
(   76) !     INPUT PARAMETERS (LOGICAL)
(   77) # 78 "./cumastrn.F90"
(   78) !    *LDLAND*       LAND SEA MASK (.TRUE. FOR LAND)
(   79) !    *LDTDKMF*      Arpege tuning (if TRUE)
(   80) # 81 "./cumastrn.F90"
(   81) !     INPUT PARAMETERS (REAL)
(   82) # 83 "./cumastrn.F90"
(   83) !    *PTSPHY*       TIME STEP FOR THE PHYSICS                       S
(   84) !    *PTEN*         PROVISIONAL ENVIRONMENT TEMPERATURE (T+1)       K
(   85) !    *PQEN*         PROVISIONAL ENVIRONMENT SPEC. HUMIDITY (T+1)  KG/KG
(   86) !    *PUEN*         PROVISIONAL ENVIRONMENT U-VELOCITY (T+1)       M/S
(   87) !    *PVEN*         PROVISIONAL ENVIRONMENT V-VELOCITY (T+1)       M/S
(   88) !    *PCEN*         PROVISIONAL ENVIRONMENT TRACER CONCENTRATIONS KG/KG 
(   89) !    *PLITOT*       GRID MEAN LIQUID WATER+ICE CONTENT            KG/KG
(   90) !    *PVERVEL*      VERTICAL VELOCITY                             PA/S
(   91) !    *PQSEN*        ENVIRONMENT SPEC. SATURATION HUMIDITY (T+1)   KG/KG
(   92) !    *PQHFL*        MOISTURE FLUX (EXCEPT FROM SNOW EVAP.)        KG/(SM2)
(   93) !    *PAHFS*        SENSIBLE HEAT FLUX                            W/M2
(   94) !    *PAP*          PROVISIONAL PRESSURE ON FULL LEVELS             PA
(   95) !    *PAPH*         PROVISIONAL PRESSURE ON HALF LEVELS             PA
(   96) !    *PGEO*         GEOPOTENTIAL                                  M2/S2
(   97) !    *PGEOH*        GEOPOTENTIAL ON HALF LEVELS                   M2/S2
(   98) !    *PGAW*       NORMALISED GAUSSIAN QUADRATURE WEIGHT / NUMBER OF LONGITUDE POINTS
(   99) !                           LOCAL SUB-AREA == 4*RPI*RA**2 * PGAW
(  100) !    *PLCRIT_AER*   CRITICAL LIQUID MMR FOR AUTOCONVERSION PROCESS KG/KG
(  101) !    *PCUCONVCA*    COUPLING TO CELL AUTOMATON OR 2D ADV FIELD     ( )
(  102) !    *PGP2DSPP*     Standard stochastic variable (mean=0, SD=1)
(  103) !    *PSCAV*        SCAVENGING COEFFICIENTS FOR CHEM TRANSPORT    UNITLESS
(  104) # 105 "./cumastrn.F90"
(  105) !    UPDATED PARAMETERS (REAL):
(  106) # 107 "./cumastrn.F90"
(  107) !    *PTENT*        TEMPERATURE TENDENCY                           K/S
(  108) !    *PTENQ*        MOISTURE TENDENCY                             KG/(KG S)
(  109) !    *PTENU*        TENDENCY OF U-COMP. OF WIND                    M/S2
(  110) !    *PTENV*        TENDENCY OF V-COMP. OF WIND                    M/S2
(  111) !    *PTENC*        TENDENCY OF CHEMICAL TRACERS                   1/S
(  112) !    *PTENTA*       TEMPERATURE TENDENCY DYNAMICS=TOT ADVECTION    K/S
(  113) !    *PTENQA*       MOISTURE    TENDENCY DYNAMICS=TOT ADVECTION    1/S
(  114) # 115 "./cumastrn.F90"
(  115) !    OUTPUT PARAMETERS (LOGICAL):






NVFORTRAN (Version     24.5)          03/19/2025  06:56:06      page 32

(  116) # 117 "./cumastrn.F90"
(  117) !    *LDCUM*        FLAG: .TRUE. FOR CONVECTIVE POINTS 
(  118) !    *LDCUM_LIG*    FLAG: .TRUE. FOR CONVECTIVE POINTS (FOR LIGHTNING PARAM)
(  119) !    *LDSC*         FLAG: .TRUE. FOR SC-POINTS
(  120) # 121 "./cumastrn.F90"
(  121) !    OUTPUT PARAMETERS (INTEGER):
(  122) # 123 "./cumastrn.F90"
(  123) !    *KTYPE*        TYPE OF CONVECTION
(  124) !                       1 = PENETRATIVE CONVECTION
(  125) !                       2 = SHALLOW CONVECTION
(  126) !                       3 = MIDLEVEL CONVECTION
(  127) !    *KCBOT*        CLOUD BASE LEVEL
(  128) !    *KCTOP*        CLOUD TOP LEVEL
(  129) !    *KCBOT_LIG*    CLOUD BASE LEVEL (FOR LIGHTNING PARAM)
(  130) !    *KCTOP_LIG*    CLOUD TOP LEVEL (FOR LIGHTNING PARAM)
(  131) !    *KBOTSC*       CLOUD BASE LEVEL FOR SC-CLOUDS
(  132) # 133 "./cumastrn.F90"
(  133) !    OUTPUT PARAMETERS (REAL):
(  134) # 135 "./cumastrn.F90"
(  135) !    *PTU*          TEMPERATURE IN UPDRAFTS                         K
(  136) !    *PQU*          SPEC. HUMIDITY IN UPDRAFTS                    KG/KG
(  137) !    *PLU*          LIQUID WATER CONTENT IN UPDRAFTS              KG/KG
(  138) !    *PLUDE*        DETRAINED TOTAL CONDENSATE                    KG/(M2*S)
(  139) !    *PLUDELI*      DETRAINED LIQUID, ICE, VAPOR, T               KG/(M2*S)
(  140) !    *PLGLAC*       FROZEN CLOUD WATER/RAIN CONTENT              KG/KG
(  141) !    *PSNDE*        DETRAINED SNOW/RAIN                           KG/(M2*S)
(  142) !    *PENTH*        INCREMENT OF DRY STATIC ENERGY                 J/(KG*S)
(  143) !    *PMFLXR*       CONVECTIVE RAIN FLUX                          KG/(M2*S)
(  144) !    *PMFLXS*       CONVECTIVE SNOW FLUX                          KG/(M2*S)
(  145) !    *PRAIN*        TOTAL PRECIP. PRODUCED IN CONV. UPDRAFTS      KG/(M2*S)
(  146) !                   (NO EVAPORATION IN DOWNDRAFTS)
(  147) !    *PLRAIN*       RAIN+SNOW CONTENT IN UPDRAFTS                 KG/KG
(  148) !    *PRSUD*        CONVECT MEAN RAIN AND SNOW CONTENT IN COLUMN  KG/KG
(  149) !    *PMFU*         MASSFLUX UPDRAFTS                             KG/(M2*S)
(  150) !    *PMFD*         MASSFLUX DOWNDRAFTS                           KG/(M2*S)
(  151) !    *PMFUDE_RATE*  UPDRAFT DETRAINMENT RATE                      KG/(M3*S)
(  152) !    *PMFDDE_RATE*  DOWNDRAFT DETRAINMENT RATE                    KG/(M3*S)
(  153) !    *PCAPE*        CONVECTVE AVAILABLE POTENTIAL ENERGY           J/KG
(  154) !    *PWMEAN*       VERTICALLY AVERAGED UPDRAUGHT VELOCITY         M/S
(  155) !    *PVDISCU*      VERT INTEGRATED CONVECTIVE DISSIPATION RATE    W/m2
(  156) !    *PDISS*        DISSIPATION BY DEEP CONVECTION ESTIMATE       m2/s3^(1/3)
(  157) # 158 "./cumastrn.F90"
(  158) !     EXTERNALS.
(  159) !     ----------
(  160) # 161 "./cumastrn.F90"
(  161) !       CUINI:  INITIALIZES VALUES AT VERTICAL GRID USED IN CU-PARAMETR.
(  162) !       CUBASE: CLOUD BASE CALCULATION FOR PENETR.AND SHALLOW CONVECTION
(  163) !       CUASC:  CLOUD ASCENT FOR ENTRAINING PLUME
(  164) !       CUDLFS: DETERMINES VALUES AT LFS FOR DOWNDRAFTS
(  165) !       CUDDRAF:DOES MOIST DESCENT FOR CUMULUS DOWNDRAFTS
(  166) !       CUFLX:  FINAL ADJUSTMENTS TO CONVECTIVE FLUXES (ALSO IN PBL)
(  167) !       CUDQDT: UPDATES TENDENCIES FOR T AND Q
(  168) !       CUDUDV: UPDATES TENDENCIES FOR U AND V
(  169) !       CUCTRACER: TRACER TRANSPORT
(  170) # 171 "./cumastrn.F90"
(  171) !     SWITCHES.
(  172) !     --------
(  173) # 174 "./cumastrn.F90"






NVFORTRAN (Version     24.5)          03/19/2025  06:56:06      page 33

(  174) !          LMFPEN=.TRUE.   PENETRATIVE CONVECTION IS SWITCHED ON
(  175) !          LMFSCV=.TRUE.   SHALLOW CONVECTION IS SWITCHED ON
(  176) !          LMFMID=.TRUE.   MIDLEVEL CONVECTION IS SWITCHED ON
(  177) !          LMFDD=.TRUE.    CUMULUS DOWNDRAFTS SWITCHED ON
(  178) !          LMFDUDV=.TRUE.  CUMULUS FRICTION SWITCHED ON
(  179) !          LMFTRAC=.false. TRACER TRANSPORT 
(  180) # 181 "./cumastrn.F90"
(  181) !     REFERENCE.
(  182) !     ----------
(  183) # 184 "./cumastrn.F90"
(  184) !          PAPER ON MASSFLUX SCHEME (TIEDTKE,1989)
(  185) !          DRAFT PAPER ON MASSFLUX SCHEME (NORDENG, 1995)
(  186) !          Bechtold et al. (2008 QJRMS 134,1337-1351), Rooy et al. (2012 QJRMS)  
(  187) !          Bechtold et al. (2013 JAS)
(  188) # 189 "./cumastrn.F90"
(  189) !     AUTHOR.
(  190) !     -------
(  191) !      M.TIEDTKE      E.C.M.W.F.     1986/1987/1989
(  192) # 193 "./cumastrn.F90"
(  193) !     MODIFICATIONS.
(  194) !     --------------
(  195) !      03-08-29 : Clean-up, deep/shallow switches  P.Bechtold
(  196) !      04-02-11 : Add tracer transport             P.Bechtold
(  197) !      05-02-11 : Positive scaling of total Mflux  P.Bechtold
(  198) !      M.Hamrud      01-Oct-2003 CY28 Cleaning
(  199) !      04-12-03 : Turn off shallow convection over stratocu. M.Ko"hler
(  200) !      05-06-27 : Switch off ddraught if idtop<kctop  
(  201) !                 correction for detrainment rates P.Bechtold
(  202) !      05-11-22 : Mods for coarser/finer physics D.Salmond + M.Hortal
(  203) !      06-02-11 : Enable TQ implicit               P.Bechtold
(  204) !      07-06-01 : Only single updraught call with  P.Bechtold
(  205) !                 scaling, convective turnover time
(  206) !                 scale, contain momentum computations in cumastrn
(  207) !      07-10-09 : Added KE dissipation and convective scavenging   P. Bechtold
(  208) !      12-03-02 : remove all entrainment stuff     P. Bechtold
(  209) !      04-10-12 : Add RPLRG/RPLDARE for small planet  N.Semane+P.Bechtold  
(  210) !      13-02-23 : modif diurnal cycle CAPE closure P. Bechtold
(  211) !      13-10-01 : modified option RCAPDCYCL=1 for diurnal cycle N. Semane
(  212) !      16-01-27 : Introduced SPP scheme (LSPP)     M. Leutbecher & S.-J. Lock
(  213) !      20180303 : Gabor: Just a comment line to force recompilation due to 
(  214) !                        compiler wrapper optimation exception liat change
(  215) !      20-08-25 : Additional total moisture advection in CAPE closure P. Bechtold&T. Becker
(  216) !      08-12-20 : Added separate fields for lightning parameterization  P. Lopez.
(  217) !      20-10-12 : SPP abstraction and revision     M. Leutbecher & S. Lang
(  218) !    2021-04-26 : Introduce LNEWTAU switch to compute RTAU depending on grid size  Y. Bouteloup 
(  219) !      20210913 : Modifications for Arpege Y.Bouteloup (LDTDKMF)
(  220) !    2020-09-18 : Choose CAPE diagnostic (LMCAPEA) J.M. Piriou
(  221) !     R. El Khatib 22-Jun-2022 A contribution to simplify phasing after the refactoring of YOMCLI/YOMCST/YOETHF.
(  222) !      15-11-21 : Added PVDISCU, vert-integrated convective dissipation rate R.Forbes
(  223) !------------------------------------------------------------------------------------------
(  224) # 225 "./cumastrn.F90"
(  225) USE MODEL_PHYSICS_ECMWF_MOD , ONLY : MODEL_PHYSICS_ECMWF_TYPE
(  226) USE MODEL_PHYSICS_SIMPLINEAR_MOD , ONLY : MODEL_PHYSICS_SIMPLINEAR_TYPE
(  227) USE YOM_YGFL  , ONLY : TYPE_GFLD
(  228) USE YOMCHEM   , ONLY : TCHEM
(  229) USE PARKIND1  , ONLY : JPIM, JPRB
(  230) USE YOMHOOK   , ONLY : LHOOK, DR_HOOK, JPHOOK
(  231) USE YOMCST    , ONLY : TCST






NVFORTRAN (Version     24.5)          03/19/2025  06:56:06      page 34

(  232) USE YOETHF    , ONLY : TTHF  
(  233) USE SPP_MOD     , ONLY : TSPP_CONFIG
(  234) USE SPP_GEN_MOD , ONLY : SPP_PERT
(  235) USE YOMPERTPAR  , ONLY : TPERTPAR
(  236) # 237 "./cumastrn.F90"
(  237) IMPLICIT NONE
(  238) # 239 "./cumastrn.F90"
(  239) REAL(KIND=JPRB)   ,INTENT(IN)    :: PPLDARE
(  240) REAL(KIND=JPRB)   ,INTENT(IN)    :: PPLRG
(  241) TYPE(TTHF)                         ,INTENT(IN):: YDTHF
(  242) TYPE(TCST)                         ,INTENT(IN):: YDCST
(  243) TYPE(MODEL_PHYSICS_ECMWF_TYPE)     ,INTENT(IN):: YDML_PHY_EC
(  244) TYPE(TCHEM)       ,INTENT(IN)    :: YDCHEM
(  245) TYPE(TSPP_CONFIG) ,INTENT(IN)    :: YDSPP_CONFIG
(  246) TYPE(TPERTPAR)    ,INTENT(IN)    :: YDPERTPAR
(  247) TYPE(MODEL_PHYSICS_SIMPLINEAR_TYPE),INTENT(IN):: YDML_PHY_SLIN
(  248) TYPE(TYPE_GFLD)   ,INTENT(IN)    :: YGFL
(  249) INTEGER(KIND=JPIM),INTENT(IN)    :: KLON
(  250) INTEGER(KIND=JPIM),INTENT(IN)    :: KLEV
(  251) INTEGER(KIND=JPIM),INTENT(IN)    :: KIDIA
(  252) INTEGER(KIND=JPIM),INTENT(IN)    :: KFDIA
(  253) INTEGER(KIND=JPIM),INTENT(IN)    :: KTRAC
(  254) LOGICAL           ,INTENT(IN)    :: LDMCAPEA
(  255) LOGICAL           ,INTENT(IN)    :: LDLAND(KLON) 
(  256) REAL(KIND=JPRB)   ,INTENT(IN)    :: PTSPHY
(  257) REAL(KIND=JPRB)   ,INTENT(IN)    :: PLCRIT_AER(KLON,KLEV) 
(  258) REAL(KIND=JPRB)   ,INTENT(INOUT) :: PTEN(KLON,KLEV) 
(  259) REAL(KIND=JPRB)   ,INTENT(INOUT) :: PQEN(KLON,KLEV) 
(  260) REAL(KIND=JPRB)   ,INTENT(IN)    :: PUEN(KLON,KLEV) 
(  261) REAL(KIND=JPRB)   ,INTENT(IN)    :: PVEN(KLON,KLEV) 
(  262) REAL(KIND=JPRB)   ,INTENT(IN)    :: PLITOT(KLON,KLEV) 
(  263) REAL(KIND=JPRB)   ,INTENT(IN)    :: PVERVEL(KLON,KLEV) 
(  264) REAL(KIND=JPRB)   ,INTENT(INOUT) :: PQSEN(KLON,KLEV) 
(  265) REAL(KIND=JPRB)   ,INTENT(IN)    :: PQHFL(KLON,KLEV+1) 
(  266) REAL(KIND=JPRB)   ,INTENT(IN)    :: PAHFS(KLON,KLEV+1) 
(  267) REAL(KIND=JPRB)   ,INTENT(IN)    :: PAP(KLON,KLEV) 
(  268) REAL(KIND=JPRB)   ,INTENT(IN)    :: PAPH(KLON,KLEV+1)
(  269) REAL(KIND=JPRB)   ,INTENT(IN)    :: PGEO(KLON,KLEV) 
(  270) REAL(KIND=JPRB)   ,INTENT(IN)    :: PGEOH(KLON,KLEV+1) 
(  271) REAL(KIND=JPRB)   ,INTENT(IN)    :: PGAW(KLON)
(  272) REAL(KIND=JPRB)   ,INTENT(IN)    :: PCUCONVCA(KLON)
(  273) REAL(KIND=JPRB)   ,INTENT(IN)    :: PGP2DSPP(KLON,YDSPP_CONFIG%SM%NRFTOTAL)
(  274) REAL(KIND=JPRB)   ,INTENT(IN)    :: PCEN(KLON,KLEV,KTRAC) 
(  275) REAL(KIND=JPRB)   ,INTENT(IN)    :: PSCAV(KTRAC) 
(  276) REAL(KIND=JPRB)   ,INTENT(IN)    :: PSCAV0(KTRAC) 
(  277) REAL(KIND=JPRB)   ,INTENT(IN)    :: PDX(KLON) 
(  278) LOGICAL           ,INTENT(IN)    :: LDTDKMF
(  279) REAL(KIND=JPRB)   ,INTENT(INOUT) :: PTENT(KLON,KLEV) 
(  280) REAL(KIND=JPRB)   ,INTENT(INOUT) :: PTENQ(KLON,KLEV) 
(  281) REAL(KIND=JPRB)   ,INTENT(INOUT) :: PTENU(KLON,KLEV) 
(  282) REAL(KIND=JPRB)   ,INTENT(INOUT) :: PTENV(KLON,KLEV) 
(  283) REAL(KIND=JPRB)   ,INTENT(IN)    :: PTENTA(KLON,KLEV) 
(  284) REAL(KIND=JPRB)   ,INTENT(IN)    :: PTENQA(KLON,KLEV) 
(  285) REAL(KIND=JPRB)   ,INTENT(INOUT) :: PTENC(KLON,KLEV,KTRAC) 
(  286) LOGICAL           ,INTENT(OUT)   :: LDCUM(KLON)
(  287) INTEGER(KIND=JPIM),INTENT(OUT)   :: KTYPE(KLON)
(  288) INTEGER(KIND=JPIM),INTENT(OUT)   :: KCBOT(KLON)
(  289) INTEGER(KIND=JPIM),INTENT(OUT)   :: KCTOP(KLON)






NVFORTRAN (Version     24.5)          03/19/2025  06:56:06      page 35

(  290) LOGICAL           ,INTENT(OUT)   :: LDCUM_LIG(KLON)
(  291) INTEGER(KIND=JPIM),INTENT(OUT)   :: KCBOT_LIG(KLON)
(  292) INTEGER(KIND=JPIM),INTENT(OUT)   :: KCTOP_LIG(KLON)
(  293) INTEGER(KIND=JPIM),INTENT(OUT)   :: KBOTSC(KLON) 
(  294) LOGICAL           ,INTENT(OUT)   :: LDSC(KLON) 
(  295) LOGICAL           ,INTENT(IN)    :: LDSHCV(KLON) 
(  296) REAL(KIND=JPRB)   ,INTENT(OUT)   :: PTU(KLON,KLEV) 
(  297) REAL(KIND=JPRB)   ,INTENT(OUT)   :: PQU(KLON,KLEV) 
(  298) REAL(KIND=JPRB)   ,INTENT(OUT)   :: PLU(KLON,KLEV) 
(  299) REAL(KIND=JPRB)   ,INTENT(OUT)   :: PLUDE(KLON,KLEV) 
(  300) REAL(KIND=JPRB)   ,INTENT(OUT)   :: PLUDELI(KLON,KLEV,4) 
(  301) REAL(KIND=JPRB)   ,INTENT(OUT)   :: PSNDE(KLON,KLEV,2) 
(  302) REAL(KIND=JPRB)   ,INTENT(OUT)   :: PENTH(KLON,KLEV) 
(  303) REAL(KIND=JPRB)   ,INTENT(OUT)   :: PMFLXR(KLON,KLEV+1) 
(  304) REAL(KIND=JPRB)   ,INTENT(OUT)   :: PMFLXS(KLON,KLEV+1) 
(  305) REAL(KIND=JPRB)   ,INTENT(OUT)   :: PRAIN(KLON) 
(  306) REAL(KIND=JPRB)   ,INTENT(OUT)   :: PLRAIN(KLON,KLEV) 
(  307) REAL(KIND=JPRB)   ,INTENT(OUT)   :: PRSUD(KLON,KLEV,2) 
(  308) REAL(KIND=JPRB)   ,INTENT(OUT)   :: PMFU(KLON,KLEV)
(  309) REAL(KIND=JPRB)   ,INTENT(OUT)   :: PMFD(KLON,KLEV)
(  310) REAL(KIND=JPRB)   ,INTENT(OUT)   :: PLGLAC(KLON,KLEV) 
(  311) REAL(KIND=JPRB)   ,INTENT(OUT)   :: PMFUDE_RATE(KLON,KLEV)
(  312) REAL(KIND=JPRB)   ,INTENT(OUT)   :: PMFDDE_RATE(KLON,KLEV)
(  313) REAL(KIND=JPRB)   ,INTENT(OUT)   :: PCAPE(KLON) 
(  314) REAL(KIND=JPRB)   ,INTENT(OUT)   :: PWMEAN(KLON) 
(  315) REAL(KIND=JPRB)   ,INTENT(OUT)   :: PVDISCU(KLON) 
(  316) REAL(KIND=JPRB)   ,INTENT(OUT)   :: PWU(KLON,KLEV)
(  317) REAL(KIND=JPRB)   ,INTENT(OUT)   :: PDISS(KLON,KLEV) 
(  318) # 320 "./cumastrn.F90"
(  320) REAL(KIND=JPRB) ::     ZTENH(KLON,KLEV),       ZQENH(KLON,KLEV),&
(  321)  & ZTENH2(KLON,KLEV),      ZQENH2(KLON,KLEV),&
(  322)  & ZQSENH(KLON,KLEV),&
(  323)  & ZTD(KLON,KLEV),         ZQD(KLON,KLEV),&
(  324)  & ZMFUS(KLON,KLEV),       ZMFDS(KLON,KLEV),&
(  325)  & ZMFUQ(KLON,KLEV),       ZMFDQ(KLON,KLEV),&
(  326)  & ZDMFUP(KLON,KLEV),      ZDMFDP(KLON,KLEV),&
(  327)  & ZMFUL(KLON,KLEV),       ZRFL(KLON),&
(  328)  & ZUU(KLON,KLEV),         ZVU(KLON,KLEV),&
(  329)  & ZUD(KLON,KLEV),         ZVD(KLON,KLEV),&
(  330)  & ZKINEU(KLON,KLEV),      ZKINED(KLON,KLEV) 
(  331) REAL(KIND=JPRB) :: &
(  332)  & ZMFUB(KLON),            ZMFUB1(KLON),  ZKHVFL(KLON), ZKHFL(KLON),&
(  333)  & ZDQCV(KLON),            ZFACCA(KLON),  ZMFCFL(KLON), ZSATFR(KLON)
(  334) REAL(KIND=JPRB) ::     ZDPMEL(KLON,KLEV)
(  335) REAL(KIND=JPRB) ::     ZDHPBL(KLON),       ZWUBASE(KLON)
(  336) # 337 "./cumastrn.F90"
(  337) REAL(KIND=JPRB) ::     ZDMFEN(KLON,KLEV),  ZDMFDE(KLON,KLEV), ZDX(KLON)
(  338) # 339 "./cumastrn.F90"
(  339) INTEGER(KIND=JPIM) ::  ILAB(KLON,KLEV), IDTOP(KLON), ICTOP0(KLON)
(  340) INTEGER(KIND=JPIM) ::  IDPL(KLON) ! departure level for convection
(  341) REAL(KIND=JPRB) ::     ZCAPE(KLON), ZCAPE2(KLON), ZHEAT(KLON), ZCAPPBL(KLON), ZCAPDCYCL(KLON), ZCAPDCYCLLD(KLON), ZCAPDCYCLSE(KLON)
(  342) LOGICAL ::  LLDDRAF(KLON), LLDDRAF3(KLON), LLDCUM(KLON), LLSCVFLAG(KLON)
(  343) LOGICAL ::  LLO1, LLO2(KLON), LLMIXS, LLO3
(  344) # 345 "./cumastrn.F90"
(  345) INTEGER(KIND=JPIM) :: IKB, IKD, ITOPM2, JK, IK, JL
(  346) # 347 "./cumastrn.F90"
(  347) REAL(KIND=JPRB) ::   ZCONS2, ZCONS, ZDH, ZDH2,&
(  348)  & ZDQMIN, ZDZ, ZEPS, ZFAC, &






NVFORTRAN (Version     24.5)          03/19/2025  06:56:06      page 36

(  349)  & ZMFMAX, ZPBMPT, ZQUMQE, ZRO, ZMFA, ZERATE, ZDERATE, ZORCPD, ZRDOCPD,&
(  350)  & ZDUTEN, ZDVTEN, ZTDIS, ZTAURES, ZAR, ZAS, ZBR, ZBS, ZAK, ZRG, ZIND !, ZALPHA
(  351)           
(  352) REAL(KIND=JPRB) :: ZTAU(KLON), ZTAUPBL(KLON)  ! adjustment time
(  353) REAL(KIND=JPRB) :: ZXTAU(KLON)
(  354) # 355 "./cumastrn.F90"
(  355) ! A bunch of SPP variables
(  356) LOGICAL            :: LLPERT_RTAU     ! SPP perturbation on?
(  357) INTEGER(KIND=JPIM) :: IPRTAU   ! SPP random field pointer
(  358) INTEGER(KIND=JPIM) :: IPN      !  SPP perturbation pointer
(  359) TYPE(SPP_PERT)     :: PN1      ! SPP pertn. configs. for RTAU
(  360) # 361 "./cumastrn.F90"
(  361) ! scaling factor for momentum and tracer massflux
(  362) REAL(KIND=JPRB) :: ZMFS(KLON),  ZMFUUS(KLON,KLEV), ZMFDUS(KLON,KLEV) ,&
(  363)                   &             ZMFUDR(KLON,KLEV), ZMFDDR(KLON,KLEV) ,&
(  364)                   &             ZTENU(KLON,KLEV),  ZTENV(KLON,KLEV) ,&
(  365)                   & ZMFUUB(KLON), ZMFUVB(KLON),&
(  366)                   & ZMF_SHAL(KLON), ZKMFL(KLON), &
(  367)                   & ZDMFUPC(KLON,KLEV), ZDMFDPC(KLON,KLEV), &
(  368)                   & ZUV2(KLON,KLEV), ZSUM12(KLON), ZSUM22(KLON)
(  369) REAL(KIND=JPHOOK) :: ZHOOK_HANDLE
(  370) # 371 "./cumastrn.F90"
(  371) # 1 "./cuascn.intfb.h"
(    1) INTERFACE
(    2) # 3 "./cuascn.intfb.h"
(    3) SUBROUTINE CUASCN &
(    4) & (YDTHF, YDCST, YDEPHLI, YDECLDP,  YDECUMF, YDSPP_CONFIG, YGFL,&
(    5) & KIDIA,    KFDIA,    KLON,    KLEV, LDTDKMF, &
(    6) & PTSPHY,&
(    7) & PTENH,    PQENH,    PUEN,     PVEN,&
(    8) & PTEN,     PQEN,     PQSEN,    PLITOT,&
(    9) & PGEO,     PGEOH,    PAP,      PAPH,&
(   10) & PVERVEL,  PWUBASE,  PGP2DSPP,  &
(   11) & LDLAND,   LDCUM,    KTYPE,    KLAB,     LSCVFLAG,&
(   12) & PTU,      PQU,      PLU,      PLRAIN,&
(   13) & PMFU,     PMFUB,    PLGLAC,&
(   14) & PMFUS,    PMFUQ,    PMFUL,    PLUDE,    PLUDELI,        PDMFUP,&
(   15) & PLCRIT_AER,&
(   16) & PDMFEN,&
(   17) & KCBOT,    KCTOP,    KCTOP0,   KDPL,     PMFUDE_RATE,    PKINEU,  PWU, PWMEAN )
(   18) USE PARKIND1 , ONLY : JPIM, JPRB
(   19) USE YOMHOOK  , ONLY : LHOOK, DR_HOOK, JPHOOK
(   20) USE YOMCST   , ONLY : TCST
(   21) USE YOETHF   , ONLY : TTHF
(   22) USE YOECUMF  , ONLY : TECUMF
(   23) USE YOEPHLI  , ONLY : TEPHLI
(   24) USE YOECLDP  , ONLY : TECLDP
(   25) USE YOM_YGFL , ONLY : TYPE_GFLD
(   26) USE SPP_MOD     , ONLY : TSPP_CONFIG
(   27) USE SPP_GEN_MOD , ONLY : SPP_PERT
(   28) IMPLICIT NONE
(   29) TYPE(TTHF)        ,INTENT(IN)    :: YDTHF
(   30) TYPE(TCST)        ,INTENT(IN)    :: YDCST
(   31) TYPE(TECLDP)      ,INTENT(IN)    :: YDECLDP
(   32) TYPE(TECUMF)      ,INTENT(IN)    :: YDECUMF
(   33) TYPE(TEPHLI)      ,INTENT(IN)    :: YDEPHLI
(   34) TYPE(TSPP_CONFIG) ,INTENT(IN)    :: YDSPP_CONFIG
(   35) TYPE(TYPE_GFLD)   ,INTENT(IN)    :: YGFL






NVFORTRAN (Version     24.5)          03/19/2025  06:56:06      page 37

(   36) INTEGER(KIND=JPIM),INTENT(IN)    :: KLON
(   37) INTEGER(KIND=JPIM),INTENT(IN)    :: KLEV
(   38) INTEGER(KIND=JPIM),INTENT(IN)    :: KIDIA
(   39) INTEGER(KIND=JPIM),INTENT(IN)    :: KFDIA
(   40) REAL(KIND=JPRB)   ,INTENT(IN)    :: PTSPHY
(   41) REAL(KIND=JPRB)   ,INTENT(IN)    :: PLCRIT_AER(KLON,KLEV)
(   42) REAL(KIND=JPRB)   ,INTENT(INOUT) :: PTENH(KLON,KLEV)
(   43) REAL(KIND=JPRB)   ,INTENT(INOUT) :: PQENH(KLON,KLEV)
(   44) REAL(KIND=JPRB)   ,INTENT(IN)    :: PUEN(KLON,KLEV)
(   45) REAL(KIND=JPRB)   ,INTENT(IN)    :: PVEN(KLON,KLEV)
(   46) REAL(KIND=JPRB)   ,INTENT(IN)    :: PTEN(KLON,KLEV)
(   47) REAL(KIND=JPRB)   ,INTENT(IN)    :: PQEN(KLON,KLEV)
(   48) REAL(KIND=JPRB)   ,INTENT(IN)    :: PQSEN(KLON,KLEV)
(   49) REAL(KIND=JPRB)   ,INTENT(IN)    :: PLITOT(KLON,KLEV)
(   50) REAL(KIND=JPRB)   ,INTENT(IN)    :: PGEO(KLON,KLEV)
(   51) REAL(KIND=JPRB)   ,INTENT(IN)    :: PGEOH(KLON,KLEV+1)
(   52) REAL(KIND=JPRB)   ,INTENT(IN)    :: PAP(KLON,KLEV)
(   53) REAL(KIND=JPRB)   ,INTENT(IN)    :: PAPH(KLON,KLEV+1)
(   54) REAL(KIND=JPRB)   ,INTENT(IN)    :: PVERVEL(KLON,KLEV)
(   55) REAL(KIND=JPRB)   ,INTENT(IN)    :: PWUBASE(KLON)
(   56) REAL(KIND=JPRB)   ,INTENT(IN)    :: PGP2DSPP(KLON,YDSPP_CONFIG%SM%NRFTOTAL)
(   57) LOGICAL           ,INTENT(IN)    :: LDLAND(KLON)
(   58) LOGICAL           ,INTENT(INOUT) :: LDCUM(KLON)
(   59) LOGICAL           ,INTENT(IN)    :: LDTDKMF
(   60) LOGICAL           ,INTENT(OUT)   :: LSCVFLAG(KLON)
(   61) INTEGER(KIND=JPIM),INTENT(INOUT) :: KTYPE(KLON)
(   62) INTEGER(KIND=JPIM),INTENT(INOUT) :: KLAB(KLON,KLEV)
(   63) REAL(KIND=JPRB)   ,INTENT(INOUT) :: PTU(KLON,KLEV)
(   64) REAL(KIND=JPRB)   ,INTENT(INOUT) :: PQU(KLON,KLEV)
(   65) REAL(KIND=JPRB)   ,INTENT(INOUT) :: PLU(KLON,KLEV)
(   66) REAL(KIND=JPRB)   ,INTENT(INOUT) :: PLRAIN(KLON,KLEV)
(   67) REAL(KIND=JPRB)   ,INTENT(INOUT) :: PMFU(KLON,KLEV)
(   68) REAL(KIND=JPRB)   ,INTENT(INOUT) :: PMFUB(KLON)
(   69) REAL(KIND=JPRB)   ,INTENT(OUT)   :: PLGLAC(KLON,KLEV)
(   70) REAL(KIND=JPRB)   ,INTENT(OUT)   :: PMFUS(KLON,KLEV)
(   71) REAL(KIND=JPRB)   ,INTENT(OUT)   :: PMFUQ(KLON,KLEV)
(   72) REAL(KIND=JPRB)   ,INTENT(OUT)   :: PMFUL(KLON,KLEV)
(   73) REAL(KIND=JPRB)   ,INTENT(OUT)   :: PLUDE(KLON,KLEV)
(   74) REAL(KIND=JPRB)   ,INTENT(OUT)   :: PLUDELI(KLON,KLEV,2)
(   75) REAL(KIND=JPRB)   ,INTENT(OUT)   :: PDMFUP(KLON,KLEV)
(   76) REAL(KIND=JPRB)   ,INTENT(OUT)   :: PDMFEN(KLON,KLEV)
(   77) INTEGER(KIND=JPIM),INTENT(INOUT) :: KCBOT(KLON)
(   78) INTEGER(KIND=JPIM),INTENT(OUT)   :: KCTOP(KLON)
(   79) INTEGER(KIND=JPIM),INTENT(INOUT) :: KCTOP0(KLON)
(   80) INTEGER(KIND=JPIM),INTENT(IN)    :: KDPL(KLON)
(   81) REAL(KIND=JPRB)   ,INTENT(OUT)   :: PMFUDE_RATE(KLON,KLEV)
(   82) REAL(KIND=JPRB)   ,INTENT(OUT)   :: PKINEU(KLON,KLEV)
(   83) REAL(KIND=JPRB)   ,INTENT(OUT)   :: PWU(KLON,KLEV)
(   84) REAL(KIND=JPRB)   ,INTENT(OUT)   :: PWMEAN(KLON)
(   85) END SUBROUTINE CUASCN
(   86) # 87 "./cuascn.intfb.h"
(   87) END INTERFACE
(   88) # 372 "./cumastrn.F90"
(  372) # 372 "./cumastrn.F90"
(  372) # 1 "./cubasen.intfb.h"
(    1) INTERFACE
(    2) SUBROUTINE CUBASEN &
(    3) & (PPLDARE, PPLRG,    YDTHF, YDCST, YDEPHLI, YDECLDP,  YDECUMF, YDSPP_CONFIG, &






NVFORTRAN (Version     24.5)          03/19/2025  06:56:06      page 38

(    4) & KIDIA,    KFDIA,    KLON,     KLEV,  KINDEX,  LDMIXS, LDTDKMF, &
(    5) & PTENH,    PQENH,    PGEOH,    PAPH,&
(    6) & PQHFL,    PAHFS,    PGP2DSPP, PKMFL,&
(    7) & PTEN,     PQEN,     PQSEN,    PGEO,&
(    8) & PTU,      PQU,      PLU,      PWU2H,  PWUBASE,&
(    9) & KLAB,     LDCUM,    LDSC,     KCBOT,    KBOTSC,&
(   10) & KCTOP,    KDPL,     PCAPE )
(   11) USE YOEPHLI   , ONLY : TEPHLI
(   12) USE PARKIND1  , ONLY : JPIM, JPRB
(   13) USE YOMHOOK   , ONLY : LHOOK, DR_HOOK, JPHOOK
(   14) USE YOMCST    , ONLY : TCST
(   15) USE PARPHY    , ONLY : RKAP
(   16) USE YOECUMF   , ONLY : TECUMF
(   17) USE YOECLDP   , ONLY : TECLDP
(   18) USE YOETHF    , ONLY : TTHF
(   19) USE SPP_MOD        , ONLY : TSPP_CONFIG
(   20) USE SPP_GEN_MOD    , ONLY : SPP_PERT
(   21) IMPLICIT NONE
(   22) REAL(KIND=JPRB)   ,INTENT(IN)    :: PPLDARE
(   23) REAL(KIND=JPRB)   ,INTENT(IN)    :: PPLRG
(   24) TYPE(TECLDP)      ,INTENT(IN)    :: YDECLDP
(   25) TYPE(TECUMF)      ,INTENT(IN)    :: YDECUMF
(   26) TYPE(TTHF)        ,INTENT(IN)    :: YDTHF
(   27) TYPE(TCST)        ,INTENT(IN)    :: YDCST
(   28) TYPE(TEPHLI)      ,INTENT(IN)    :: YDEPHLI
(   29) TYPE(TSPP_CONFIG) ,INTENT(IN)    :: YDSPP_CONFIG
(   30) INTEGER(KIND=JPIM),INTENT(IN)    :: KLON
(   31) INTEGER(KIND=JPIM),INTENT(IN)    :: KLEV
(   32) INTEGER(KIND=JPIM),INTENT(IN)    :: KIDIA
(   33) INTEGER(KIND=JPIM),INTENT(IN)    :: KFDIA
(   34) INTEGER(KIND=JPIM),INTENT(IN)    :: KINDEX
(   35) LOGICAL           ,INTENT(IN)    :: LDMIXS
(   36) LOGICAL           ,INTENT(IN)    :: LDTDKMF
(   37) REAL(KIND=JPRB)   ,INTENT(IN)    :: PTENH(KLON,KLEV)
(   38) REAL(KIND=JPRB)   ,INTENT(IN)    :: PQENH(KLON,KLEV)
(   39) REAL(KIND=JPRB)   ,INTENT(IN)    :: PGEOH(KLON,KLEV+1)
(   40) REAL(KIND=JPRB)   ,INTENT(IN)    :: PAPH(KLON,KLEV+1)
(   41) REAL(KIND=JPRB)   ,INTENT(IN)    :: PQHFL(KLON,KLEV+1)
(   42) REAL(KIND=JPRB)   ,INTENT(IN)    :: PAHFS(KLON,KLEV+1)
(   43) REAL(KIND=JPRB)   ,INTENT(IN)    :: PGP2DSPP(KLON,YDSPP_CONFIG%SM%NRFTOTAL)
(   44) REAL(KIND=JPRB)   ,INTENT(IN)    :: PKMFL(KLON)
(   45) REAL(KIND=JPRB)   ,INTENT(IN)    :: PTEN(KLON,KLEV)
(   46) REAL(KIND=JPRB)   ,INTENT(IN)    :: PQEN(KLON,KLEV)
(   47) REAL(KIND=JPRB)   ,INTENT(IN)    :: PQSEN(KLON,KLEV)
(   48) REAL(KIND=JPRB)   ,INTENT(IN)    :: PGEO(KLON,KLEV)
(   49) REAL(KIND=JPRB)   ,INTENT(INOUT) :: PTU(KLON,KLEV)
(   50) REAL(KIND=JPRB)   ,INTENT(INOUT) :: PQU(KLON,KLEV)
(   51) REAL(KIND=JPRB)   ,INTENT(INOUT) :: PLU(KLON,KLEV)
(   52) REAL(KIND=JPRB)   ,INTENT(INOUT) :: PWU2H(KLON,KLEV)
(   53) REAL(KIND=JPRB)   ,INTENT(OUT)   :: PWUBASE(KLON)
(   54) INTEGER(KIND=JPIM),INTENT(INOUT) :: KLAB(KLON,KLEV)
(   55) LOGICAL           ,INTENT(INOUT) :: LDCUM(KLON)
(   56) LOGICAL           ,INTENT(OUT)   :: LDSC(KLON)
(   57) INTEGER(KIND=JPIM),INTENT(INOUT) :: KCBOT(KLON)
(   58) INTEGER(KIND=JPIM),INTENT(OUT)   :: KBOTSC(KLON)
(   59) INTEGER(KIND=JPIM),INTENT(OUT)   :: KCTOP(KLON)
(   60) INTEGER(KIND=JPIM),INTENT(OUT)   :: KDPL(KLON)
(   61) REAL(KIND=JPRB)   ,INTENT(OUT)   :: PCAPE(KLON)






NVFORTRAN (Version     24.5)          03/19/2025  06:56:06      page 39

(   62) END SUBROUTINE CUBASEN
(   63) # 64 "./cubasen.intfb.h"
(   64) END INTERFACE
(   65) # 373 "./cumastrn.F90"
(  373) # 373 "./cumastrn.F90"
(  373) # 1 "./cuddrafn.intfb.h"
(    1) INTERFACE
(    2) SUBROUTINE CUDDRAFN &
(    3) & (YDCST,   YDTHF,    YDEPHLI, YDECUMF,&
(    4) & KIDIA,    KFDIA,    KLON,     KLEV,&
(    5) & LDDRAF,&
(    6) & PTENH,    PQENH,    PQSEN,&
(    7) & PGEO,     PGEOH,    PAPH,     PRFL,&
(    8) & PTD,      PQD,      PMFU,&
(    9) & PMFD,     PMFDS,    PMFDQ,    PDMFDP,&
(   10) & PDMFDE,   PMFDDE_RATE,        PKINED )
(   11) USE YOEPHLI  , ONLY : TEPHLI
(   12) USE PARKIND1 , ONLY : JPIM     ,JPRB
(   13) USE YOMHOOK  , ONLY : LHOOK,   DR_HOOK, JPHOOK
(   14) USE YOMCST   , ONLY : TCST
(   15) USE YOETHF   , ONLY : TTHF
(   16) USE YOECUMF  , ONLY : TECUMF
(   17) IMPLICIT NONE
(   18) TYPE(TCST)        ,INTENT(IN)    :: YDCST
(   19) TYPE(TTHF)        ,INTENT(IN)    :: YDTHF
(   20) TYPE(TECUMF)      ,INTENT(IN)    :: YDECUMF
(   21) TYPE(TEPHLI)      ,INTENT(IN)    :: YDEPHLI
(   22) INTEGER(KIND=JPIM),INTENT(IN)    :: KLON
(   23) INTEGER(KIND=JPIM),INTENT(IN)    :: KLEV
(   24) INTEGER(KIND=JPIM),INTENT(IN)    :: KIDIA
(   25) INTEGER(KIND=JPIM),INTENT(IN)    :: KFDIA
(   26) LOGICAL           ,INTENT(IN)    :: LDDRAF(KLON)
(   27) REAL(KIND=JPRB)   ,INTENT(IN)    :: PTENH(KLON,KLEV)
(   28) REAL(KIND=JPRB)   ,INTENT(IN)    :: PQENH(KLON,KLEV)
(   29) REAL(KIND=JPRB)   ,INTENT(IN)    :: PQSEN(KLON,KLEV)
(   30) REAL(KIND=JPRB)   ,INTENT(IN)    :: PGEO(KLON,KLEV)
(   31) REAL(KIND=JPRB)   ,INTENT(IN)    :: PGEOH(KLON,KLEV+1)
(   32) REAL(KIND=JPRB)   ,INTENT(IN)    :: PAPH(KLON,KLEV+1)
(   33) REAL(KIND=JPRB)   ,INTENT(INOUT) :: PRFL(KLON)
(   34) REAL(KIND=JPRB)   ,INTENT(INOUT) :: PTD(KLON,KLEV)
(   35) REAL(KIND=JPRB)   ,INTENT(INOUT) :: PQD(KLON,KLEV)
(   36) REAL(KIND=JPRB)   ,INTENT(IN)    :: PMFU(KLON,KLEV)
(   37) REAL(KIND=JPRB)   ,INTENT(INOUT) :: PMFD(KLON,KLEV)
(   38) REAL(KIND=JPRB)   ,INTENT(INOUT) :: PMFDS(KLON,KLEV)
(   39) REAL(KIND=JPRB)   ,INTENT(INOUT) :: PMFDQ(KLON,KLEV)
(   40) REAL(KIND=JPRB)   ,INTENT(OUT)   :: PDMFDP(KLON,KLEV)
(   41) REAL(KIND=JPRB)   ,INTENT(OUT)   :: PDMFDE(KLON,KLEV)
(   42) REAL(KIND=JPRB)   ,INTENT(OUT)   :: PMFDDE_RATE(KLON,KLEV)
(   43) REAL(KIND=JPRB)   ,INTENT(OUT)   :: PKINED(KLON,KLEV)
(   44) END SUBROUTINE CUDDRAFN
(   45) # 46 "./cuddrafn.intfb.h"
(   46) END INTERFACE
(   47) # 374 "./cumastrn.F90"
(  374) # 374 "./cumastrn.F90"
(  374) # 1 "./cudlfsn.intfb.h"
(    1) INTERFACE
(    2) SUBROUTINE CUDLFSN &
(    3) & (YDTHF, YDCST, YDEPHLI, YDECUMF,&






NVFORTRAN (Version     24.5)          03/19/2025  06:56:06      page 40

(    4) & KIDIA,    KFDIA,    KLON,    KLEV,&
(    5) & KCBOT,    KCTOP,    LDCUM,&
(    6) & PTENH,    PQENH,    PTEN,     PQSEN,    PGEO,&
(    7) & PGEOH,    PAPH,     PTU,      PQU,&
(    8) & PMFUB,    PRFL,&
(    9) & PTD,      PQD,&
(   10) & PMFD,     PMFDS,    PMFDQ,    PDMFDP,&
(   11) & KDTOP,    LDDRAF)
(   12) USE PARKIND1  ,ONLY : JPIM     ,JPRB
(   13) USE YOMHOOK   ,ONLY : LHOOK,   DR_HOOK, JPHOOK
(   14) USE YOMCST   , ONLY : TCST
(   15) USE YOETHF   , ONLY : TTHF
(   16) USE YOECUMF  , ONLY : TECUMF
(   17) USE YOEPHLI  , ONLY : TEPHLI
(   18) IMPLICIT NONE
(   19) TYPE(TTHF)        ,INTENT(IN)    :: YDTHF
(   20) TYPE(TCST)        ,INTENT(IN)    :: YDCST
(   21) TYPE(TECUMF)      ,INTENT(IN)    :: YDECUMF
(   22) TYPE(TEPHLI)      ,INTENT(IN)    :: YDEPHLI
(   23) INTEGER(KIND=JPIM),INTENT(IN)    :: KLON
(   24) INTEGER(KIND=JPIM),INTENT(IN)    :: KLEV
(   25) INTEGER(KIND=JPIM),INTENT(IN)    :: KIDIA
(   26) INTEGER(KIND=JPIM),INTENT(IN)    :: KFDIA
(   27) INTEGER(KIND=JPIM),INTENT(IN)    :: KCBOT(KLON)
(   28) INTEGER(KIND=JPIM),INTENT(IN)    :: KCTOP(KLON)
(   29) LOGICAL           ,INTENT(IN)    :: LDCUM(KLON)
(   30) REAL(KIND=JPRB)   ,INTENT(IN)    :: PTENH(KLON,KLEV)
(   31) REAL(KIND=JPRB)   ,INTENT(IN)    :: PQENH(KLON,KLEV)
(   32) REAL(KIND=JPRB)   ,INTENT(IN)    :: PTEN(KLON,KLEV)
(   33) REAL(KIND=JPRB)   ,INTENT(IN)    :: PQSEN(KLON,KLEV)
(   34) REAL(KIND=JPRB)   ,INTENT(IN)    :: PGEO(KLON,KLEV)
(   35) REAL(KIND=JPRB)   ,INTENT(IN)    :: PGEOH(KLON,KLEV+1)
(   36) REAL(KIND=JPRB)   ,INTENT(IN)    :: PAPH(KLON,KLEV+1)
(   37) REAL(KIND=JPRB)   ,INTENT(IN)    :: PTU(KLON,KLEV)
(   38) REAL(KIND=JPRB)   ,INTENT(IN)    :: PQU(KLON,KLEV)
(   39) REAL(KIND=JPRB)   ,INTENT(IN)    :: PMFUB(KLON)
(   40) REAL(KIND=JPRB)   ,INTENT(INOUT) :: PRFL(KLON)
(   41) REAL(KIND=JPRB)   ,INTENT(OUT)   :: PTD(KLON,KLEV)
(   42) REAL(KIND=JPRB)   ,INTENT(OUT)   :: PQD(KLON,KLEV)
(   43) REAL(KIND=JPRB)   ,INTENT(INOUT) :: PMFD(KLON,KLEV)
(   44) REAL(KIND=JPRB)   ,INTENT(OUT)   :: PMFDS(KLON,KLEV)
(   45) REAL(KIND=JPRB)   ,INTENT(OUT)   :: PMFDQ(KLON,KLEV)
(   46) REAL(KIND=JPRB)   ,INTENT(OUT)   :: PDMFDP(KLON,KLEV)
(   47) INTEGER(KIND=JPIM),INTENT(OUT)   :: KDTOP(KLON)
(   48) LOGICAL           ,INTENT(OUT)   :: LDDRAF(KLON)
(   49) END SUBROUTINE CUDLFSN
(   50) # 51 "./cudlfsn.intfb.h"
(   51) END INTERFACE
(   52) # 375 "./cumastrn.F90"
(  375) # 375 "./cumastrn.F90"
(  375) # 1 "./cudtdqn.intfb.h"
(    1) INTERFACE
(    2) SUBROUTINE CUDTDQN &
(    3) & (YDTHF, YDCST, YDEPHLI, YDPHNC,   YDECUMF,  YDEPHY,&
(    4) & KIDIA,    KFDIA,    KLON,     KLEV,&
(    5) & KTOPM2,   KTYPE,    KCTOP,    KCBOT,    KDTOP,  LDTDKMF,  LDCUM,    LDDRAF,   LSCVFLAG, PTSPHY,&
(    6) & PAPH,     PAP  ,    PGEOH,    PGEO,&
(    7) & PTEN,     PTENH,    PQEN,     PQENH,    PQSEN,&






NVFORTRAN (Version     24.5)          03/19/2025  06:56:06      page 41

(    8) & PLGLAC,   PLUDE,    PLUDELI,  PSNDE,    PMFU,     PMFD,&
(    9) & PMFUS,    PMFDS,    PMFUQ,    PMFDQ,&
(   10) & PMFUL,    PDMFUP,   PDPMEL,   PMFLXR,   PMFLXS,&
(   11) & PTENT,    PTENQ,    PENTH )
(   12) USE PARKIND1 , ONLY : JPIM     ,JPRB
(   13) USE YOMHOOK  , ONLY : LHOOK,   DR_HOOK, JPHOOK
(   14) USE YOMCST   , ONLY : TCST
(   15) USE YOETHF   , ONLY : TTHF
(   16) USE YOECUMF  , ONLY : TECUMF
(   17) USE YOEPHY   , ONLY : TEPHY
(   18) USE YOEPHLI  , ONLY : TEPHLI
(   19) USE YOPHNC   , ONLY : TPHNC
(   20) IMPLICIT NONE
(   21) TYPE(TTHF)        ,INTENT(IN)    :: YDTHF
(   22) TYPE(TCST)        ,INTENT(IN)    :: YDCST
(   23) TYPE(TECUMF)      ,INTENT(IN)    :: YDECUMF
(   24) TYPE(TEPHLI)      ,INTENT(IN)    :: YDEPHLI
(   25) TYPE(TEPHY)       ,INTENT(IN)    :: YDEPHY
(   26) TYPE(TPHNC)       ,INTENT(IN)    :: YDPHNC
(   27) INTEGER(KIND=JPIM),INTENT(IN)    :: KLON
(   28) INTEGER(KIND=JPIM),INTENT(IN)    :: KLEV
(   29) INTEGER(KIND=JPIM),INTENT(IN)    :: KIDIA
(   30) INTEGER(KIND=JPIM),INTENT(IN)    :: KFDIA
(   31) INTEGER(KIND=JPIM),INTENT(IN)    :: KTOPM2
(   32) INTEGER(KIND=JPIM),INTENT(IN)    :: KTYPE(KLON)
(   33) INTEGER(KIND=JPIM),INTENT(IN)    :: KCTOP(KLON)
(   34) INTEGER(KIND=JPIM),INTENT(IN)    :: KCBOT(KLON)
(   35) INTEGER(KIND=JPIM),INTENT(IN)    :: KDTOP(KLON)
(   36) LOGICAL           ,INTENT(INOUT) :: LDCUM(KLON)
(   37) LOGICAL           ,INTENT(IN)    :: LDDRAF(KLON)
(   38) LOGICAL           ,INTENT(IN)    :: LDTDKMF
(   39) LOGICAL           ,INTENT(IN)    :: LSCVFLAG(KLON)
(   40) REAL(KIND=JPRB)   ,INTENT(IN)    :: PTSPHY
(   41) REAL(KIND=JPRB)   ,INTENT(IN)    :: PAPH(KLON,KLEV+1)
(   42) REAL(KIND=JPRB)   ,INTENT(IN)    :: PAP(KLON,KLEV)
(   43) REAL(KIND=JPRB)   ,INTENT(IN)    :: PGEO(KLON,KLEV)
(   44) REAL(KIND=JPRB)   ,INTENT(IN)    :: PGEOH(KLON,KLEV+1)
(   45) REAL(KIND=JPRB)   ,INTENT(IN)    :: PTEN(KLON,KLEV)
(   46) REAL(KIND=JPRB)   ,INTENT(IN)    :: PQEN(KLON,KLEV)
(   47) REAL(KIND=JPRB)   ,INTENT(IN)    :: PTENH(KLON,KLEV)
(   48) REAL(KIND=JPRB)   ,INTENT(IN)    :: PQENH(KLON,KLEV)
(   49) REAL(KIND=JPRB)   ,INTENT(IN)    :: PQSEN(KLON,KLEV)
(   50) REAL(KIND=JPRB)   ,INTENT(IN)    :: PLGLAC(KLON,KLEV)
(   51) REAL(KIND=JPRB)   ,INTENT(INOUT) :: PLUDE(KLON,KLEV)
(   52) REAL(KIND=JPRB)   ,INTENT(INOUT) :: PLUDELI(KLON,KLEV,2)
(   53) REAL(KIND=JPRB)   ,INTENT(INOUT) :: PSNDE(KLON,KLEV,2)
(   54) REAL(KIND=JPRB)   ,INTENT(IN)    :: PMFU(KLON,KLEV)
(   55) REAL(KIND=JPRB)   ,INTENT(IN)    :: PMFD(KLON,KLEV)
(   56) REAL(KIND=JPRB)   ,INTENT(IN)    :: PMFUS(KLON,KLEV)
(   57) REAL(KIND=JPRB)   ,INTENT(IN)    :: PMFDS(KLON,KLEV)
(   58) REAL(KIND=JPRB)   ,INTENT(IN)    :: PMFUQ(KLON,KLEV)
(   59) REAL(KIND=JPRB)   ,INTENT(IN)    :: PMFDQ(KLON,KLEV)
(   60) REAL(KIND=JPRB)   ,INTENT(IN)    :: PMFUL(KLON,KLEV)
(   61) REAL(KIND=JPRB)   ,INTENT(IN)    :: PDMFUP(KLON,KLEV)
(   62) REAL(KIND=JPRB)   ,INTENT(IN)    :: PDPMEL(KLON,KLEV)
(   63) REAL(KIND=JPRB)   ,INTENT(IN)    :: PMFLXR(KLON,KLEV+1)
(   64) REAL(KIND=JPRB)   ,INTENT(IN)    :: PMFLXS(KLON,KLEV+1)
(   65) REAL(KIND=JPRB)   ,INTENT(INOUT) :: PTENT(KLON,KLEV)






NVFORTRAN (Version     24.5)          03/19/2025  06:56:06      page 42

(   66) REAL(KIND=JPRB)   ,INTENT(INOUT) :: PTENQ(KLON,KLEV)
(   67) REAL(KIND=JPRB)   ,INTENT(OUT)   :: PENTH(KLON,KLEV)
(   68) END SUBROUTINE CUDTDQN
(   69) # 70 "./cudtdqn.intfb.h"
(   70) END INTERFACE
(   71) # 376 "./cumastrn.F90"
(  376) # 376 "./cumastrn.F90"
(  376) # 1 "./cududv.intfb.h"
(    1) INTERFACE
(    2) SUBROUTINE CUDUDV &
(    3) & (YDCST,   YDECUMF,  YDSPP_CONFIG,       YDPERTPAR,KIDIA,    KFDIA,    KLON,     KLEV, &
(    4) & KTOPM2,   KTYPE,    KCBOT,    KCTOP,    LDCUM,    PTSPHY,&
(    5) & PAPH,     PAP,      PUEN,     PVEN,     PMFU,     PMFD,&
(    6) & PMFUO,    PMFDO,    PUU,      PUD,      PVU,      PVD,  PGP2DSPP,&
(    7) & PTENU,    PTENV  )
(    8) USE PARKIND1 , ONLY : JPIM     ,JPRB
(    9) USE YOMHOOK  , ONLY : LHOOK,   DR_HOOK, JPHOOK
(   10) USE YOMCST   , ONLY : TCST
(   11) USE YOECUMF  , ONLY : TECUMF
(   12) USE SPP_MOD     , ONLY : TSPP_CONFIG
(   13) USE YOMPERTPAR , ONLY : TPERTPAR
(   14) USE SPP_GEN_MOD , ONLY : SPP_PERT
(   15) IMPLICIT NONE
(   16) TYPE(TCST)         ,INTENT(IN)     :: YDCST
(   17) TYPE(TECUMF)       ,INTENT(IN)     :: YDECUMF
(   18) TYPE(TSPP_CONFIG)  ,INTENT(IN)     :: YDSPP_CONFIG
(   19) TYPE(TPERTPAR)     ,INTENT(IN)     :: YDPERTPAR
(   20) INTEGER(KIND=JPIM) ,INTENT(IN)     :: KIDIA
(   21) INTEGER(KIND=JPIM) ,INTENT(IN)     :: KFDIA
(   22) INTEGER(KIND=JPIM) ,INTENT(IN)     :: KLON
(   23) INTEGER(KIND=JPIM) ,INTENT(IN)     :: KLEV
(   24) INTEGER(KIND=JPIM) ,INTENT(IN)     :: KTOPM2
(   25) INTEGER(KIND=JPIM) ,INTENT(IN)     :: KTYPE(KLON)
(   26) INTEGER(KIND=JPIM) ,INTENT(IN)     :: KCBOT(KLON)
(   27) INTEGER(KIND=JPIM) ,INTENT(IN)     :: KCTOP(KLON)
(   28) LOGICAL            ,INTENT(IN)     :: LDCUM(KLON)
(   29) REAL(KIND=JPRB)    ,INTENT(IN)     :: PTSPHY
(   30) REAL(KIND=JPRB)    ,INTENT(IN)     :: PAPH(KLON,KLEV+1)
(   31) REAL(KIND=JPRB)    ,INTENT(IN)     :: PAP(KLON,KLEV)
(   32) REAL(KIND=JPRB)    ,INTENT(IN)     :: PUEN(KLON,KLEV)
(   33) REAL(KIND=JPRB)    ,INTENT(IN)     :: PVEN(KLON,KLEV)
(   34) REAL(KIND=JPRB)    ,INTENT(IN)     :: PMFU(KLON,KLEV)
(   35) REAL(KIND=JPRB)    ,INTENT(IN)     :: PMFD(KLON,KLEV)
(   36) REAL(KIND=JPRB)    ,INTENT(IN)     :: PMFUO(KLON,KLEV)
(   37) REAL(KIND=JPRB)    ,INTENT(IN)     :: PMFDO(KLON,KLEV)
(   38) REAL(KIND=JPRB)    ,INTENT(IN)     :: PUU(KLON,KLEV)
(   39) REAL(KIND=JPRB)    ,INTENT(IN)     :: PUD(KLON,KLEV)
(   40) REAL(KIND=JPRB)    ,INTENT(IN)     :: PVU(KLON,KLEV)
(   41) REAL(KIND=JPRB)    ,INTENT(IN)     :: PVD(KLON,KLEV)
(   42) REAL(KIND=JPRB)    ,INTENT(IN)     :: PGP2DSPP(KLON,YDSPP_CONFIG%SM%NRFTOTAL)
(   43) REAL(KIND=JPRB)    ,INTENT(INOUT)  :: PTENU(KLON,KLEV)
(   44) REAL(KIND=JPRB)    ,INTENT(INOUT)  :: PTENV(KLON,KLEV)
(   45) END SUBROUTINE CUDUDV
(   46) # 47 "./cududv.intfb.h"
(   47) END INTERFACE
(   48) # 377 "./cumastrn.F90"
(  377) # 377 "./cumastrn.F90"
(  377) # 1 "./cuflxn.intfb.h"






NVFORTRAN (Version     24.5)          03/19/2025  06:56:06      page 43

(    1) INTERFACE
(    2) # 3 "./cuflxn.intfb.h"
(    3) SUBROUTINE CUFLXN &
(    4) & (YDTHF, YDCST, YDEPHLI, YDECUMF,  KIDIA,    KFDIA,    KLON,   KLEV,&
(    5) & PTSPHY,&
(    6) & PTEN,     PQEN,     PQSEN,    PTENH,    PQENH,&
(    7) & PAPH,     PAP,      PGEOH,    LDLAND,   LDCUM, LDTDKMF,&
(    8) & KCBOT,    KCTOP,    KDTOP,    KTOPM2,&
(    9) & KTYPE,    LDDRAF,&
(   10) & PMFU,     PMFD,     PMFUS,    PMFDS,&
(   11) & PMFUQ,    PMFDQ,    PMFUL,    PLUDE,    PLUDELI,   PLRAIN,  PSNDE,&
(   12) & PDMFUP,   PDMFDP,   PDPMEL,   PLGLAC,&
(   13) & PMFLXR,   PMFLXS,   PRAIN,    PMFUDE_RATE,  PMFDDE_RATE )
(   14) USE PARKIND1 , ONLY : JPIM     ,JPRB
(   15) USE YOMHOOK  , ONLY : LHOOK,   DR_HOOK, JPHOOK
(   16) USE YOMCST   , ONLY : TCST
(   17) USE YOETHF   , ONLY : TTHF
(   18) USE YOEPHLI  , ONLY : TEPHLI
(   19) USE YOECUMF  , ONLY : TECUMF
(   20) IMPLICIT NONE
(   21) TYPE(TTHF)        ,INTENT(IN)    :: YDTHF
(   22) TYPE(TCST)        ,INTENT(IN)    :: YDCST
(   23) TYPE(TECUMF)      ,INTENT(IN)    :: YDECUMF
(   24) TYPE(TEPHLI)      ,INTENT(IN)    :: YDEPHLI
(   25) INTEGER(KIND=JPIM),INTENT(IN)    :: KLON
(   26) INTEGER(KIND=JPIM),INTENT(IN)    :: KLEV
(   27) INTEGER(KIND=JPIM),INTENT(IN)    :: KIDIA
(   28) INTEGER(KIND=JPIM),INTENT(IN)    :: KFDIA
(   29) REAL(KIND=JPRB)   ,INTENT(IN)    :: PTSPHY
(   30) REAL(KIND=JPRB)   ,INTENT(IN)    :: PTEN(KLON,KLEV)
(   31) REAL(KIND=JPRB)   ,INTENT(IN)    :: PQEN(KLON,KLEV)
(   32) REAL(KIND=JPRB)   ,INTENT(INOUT) :: PQSEN(KLON,KLEV)
(   33) REAL(KIND=JPRB)   ,INTENT(IN)    :: PTENH(KLON,KLEV)
(   34) REAL(KIND=JPRB)   ,INTENT(IN)    :: PQENH(KLON,KLEV)
(   35) REAL(KIND=JPRB)   ,INTENT(IN)    :: PAPH(KLON,KLEV+1)
(   36) REAL(KIND=JPRB)   ,INTENT(IN)    :: PAP(KLON,KLEV)
(   37) REAL(KIND=JPRB)   ,INTENT(IN)    :: PGEOH(KLON,KLEV+1)
(   38) LOGICAL           ,INTENT(IN)    :: LDLAND(KLON)
(   39) LOGICAL           ,INTENT(IN)    :: LDCUM(KLON)
(   40) LOGICAL           ,INTENT(IN)    :: LDTDKMF
(   41) INTEGER(KIND=JPIM),INTENT(IN)    :: KCBOT(KLON)
(   42) INTEGER(KIND=JPIM),INTENT(IN)    :: KCTOP(KLON)
(   43) INTEGER(KIND=JPIM),INTENT(IN)    :: KDTOP(KLON)
(   44) INTEGER(KIND=JPIM),INTENT(OUT)   :: KTOPM2
(   45) INTEGER(KIND=JPIM),INTENT(INOUT) :: KTYPE(KLON)
(   46) LOGICAL           ,INTENT(INOUT) :: LDDRAF(KLON)
(   47) REAL(KIND=JPRB)   ,INTENT(INOUT) :: PMFU(KLON,KLEV)
(   48) REAL(KIND=JPRB)   ,INTENT(INOUT) :: PMFD(KLON,KLEV)
(   49) REAL(KIND=JPRB)   ,INTENT(INOUT) :: PMFUS(KLON,KLEV)
(   50) REAL(KIND=JPRB)   ,INTENT(INOUT) :: PMFDS(KLON,KLEV)
(   51) REAL(KIND=JPRB)   ,INTENT(INOUT) :: PMFUQ(KLON,KLEV)
(   52) REAL(KIND=JPRB)   ,INTENT(INOUT) :: PMFDQ(KLON,KLEV)
(   53) REAL(KIND=JPRB)   ,INTENT(INOUT) :: PMFUL(KLON,KLEV)
(   54) REAL(KIND=JPRB)   ,INTENT(OUT)   :: PLUDE(KLON,KLEV)
(   55) REAL(KIND=JPRB)   ,INTENT(OUT)   :: PLUDELI(KLON,KLEV,2)
(   56) REAL(KIND=JPRB)   ,INTENT(IN)    :: PLRAIN(KLON,KLEV)
(   57) REAL(KIND=JPRB)   ,INTENT(OUT)   :: PSNDE(KLON,KLEV,2)
(   58) REAL(KIND=JPRB)   ,INTENT(INOUT) :: PDMFUP(KLON,KLEV)






NVFORTRAN (Version     24.5)          03/19/2025  06:56:06      page 44

(   59) REAL(KIND=JPRB)   ,INTENT(INOUT) :: PDMFDP(KLON,KLEV)
(   60) REAL(KIND=JPRB)   ,INTENT(OUT)   :: PDPMEL(KLON,KLEV)
(   61) REAL(KIND=JPRB)   ,INTENT(INOUT) :: PLGLAC(KLON,KLEV)
(   62) REAL(KIND=JPRB)   ,INTENT(OUT)   :: PMFLXR(KLON,KLEV+1)
(   63) REAL(KIND=JPRB)   ,INTENT(OUT)   :: PMFLXS(KLON,KLEV+1)
(   64) REAL(KIND=JPRB)   ,INTENT(OUT)   :: PRAIN(KLON)
(   65) REAL(KIND=JPRB)   ,INTENT(IN)    :: PMFUDE_RATE(KLON,KLEV)
(   66) REAL(KIND=JPRB)   ,INTENT(INOUT) :: PMFDDE_RATE(KLON,KLEV)
(   67) END SUBROUTINE CUFLXN
(   68) # 69 "./cuflxn.intfb.h"
(   69) END INTERFACE
(   70) # 378 "./cumastrn.F90"
(  378) # 378 "./cumastrn.F90"
(  378) # 1 "./cuinin.intfb.h"
(    1) INTERFACE
(    2) SUBROUTINE CUININ &
(    3) & (YDCST,   YDTHF,    YDEPHLI, YDECUMF,  KIDIA,    KFDIA,    KLON,    KLEV,&
(    4) & PTEN,     PQEN,     PQSEN,    PUEN,     PVEN,&
(    5) & PGEO,     PAPH,&
(    6) & KLAB,&
(    7) & PTENH,    PQENH,    PQSENH,   PGEOH,&
(    8) & PTU,      PQU,      PTD,      PQD,&
(    9) & PUU,      PVU,      PUD,      PVD,&
(   10) & PLU  )
(   11) USE PARKIND1 , ONLY : JPIM     ,JPRB
(   12) USE YOMHOOK  , ONLY : LHOOK,   DR_HOOK, JPHOOK
(   13) USE YOMCST   , ONLY : TCST
(   14) USE YOETHF   , ONLY : TTHF
(   15) USE YOECUMF  , ONLY : TECUMF
(   16) USE YOEPHLI  , ONLY : TEPHLI
(   17) IMPLICIT NONE
(   18) TYPE(TCST)        ,INTENT(IN)    :: YDCST
(   19) TYPE(TTHF)        ,INTENT(IN)    :: YDTHF
(   20) TYPE(TECUMF)      ,INTENT(IN)    :: YDECUMF
(   21) TYPE(TEPHLI)      ,INTENT(IN)    :: YDEPHLI
(   22) INTEGER(KIND=JPIM),INTENT(IN)    :: KLON
(   23) INTEGER(KIND=JPIM),INTENT(IN)    :: KLEV
(   24) INTEGER(KIND=JPIM),INTENT(IN)    :: KIDIA
(   25) INTEGER(KIND=JPIM),INTENT(IN)    :: KFDIA
(   26) REAL(KIND=JPRB)   ,INTENT(IN)    :: PTEN(KLON,KLEV)
(   27) REAL(KIND=JPRB)   ,INTENT(IN)    :: PQEN(KLON,KLEV)
(   28) REAL(KIND=JPRB)   ,INTENT(IN)    :: PQSEN(KLON,KLEV)
(   29) REAL(KIND=JPRB)   ,INTENT(IN)    :: PUEN(KLON,KLEV)
(   30) REAL(KIND=JPRB)   ,INTENT(IN)    :: PVEN(KLON,KLEV)
(   31) REAL(KIND=JPRB)   ,INTENT(IN)    :: PGEO(KLON,KLEV)
(   32) REAL(KIND=JPRB)   ,INTENT(IN)    :: PAPH(KLON,KLEV+1)
(   33) INTEGER(KIND=JPIM),INTENT(OUT)   :: KLAB(KLON,KLEV)
(   34) REAL(KIND=JPRB)   ,INTENT(INOUT) :: PTENH(KLON,KLEV)
(   35) REAL(KIND=JPRB)   ,INTENT(OUT)   :: PQENH(KLON,KLEV)
(   36) REAL(KIND=JPRB)   ,INTENT(INOUT) :: PQSENH(KLON,KLEV)
(   37) REAL(KIND=JPRB)   ,INTENT(IN)    :: PGEOH(KLON,KLEV+1)
(   38) REAL(KIND=JPRB)   ,INTENT(OUT)   :: PTU(KLON,KLEV)
(   39) REAL(KIND=JPRB)   ,INTENT(OUT)   :: PQU(KLON,KLEV)
(   40) REAL(KIND=JPRB)   ,INTENT(OUT)   :: PTD(KLON,KLEV)
(   41) REAL(KIND=JPRB)   ,INTENT(OUT)   :: PQD(KLON,KLEV)
(   42) REAL(KIND=JPRB)   ,INTENT(OUT)   :: PUU(KLON,KLEV)
(   43) REAL(KIND=JPRB)   ,INTENT(OUT)   :: PVU(KLON,KLEV)
(   44) REAL(KIND=JPRB)   ,INTENT(OUT)   :: PUD(KLON,KLEV)






NVFORTRAN (Version     24.5)          03/19/2025  06:56:06      page 45

(   45) REAL(KIND=JPRB)   ,INTENT(OUT)   :: PVD(KLON,KLEV)
(   46) REAL(KIND=JPRB)   ,INTENT(OUT)   :: PLU(KLON,KLEV)
(   47) END SUBROUTINE CUININ
(   48) # 49 "./cuinin.intfb.h"
(   49) END INTERFACE
(   50) # 379 "./cumastrn.F90"
(  379) # 379 "./cumastrn.F90"
(  379) # 1 "./cuctracer.intfb.h"
(    1) INTERFACE
(    2) SUBROUTINE CUCTRACER &
(    3) & (YDCST, YDCUMFS, YDECUMF2, YDECUMF,&
(    4) & KIDIA,    KFDIA,    KLON,     KLEV,  KTRAC,&
(    5) & KCTOP,    KDTOP,    KTYPE,&
(    6) & LDCUM,    LDDRAF,   PTSPHY,   PAPH,  PAP,&
(    7) & PMFU,     PMFD,     PMFUO,    PMFDO, PUDRATE,  PDDRATE,&
(    8) & PDMFUP,   PDMFDP,&
(    9) & PCEN,     PTENC,    PSCAV  )
(   10) USE PARKIND1 , ONLY : JPIM     ,JPRB
(   11) USE YOMHOOK  , ONLY : LHOOK,   DR_HOOK, JPHOOK
(   12) USE YOMCST   , ONLY : TCST
(   13) USE YOECUMF  , ONLY : TECUMF
(   14) USE YOECUMF2 , ONLY : TECUMF2
(   15) USE YOMCUMFS , ONLY : TCUMFS
(   16) IMPLICIT NONE
(   17) TYPE(TCST)        ,INTENT(IN)    :: YDCST
(   18) TYPE(TCUMFS)      ,INTENT(IN)    :: YDCUMFS
(   19) TYPE(TECUMF)      ,INTENT(IN)    :: YDECUMF
(   20) TYPE(TECUMF2)     ,INTENT(IN)    :: YDECUMF2
(   21) INTEGER(KIND=JPIM),INTENT(IN)    :: KLON
(   22) INTEGER(KIND=JPIM),INTENT(IN)    :: KLEV
(   23) INTEGER(KIND=JPIM),INTENT(IN)    :: KTRAC
(   24) INTEGER(KIND=JPIM),INTENT(IN)    :: KIDIA
(   25) INTEGER(KIND=JPIM),INTENT(IN)    :: KFDIA
(   26) INTEGER(KIND=JPIM),INTENT(IN)    :: KCTOP(KLON)
(   27) INTEGER(KIND=JPIM),INTENT(IN)    :: KDTOP(KLON)
(   28) INTEGER(KIND=JPIM),INTENT(IN)    :: KTYPE(KLON)
(   29) LOGICAL           ,INTENT(IN)    :: LDCUM(KLON)
(   30) LOGICAL           ,INTENT(IN)    :: LDDRAF(KLON)
(   31) REAL(KIND=JPRB)   ,INTENT(IN)    :: PTSPHY
(   32) REAL(KIND=JPRB)   ,INTENT(IN)    :: PAPH(KLON,KLEV+1)
(   33) REAL(KIND=JPRB)   ,INTENT(IN)    :: PAP(KLON,KLEV)
(   34) REAL(KIND=JPRB)   ,INTENT(IN)    :: PMFU(KLON,KLEV)
(   35) REAL(KIND=JPRB)   ,INTENT(IN)    :: PMFD(KLON,KLEV)
(   36) REAL(KIND=JPRB)   ,INTENT(IN)    :: PMFUO(KLON,KLEV)
(   37) REAL(KIND=JPRB)   ,INTENT(IN)    :: PMFDO(KLON,KLEV)
(   38) REAL(KIND=JPRB)   ,INTENT(IN)    :: PUDRATE(KLON,KLEV)
(   39) REAL(KIND=JPRB)   ,INTENT(IN)    :: PDDRATE(KLON,KLEV)
(   40) REAL(KIND=JPRB)   ,INTENT(IN)    :: PDMFUP(KLON,KLEV)
(   41) REAL(KIND=JPRB)   ,INTENT(IN)    :: PDMFDP(KLON,KLEV)
(   42) REAL(KIND=JPRB)   ,INTENT(IN)    :: PCEN(KLON,KLEV,KTRAC)
(   43) REAL(KIND=JPRB)   ,INTENT(IN)    :: PSCAV(KTRAC)
(   44) REAL(KIND=JPRB)   ,INTENT(INOUT) :: PTENC(KLON,KLEV,KTRAC)
(   45) END SUBROUTINE CUCTRACER
(   46) # 47 "./cuctracer.intfb.h"
(   47) END INTERFACE
(   48) # 380 "./cumastrn.F90"
(  380) # 381 "./cumastrn.F90"
(  381) # 1 "./fcttre.func.h"






NVFORTRAN (Version     24.5)          03/19/2025  06:56:06      page 46

(    1) ! (C) Copyright 1988- ECMWF.
(    2) !
(    3) ! This software is licensed under the terms of the Apache Licence Version 2.0
(    4) ! which can be obtained at http://www.apache.org/licenses/LICENSE-2.0.
(    5) !
(    6) ! In applying this licence, ECMWF does not waive the privileges and immunities
(    7) ! granted to it by virtue of its status as an intergovernmental organisation
(    8) ! nor does it submit to any jurisdiction.
(    9) # 10 "./fcttre.func.h"
(   10) !*
(   11) !     ------------------------------------------------------------------
(   12) # 13 "./fcttre.func.h"
(   13) !     This COMDECK includes the Thermodynamical functions for the cy39
(   14) !       ECMWF Physics package.
(   15) !       Consistent with YOMCST Basic physics constants, assuming the
(   16) !       partial pressure of water vapour is given by a first order
(   17) !       Taylor expansion of Qs(T) w.r.t. to Temperature, using constants
(   18) !       in YOETHF
(   19) !       Two sets of functions are available. In the first set only the
(   20) !       cases water or ice are distinguished by temperature.  This set 
(   21) !       consists of the functions FOEDELTA,FOEEW,FOEDE and FOELH.
(   22) !       The second set considers, besides the two cases water and ice 
(   23) !       also a mix of both for the temperature range YDTHF%RTICE < T < YDTHF%RTWAT.
(   24) !       This set contains FOEALFA,FOEEWM,FOEDEM,FOELDCPM and FOELHM.
(   25) !       FKOOP modifies the ice saturation mixing ratio for homogeneous 
(   26) !       nucleation. FOE_DEWM_DT provides an approximate first derivative
(   27) !       of FOEEWM.
(   28) # 29 "./fcttre.func.h"
(   29) !       Depending on the consideration of mixed phases either the first 
(   30) !       set (e.g. surface, post-processing) or the second set 
(   31) !       (e.g. clouds, condensation, convection) should be used.
(   32) # 33 "./fcttre.func.h"
(   33) !     ------------------------------------------------------------------
(   34) !     *****************************************************************
(   35) # 36 "./fcttre.func.h"
(   36) !                NO CONSIDERATION OF MIXED PHASES
(   37) # 38 "./fcttre.func.h"
(   38) !     *****************************************************************
(   39) REAL(KIND=JPRB) :: FOEDELTA
(   40) REAL(KIND=JPRB) :: PTARE
(   41) FOEDELTA (PTARE) = MAX (0.0_JPRB,SIGN(1.0_JPRB,PTARE-YDCST%RTT))
(   42) # 43 "./fcttre.func.h"
(   43) !                  FOEDELTA = 1    water
(   44) !                  FOEDELTA = 0    ice
(   45) # 46 "./fcttre.func.h"
(   46) !     THERMODYNAMICAL FUNCTIONS .
(   47) # 48 "./fcttre.func.h"
(   48) !     Pressure of water vapour at saturation
(   49) !        INPUT : PTARE = TEMPERATURE
(   50) REAL(KIND=JPRB) :: FOEEW,FOEDE,FOEDESU,FOELH,FOELDCP
(   51) FOEEW ( PTARE ) = YDTHF%R2ES*EXP (&
(   52)   &(YDTHF%R3LES*FOEDELTA(PTARE)+YDTHF%R3IES*(1.0_JPRB-FOEDELTA(PTARE)))*(PTARE-YDCST%RTT)&
(   53) &/ (PTARE-(YDTHF%R4LES*FOEDELTA(PTARE)+YDTHF%R4IES*(1.0_JPRB-FOEDELTA(PTARE)))))
(   54) # 55 "./fcttre.func.h"
(   55) FOEDE ( PTARE ) = &
(   56)   &(FOEDELTA(PTARE)*YDTHF%R5ALVCP+(1.0_JPRB-FOEDELTA(PTARE))*YDTHF%R5ALSCP)&
(   57) &/ (PTARE-(YDTHF%R4LES*FOEDELTA(PTARE)+YDTHF%R4IES*(1.0_JPRB-FOEDELTA(PTARE))))**2
(   58) # 59 "./fcttre.func.h"






NVFORTRAN (Version     24.5)          03/19/2025  06:56:06      page 47

(   59) FOEDESU ( PTARE ) = &
(   60)   &(FOEDELTA(PTARE)*YDTHF%R5LES+(1.0_JPRB-FOEDELTA(PTARE))*YDTHF%R5IES)&
(   61) &/ (PTARE-(YDTHF%R4LES*FOEDELTA(PTARE)+YDTHF%R4IES*(1.0_JPRB-FOEDELTA(PTARE))))**2
(   62) # 63 "./fcttre.func.h"
(   63) FOELH ( PTARE ) =&
(   64)          &FOEDELTA(PTARE)*YDCST%RLVTT + (1.0_JPRB-FOEDELTA(PTARE))*YDCST%RLSTT
(   65) # 66 "./fcttre.func.h"
(   66) FOELDCP ( PTARE ) = &
(   67)          &FOEDELTA(PTARE)*YDTHF%RALVDCP + (1.0_JPRB-FOEDELTA(PTARE))*YDTHF%RALSDCP
(   68) # 69 "./fcttre.func.h"
(   69) !     *****************************************************************
(   70) # 71 "./fcttre.func.h"
(   71) !           CONSIDERATION OF MIXED PHASES
(   72) # 73 "./fcttre.func.h"
(   73) !     *****************************************************************
(   74) # 75 "./fcttre.func.h"
(   75) !     FOEALFA is calculated to distinguish the three cases:
(   76) # 77 "./fcttre.func.h"
(   77) !                       FOEALFA=1            water phase
(   78) !                       FOEALFA=0            ice phase
(   79) !                       0 < FOEALFA < 1      mixed phase
(   80) # 81 "./fcttre.func.h"
(   81) !               INPUT : PTARE = TEMPERATURE
(   82) REAL(KIND=JPRB) :: FOEALFA
(   83) FOEALFA (PTARE) = MIN(1.0_JPRB,((MAX(YDTHF%RTICE,MIN(YDTHF%RTWAT,PTARE))-YDTHF%RTICE)&
(   84)  &*YDTHF%RTWAT_RTICE_R)**2) 
(   85) # 87 "./fcttre.func.h"
(   87) !     Pressure of water vapour at saturation
(   88) !        INPUT : PTARE = TEMPERATURE
(   89) REAL(KIND=JPRB) :: FOEEWM,FOEDEM,FOELDCPM,FOELHM,FOE_DEWM_DT
(   90) FOEEWM ( PTARE ) = YDTHF%R2ES *&
(   91)      &(FOEALFA(PTARE)*EXP(YDTHF%R3LES*(PTARE-YDCST%RTT)/(PTARE-YDTHF%R4LES))+&
(   92)   &(1.0_JPRB-FOEALFA(PTARE))*EXP(YDTHF%R3IES*(PTARE-YDCST%RTT)/(PTARE-YDTHF%R4IES)))
(   93) # 94 "./fcttre.func.h"
(   94) FOE_DEWM_DT( PTARE ) = YDTHF%R2ES * ( &
(   95)      & YDTHF%R3LES*FOEALFA(PTARE)*EXP(YDTHF%R3LES*(PTARE-YDCST%RTT)/(PTARE-YDTHF%R4LES)) &
(   96)      &    *(YDCST%RTT-YDTHF%R4LES)/(PTARE-YDTHF%R4LES)**2 + &
(   97)      & YDTHF%R3IES*(1.0-FOEALFA(PTARE))*EXP(YDTHF%R3IES*(PTARE-YDCST%RTT)/(PTARE-YDTHF%R4IES)) &
(   98)      &    *(YDCST%RTT-YDTHF%R4IES)/(PTARE-YDTHF%R4IES)**2)
(   99) # 100 "./fcttre.func.h"
(  100) FOEDEM ( PTARE ) = FOEALFA(PTARE)*YDTHF%R5ALVCP*(1.0_JPRB/(PTARE-YDTHF%R4LES)**2)+&
(  101)              &(1.0_JPRB-FOEALFA(PTARE))*YDTHF%R5ALSCP*(1.0_JPRB/(PTARE-YDTHF%R4IES)**2)
(  102) # 103 "./fcttre.func.h"
(  103) FOELDCPM ( PTARE ) = FOEALFA(PTARE)*YDTHF%RALVDCP+&
(  104)             &(1.0_JPRB-FOEALFA(PTARE))*YDTHF%RALSDCP
(  105) # 106 "./fcttre.func.h"
(  106) FOELHM ( PTARE ) =&
(  107)          &FOEALFA(PTARE)*YDCST%RLVTT+(1.0_JPRB-FOEALFA(PTARE))*YDCST%RLSTT
(  108) # 110 "./fcttre.func.h"
(  110) !     Temperature normalization for humidity background change of variable
(  111) !        INPUT : PTARE = TEMPERATURE
(  112) REAL(KIND=JPRB) :: FOETB
(  113) FOETB ( PTARE )=FOEALFA(PTARE)*YDTHF%R3LES*(YDCST%RTT-YDTHF%R4LES)*(1.0_JPRB/(PTARE-YDTHF%R4LES)**2)+&
(  114)              &(1.0_JPRB-FOEALFA(PTARE))*YDTHF%R3IES*(YDCST%RTT-YDTHF%R4IES)*(1.0_JPRB/(PTARE-YDTHF%R4IES)**2)
(  115) # 116 "./fcttre.func.h"
(  116) !     ------------------------------------------------------------------
(  117) !     *****************************************************************
(  118) # 119 "./fcttre.func.h"






NVFORTRAN (Version     24.5)          03/19/2025  06:56:06      page 48

(  119) !           CONSIDERATION OF DIFFERENT MIXED PHASE FOR CONV
(  120) # 121 "./fcttre.func.h"
(  121) !     *****************************************************************
(  122) # 123 "./fcttre.func.h"
(  123) !     FOEALFCU is calculated to distinguish the three cases:
(  124) # 125 "./fcttre.func.h"
(  125) !                       FOEALFCU=1            water phase
(  126) !                       FOEALFCU=0            ice phase
(  127) !                       0 < FOEALFCU < 1      mixed phase
(  128) # 129 "./fcttre.func.h"
(  129) !               INPUT : PTARE = TEMPERATURE
(  130) REAL(KIND=JPRB) :: FOEALFCU 
(  131) FOEALFCU (PTARE) = MIN(1.0_JPRB,((MAX(YDTHF%RTICECU,MIN(YDTHF%RTWAT,PTARE))&
(  132) &-YDTHF%RTICECU)*YDTHF%RTWAT_RTICECU_R)**2) 
(  133) # 135 "./fcttre.func.h"
(  135) !     Pressure of water vapour at saturation
(  136) !        INPUT : PTARE = TEMPERATURE
(  137) REAL(KIND=JPRB) :: FOEEWMCU,FOEDEMCU,FOELDCPMCU,FOELHMCU
(  138) FOEEWMCU ( PTARE ) = YDTHF%R2ES *&
(  139)      &(FOEALFCU(PTARE)*EXP(YDTHF%R3LES*(PTARE-YDCST%RTT)/(PTARE-YDTHF%R4LES))+&
(  140)   &(1.0_JPRB-FOEALFCU(PTARE))*EXP(YDTHF%R3IES*(PTARE-YDCST%RTT)/(PTARE-YDTHF%R4IES)))
(  141) # 142 "./fcttre.func.h"
(  142) FOEDEMCU ( PTARE )=FOEALFCU(PTARE)*YDTHF%R5ALVCP*(1.0_JPRB/(PTARE-YDTHF%R4LES)**2)+&
(  143)              &(1.0_JPRB-FOEALFCU(PTARE))*YDTHF%R5ALSCP*(1.0_JPRB/(PTARE-YDTHF%R4IES)**2)
(  144) # 145 "./fcttre.func.h"
(  145) FOELDCPMCU ( PTARE ) = FOEALFCU(PTARE)*YDTHF%RALVDCP+&
(  146)             &(1.0_JPRB-FOEALFCU(PTARE))*YDTHF%RALSDCP
(  147) # 148 "./fcttre.func.h"
(  148) FOELHMCU ( PTARE ) =&
(  149)          &FOEALFCU(PTARE)*YDCST%RLVTT+(1.0_JPRB-FOEALFCU(PTARE))*YDCST%RLSTT
(  150) !     ------------------------------------------------------------------
(  151) # 152 "./fcttre.func.h"
(  152) !     Pressure of water vapour at saturation
(  153) !     This one is for the WMO definition of saturation, i.e. always
(  154) !     with respect to water.
(  155) !     
(  156) !     Duplicate to FOEELIQ and FOEEICE for separate ice variable
(  157) !     FOEELIQ always respect to water 
(  158) !     FOEEICE always respect to ice 
(  159) !     FOEELIQ2ICE is the ratio of vapour pressures over water and ice 
(  160) !       (analytically simplified to avoid a suspected Cray compiler bug and using a single call to exp)
(  161) !     (could use FOEEW and FOEEWMO, but naming convention unclear)
(  162) !     FOELSON returns e wrt liquid water using D Sonntag (1994, Met. Zeit.)
(  163) !      - now recommended for use with radiosonde data (WMO CIMO guide, 2014)
(  164) !      unlike the FOEE functions does not include 1/(YDCST%RETV+1.0_JPRB) factor
(  165) # 166 "./fcttre.func.h"
(  166) REAL(KIND=JPRB) :: FOEEWMO, FOEELIQ, FOEEICE, FOEELIQ2ICE, FOELSON 
(  167) FOEEWMO( PTARE ) = YDTHF%R2ES*EXP(YDTHF%R3LES*(PTARE-YDCST%RTT)/(PTARE-YDTHF%R4LES))
(  168) FOEELIQ( PTARE ) = YDTHF%R2ES*EXP(YDTHF%R3LES*(PTARE-YDCST%RTT)/(PTARE-YDTHF%R4LES))
(  169) FOEEICE( PTARE ) = YDTHF%R2ES*EXP(YDTHF%R3IES*(PTARE-YDCST%RTT)/(PTARE-YDTHF%R4IES))
(  170) FOEELIQ2ICE( PTARE )  = EXP(      (PTARE-YDCST%RTT)*(YDTHF%R3LES/(PTARE-YDTHF%R4LES) - YDTHF%R3IES/(PTARE-YDTHF%R4IES)))
(  171) FOELSON( PTARE ) = EXP( -6096.9385_JPRB/PTARE + 21.2409642_JPRB &
(  172) 	             - 2.711193E-2_JPRB * PTARE    &
(  173)                      + 1.673952E-5_JPRB * PTARE**2 &
(  174) 		     + 2.433502_JPRB * LOG(PTARE))
(  175) # 176 "./fcttre.func.h"
(  176) REAL(KIND=JPRB) :: FOEEWM_V,FOEEWMCU_V,FOELES_V,FOEIES_V
(  177) REAL(KIND=JPRB) :: EXP1,EXP2






NVFORTRAN (Version     24.5)          03/19/2025  06:56:06      page 49

(  178)       FOELES_V(PTARE)=YDTHF%R3LES*(PTARE-YDCST%RTT)/(PTARE-YDTHF%R4LES)
(  179)       FOEIES_V(PTARE)=YDTHF%R3IES*(PTARE-YDCST%RTT)/(PTARE-YDTHF%R4IES)
(  180)       FOEEWM_V( PTARE,EXP1,EXP2 )=YDTHF%R2ES*(FOEALFA(PTARE)*EXP1+ &
(  181)           & (1.0_JPRB-FOEALFA(PTARE))*EXP2)
(  182)       FOEEWMCU_V ( PTARE,EXP1,EXP2 ) = YDTHF%R2ES*(FOEALFCU(PTARE)*EXP1+&
(  183)           &(1.0_JPRB-FOEALFCU(PTARE))*EXP2)
(  184) # 382 "./cumastrn.F90"
(  382) # 383 "./cumastrn.F90"
(  383) !---------------------------------------------------------------------
(  384) # 385 "./cumastrn.F90"
(  385) !     1.           SPECIFY CONSTANTS AND PARAMETERS
(  386) !                  --------------------------------
(  387) # 388 "./cumastrn.F90"
(  388) IF (LHOOK) CALL DR_HOOK('CUMASTRN',0,ZHOOK_HANDLE)
(  389) ASSOCIATE(LMFCUCA=>YDML_PHY_EC%YRECUMF%LMFCUCA, LMFDD=>YDML_PHY_EC%YRECUMF%LMFDD, &
(  390)  & LMFDUDV=>YDML_PHY_EC%YRECUMF%LMFDUDV, LMFPEN=>YDML_PHY_EC%YRECUMF%LMFPEN, LMFSCV=>YDML_PHY_EC%YRECUMF%LMFSCV, &
(  391)  & LMFSMOOTH=>YDML_PHY_EC%YRECUMF%LMFSMOOTH, LMFUVDIS=>YDML_PHY_EC%YRECUMF%LMFUVDIS, &
(  392)  & LMFWSTAR=>YDML_PHY_EC%YRECUMF%LMFWSTAR, NJKT1=>YDML_PHY_EC%YRECUMF%NJKT1, NJKT2=>YDML_PHY_EC%YRECUMF%NJKT2, &
(  393)  & NJKT3=>YDML_PHY_EC%YRECUMF%NJKT3, NJKT5=>YDML_PHY_EC%YRECUMF%NJKT5, RCAPDCYCL=>YDML_PHY_EC%YRECUMF%RCAPDCYCL, &
(  394)  & RDEPTHS=>YDML_PHY_EC%YRECUMF%RDEPTHS, RCUCOV =>YDML_PHY_EC%YRECUMF%RCUCOV, &
(  395)  & RMFCFL=>YDML_PHY_EC%YRECUMF%RMFCFL, RMFCMIN=>YDML_PHY_EC%YRECUMF%RMFCMIN, RMFLIA=>YDML_PHY_EC%YRECUMF%RMFLIA, &
(  396)  & RMFSOLCT=>YDML_PHY_EC%YRECUMF%RMFSOLCT, RCAPQADV=>YDML_PHY_EC%YRECUMF%RCAPQADV,&
(  397)  & RMFSOLTQ=>YDML_PHY_EC%YRECUMF%RMFSOLTQ, RMFSOLUV=>YDML_PHY_EC%YRECUMF%RMFSOLUV, &
(  398)  & RMINCAPE=>YDML_PHY_EC%YRECUMF%RMINCAPE, RTAUA=>YDML_PHY_EC%YRECUMF%RTAUA, &
(  399)  & RUVPER=>YDML_PHY_EC%YRECUMF%RUVPER, RMFADVW=>YDML_PHY_EC%YRECUMF%RMFADVW,RMFADVWDD=>YDML_PHY_EC%YRECUMF%RMFADVWDD,&
(  400)  & LNEWTAU=>YDML_PHY_EC%YRECUMF%LNEWTAU, RXMIN=>YDML_PHY_EC%YRECUMF%RXMIN, RTAULIM=>YDML_PHY_EC%YRECUMF%RTAULIM, &
(  401)  & RTAUFAC=>YDML_PHY_EC%YRECUMF%RTAUFAC, RDXMIN=>YDML_PHY_EC%YRECUMF%RDXMIN, RDXMAX=>YDML_PHY_EC%YRECUMF%RDXMAX, &
(  402)  & LMFSCAV=>YDML_PHY_EC%YREPHY%LMFSCAV, LMFTRAC=>YDML_PHY_EC%YREPHY%LMFTRAC, &
(  403)  & LELIGHT=>YDML_PHY_EC%YREPHY%LELIGHT, LCHEM_LIGHT=>YDCHEM%LCHEM_LIGHT,&
(  404)  & RA=>YDCST%RA, RCPD=>YDCST%RCPD, RD=>YDCST%RD, RETV=>YDCST%RETV, RG=>YDCST%RG, &
(  405)  & RLVTT=>YDCST%RLVTT, RPI=>YDCST%RPI)
(  406) # 407 "./cumastrn.F90"
(  407) ZCONS2=RMFCFL/(RG*PTSPHY)
(  408) ZCONS=1.0_JPRB/(RG*PTSPHY)
(  409) ZORCPD=1.0_JPRB/RCPD
(  410) ZRDOCPD=RD*ZORCPD
(  411) ZRG=1.0_JPRB/RG
(  412) ZTAU(:)=0.0
(  413) # 414 "./cumastrn.F90"
(  414) ! prepare SPP PERTURBATIONS
(  415) IF (YDSPP_CONFIG%LSPP) THEN
(  416)   IPN  = YDSPP_CONFIG%PPTR%RTAU
(  417)   LLPERT_RTAU = IPN > 0
(  418)   IF (LLPERT_RTAU) THEN
(  419)     PN1    = YDSPP_CONFIG%SM%PN(IPN)
(  420)     IPRTAU = PN1%MP
(  421)   ENDIF
(  422) # 423 "./cumastrn.F90"
(  423) ELSE
(  424)   LLPERT_RTAU  =.FALSE.
(  425) ENDIF
(  426) # 427 "./cumastrn.F90"
(  427) !----------------------------------------------------------------------
(  428) DO JL=KIDIA,KFDIA
(  429)   PCAPE(JL)=0.0_JPRB
(  430)   PVDISCU(JL)=0.0_JPRB
(  431)   LDCUM(JL)=.FALSE.
(  432) ENDDO






NVFORTRAN (Version     24.5)          03/19/2025  06:56:06      page 50

(  433) # 434 "./cumastrn.F90"
(  434) !*    2.           INITIALIZE VALUES AT VERTICAL GRID POINTS IN 'CUINI'
(  435) !                  ---------------------------------------------------
(  436) # 437 "./cumastrn.F90"
(  437) CALL CUININ &
(  438)  & (YDCST,   YDTHF,    YDML_PHY_SLIN%YREPHLI,  YDML_PHY_EC%YRECUMF,&
(  439)  & KIDIA,    KFDIA,    KLON,     KLEV,&
(  440)  & PTEN,     PQEN,     PQSEN,    PUEN,     PVEN,&
(  441)  & PGEO,     PAPH,&
(  442)  & ILAB,&
(  443)  & ZTENH,    ZQENH,    ZQSENH,   PGEOH,&
(  444)  & PTU,      PQU,      ZTD,      ZQD,&
(  445)  & ZUU,      ZVU,      ZUD,      ZVD,&
(  446)  & PLU     )  
(  447) # 448 "./cumastrn.F90"
(  448) !---------------------------------------------------------------------
(  449) # 450 "./cumastrn.F90"
(  450) !*    3.0          CLOUD BASE CALCULATIONS
(  451) !                  -----------------------
(  452) # 453 "./cumastrn.F90"
(  453) !*             (A) DETERMINE CLOUD BASE VALUES IN 'CUBASE'
(  454) !                  ---------------------------------------
(  455) # 456 "./cumastrn.F90"
(  456) ZKMFL(:)=0.0_JPRB
(  457) LLMIXS = LDTDKMF
(  458) CALL CUBASEN &
(  459)  & (PPLDARE, PPLRG,    YDTHF,   YDCST,    YDML_PHY_SLIN%YREPHLI,YDML_PHY_EC%YRECLDP,YDML_PHY_EC%YRECUMF,&
(  460)  & YDSPP_CONFIG, &
(  461)  & KIDIA,    KFDIA,    KLON,     KLEV,   NJKT1, LLMIXS, LDTDKMF,&
(  462)  & ZTENH,    ZQENH,    PGEOH,    PAPH,&
(  463)  & PQHFL,    PAHFS,    PGP2DSPP, ZKMFL,&
(  464)  & PTEN,     PQEN,     PQSEN,    PGEO,&
(  465)  & PTU,      PQU,      PLU,      ZKINEU,   ZWUBASE,&
(  466)  & ILAB,     LDCUM,    LDSC,     KCBOT,    KBOTSC,&
(  467)  & ICTOP0,   IDPL,     PCAPE )   
(  468) # 470 "./cumastrn.F90"
(  470) !*             (B) DETERMINE TOTAL MOISTURE CONVERGENCE AND
(  471) !*                 DECIDE ON TYPE OF CUMULUS CONVECTION 
(  472) !*                 ONE THE BASIS OF THE DEPTH OF THE CONVECTION
(  473) !*                 DEEP IF CLOUD DEPTH > 200MB
(  474) !*                 SHALLOW IF CLOUD DEPTH <200MB
(  475) !                  -----------------------------------------
(  476) # 477 "./cumastrn.F90"
(  477) ! CALCULATE COLUMN AND SUB CLOUD LAYER MOISTURE CONVERGENCE
(  478) ! AND SUB CLOUD LAYER MOIST STATIC ENERGY CONVERGENCE
(  479) # 480 "./cumastrn.F90"
(  480) !DIR$ LOOP_INFO EST_TRIPS(16)
(  481) DO JL=KIDIA,KFDIA
(  482)   ZDHPBL(JL)=0.0_JPRB
(  483)   IDTOP(JL)=0
(  484)   ZCAPPBL(JL)=0.
(  485)   ZKHVFL(JL)= (-PAHFS(JL,KLEV+1) * ZORCPD - RETV * PTEN(JL,KLEV) * PQHFL(JL,KLEV+1))/(PPLRG*PPLDARE)
(  486)   ZKHFL(JL) = (-PAHFS(JL,KLEV+1) - RLVTT * PQHFL(JL,KLEV+1))/(PPLRG*PPLDARE)
(  487) ENDDO
(  488) DO JK=NJKT2,KLEV
(  489) !DIR$ LOOP_INFO EST_TRIPS(16)
(  490)   DO JL=KIDIA,KFDIA
(  491)     IF(LDCUM(JL).AND.JK >= KCBOT(JL)) THEN






NVFORTRAN (Version     24.5)          03/19/2025  06:56:06      page 51

(  492)       ZDZ=(PAPH(JL,JK+1)-PAPH(JL,JK))
(  493)       ZDHPBL(JL)=ZDHPBL(JL)+(RLVTT*PTENQ(JL,JK)+RCPD*PTENT(JL,JK))*ZDZ
(  494)       ZCAPPBL(JL)=ZCAPPBL(JL)+(PTENT(JL,JK)+RETV*PTEN(JL,JK)*PTENQ(JL,JK))*ZDZ
(  495)     ENDIF
(  496)   ENDDO
(  497) ENDDO
(  498) # 499 "./cumastrn.F90"
(  499) !*                 ESTIMATE CLOUD HEIGHT FOR ENTRAINMENT/DETRAINMENT
(  500) !*                 CALCULATIONS IN CUASC AND INITIAL DETERMINATION OF 
(  501) !*                 CLOUD TYPE
(  502) !*                 (MAX.POSSIBLE CLOUD HEIGHT
(  503) !*                 FOR NON-ENTRAINING PLUME, FOLLOWING A.-S.,1974)
(  504) !                  -------------------------------------------------
(  505) # 507 "./cumastrn.F90"
(  507) !*                 SPECIFY INITIAL CLOUD TYPE
(  508) !*
(  509) # 510 "./cumastrn.F90"
(  510) !DIR$ LOOP_INFO EST_TRIPS(16)
(  511) DO JL=KIDIA,KFDIA
(  512)   IF (LDCUM(JL)) THEN
(  513)     IKB=KCBOT(JL)
(  514)     ITOPM2=ICTOP0(JL)
(  515)     ZPBMPT=PAPH(JL,IKB)-PAPH(JL,ITOPM2)
(  516)     IF (ZPBMPT >= RDEPTHS) THEN
(  517)       KTYPE(JL)=1
(  518)     ELSE
(  519)       KTYPE(JL)=2
(  520)     ENDIF
(  521)   ELSE
(  522)     KTYPE(JL)=0
(  523)   ENDIF
(  524) ENDDO
(  525) # 526 "./cumastrn.F90"
(  526) !*             (C) calculate initial updraught mass flux
(  527) !*                 and set lateral mixing rates
(  528) !*
(  529) !*                 for deep convection assume it is 10% of 
(  530) !*                 maximum value which is determined by the 
(  531) !*                 thickness of the layer and timestep
(  532) !*
(  533) !*                 for shallow convection calculated assuming
(  534) !*                 a balance of moist static energy in the 
(  535) !*                 sub-cloud layer (ignores present of downdraughts)
(  536) !                  ------------------------------------------
(  537) # 538 "./cumastrn.F90"
(  538) IF (LMFWSTAR) THEN
(  539) !DIR$ IVDEP
(  540) !OCL NOVREC
(  541) !DIR$ LOOP_INFO EST_TRIPS(16)
(  542)   DO JL=KIDIA,KFDIA
(  543)     IF (LDCUM(JL)) THEN
(  544)       IKB=KCBOT(JL)
(  545)       ZDZ=MAX(0.0_JPRB,MIN(1.5E3_JPRB,(PGEOH(JL,IKB)-PGEOH(JL,KLEV+1))/RG))
(  546)       ZMF_SHAL(JL)=0.07_JPRB*(RG/PTEN(JL,KLEV)*ZDZ*MAX(0.0_JPRB,ZKHVFL(JL)))**.3333
(  547)       ZMFMAX=(PAPH(JL,IKB)-PAPH(JL,IKB-1))*ZCONS2
(  548)       ZMF_SHAL(JL)=MIN(ZMF_SHAL(JL),ZMFMAX)
(  549)     ENDIF
(  550)   ENDDO






NVFORTRAN (Version     24.5)          03/19/2025  06:56:06      page 52

(  551) ENDIF
(  552) # 553 "./cumastrn.F90"
(  553) !DIR$ LOOP_INFO EST_TRIPS(16)
(  554) DO JL=KIDIA,KFDIA
(  555)   IF (LDCUM(JL)) THEN
(  556)     IKB=KCBOT(JL)
(  557)     ZMFMAX=(PAPH(JL,IKB)-PAPH(JL,IKB-1))*ZCONS2
(  558) # 559 "./cumastrn.F90"
(  559) ! deep convection
(  560) # 561 "./cumastrn.F90"
(  561)     IF (KTYPE(JL) == 1) THEN
(  562)       ZMFUB(JL)=ZMFMAX*0.1_JPRB
(  563) # 564 "./cumastrn.F90"
(  564)     ELSEIF (KTYPE(JL) == 2) THEN
(  565) # 566 "./cumastrn.F90"
(  566) ! shallow convection
(  567) # 568 "./cumastrn.F90"
(  568)       ZQUMQE=PQU(JL,IKB)+PLU(JL,IKB)-ZQENH(JL,IKB)
(  569)       ZDQMIN=MAX(0.01_JPRB*ZQENH(JL,IKB),1.E-10_JPRB)
(  570)       ZDH=RCPD*(PTU(JL,IKB)-ZTENH(JL,IKB))+RLVTT*ZQUMQE
(  571)       ZDH=RG*MAX(ZDH,1.E5_JPRB*ZDQMIN)
(  572)       IF (ZDHPBL(JL) > 0.0_JPRB) THEN
(  573)         ZMFUB(JL)=ZDHPBL(JL)/ZDH
(  574)         ZMFUB(JL)=MIN(ZMFUB(JL),ZMFMAX)
(  575)       ELSE
(  576)         ZMFUB(JL)=ZMFMAX*0.1_JPRB
(  577)         LDCUM(JL)=.FALSE.
(  578)       ENDIF
(  579)       IF(LMFWSTAR) ZMFUB(JL)=ZMF_SHAL(JL)
(  580)     ENDIF
(  581) # 582 "./cumastrn.F90"
(  582)   ELSE
(  583) # 584 "./cumastrn.F90"
(  584) ! no buoyancy cloud base from surface
(  585) ! set cloud base mass flux and mixing rate
(  586) ! to default value for safety
(  587) # 588 "./cumastrn.F90"
(  588)     ZMFUB(JL)=0.0_JPRB
(  589)   ENDIF
(  590) ENDDO
(  591) # 592 "./cumastrn.F90"
(  592) !-----------------------------------------------------------------------
(  593) # 594 "./cumastrn.F90"
(  594) !*    4.0          DETERMINE CLOUD ASCENT FOR ENTRAINING PLUME
(  595) !                  -------------------------------------------
(  596) # 597 "./cumastrn.F90"
(  597) !*             (A) ESTIMATE CLOUD HEIGHT FOR ENTRAINMENT/DETRAINMENT
(  598) !*                 CALCULATIONS IN CUASC (MAX.POSSIBLE CLOUD HEIGHT
(  599) !*                 FOR NON-ENTRAINING PLUME, FOLLOWING A.-S.,1974)
(  600) !                  -------------------------------------------------
(  601) # 602 "./cumastrn.F90"
(  602) ! CALCULATIONS NOW DONE IS SECTION 3 ABOVE SO THAT
(  603) ! INITIAL CLOUD DEPTH CAN BE USED TO SPECIFY
(  604) ! THE TYPE OF CONVECTION
(  605) # 606 "./cumastrn.F90"
(  606) !*             (B) DO ASCENT IN 'CUASC'IN ABSENCE OF DOWNDRAFTS
(  607) !                  --------------------------------------------
(  608) # 609 "./cumastrn.F90"






NVFORTRAN (Version     24.5)          03/19/2025  06:56:06      page 53

(  609) CALL CUASCN &
(  610)  & (YDTHF, YDCST, YDML_PHY_SLIN%YREPHLI,YDML_PHY_EC%YRECLDP,YDML_PHY_EC%YRECUMF,YDSPP_CONFIG,YGFL,&
(  611)  & KIDIA,    KFDIA,    KLON,    KLEV, LDTDKMF,&
(  612)  & PTSPHY,&
(  613)  & ZTENH,    ZQENH,    PUEN,     PVEN,&
(  614)  & PTEN,     PQEN,     PQSEN,    PLITOT,&
(  615)  & PGEO,     PGEOH,    PAP,      PAPH,&
(  616)  & PVERVEL,  ZWUBASE,  PGP2DSPP,  &
(  617)  & LDLAND,   LDCUM,    KTYPE,    ILAB,     LLSCVFLAG,&
(  618)  & PTU,      PQU,      PLU,      PLRAIN,&
(  619)  & PMFU,     ZMFUB,    PLGLAC,&
(  620)  & ZMFUS,    ZMFUQ,    ZMFUL,    PLUDE,    PLUDELI,       ZDMFUP,&
(  621)  & PLCRIT_AER,&
(  622)  & ZDMFEN,&  
(  623)  & KCBOT,    KCTOP,    ICTOP0,   IDPL,     PMFUDE_RATE,   ZKINEU,   PWU,PWMEAN ) 
(  624) # 625 "./cumastrn.F90"
(  625) !*         (C) CHECK CLOUD DEPTH AND CHANGE ENTRAINMENT RATE ACCORDINGLY
(  626) !              CALCULATE PRECIPITATION RATE (FOR DOWNDRAFT CALCULATION)
(  627) !              -----------------------------------------------------
(  628) # 629 "./cumastrn.F90"
(  629) !DIR$ IVDEP
(  630) !OCL NOVREC
(  631) !DIR$ LOOP_INFO EST_TRIPS(16)
(  632) DO JL=KIDIA,KFDIA
(  633)   IF (LDCUM(JL)) THEN
(  634)     IKB=KCBOT(JL)
(  635)     ITOPM2=KCTOP(JL)
(  636)     ZPBMPT=PAPH(JL,IKB)-PAPH(JL,ITOPM2)
(  637)     IF(KTYPE(JL) == 1.AND.ZPBMPT < RDEPTHS) KTYPE(JL)=2
(  638)     IF(KTYPE(JL) == 2.AND.ZPBMPT >= RDEPTHS) KTYPE(JL)=1
(  639)     ICTOP0(JL)=KCTOP(JL)
(  640)   ENDIF
(  641)   ZRFL(JL)=ZDMFUP(JL,1)
(  642) ENDDO
(  643) DO JK=2,KLEV
(  644) !DIR$ LOOP_INFO EST_TRIPS(16)
(  645)   DO JL=KIDIA,KFDIA
(  646)     ZRFL(JL)=ZRFL(JL)+ZDMFUP(JL,JK)
(  647)   ENDDO
(  648) ENDDO
(  649) DO JK=1,KLEV
(  650) !DIR$ LOOP_INFO EST_TRIPS(16)
(  651)   DO JL=KIDIA,KFDIA
(  652)     PMFD(JL,JK)=0.0_JPRB
(  653)     ZMFDS(JL,JK)=0.0_JPRB
(  654)     ZMFDQ(JL,JK)=0.0_JPRB
(  655)     ZDMFDP(JL,JK)=0.0_JPRB
(  656)     ZDPMEL(JL,JK)=0.0_JPRB
(  657)   ENDDO
(  658) ENDDO
(  659) # 660 "./cumastrn.F90"
(  660) ! Needed for dissipation rate and if LMFUVDIS=T
(  661) DO JK=1,KLEV
(  662) !DIR$ LOOP_INFO EST_TRIPS(16)
(  663)   DO JL=KIDIA,KFDIA
(  664)     ZTENU(JL,JK)=PTENU(JL,JK)
(  665)     ZTENV(JL,JK)=PTENV(JL,JK)
(  666)   ENDDO






NVFORTRAN (Version     24.5)          03/19/2025  06:56:06      page 54

(  667) ENDDO
(  668) # 669 "./cumastrn.F90"
(  669) !-----------------------------------------------------------------------
(  670) # 671 "./cumastrn.F90"
(  671) !*    5.0          CUMULUS DOWNDRAFT CALCULATIONS
(  672) !                  ------------------------------
(  673) # 674 "./cumastrn.F90"
(  674) IF(LMFDD) THEN
(  675) # 676 "./cumastrn.F90"
(  676) !*             (A) DETERMINE LFS IN 'CUDLFS'
(  677) !                  -------------------------
(  678) # 679 "./cumastrn.F90"
(  679)   CALL CUDLFSN &
(  680)    & (YDTHF, YDCST, YDML_PHY_SLIN%YREPHLI,YDML_PHY_EC%YRECUMF,&
(  681)    & KIDIA,    KFDIA,    KLON,     KLEV,&
(  682)    & KCBOT,    KCTOP,    LDCUM,&
(  683)    & ZTENH,    ZQENH,    PTEN,     PQSEN,    PGEO,&
(  684)    & PGEOH,    PAPH,     PTU,      PQU,&
(  685)    & ZMFUB,    ZRFL,&
(  686)    & ZTD,      ZQD,&
(  687)    & PMFD,     ZMFDS,    ZMFDQ,    ZDMFDP,&
(  688)    & IDTOP,    LLDDRAF )  
(  689) # 690 "./cumastrn.F90"
(  690) !*            (B)  DETERMINE DOWNDRAFT T,Q AND FLUXES IN 'CUDDRAF'
(  691) !                  -----------------------------------------------
(  692) # 693 "./cumastrn.F90"
(  693)   CALL CUDDRAFN &
(  694)    & (YDCST,   YDTHF,    YDML_PHY_SLIN%YREPHLI,YDML_PHY_EC%YRECUMF,&
(  695)    & KIDIA,    KFDIA,    KLON,    KLEV,&
(  696)    & LLDDRAF,&
(  697)    & ZTENH,    ZQENH,    PQSEN,&
(  698)    & PGEO,     PGEOH,    PAPH,     ZRFL,&
(  699)    & ZTD,      ZQD,      PMFU,&
(  700)    & PMFD,     ZMFDS,    ZMFDQ,    ZDMFDP,&
(  701)    & ZDMFDE,   PMFDDE_RATE,        ZKINED )  
(  702) # 703 "./cumastrn.F90"
(  703) ENDIF
(  704) # 705 "./cumastrn.F90"
(  705) !-----------------------------------------------------------------------
(  706) # 707 "./cumastrn.F90"
(  707) !*    6.0          CLOSURE
(  708) !                  ------
(  709) # 710 "./cumastrn.F90"
(  710) !*                  RECALCULATE CLOUD BASE MASSFLUX FROM A
(  711) !*                 CAPE CLOSURE FOR DEEP CONVECTION (KTYPE=1)
(  712) !*                 AND BY PBL EQUILIBRUM TAKING DOWNDRAFTS INTO
(  713) !*                 ACCOUNT FOR SHALLOW CONVECTION (KTYPE=2)          
(  714) !                  --------------------------------------------
(  715) # 716 "./cumastrn.F90"
(  716) !   DEEP CONVECTION
(  717) # 718 "./cumastrn.F90"
(  718) !DIR$ LOOP_INFO EST_TRIPS(16)
(  719) DO JL=KIDIA,KFDIA
(  720)   ZHEAT(JL)=0.0_JPRB
(  721)   ZCAPE(JL)=0.0_JPRB
(  722)   ZCAPE2(JL)=0.0_JPRB
(  723)   ZMFUB1(JL)=ZMFUB(JL)
(  724)   ZDQCV(JL)=0.0_JPRB






NVFORTRAN (Version     24.5)          03/19/2025  06:56:06      page 55

(  725)   ZSATFR(JL)=0.0_JPRB
(  726)   ZDX(JL)=2*RA*SQRT(RPI*PGAW(JL))
(  727)   ZDX(JL)=MAX(ZDX(JL),1.E2_JPRB)
(  728) ENDDO
(  729) # 730 "./cumastrn.F90"
(  730) DO JK=NJKT2,KLEV
(  731) !DIR$ LOOP_INFO EST_TRIPS(16)
(  732)   DO JL=KIDIA,KFDIA
(  733)     LLO1=LDCUM(JL).AND.KTYPE(JL) == 1
(  734)     LLO3=LLO1.AND.JK <= KCBOT(JL).AND.JK > KCTOP(JL)
(  735)     IF(LLO3) THEN
(  736)       ZDZ=(PGEO(JL,JK-1)-PGEO(JL,JK))
(  737)       IF (LDTDKMF) THEN
(  738)         ZHEAT(JL)=ZHEAT(JL) +&
(  739)          & (  (PTEN(JL,JK-1)-PTEN(JL,JK) + ZDZ*ZORCPD)/ZTENH(JL,JK)&
(  740)          & +  RETV*(PQEN(JL,JK-1)-PQEN(JL,JK))  ) *&
(  741)          & (RG*(PMFU(JL,JK)+PMFD(JL,JK)))
(  742)       ELSE
(  743)         ZHEAT(JL)=ZHEAT(JL) +MAX(0.0_JPRB,&
(  744)          & (  (PTEN(JL,JK-1)-PTEN(JL,JK) + ZDZ*ZORCPD)/ZTENH(JL,JK)&
(  745)          & +  RETV*(PQEN(JL,JK-1)-PQEN(JL,JK))  ) *&
(  746)          & (RG*(PMFU(JL,JK)+PMFD(JL,JK))) )
(  747)       ENDIF
(  748)       ZDZ=(PAP(JL,JK)-PAP(JL,JK-1))
(  749)       ZCAPE(JL)=ZCAPE(JL) +&
(  750)        & ((PTU(JL,JK)-ZTENH(JL,JK))/ZTENH(JL,JK)&
(  751)        & +RETV*(PQU(JL,JK)-ZQENH(JL,JK))&
(  752)        & -PLU(JL,JK) ) * ZDZ  ! -PLRAIN(JL,JK) not added
(  753)     ENDIF
(  754)     IF(LLO3.AND.RCAPQADV>0.0_JPRB) THEN
(  755)       ZTENH2(JL,JK)=ZTENH(JL,JK)-0.5_JPRB*(PTENTA(JL,JK)+PTENTA(JL,JK-1))*PTSPHY
(  756)       ZQENH2(JL,JK)=ZQENH(JL,JK)-0.5_JPRB*(PTENQA(JL,JK)+PTENQA(JL,JK-1))*PTSPHY
(  757)       ZCAPE2(JL)=ZCAPE2(JL) +&
(  758)        & ((PTU(JL,JK)-ZTENH2(JL,JK))/ZTENH2(JL,JK)&
(  759)        & +RETV*(PQU(JL,JK)-ZQENH2(JL,JK))&
(  760)        & -PLU(JL,JK) ) * ZDZ  ! -ZLRAIN(JL,JK) not added
(  761)     ENDIF
(  762)   ! IF(LLO1.AND.JK > KCTOP(JL)) THEN
(  763)     IF(LLO1) THEN
(  764)        ZDZ=(PAPH(JL,JK+1)-PAPH(JL,JK))
(  765)        ZDQCV(JL)=ZDQCV(JL)+PTENQA(JL,JK)*ZDZ*(PQEN(JL,JK)/PQSEN(JL,JK))
(  766)      ! ZMFA=2.5_JPRB/MAX(2.5_JPRB,-PVERVEL(JL,JK))*PQSEN(JL,JK)/ZDX(JL)
(  767)      ! ZDQCV(JL)=ZDQCV(JL)+MIN(ZMFA,PTENQA(JL,JK))*ZDZ*(PQEN(JL,JK)/PQSEN(JL,JK))
(  768)     ENDIF
(  769)     IF(LLO1.AND.JK >= KCTOP(JL)) THEN
(  770)        ZDZ=(PAPH(JL,JK+1)-PAPH(JL,JK))
(  771)        ZSATFR(JL)=ZSATFR(JL)+(PQEN(JL,JK)/PQSEN(JL,JK))*ZDZ
(  772)     ENDIF
(  773)   ENDDO
(  774) ENDDO
(  775) ! time scale and subcloud contribution to CAPE to be substracted for better diurnal cycle over land
(  776) !DIR$ LOOP_INFO EST_TRIPS(16)
(  777) DO JL=KIDIA,KFDIA
(  778)   ZCAPDCYCL(JL)=0.0_JPRB
(  779)   ZTAU(JL)=0.0_JPRB
(  780)   IF (LDTDKMF) THEN
(  781)      ZDX(JL) = PDX(JL)
(  782)      ZDX(JL)=MAX(ZDX(JL),1.E2_JPRB)






NVFORTRAN (Version     24.5)          03/19/2025  06:56:06      page 56

(  783)   ENDIF
(  784) !! CFL limit as function of resolution used in DWD ICON model
(  785) ! ZMFCFL(JL) = 2._JPRB*MIN(2._JPRB,1._JPRB + 2.5E-5_JPRB*ZDX(JL))
(  786)   IF(LDCUM(JL).AND.KTYPE(JL) == 1) THEN
(  787)     IF (LNEWTAU) THEN    
(  788)        ZTAURES = RTAULIM*(1._JPRB + RTAUFAC/((ZDX(JL)/1000._JPRB-RXMIN+1._JPRB)**2))    
(  789)     ELSE
(  790)        ZTAURES=1.0_JPRB+1.60_JPRB*ZDX(JL)/125.E3_JPRB
(  791)        ! for the 10-1 km resolution range increase ZTAURES
(  792)        IF(ZDX(JL)<8.E3_JPRB) THEN
(  793)          ZTAURES=1.0_JPRB+(LOG(8.E3_JPRB/ZDX(JL)))**2
(  794)        ENDIF
(  795)     ENDIF
(  796)     IF(ZDX(JL)>125.E3_JPRB) ZTAURES=MIN(3.0_JPRB,ZTAURES)
(  797) # 798 "./cumastrn.F90"
(  798)     IKD=IDPL(JL)
(  799)     IKB=KCBOT(JL)
(  800)     IK=KCTOP(JL)
(  801)     ZTAU(JL)=(PGEOH(JL,IK)-PGEOH(JL,IKB))/((2.0_JPRB+MIN(15.0_JPRB,PWMEAN(JL)))*RG)*ZTAURES*RTAUA
(  802)     IF (YDSPP_CONFIG%LSPP .AND. LLPERT_RTAU) THEN
(  803)       ZXTAU(JL)= ZTAU(JL)*EXP(PN1%MU(1)+PN1%XMAG(1)*PGP2DSPP(JL, IPRTAU))
(  804)     ELSE
(  805)       ZXTAU(JL)=ZTAU(JL)
(  806)     ENDIF
(  807) # 808 "./cumastrn.F90"
(  808)     LLO1=PAPH(JL,KLEV+1)-PAPH(JL,IKD)<50.E2_JPRB
(  809)     IF(LLO1.AND.LDLAND(JL).AND.RCAPDCYCL==1.0_JPRB) THEN
(  810)        ZDZ=MIN(1.E4_JPRB,PGEOH(JL,IKB)-PGEOH(JL,KLEV+1))/RG
(  811)        ZCAPDCYCL(JL)=ZXTAU(JL)*MAX(0.0_JPRB,ZKHVFL(JL))*RCPD/ZDZ
(  812)     ENDIF
(  813)     IF(LLO1.AND.RCAPDCYCL==2.0_JPRB) THEN
(  814)       ZIND=MAX(0._JPRB,MIN(1._JPRB,(RDXMAX-ZDX(JL))/(RDXMAX-RDXMIN)))
(  815)       IF(LDLAND(JL)) ZIND=1._JPRB
(  816)       ZCAPDCYCLLD(JL) =ZCAPPBL(JL)*ZTAU(JL)/ZTAURES
(  817)       ZDUTEN=2.0_JPRB+SQRT(0.5*(PUEN(JL,IKB)**2+PVEN(JL,IKB)**2+PUEN(JL,NJKT3)**2+PVEN(JL,NJKT3)**2))
(  818)       ZTAUPBL(JL)=MIN(1.E4_JPRB,PGEOH(JL,IKB)-PGEOH(JL,KLEV+1))/(RG*ZDUTEN)
(  819)       ZCAPDCYCLSE(JL)=ZCAPPBL(JL)*ZTAUPBL(JL)      
(  820)       ZCAPDCYCL(JL) = ZIND*ZCAPDCYCLLD(JL) + (1._JPRB-ZIND)*ZCAPDCYCLSE(JL)
(  821)     ENDIF
(  822) # 823 "./cumastrn.F90"
(  823)     ZDQCV(JL)=ZDQCV(JL)*RLVTT/PGEOH(JL,IK)*ZXTAU(JL)/MAX(1.25_JPRB,ZTAURES)*RCAPQADV
(  824)     ZSATFR(JL)=ZSATFR(JL)/(PAPH(JL,KLEV+1)-PAPH(JL,IK))
(  825) # 826 "./cumastrn.F90"
(  826)   ELSE
(  827)     ZTAU(JL)=0.0_JPRB
(  828)   ENDIF
(  829) ENDDO
(  830) # 831 "./cumastrn.F90"
(  831) IF (LMFCUCA) THEN
(  832) !only allow cloud base mass flux to vary by certain amount
(  833) !DIR$ LOOP_INFO EST_TRIPS(16)
(  834)   DO JL=KIDIA,KFDIA
(  835)     ZFACCA(JL)=MAX(0.3_JPRB,MIN(1.8_JPRB,PCUCONVCA(JL)))
(  836)   ENDDO
(  837) ELSE
(  838)   ZFACCA(KIDIA:KFDIA)=1.0_JPRB
(  839) ENDIF
(  840) # 841 "./cumastrn.F90"






NVFORTRAN (Version     24.5)          03/19/2025  06:56:06      page 57

(  841) !DIR$ LOOP_INFO EST_TRIPS(16)
(  842) DO JL=KIDIA,KFDIA
(  843)   IF(LDCUM(JL).AND.KTYPE(JL) == 1) THEN
(  844)     IKB=KCBOT(JL)
(  845)     ZCAPE2(JL)=RCAPQADV*ZCAPE2(JL)+(1.0_JPRB-RCAPQADV)*ZCAPE(JL)
(  846)     ZCAPDCYCL(JL)=MAX(ZCAPDCYCL(JL),-2*ZCAPE2(JL))
(  847)     IF(ZSATFR(JL)<=0.94.OR.PVERVEL(JL,NJKT5)<-100._JPRB) THEN
(  848)       ZCAPE(JL)=MAX(RMINCAPE*ZCAPE(JL),ZCAPE2(JL)-ZCAPDCYCL(JL)+ZDQCV(JL))
(  849)     ELSE
(  850)       ZCAPE(JL)=MAX(RMINCAPE*ZCAPE(JL),ZCAPE(JL)-ZCAPDCYCL(JL))
(  851)     ENDIF
(  852)     ZCAPE(JL)=MIN(ZCAPE(JL),5000.0_JPRB)
(  853)     ZHEAT(JL)=MAX(1.E-4_JPRB,ZHEAT(JL))
(  854) !    ZXTAU(JL)=MAX(720._JPRB,ZXTAU(JL))
(  855)     ZXTAU(JL)=MAX(3.6E3_JPRB/(5.0_JPRB*PPLRG*PPLDARE),MIN(3.0_JPRB*3.6E3_JPRB/(PPLRG*PPLDARE),ZXTAU(JL)))
(  856)     ZMFUB1(JL)=(ZCAPE(JL)*ZMFUB(JL))/(ZHEAT(JL)*ZXTAU(JL))
(  857)     ZMFUB1(JL)=MAX(ZMFUB1(JL),0.001_JPRB)*ZFACCA(JL)
(  858)     ZMFMAX=(PAPH(JL,IKB)-PAPH(JL,IKB-1))*ZCONS2
(  859)     ZMFUB1(JL)=MIN(ZMFUB1(JL),ZMFMAX)
(  860)   ENDIF
(  861) ENDDO
(  862) # 863 "./cumastrn.F90"
(  863) IF(LDMCAPEA) THEN
(  864)   ! Prefer ZCAPE computed from real CUASCN updraft rather than PCAPE estimated from CUBASEN.
(  865)   DO JL=KIDIA,KFDIA
(  866)     PCAPE(JL) = RG*ZCAPE(JL)
(  867)   ENDDO
(  868) ENDIF
(  869) # 870 "./cumastrn.F90"
(  870) !  SHALLOW CONVECTION AND MID_LEVEL
(  871) # 872 "./cumastrn.F90"
(  872) !DIR$ IVDEP
(  873) !OCL NOVREC
(  874) !DIR$ LOOP_INFO EST_TRIPS(16)
(  875) DO JL=KIDIA,KFDIA
(  876)   IF ( LDCUM(JL) .AND. KTYPE(JL) >= 2 ) THEN
(  877)     IKB=KCBOT(JL)
(  878)     IF(PMFD(JL,IKB) < 0.0_JPRB) THEN
(  879)       ZEPS=-PMFD(JL,IKB)/MAX(ZMFUB(JL),1.E-10_JPRB)
(  880)     ELSE
(  881)       ZEPS=0.0_JPRB
(  882)     ENDIF
(  883) ! maximum permissible value of ud base mass flux 
(  884)     ZMFMAX=(PAPH(JL,IKB)-PAPH(JL,IKB-1))*ZCONS2
(  885) # 886 "./cumastrn.F90"
(  886) ! shallow convection
(  887) # 888 "./cumastrn.F90"
(  888)     IF(KTYPE(JL) == 2) THEN
(  889)       IF(ZDHPBL(JL) > 0.0_JPRB) THEN
(  890)         ZQUMQE=PQU(JL,IKB)+PLU(JL,IKB)-&
(  891)          & ZEPS*ZQD(JL,IKB)-(1.0_JPRB-ZEPS)*ZQENH(JL,IKB)  
(  892)         ZDH=RCPD*(PTU(JL,IKB)-ZEPS*ZTD(JL,IKB)-&
(  893)          & (1.0_JPRB-ZEPS)*ZTENH(JL,IKB))+RLVTT*ZQUMQE  
(  894)         ZDH2=RCPD*(PTU(JL,IKB-1)-ZEPS*ZTD(JL,IKB-1)-&
(  895)          & (1.0_JPRB-ZEPS)*ZTENH(JL,IKB-1))+RLVTT*ZQUMQE 
(  896)         ZDH=0.5_JPRB*(ZDH+ZDH2)
(  897)         ZDH=RG*MAX(ZDH,0.1_JPRB*RCPD)
(  898)         ZMFUB1(JL)=ZDHPBL(JL)/ZDH






NVFORTRAN (Version     24.5)          03/19/2025  06:56:06      page 58

(  899)         IF (.NOT. LDTDKMF) THEN
(  900)           IF(ZMFUB1(JL)>0.9_JPRB*ZMFMAX/RMFCFL.AND.ZDH<0.5_JPRB*RG*RCPD) THEN
(  901)             ZDH=0.75_JPRB*RCPD*RG
(  902)             ZMFUB1(JL)=ZDHPBL(JL)/ZDH
(  903)           ENDIF
(  904)         ENDIF  
(  905)       ELSE
(  906)         ZMFUB1(JL)=ZMFUB(JL)
(  907)       ENDIF
(  908)       IF(LMFWSTAR) ZMFUB1(JL)=ZMF_SHAL(JL)
(  909)       ZMFUB1(JL)=MIN(ZMFUB1(JL),ZMFMAX)
(  910)     ENDIF
(  911) # 912 "./cumastrn.F90"
(  912) ! mid-level convection
(  913) # 914 "./cumastrn.F90"
(  914)     IF(KTYPE(JL) == 3)THEN
(  915)       IF (LDTDKMF) THEN
(  916)         ZMFUB1(JL)=MAX(ZMFUB(JL),ZKHFL(JL)/PGEOH(JL,IKB))&
(  917)        &                    *(1.0_JPRB+ZEPS)
(  918)       ELSE
(  919)         ZMFUB1(JL)=MAX(ZMFUB(JL),5*ZKHFL(JL)/PGEOH(JL,IKB))&
(  920)        &                    *(1.0_JPRB+ZEPS)
(  921)       ENDIF
(  922)       IF(PGEOH(JL,IKB)<1.5E3_JPRB) THEN
(  923)         ZMFUB1(JL)=MIN(ZMFUB1(JL),ZMFMAX/(1.05_JPRB*RMFCFL))
(  924)       ELSE
(  925)         ZMFUB1(JL)=MIN(ZMFUB1(JL),ZMFMAX)
(  926)       ENDIF
(  927)     ENDIF
(  928) # 929 "./cumastrn.F90"
(  929)   ENDIF
(  930) ENDDO
(  931) # 932 "./cumastrn.F90"
(  932) ! rescale DD fluxes if deep and shallow convection
(  933) # 934 "./cumastrn.F90"
(  934) DO JK=1,KLEV
(  935) !DIR$ LOOP_INFO EST_TRIPS(16)
(  936)   DO JL=KIDIA,KFDIA
(  937)     IF ( LLDDRAF(JL) .AND.( KTYPE(JL) == 1.OR. KTYPE(JL) == 2 ) ) THEN
(  938)       ZFAC=ZMFUB1(JL)/MAX(ZMFUB(JL),1.E-10_JPRB)
(  939)       PMFD(JL,JK)=PMFD(JL,JK)*ZFAC
(  940)       ZMFDS(JL,JK)=ZMFDS(JL,JK)*ZFAC
(  941)       ZMFDQ(JL,JK)=ZMFDQ(JL,JK)*ZFAC
(  942)       ZDMFDP(JL,JK)=ZDMFDP(JL,JK)*ZFAC
(  943) !  also rescale detrainment flux for ERA pp
(  944)       PMFDDE_RATE(JL,JK)=PMFDDE_RATE(JL,JK)*ZFAC
(  945)     ENDIF
(  946)   ENDDO
(  947) ENDDO
(  948) # 949 "./cumastrn.F90"
(  949) !-----------------------------------------------------------------------
(  950) # 951 "./cumastrn.F90"
(  951) !*    6.2          FINAL CLOSURE=SCALING
(  952) !                  ---------------------
(  953) # 954 "./cumastrn.F90"
(  954) !DIR$ LOOP_INFO EST_TRIPS(16)
(  955) DO JL=KIDIA,KFDIA
(  956)   IF(LDCUM(JL)) THEN






NVFORTRAN (Version     24.5)          03/19/2025  06:56:06      page 59

(  957)     ZMFS(JL)=ZMFUB1(JL)/MAX(RMFCMIN,ZMFUB(JL))
(  958)   ENDIF
(  959) ENDDO
(  960) DO JK=2,KLEV
(  961) !DIR$ LOOP_INFO EST_TRIPS(16)
(  962)   DO JL=KIDIA,KFDIA
(  963)     IF(LDCUM(JL).AND.JK>=KCTOP(JL)-1) THEN
(  964)       IKB=KCBOT(JL)
(  965)       IF(JK>IKB) THEN
(  966)         ZDZ=((PAPH(JL,KLEV+1)-PAPH(JL,JK))/(PAPH(JL,KLEV+1)-PAPH(JL,IKB)))
(  967)         PMFU(JL,JK)=PMFU(JL,IKB)*ZDZ
(  968)       ENDIF
(  969)       ZMFMAX=(PAPH(JL,JK)-PAPH(JL,JK-1))*ZCONS2 !*zmfcfl(jl)/rmfcfl
(  970)       IF (.NOT. LDTDKMF) ZMFMAX=MIN(ZMFMAX,RMFLIA)
(  971)       IF(PMFU(JL,JK)*ZMFS(JL)>ZMFMAX) THEN 
(  972)          ZMFS(JL)=MIN(ZMFS(JL),ZMFMAX/PMFU(JL,JK))  
(  973)          ZMFS(JL)=MAX(ZMFS(JL),1.E-10_JPRB)  
(  974)       ENDIF
(  975)     ENDIF
(  976)   ENDDO
(  977) ENDDO
(  978)  
(  979) !test additionally on divergence limit in case of direct Dynamics coupling
(  980) IF (RMFADVW>0.0_JPRB) THEN
(  981)   DO JK=2,KLEV-1
(  982)      DO JL=KIDIA,KFDIA
(  983)        IF(KTYPE(JL)==1.AND.JK>=KCTOP(JL)-1) THEN
(  984)           ZFAC=ZMFS(JL)*RG*RMFADVW*(PMFU(JL,JK)-PMFU(JL,JK+1)+RMFADVWDD*(PMFD(JL,JK)-PMFD(JL,JK+1)))/&
(  985)                       &(PAPH(JL,JK)-PAPH(JL,JK+1))*PTSPHY
(  986)           IF(ABS(ZFAC)>0.98_JPRB) ZMFS(JL)=ZMFS(JL)/MAX(1.02_JPRB,ABS(ZFAC))
(  987)        ENDIF
(  988)      ENDDO
(  989)   ENDDO
(  990)   JK=KLEV
(  991)   DO JL=KIDIA,KFDIA
(  992)        IF(KTYPE(JL)==1) THEN
(  993)           ZFAC=ZMFS(JL)*RG*RMFADVW*(PMFU(JL,JK)+RMFADVWDD*PMFD(JL,JK))/(PAPH(JL,JK)-PAPH(JL,JK+1))*PTSPHY
(  994)           IF(ABS(ZFAC)>0.98_JPRB) ZMFS(JL)=ZMFS(JL)/MAX(1.02_JPRB,ABS(ZFAC))
(  995)        ENDIF
(  996)   ENDDO
(  997) ENDIF
(  998) # 999 "./cumastrn.F90"
(  999) DO JK=2,KLEV
( 1000) !DIR$ LOOP_INFO EST_TRIPS(16)
( 1001)   DO JL=KIDIA,KFDIA
( 1002)     IF(LDCUM(JL).AND.JK<=KCBOT(JL).AND.JK>=KCTOP(JL)-1) THEN
( 1003)       PMFU(JL,JK)=PMFU(JL,JK)*ZMFS(JL)
( 1004)       ZMFUS(JL,JK)=ZMFUS(JL,JK)*ZMFS(JL)
( 1005)       ZMFUQ(JL,JK)=ZMFUQ(JL,JK)*ZMFS(JL)
( 1006)       ZMFUL(JL,JK)=ZMFUL(JL,JK)*ZMFS(JL)
( 1007)       ZDMFUP(JL,JK)=ZDMFUP(JL,JK)*ZMFS(JL)
( 1008)       ZDMFEN(JL,JK)=ZDMFEN(JL,JK)*ZMFS(JL)
( 1009)       PLUDE(JL,JK)=PLUDE(JL,JK)*ZMFS(JL)
( 1010)       PLUDELI(JL,JK,1)=PLUDELI(JL,JK,1)*ZMFS(JL)
( 1011)       PLUDELI(JL,JK,2)=PLUDELI(JL,JK,2)*ZMFS(JL)
( 1012)       PMFUDE_RATE(JL,JK)=PMFUDE_RATE(JL,JK)*ZMFS(JL)
( 1013)     ENDIF
( 1014)   ENDDO






NVFORTRAN (Version     24.5)          03/19/2025  06:56:06      page 60

( 1015) ENDDO
( 1016) # 1017 "./cumastrn.F90"
( 1017) !-----------------------------------------------------------------------
( 1018) # 1019 "./cumastrn.F90"
( 1019) !*    6.5          IN CASE THAT EITHER DEEP OR SHALLOW IS SWITCHED OFF
( 1020) !                  RESET LDCUM TO FALSE-> FLUXES SET TO ZERO IN CUFLXN
( 1021) !                  ---------------------------------------------------
( 1022) # 1023 "./cumastrn.F90"
( 1023) !                 exclude pathological KTYPE=2 KCBOT=KCTOP=KLEV-1
( 1024) # 1025 "./cumastrn.F90"
( 1025) !DIR$ LOOP_INFO EST_TRIPS(16)
( 1026) DO JL=KIDIA,KFDIA
( 1027)   IF(KTYPE(JL)==2.AND.KCBOT(JL)==KCTOP(JL).AND.KCBOT(JL)>=KLEV-1) THEN
( 1028)     LDCUM(JL)=.FALSE.
( 1029)     KTYPE(JL)=0
( 1030)   ENDIF
( 1031) ENDDO
( 1032) # 1033 "./cumastrn.F90"
( 1033) !                  turn off shallow convection if stratocumulus PBL type
( 1034) !DIR$ LOOP_INFO EST_TRIPS(16)
( 1035) DO JL=KIDIA,KFDIA
( 1036)   LLO2(JL)=.FALSE.
( 1037)   IF((.NOT.LDSHCV(JL) .AND. KTYPE(JL)==2)) THEN
( 1038)     LLO2(JL)=.TRUE.
( 1039)     LDCUM(JL)=.FALSE.
( 1040)   ENDIF
( 1041) ENDDO
( 1042) # 1044 "./cumastrn.F90"
( 1044) !DIR$ LOOP_INFO EST_TRIPS(16)
( 1045)   ! The following is needed to allow lightning calculations in case deep convection 
( 1046)   ! is treated explicitly (i.e. when LMFPEN=false).
( 1047) DO JL=KIDIA,KFDIA
( 1048)     ! Store convection flag.
( 1049)     LDCUM_LIG(JL)=LDCUM(JL)
( 1050)     ! Store convective cloud top and bottom levels.
( 1051)     KCTOP_LIG(JL)=KCTOP(JL)
( 1052)     KCBOT_LIG(JL)=KCBOT(JL)
( 1053) ENDDO
( 1054) # 1055 "./cumastrn.F90"
( 1055) IF (.NOT.LMFSCV .OR. .NOT.LMFPEN) THEN
( 1056) !DIR$ LOOP_INFO EST_TRIPS(16)
( 1057)   DO JL=KIDIA,KFDIA
( 1058)    ! LLO2(JL)=.FALSE.
( 1059)     IF((.NOT.LMFSCV .AND. KTYPE(JL)==2).OR.(.NOT.LMFPEN .AND. KTYPE(JL)==1))THEN
( 1060)       LLO2(JL)=.TRUE.
( 1061)       LDCUM(JL)=.FALSE.
( 1062)     ENDIF
( 1063)   ENDDO
( 1064) ENDIF
( 1065) # 1066 "./cumastrn.F90"
( 1066) !-----------------------------------------------------------------------
( 1067) # 1068 "./cumastrn.F90"
( 1068) !*    7.0          DETERMINE FINAL CONVECTIVE FLUXES IN 'CUFLX'
( 1069) !                  ------------------------------------------
( 1070) # 1071 "./cumastrn.F90"
( 1071) !- set DD mass fluxes to zero above cloud top
( 1072) !  (because of inconsistency with second updraught)
( 1073) !DIR$ LOOP_INFO EST_TRIPS(16)






NVFORTRAN (Version     24.5)          03/19/2025  06:56:06      page 61

( 1074) DO JL=KIDIA,KFDIA
( 1075)   IF(LLDDRAF(JL).AND.IDTOP(JL)<=KCTOP(JL)) THEN
( 1076)     IDTOP(JL)=KCTOP(JL)+1
( 1077)   ENDIF
( 1078) ENDDO
( 1079) # 1080 "./cumastrn.F90"
( 1080) DO JK=2,KLEV
( 1081) !DIR$ LOOP_INFO EST_TRIPS(16)
( 1082)   DO JL=KIDIA,KFDIA
( 1083)     IF (LLDDRAF(JL)) THEN
( 1084)       IF (JK<IDTOP(JL)) THEN
( 1085)         PMFD(JL,JK)=0.0_JPRB
( 1086)         ZMFDS(JL,JK)=0.0_JPRB
( 1087)         ZMFDQ(JL,JK)=0.0_JPRB
( 1088)         PMFDDE_RATE(JL,JK)=0.0_JPRB
( 1089)         ZDMFDP(JL,JK)=0.0_JPRB
( 1090)       ELSEIF (JK==IDTOP(JL)) THEN
( 1091)         PMFDDE_RATE(JL,JK)=0.0_JPRB
( 1092)       ENDIF
( 1093)     ENDIF
( 1094)   ENDDO
( 1095) ENDDO
( 1096) CALL CUFLXN &
( 1097)  & (YDTHF, YDCST, YDML_PHY_SLIN%YREPHLI,YDML_PHY_EC%YRECUMF,&
( 1098)  & KIDIA,    KFDIA,    KLON,     KLEV,&
( 1099)  & PTSPHY,&
( 1100)  & PTEN,     PQEN,     PQSEN,    ZTENH,    ZQENH,&
( 1101)  & PAPH,     PAP,      PGEOH,    LDLAND,   LDCUM, LDTDKMF, &
( 1102)  & KCBOT,    KCTOP,    IDTOP,    ITOPM2,&
( 1103)  & KTYPE,    LLDDRAF,&
( 1104)  & PMFU,     PMFD,     ZMFUS,    ZMFDS,&
( 1105)  & ZMFUQ,    ZMFDQ,    ZMFUL,    PLUDE,    PLUDELI,   PLRAIN,  PSNDE,&
( 1106)  & ZDMFUP,   ZDMFDP,   ZDPMEL,   PLGLAC,&
( 1107)  & PMFLXR,   PMFLXS,   PRAIN,    PMFUDE_RATE,  PMFDDE_RATE )  
( 1108)  
( 1109) !- correct DD detrainment rates if entrainment becomes negative
( 1110) !- correct UD detrainment rates if entrainment becomes negative
( 1111) !- conservation correction for precip
( 1112) # 1113 "./cumastrn.F90"
( 1113) DO JK=2,KLEV-1
( 1114) !DIR$ LOOP_INFO EST_TRIPS(16)
( 1115)   DO JL=KIDIA,KFDIA
( 1116)     IF ( LLDDRAF(JL) .AND. JK>=IDTOP(JL)-1 ) THEN
( 1117)        ZERATE=-PMFD(JL,JK)+PMFD(JL,JK-1)+PMFDDE_RATE(JL,JK)
( 1118)        IF(ZERATE<0.0_JPRB) THEN
( 1119)          PMFDDE_RATE(JL,JK)=PMFDDE_RATE(JL,JK)-ZERATE
( 1120)        ENDIF
( 1121)     ENDIF
( 1122)     IF ( LDCUM(JL) .AND. JK>=KCTOP(JL)-1 ) THEN
( 1123)        ZERATE=PMFU(JL,JK)-PMFU(JL,JK+1)+PMFUDE_RATE(JL,JK)
( 1124)        IF(ZERATE<0.0_JPRB) THEN
( 1125)          PMFUDE_RATE(JL,JK)=PMFUDE_RATE(JL,JK)-ZERATE
( 1126)        ENDIF
( 1127)      ! ZDMFUP(JL,JK)=ZDMFUP(JL,JK)+ZDMFDP(JL,JK)
( 1128)        ZDMFUP(JL,JK)=PMFLXR(JL,JK+1)+PMFLXS(JL,JK+1)&
( 1129)                    &-PMFLXR(JL,JK)-PMFLXS(JL,JK)
( 1130)        ZDMFDP(JL,JK)=0.0_JPRB
( 1131)     ENDIF






NVFORTRAN (Version     24.5)          03/19/2025  06:56:06      page 62

( 1132)   ENDDO
( 1133) ENDDO
( 1134) # 1135 "./cumastrn.F90"
( 1135) ! avoid negative humidities at ddraught top
( 1136) !DIR$ LOOP_INFO EST_TRIPS(16)
( 1137) DO JL=KIDIA,KFDIA
( 1138)  IF(LLDDRAF(JL)) THEN
( 1139)    JK=IDTOP(JL)
( 1140)    IK=MIN(JK+1,KLEV)
( 1141)    IF(ZMFDQ(JL,JK)<0.3_JPRB*ZMFDQ(JL,IK)) THEN
( 1142)      IF(RMFSOLTQ==0.0_JPRB) THEN
( 1143)        ZMFDQ(JL,JK)=0.3_JPRB*ZMFDQ(JL,IK)
( 1144)      ELSE
( 1145)        PMFD(JL,JK)=0.3_JPRB*PMFD(JL,IK)
( 1146)      ENDIF
( 1147)    ENDIF
( 1148)  ENDIF
( 1149) ENDDO
( 1150) # 1151 "./cumastrn.F90"
( 1151) ! avoid negative humidities near cloud top because gradient of precip flux
( 1152) ! and detrainment / liquid water flux too large
( 1153) DO JK=2,KLEV
( 1154) !DIR$ LOOP_INFO EST_TRIPS(16)
( 1155)   DO JL=KIDIA,KFDIA
( 1156)     IF(LDCUM(JL).AND.JK>=KCTOP(JL)-1.AND.JK<KCBOT(JL)) THEN
( 1157)       ZDZ=PTSPHY*RG/(PAPH(JL,JK+1)-PAPH(JL,JK))
( 1158)       ZMFA=ZMFUQ(JL,JK+1)+ZMFDQ(JL,JK+1)-ZMFUQ(JL,JK)-ZMFDQ(JL,JK)+&
( 1159)           &ZMFUL(JL,JK+1)-ZMFUL(JL,JK)+ZDMFUP(JL,JK)-PSNDE(JL,JK,1)-PSNDE(JL,JK,2)
( 1160)       ZMFA=(ZMFA-PLUDE(JL,JK))*ZDZ
( 1161)       IF(PQEN(JL,JK)+ZMFA<0.0_JPRB.AND.PLUDE(JL,JK)>0.0_JPRB) THEN
( 1162)         ZFAC=MIN(-(PQEN(JL,JK)+ZMFA)/ZDZ,PLUDE(JL,JK))
( 1163)         PLUDE(JL,JK)=PLUDE(JL,JK)+ZFAC
( 1164)         PLUDELI(JL,JK,1)=PLUDELI(JL,JK,1)+ZFAC*PLUDELI(JL,JK,1)/PLUDE(JL,JK)
( 1165)         PLUDELI(JL,JK,2)=PLUDELI(JL,JK,2)+ZFAC*PLUDELI(JL,JK,2)/PLUDE(JL,JK)
( 1166)       ENDIF
( 1167)       IF(PLUDE(JL,JK)<0.0_JPRB) THEN
( 1168)         PLUDE(JL,JK)=0.0_JPRB
( 1169)         PLUDELI(JL,JK,1)=0.0_JPRB
( 1170)         PLUDELI(JL,JK,2)=0.0_JPRB
( 1171)       ENDIF
( 1172)     ENDIF
( 1173)     IF(.NOT.LDCUM(JL)) THEN
( 1174)        PMFUDE_RATE(JL,JK)=0.0_JPRB
( 1175)     ENDIF
( 1176)     IF(PMFD(JL,JK-1)==0.0_JPRB) THEN
( 1177)        PMFDDE_RATE(JL,JK)=0.0_JPRB
( 1178)     ENDIF
( 1179)   ENDDO
( 1180) ENDDO
( 1181) !----------------------------------------------------------------------
( 1182) # 1183 "./cumastrn.F90"
( 1183) !*    8.0          UPDATE TENDENCIES FOR T AND Q IN SUBROUTINE CUDTDQ
( 1184) !                  --------------------------------------------------
( 1185) # 1186 "./cumastrn.F90"
( 1186) IF( RMFSOLTQ>0.0_JPRB) THEN
( 1187) ! derive draught properties for implicit
( 1188) # 1189 "./cumastrn.F90"
( 1189)   DO JK=KLEV,2,-1






NVFORTRAN (Version     24.5)          03/19/2025  06:56:06      page 63

( 1190) !DIR$ LOOP_INFO EST_TRIPS(16)
( 1191)     DO JL=KIDIA,KFDIA
( 1192)       IF(LDCUM(JL)) THEN
( 1193)         IF(JK>KCBOT(JL)) THEN
( 1194)           ZMFA=1.0_JPRB/MAX(1.E-15_JPRB,PMFU(JL,JK))
( 1195)           PQU(JL,JK)=ZQENH(JL,JK)+ZMFUQ(JL,JK)*ZMFA
( 1196)           PTU(JL,JK)=ZTENH(JL,JK)+ZMFUS(JL,JK)*ZMFA*ZORCPD
( 1197)           ZMFUS(JL,JK)=PMFU(JL,JK)*(RCPD*PTU(JL,JK)+PGEOH(JL,JK))
( 1198)           ZMFUQ(JL,JK)=PMFU(JL,JK)*PQU(JL,JK)
( 1199)           IF(LLDDRAF(JL)) THEN
( 1200)             ZMFA=1.0_JPRB/MIN(-1.E-15_JPRB,PMFD(JL,JK))
( 1201)             ZQD(JL,JK)=ZQENH(JL,JK)+ZMFDQ(JL,JK)*ZMFA
( 1202)             ZTD(JL,JK)=ZTENH(JL,JK)+ZMFDS(JL,JK)*ZMFA*ZORCPD
( 1203)             ZMFDQ(JL,JK)=PMFD(JL,JK)*ZQD(JL,JK)
( 1204)             ZMFDS(JL,JK)=PMFD(JL,JK)*(RCPD*ZTD(JL,JK)+PGEOH(JL,JK))
( 1205)           ENDIF
( 1206)         ELSEIF(JK<=KCBOT(JL).AND.JK>=KCTOP(JL)) THEN
( 1207)           ZMFUS(JL,JK)=PMFU(JL,JK)*(RCPD*PTU(JL,JK)+PGEOH(JL,JK))
( 1208)           ZMFUQ(JL,JK)=PMFU(JL,JK)*PQU(JL,JK)
( 1209)           ZMFDS(JL,JK)=PMFD(JL,JK)*(RCPD*ZTD(JL,JK)+PGEOH(JL,JK))
( 1210)           ZMFDQ(JL,JK)=PMFD(JL,JK)*ZQD(JL,JK)
( 1211)         ENDIF
( 1212)       ENDIF
( 1213)     ENDDO
( 1214)   ENDDO
( 1215)   
( 1216) ENDIF
( 1217) # 1218 "./cumastrn.F90"
( 1218) CALL CUDTDQN &
( 1219)  & (YDTHF, YDCST, YDML_PHY_SLIN%YREPHLI,YDML_PHY_SLIN%YRPHNC,YDML_PHY_EC%YRECUMF,YDML_PHY_EC%YREPHY,&
( 1220)  & KIDIA,    KFDIA,    KLON,     KLEV,&
( 1221)  & ITOPM2,   KTYPE,    KCTOP,    KCBOT,    IDTOP,  LDTDKMF,  LDCUM,    LLDDRAF,   LLSCVFLAG,   PTSPHY,&
( 1222)  & PAPH,     PAP,      PGEOH,    PGEO,&
( 1223)  & PTEN,     ZTENH,    PQEN,     ZQENH,    PQSEN,&
( 1224)  & PLGLAC,   PLUDE,    PLUDELI,  PSNDE,    PMFU,     PMFD,&
( 1225)  & ZMFUS,    ZMFDS,    ZMFUQ,    ZMFDQ,&
( 1226)  & ZMFUL,    ZDMFUP,   ZDPMEL,   PMFLXR,   PMFLXS,&
( 1227)  & PTENT,    PTENQ,    PENTH )
( 1228) # 1229 "./cumastrn.F90"
( 1229) !----------------------------------------------------------------------
( 1230) # 1231 "./cumastrn.F90"
( 1231) !*    9.0          COMPUTE MOMENTUM IN UPDRAUGHT AND DOWNDRAUGHT
( 1232) !                  ---------------------------------------------
( 1233) # 1234 "./cumastrn.F90"
( 1234) IF(LMFDUDV) THEN
( 1235) # 1236 "./cumastrn.F90"
( 1236)   DO JK=KLEV-1,2,-1
( 1237)     IK=JK+1
( 1238) !DIR$ LOOP_INFO EST_TRIPS(16)
( 1239)     DO JL=KIDIA,KFDIA
( 1240)       IF(LDCUM(JL)) THEN
( 1241)         IF(JK==KCBOT(JL).AND.KTYPE(JL)<3) THEN
( 1242)            IKB=IDPL(JL)
( 1243)            ZUU(JL,JK)=PUEN(JL,IKB-1)
( 1244)            ZVU(JL,JK)=PVEN(JL,IKB-1)
( 1245)         ELSEIF(JK==KCBOT(JL).AND.KTYPE(JL)==3) THEN
( 1246)            ZUU(JL,JK)=PUEN(JL,JK-1)
( 1247)            ZVU(JL,JK)=PVEN(JL,JK-1)






NVFORTRAN (Version     24.5)          03/19/2025  06:56:06      page 64

( 1248)         ENDIF
( 1249)         IF( JK<KCBOT(JL).AND.JK>=KCTOP(JL)) THEN
( 1250)           ZFAC=0.0_JPRB
( 1251)           IF (LDTDKMF .AND. (KTYPE(JL)==1.OR.KTYPE(JL)==3) ) ZFAC=2.0_JPRB            
( 1252)         ! IF(KTYPE(JL)==2) ZFAC=1.0_JPRB
( 1253)           ZERATE=PMFU(JL,JK)-PMFU(JL,IK)+(1.0_JPRB+ZFAC)*PMFUDE_RATE(JL,JK)
( 1254)           ZDERATE=(1.0_JPRB+ZFAC)*PMFUDE_RATE(JL,JK)
( 1255)           ZMFA=1.0_JPRB/MAX(RMFCMIN,PMFU(JL,JK))
( 1256)           ZUU(JL,JK)=(ZUU(JL,IK)*PMFU(JL,IK)+ZERATE*PUEN(JL,JK)-ZDERATE*ZUU(JL,IK))*ZMFA
( 1257)           ZVU(JL,JK)=(ZVU(JL,IK)*PMFU(JL,IK)+ZERATE*PVEN(JL,JK)-ZDERATE*ZVU(JL,IK))*ZMFA
( 1258)         ENDIF
( 1259)       ENDIF
( 1260)     ENDDO
( 1261)   ENDDO
( 1262)   DO JK=3,KLEV
( 1263)     IK=JK-1
( 1264) !DIR$ LOOP_INFO EST_TRIPS(16)
( 1265)     DO JL=KIDIA,KFDIA
( 1266)       IF( LDCUM(JL)) THEN
( 1267)         IF(JK==IDTOP(JL)) THEN
( 1268)           ZUD(JL,JK)=0.5_JPRB*(ZUU(JL,JK)+PUEN(JL,IK))
( 1269)           ZVD(JL,JK)=0.5_JPRB*(ZVU(JL,JK)+PVEN(JL,IK))
( 1270)         ELSEIF(JK>IDTOP(JL)) THEN
( 1271)           ZERATE=-PMFD(JL,JK)+PMFD(JL,IK)+PMFDDE_RATE(JL,JK)
( 1272)           ZMFA=1.0_JPRB/MIN(-RMFCMIN,PMFD(JL,JK))
( 1273)           ZUD(JL,JK)=(ZUD(JL,IK)*PMFD(JL,IK)-ZERATE*PUEN(JL,IK)+PMFDDE_RATE(JL,JK)*ZUD(JL,IK))*ZMFA
( 1274)           ZVD(JL,JK)=(ZVD(JL,IK)*PMFD(JL,IK)-ZERATE*PVEN(JL,IK)+PMFDDE_RATE(JL,JK)*ZVD(JL,IK))*ZMFA
( 1275)         ENDIF
( 1276)       ENDIF
( 1277)     ENDDO
( 1278)   ENDDO
( 1279) # 1280 "./cumastrn.F90"
( 1280) !*    9.1          UPDATE TENDENCIES FOR U AND V IN SUBROUTINE CUDUDV
( 1281) !                  --------------------------------------------------
( 1282) # 1283 "./cumastrn.F90"
( 1283) ! for explicit/semi-implicit rescale massfluxes for stability in Momentum
( 1284) !------------------------------------------------------------------------
( 1285) # 1286 "./cumastrn.F90"
( 1286)   ZMFS(:)=1.0_JPRB
( 1287) ! IF(RMFSOLUV<=0.5_JPRB) THEN
( 1288)   IF(RMFSOLUV<=1.0_JPRB) THEN
( 1289)     DO JK=2,KLEV
( 1290) !DIR$ LOOP_INFO EST_TRIPS(16)
( 1291)       DO JL=KIDIA,KFDIA
( 1292)         IF(LDCUM(JL).AND.JK>=KCTOP(JL)-1) THEN
( 1293)           ZMFMAX=(PAPH(JL,JK)-PAPH(JL,JK-1))*ZCONS
( 1294)           IF(PMFU(JL,JK)>ZMFMAX.AND.JK>=KCTOP(JL)) &
( 1295)            & ZMFS(JL)=MIN(ZMFS(JL),ZMFMAX/PMFU(JL,JK))  
( 1296)         ENDIF
( 1297)       ENDDO
( 1298)     ENDDO
( 1299)   ENDIF
( 1300)   DO JK=1,KLEV
( 1301) !DIR$ LOOP_INFO EST_TRIPS(16)
( 1302)     DO JL=KIDIA,KFDIA
( 1303)       ZMFUUS(JL,JK)=PMFU(JL,JK)
( 1304)       ZMFDUS(JL,JK)=PMFD(JL,JK)
( 1305)       IF(LDCUM(JL).AND.JK>=KCTOP(JL)-1) THEN






NVFORTRAN (Version     24.5)          03/19/2025  06:56:06      page 65

( 1306)         ZMFUUS(JL,JK)=PMFU(JL,JK)*ZMFS(JL)
( 1307)         ZMFDUS(JL,JK)=PMFD(JL,JK)*ZMFS(JL)
( 1308)       ENDIF
( 1309)     ENDDO
( 1310)   ENDDO
( 1311) # 1312 "./cumastrn.F90"
( 1312) ! recompute Draught properties below for Implicit
( 1313) ! based on linear flux profiles
( 1314) # 1315 "./cumastrn.F90"
( 1315)   IF(RMFSOLUV>0.0_JPRB) THEN
( 1316) # 1317 "./cumastrn.F90"
( 1317) !DIR$ LOOP_INFO EST_TRIPS(16)
( 1318)     DO JL=KIDIA,KFDIA
( 1319)       IF(LDCUM(JL)) THEN
( 1320)         JK=KCBOT(JL)
( 1321)         IK=JK-1
( 1322)         ZMFUUB(JL)=ZMFUUS(JL,JK)*(ZUU(JL,JK)-PUEN(JL,IK))
( 1323)         ZMFUVB(JL)=ZMFUUS(JL,JK)*(ZVU(JL,JK)-PVEN(JL,IK))
( 1324)       ENDIF
( 1325)     ENDDO
( 1326) # 1327 "./cumastrn.F90"
( 1327)     DO JK=2,KLEV
( 1328)       IK=JK-1
( 1329) !DIR$ LOOP_INFO EST_TRIPS(16)
( 1330)       DO JL=KIDIA,KFDIA
( 1331)         IF ( LDCUM(JL).AND.JK>KCBOT(JL) ) THEN
( 1332)           IKB=KCBOT(JL)
( 1333)           ZDZ=((PAPH(JL,KLEV+1)-PAPH(JL,JK))/(PAPH(JL,KLEV+1)-PAPH(JL,IKB)))
( 1334)           IF(KTYPE(JL) == 3) THEN
( 1335)             ZDZ=ZDZ*ZDZ
( 1336)           ENDIF
( 1337)           ZMFA=1.0_JPRB/MAX(RMFCMIN,ZMFUUS(JL,JK))
( 1338)           ZUU(JL,JK)=PUEN(JL,IK)+ZMFUUB(JL)*ZDZ*ZMFA
( 1339)           ZVU(JL,JK)=PVEN(JL,IK)+ZMFUVB(JL)*ZDZ*ZMFA
( 1340) # 1341 "./cumastrn.F90"
( 1341)           ZMFDUS(JL,JK)=ZMFDUS(JL,IKB)*ZDZ
( 1342)           ZUD(JL,JK)=PUEN(JL,IK)+ZUD(JL,IKB)-PUEN(JL,IKB-1)
( 1343)           ZVD(JL,JK)=PVEN(JL,IK)+ZVD(JL,IKB)-PVEN(JL,IKB-1)
( 1344)         ENDIF
( 1345)     ! add UV perturb to correct wind bias
( 1346)         IF ( LDCUM(JL).AND.JK>=KCTOP(JL) ) THEN
( 1347)           IF (LDTDKMF) THEN
( 1348)             ZUU(JL,JK)=ZUU(JL,JK)-RUVPER*SIGN(1.0_JPRB,ZUU(JL,JK))
( 1349)             ZVU(JL,JK)=ZVU(JL,JK)-RUVPER*SIGN(1.0_JPRB,ZVU(JL,JK))
( 1350)           ELSE
( 1351)             ZUU(JL,JK)=ZUU(JL,JK)-MIN(ABS(ZUU(JL,JK)),RUVPER)*SIGN(1.0_JPRB,ZUU(JL,JK))
( 1352)             ZVU(JL,JK)=ZVU(JL,JK)-MIN(ABS(ZVU(JL,JK)),RUVPER)*SIGN(1.0_JPRB,ZVU(JL,JK))
( 1353)           ENDIF   
( 1354)         ENDIF
( 1355)       ENDDO
( 1356)     ENDDO
( 1357) # 1358 "./cumastrn.F90"
( 1358)   ENDIF
( 1359) # 1360 "./cumastrn.F90"
( 1360) !-------------------------------------------------------------------
( 1361) ! End
( 1362) ! Intermediate Solution for stability in EPS: 
( 1363) ! For original code replace line






NVFORTRAN (Version     24.5)          03/19/2025  06:56:06      page 66

( 1364) !  &, PUEN,     PVEN,     ZMFUUS,   ZMFDUS &
( 1365) !by
( 1366) !  &, PUEN,     PVEN,     PMFU,     PMFD
( 1367) # 1368 "./cumastrn.F90"
( 1368)   CALL CUDUDV &
( 1369)    & (YDCST,   YDML_PHY_EC%YRECUMF, YDSPP_CONFIG, YDPERTPAR, &
( 1370)    & KIDIA,    KFDIA,    KLON,     KLEV, &
( 1371)    & ITOPM2,   KTYPE,    KCBOT,    KCTOP,    LDCUM,    PTSPHY,&
( 1372)    & PAPH,     PAP,      PUEN,     PVEN,     ZMFUUS,   ZMFDUS,&
( 1373)    & PMFU,     PMFD,     ZUU,      ZUD,      ZVU,      ZVD,    PGP2DSPP,&
( 1374)    & PTENU,    PTENV     )  
( 1375) # 1376 "./cumastrn.F90"
( 1376)   IF(LMFUVDIS) THEN
( 1377) ! add KE dissipation
( 1378) !DIR$ LOOP_INFO EST_TRIPS(16)
( 1379)     DO JL=KIDIA,KFDIA
( 1380)       ZSUM12(JL)=0.0_JPRB
( 1381)       ZSUM22(JL)=0.0_JPRB
( 1382)     ENDDO
( 1383)     DO JK=1,KLEV
( 1384) !DIR$ LOOP_INFO EST_TRIPS(16)
( 1385)       DO JL=KIDIA,KFDIA
( 1386)         ZUV2(JL,JK)=0.0_JPRB
( 1387)         IF (LDCUM(JL).AND.JK>=KCTOP(JL)-1) THEN
( 1388)           ZDZ=(PAPH(JL,JK+1)-PAPH(JL,JK))
( 1389)           ZDUTEN=PTENU(JL,JK)-ZTENU(JL,JK)
( 1390)           ZDVTEN=PTENV(JL,JK)-ZTENV(JL,JK)
( 1391)           ZUV2(JL,JK)=SQRT(ZDUTEN**2+ZDVTEN**2)
( 1392)           ZSUM22(JL)=ZSUM22(JL)+ZUV2(JL,JK)*ZDZ
( 1393)           ZSUM12(JL)=ZSUM12(JL)-(PUEN(JL,JK)*ZDUTEN+PVEN(JL,JK)*ZDVTEN)*ZDZ
( 1394)         ENDIF
( 1395)       ENDDO
( 1396)     ENDDO
( 1397)     ! Store vertically integrated dissipation rate (W m-2)
( 1398) !DIR$ LOOP_INFO EST_TRIPS(16)
( 1399)     DO JL=KIDIA,KFDIA
( 1400)       PVDISCU(JL)=ZSUM12(JL)*ZRG
( 1401)     ENDDO
( 1402)     ! Calculate local temperature tendency (K) due to dissipation
( 1403)     DO JK=1,KLEV
( 1404) !DIR$ LOOP_INFO EST_TRIPS(16)
( 1405)       DO JL=KIDIA,KFDIA
( 1406)         IF (LDCUM(JL).AND.JK>=KCTOP(JL)-1) THEN
( 1407)           ZTDIS=ZORCPD*ZSUM12(JL)*&
( 1408)          &             ZUV2(JL,JK)/MAX(1.E-15_JPRB,ZSUM22(JL))
( 1409)           PTENT(JL,JK)=PTENT(JL,JK)+ZTDIS
( 1410)         ENDIF
( 1411)       ENDDO
( 1412)     ENDDO
( 1413)   ENDIF
( 1414) # 1415 "./cumastrn.F90"
( 1415) ENDIF
( 1416) # 1417 "./cumastrn.F90"
( 1417) !----------------------------------------------------------------------
( 1418) # 1419 "./cumastrn.F90"
( 1419) !*   10.           IN CASE THAT EITHER DEEP OR SHALLOW IS SWITCHED OFF
( 1420) !                  NEED TO SET SOME VARIABLES A POSTERIORI TO ZERO
( 1421) !                  ---------------------------------------------------






NVFORTRAN (Version     24.5)          03/19/2025  06:56:06      page 67

( 1422) # 1423 "./cumastrn.F90"
( 1423) IF (.NOT.LMFSCV .OR. .NOT.LMFPEN) THEN
( 1424)   DO JK=2,KLEV
( 1425) !DIR$ LOOP_INFO EST_TRIPS(16)
( 1426)     DO JL=KIDIA,KFDIA
( 1427)       IF(LLO2(JL).AND.JK>=KCTOP(JL)-1) THEN
( 1428)         PMFUDE_RATE(JL,JK) =0.0_JPRB
( 1429)         PMFDDE_RATE(JL,JK) =0.0_JPRB
( 1430)       ENDIF
( 1431)     ENDDO
( 1432)   ENDDO
( 1433) !DIR$ LOOP_INFO EST_TRIPS(16)
( 1434)   DO JL=KIDIA,KFDIA
( 1435)     IF(LLO2(JL)) THEN
( 1436)       KCTOP(JL)=KLEV-1
( 1437)       KCBOT(JL)=KLEV-1
( 1438)     ENDIF
( 1439)   ENDDO
( 1440) ENDIF
( 1441) # 1442 "./cumastrn.F90"
( 1442) !----------------------------------------------------------------------
( 1443) # 1444 "./cumastrn.F90"
( 1444) !*   11.0          CHEMICAL TRACER TRANSPORT
( 1445) !                  -------------------------
( 1446) # 1447 "./cumastrn.F90"
( 1447) IF ( LMFTRAC .AND. KTRAC>0 ) THEN
( 1448) # 1449 "./cumastrn.F90"
( 1449) ! transport switched off for mid-level convection
( 1450) !DIR$ LOOP_INFO EST_TRIPS(16)
( 1451)   DO JL=KIDIA,KFDIA
( 1452)     !IF( LDCUM(JL).AND.KTYPE(JL)/=3 ) THEN
( 1453)      IF( LDCUM(JL).AND.KTYPE(JL)/=3.AND.KCBOT(JL)-KCTOP(JL)>=1 ) THEN
( 1454)          LLDCUM(JL)=.TRUE.
( 1455)          LLDDRAF3(JL)=LLDDRAF(JL)
( 1456)      ELSE
( 1457)          LLDCUM(JL)=.FALSE.
( 1458)          LLDDRAF3(JL)=.FALSE.
( 1459)      ENDIF
( 1460)   ENDDO
( 1461)   
( 1462) ! check and correct mass fluxes for CFL criterium
( 1463) # 1464 "./cumastrn.F90"
( 1464)   ZMFS(:)=1.0_JPRB
( 1465)   IF(RMFSOLCT<=3.0_JPRB) THEN
( 1466)     DO JK=2,KLEV
( 1467) !DIR$ LOOP_INFO EST_TRIPS(16)
( 1468)       DO JL=KIDIA,KFDIA
( 1469)         IF(LLDCUM(JL).AND.JK>=KCTOP(JL)) THEN
( 1470)           ZMFMAX=(PAPH(JL,JK)-PAPH(JL,JK-1))*0.8_JPRB*ZCONS
( 1471)           IF(PMFU(JL,JK)>ZMFMAX) &
( 1472)            & ZMFS(JL)=MIN(ZMFS(JL),ZMFMAX/PMFU(JL,JK))  
( 1473)         ENDIF
( 1474)       ENDDO
( 1475)     ENDDO
( 1476)   ENDIF
( 1477)   DO JK=1,KLEV
( 1478) !DIR$ LOOP_INFO EST_TRIPS(16)
( 1479)     DO JL=KIDIA,KFDIA






NVFORTRAN (Version     24.5)          03/19/2025  06:56:06      page 68

( 1480)       IF(LLDCUM(JL).AND.JK>=KCTOP(JL)-1) THEN
( 1481)         ZMFUUS(JL,JK)=PMFU(JL,JK)*ZMFS(JL)
( 1482)         ZMFUDR(JL,JK)=PMFUDE_RATE(JL,JK)*ZMFS(JL)
( 1483)         ZDMFUPC(JL,JK)=(PMFLXR(JL,JK)+PMFLXS(JL,JK))*ZMFS(JL)
( 1484)         IKB=KCBOT(JL)
( 1485)         IF (JK>IKB) THEN
( 1486)           ZDMFUPC(JL,JK)=ZDMFUPC(JL,IKB)
( 1487)         ENDIF
( 1488)       ELSE
( 1489)         ZMFUUS(JL,JK)=0._JPRB
( 1490)         ZMFUDR(JL,JK)=0._JPRB
( 1491)       ENDIF
( 1492)       IF ( LLDDRAF3(JL) .AND. JK>=IDTOP(JL)-1) THEN
( 1493)         ZMFDUS(JL,JK)=PMFD(JL,JK)*ZMFS(JL)
( 1494)         ZMFDDR(JL,JK)=PMFDDE_RATE(JL,JK)*ZMFS(JL)
( 1495)   !     ZDMFDPC(JL,JK)=ZDMFDPC(JL,JK)*ZMFS(JL)
( 1496)         ZDMFDPC(JL,JK)=0.0_JPRB
( 1497)       ELSE
( 1498)         ZMFDUS(JL,JK)=0._JPRB
( 1499)         ZMFDDR(JL,JK)=0._JPRB
( 1500)       ENDIF
( 1501)     ENDDO
( 1502)   ENDDO
( 1503) # 1504 "./cumastrn.F90"
( 1504)   IF( LMFSMOOTH ) THEN
( 1505) ! smmoothing of mass fluxes (gradients) at top and bottom of draughts
( 1506)     DO JK=2,KLEV-1
( 1507) !DIR$ LOOP_INFO EST_TRIPS(16)
( 1508)       DO JL=KIDIA,KFDIA
( 1509)         IF(LLDDRAF3(JL).AND.ZMFDUS(JL,JK)<0.0_JPRB .AND. ZMFDUS(JL,JK+1)==0.0_JPRB) THEN
( 1510)           ZERATE=MIN(0._JPRB,ZMFDUS(JL,JK)-0.5*ZMFDUS(JL,JK-1))
( 1511)           ZMFDUS(JL,JK)=ZMFDUS(JL,JK)-ZERATE
( 1512)           ZMFDDR(JL,JK)=ZMFDDR(JL,JK)-ZERATE
( 1513)           ZMFDDR(JL,JK+1)=-ZMFDUS(JL,JK)
( 1514)         ENDIF
( 1515)         IF(LLDCUM(JL).AND.JK==KCTOP(JL)) THEN
( 1516)           ZERATE=MAX(0.0_JPRB,ZMFUUS(JL,JK)-0.5_JPRB*ZMFUUS(JL,JK+1))
( 1517)           ZMFUUS(JL,JK)=ZMFUUS(JL,JK)-ZERATE
( 1518)           ZMFUDR(JL,JK)=ZMFUDR(JL,JK)+ZERATE
( 1519)           ZMFUDR(JL,JK-1)=ZMFUUS(JL,JK)
( 1520)         ENDIF
( 1521)       ENDDO
( 1522)     ENDDO
( 1523)     DO JK=KLEV-1,2,-1
( 1524) !DIR$ LOOP_INFO EST_TRIPS(16)
( 1525)       DO JL=KIDIA,KFDIA
( 1526)         IF(LLDCUM(JL)) THEN
( 1527)           IF(ZMFUDR(JL,JK)==0.0_JPRB.AND.ZMFUDR(JL,JK-1)>0.0_JPRB) THEN
( 1528)             ZMFUDR(JL,JK)=0.5_JPRB*ZMFUDR(JL,JK-1)
( 1529)           ENDIF
( 1530)         ENDIF
( 1531)       ENDDO
( 1532)     ENDDO
( 1533)   ENDIF
( 1534) # 1535 "./cumastrn.F90"
( 1535)   IF(LMFSCAV) THEN
( 1536)     CALL CUCTRACER &
( 1537)      & (YDCST, YDML_PHY_SLIN%YRCUMFS,YDML_PHY_SLIN%YRECUMF2,YDML_PHY_EC%YRECUMF,&






NVFORTRAN (Version     24.5)          03/19/2025  06:56:06      page 69

( 1538)      & KIDIA,    KFDIA,    KLON,     KLEV,     KTRAC,&
( 1539)      & KCTOP,    IDTOP,   KTYPE,&
( 1540)      & LLDCUM,   LLDDRAF3,  PTSPHY,   PAPH,  PAP,&
( 1541)      & ZMFUUS,   ZMFDUS,    PMFU,     PMFD,  ZMFUDR,   ZMFDDR,&
( 1542)      & ZDMFUPC,  ZDMFDPC,&
( 1543)      & PCEN,     PTENC,     PSCAV)  
( 1544)   ELSE
( 1545)     ZDMFUPC(:,:)=0.0_JPRB
( 1546)     CALL CUCTRACER &
( 1547)      & (YDCST, YDML_PHY_SLIN%YRCUMFS,YDML_PHY_SLIN%YRECUMF2,YDML_PHY_EC%YRECUMF,&
( 1548)      & KIDIA,    KFDIA,    KLON,     KLEV,     KTRAC,&
( 1549)      & KCTOP,    IDTOP,   KTYPE,&
( 1550)      & LLDCUM,   LLDDRAF3,  PTSPHY,   PAPH,  PAP,&
( 1551)      & ZMFUUS,   ZMFDUS,    PMFU,     PMFD,  ZMFUDR,   ZMFDDR,&
( 1552)      & ZDMFUPC,  ZDMFDPC,&
( 1553)      & PCEN,     PTENC,     PSCAV0)  
( 1554)   ENDIF
( 1555) # 1556 "./cumastrn.F90"
( 1556) ENDIF
( 1557) # 1558 "./cumastrn.F90"
( 1558) !----------------------------------------------------------------------
( 1559) # 1560 "./cumastrn.F90"
( 1560) !*   12.           PUT DETRAINMENT RATES FROM MFLX UNITS IN UNITS MFLX/M 
( 1561) !                  FOR ERA40, ESTIMATE VOLUME MEAN RAIN AND SNOW CONTENT
( 1562) !                  ---------------------------------------------------
( 1563) # 1564 "./cumastrn.F90"
( 1564) PDISS(:,1)=0.0_JPRB
( 1565) ZAR=1.0_JPRB/20.89_JPRB
( 1566) ZAS=1.0_JPRB/29.51_JPRB
( 1567) ZBR=1.0_JPRB/1.15_JPRB
( 1568) ZBS=1.0_JPRB/1.10_JPRB
( 1569) ZAK=1.0_JPRB/5.09E-3_JPRB
( 1570) DO JK=1,KLEV
( 1571) !DIR$ LOOP_INFO EST_TRIPS(16)
( 1572)   IK=MIN(JK+1,KLEV)
( 1573)   IKD=MAX(JK-1,1)
( 1574)   DO JL=KIDIA,KFDIA
( 1575)     PDISS(JL,JK)=0.0_JPRB
( 1576)     PRSUD(JL,JK,1)=0.0_JPRB
( 1577)     PRSUD(JL,JK,2)=0.0_JPRB
( 1578)     IF ( LDCUM(JL) .AND.JK>=KCTOP(JL)-1 ) THEN
( 1579)       PLUDELI(JL,JK,3)=PMFUDE_RATE(JL,JK)*(PQU(JL,IK)-ZQENH(JL,IK))+&
( 1580)                       &PMFDDE_RATE(JL,JK)*(ZQD(JL,IKD)-ZQENH(JL,IKD))
( 1581)       PLUDELI(JL,JK,4)=PMFUDE_RATE(JL,JK)*(PTU(JL,IK)-ZTENH(JL,IK))+&
( 1582)                       &PMFDDE_RATE(JL,JK)*(ZTD(JL,IKD)-ZTENH(JL,IKD))
( 1583)     ! Change units for detrainment as for ERA
( 1584)       ZRO=RG/(PGEOH(JL,JK)-PGEOH(JL,JK+1))  ! 1/dz
( 1585)       PMFUDE_RATE(JL,JK)=PMFUDE_RATE(JL,JK)*ZRO
( 1586)       PMFDDE_RATE(JL,JK)=PMFDDE_RATE(JL,JK)*ZRO
( 1587)       ZRO=RD*PTEN(JL,JK)*(1.0_JPRB+RETV*PQEN(JL,JK))/PAP(JL,JK)
( 1588)     ! Dissipation definition used in stoch Backscatter
( 1589)     ! PDISS(JL,JK)=MIN(PWMEAN(JL),17._JPRB)**2*PMFUDE_RATE(JL,JK)*ZRO*ZTAU(JL)
( 1590)       ZDUTEN=PTENU(JL,JK)-ZTENU(JL,JK)
( 1591)       ZDVTEN=PTENV(JL,JK)-ZTENV(JL,JK)
( 1592)     ! Dissipation used in eddy dissipation(EDR) turbulence diagnostic
( 1593)       PDISS(JL,JK)=ABS(PUEN(JL,JK)*ZDUTEN+PVEN(JL,JK)*ZDVTEN)**0.3333
( 1594) # 1595 "./cumastrn.F90"
( 1595)     ! grid-mean convective rain/snow parametrization (Geer et al. 2009) with factor 0.5 for snow






NVFORTRAN (Version     24.5)          03/19/2025  06:56:06      page 70

( 1596)       PRSUD(JL,JK,1)=1.E-3_JPRB*ZRO*(PMFLXR(JL,JK)*3600._JPRB*ZAR)**ZBR
( 1597)       PRSUD(JL,JK,2)=0.5*1.E-3_JPRB*ZRO*(10.0_JPRB*PMFLXS(JL,JK)*3600._JPRB*ZAS)**ZBS
( 1598)     ! possible updraught fraction for incloud values
( 1599)     ! ZFAC=PAPH(JL,NJKT5)/MIN(PAPH(JL,NJKT5),MAX(200.E2_JPRB,PAPH(JL,JK)))
( 1600)     ! ZFAC=RCUCOV*ZFAC**2
( 1601)     ! grid-mean convective rain/snow parametrization similar to that used in evaporation
( 1602)     ! i.e. Kessler but without pressure factor and factor for snow
( 1603)     ! PRSUD(JL,JK,1)=1.E-3_JPRB*ZRO*(PMFLXR(JL,JK)*ZAK)**0.888_JPRB
( 1604)     ! PRSUD(JL,JK,2)=1.E-3_JPRB*ZRO*(PMFLXS(JL,JK)*2.5*ZAK)**0.888_JPRB
( 1605)     ELSE
( 1606)       PMFU(JL,JK)=0.0_JPRB
( 1607)       PMFD(JL,JK)=0.0_JPRB
( 1608)       PLUDE(JL,JK)=0.0_JPRB
( 1609)       PLUDELI(JL,JK,1)=0.0_JPRB
( 1610)       PLUDELI(JL,JK,2)=0.0_JPRB
( 1611)       PLUDELI(JL,JK,3)=0.0_JPRB
( 1612)       PLUDELI(JL,JK,4)=0.0_JPRB
( 1613)       PSNDE(JL,JK,1)=0.0_JPRB
( 1614)       PSNDE(JL,JK,2)=0.0_JPRB
( 1615)       PTU(JL,JK)=PTEN(JL,JK)
( 1616)       PQU(JL,JK)=PQEN(JL,JK)
( 1617)       PLU(JL,JK)=0.0_JPRB
( 1618)       PENTH(JL,JK)=0.0_JPRB
( 1619)       PMFUDE_RATE(JL,JK)=0.0_JPRB
( 1620)       PMFDDE_RATE(JL,JK)=0.0_JPRB
( 1621)     ENDIF
( 1622)   ENDDO
( 1623) ENDDO
( 1624) # 1625 "./cumastrn.F90"
( 1625) !----------------------------------------------------------------------
( 1626) # 1627 "./cumastrn.F90"
( 1627) END ASSOCIATE
( 1628) IF (LHOOK) CALL DR_HOOK('CUMASTRN',1,ZHOOK_HANDLE)
( 1629) END SUBROUTINE CUMASTRN
