


NVFORTRAN (Version     24.5)          03/19/2025  06:55:46      page 1

Switches: -noasm -nodclchk -debug -nodlines -line -list
          -idir /opt/softs/gcc/9.2.0/hpc_sdk/Linux_x86_64/24.5/comm_libs/12.4/hpcx/hpcx-2.19/ompi/include
          -idir /opt/softs/gcc/9.2.0/hpc_sdk/Linux_x86_64/24.5/comm_libs/12.4/hpcx/hpcx-2.19/ompi/lib
          -inform severe -opt 1 -nosave -object -noonetrip
          -depchk on -nostandard     
          -symbol -noupcase    

Filename: ./main_cucalln_mf.F90

(    1) PROGRAM MAIN_CUCALLN_MF 
(    2) 
(    3) USE MODEL_PHYSICS_ECMWF_MOD      , ONLY : MODEL_PHYSICS_ECMWF_TYPE
(    4) USE MODEL_PHYSICS_SIMPLINEAR_MOD , ONLY : MODEL_PHYSICS_SIMPLINEAR_TYPE
(    5) USE YOERAD                       , ONLY : TERAD
(    6) USE YOM_YGFL                     , ONLY : TYPE_GFLD
(    7) USE YOMCHEM                      , ONLY : TCHEM
(    8) USE SPP_MOD                      , ONLY : TSPP_CONFIG
(    9) USE PARKIND1                     , ONLY : JPIM     ,JPRB
(   10) USE YOMHOOK                      , ONLY : LHOOK,   DR_HOOK, JPHOOK
(   11) 
(   12) USE YOMCST                       , ONLY : TCST  
(   13) USE YOETHF                       , ONLY : TTHF 
(   14) USE YOMPERTPAR                   , ONLY : TPERTPAR
(   15) 
(   16) USE UTIL_MODEL_PHYSICS_ECMWF_TYPE_MOD
(   17) USE UTIL_MODEL_PHYSICS_SIMPLINEAR_TYPE_MOD
(   18) USE UTIL_TERAD_MOD
(   19) USE UTIL_TYPE_GFLD_MOD
(   20) USE UTIL_TCHEM_MOD
(   21) USE UTIL_TSPP_CONFIG_MOD
(   22) USE UTIL_TCST_MOD
(   23) USE UTIL_TTHF_MOD
(   24) USE UTIL_TPERTPAR_MOD
(   25) 
(   26) USE YOMDATA
(   27) 
(   28) USE YOMALLOC
(   29) USE XRD_GETOPTIONS
(   30) USE XRD_UNIX_ENV
(   31) 
(   32) USE YOMHOOK
(   33) 
(   34) #include "stack.h"
(   35) 
(   36) USE STACK_MOD
(   37) 
(   38) USE CUCALLN_MF_LOKI_MOD
(   39) 
(   40) USE, INTRINSIC :: ISO_FORTRAN_ENV, ONLY : STDOUT => OUTPUT_UNIT
(   41) 
(   42) IMPLICIT NONE
(   43) 
(   44) 
(   45) REAL(KIND=JPRB)                      :: PPLDARE
(   46) REAL(KIND=JPRB)                      :: PPLRG
(   47) INTEGER(KIND=JPIM)                   :: KSTEP
(   48) TYPE(TTHF)                           :: YDTHF
(   49) TYPE(TCST)                           :: YDCST
(   50) TYPE(TERAD)                          :: YDERAD






NVFORTRAN (Version     24.5)          03/19/2025  06:55:46      page 2

(   51) TYPE(MODEL_PHYSICS_SIMPLINEAR_TYPE)  :: YDML_PHY_SLIN
(   52) TYPE(MODEL_PHYSICS_ECMWF_TYPE)       :: YDML_PHY_EC
(   53) TYPE(TYPE_GFLD)                      :: YGFL
(   54) TYPE(TCHEM)                          :: YDCHEM
(   55) TYPE(TSPP_CONFIG)                    :: YDSPP_CONFIG
(   56) TYPE(TPERTPAR)                       :: YDPERTPAR
(   57) INTEGER(KIND=JPIM)                   :: KLON,KGPBLKS
(   58) INTEGER(KIND=JPIM)                   :: KSMAX 
(   59) INTEGER(KIND=JPIM)                   :: KLEV 
(   60) INTEGER(KIND=JPIM)                   :: KSPPN2D
(   61) INTEGER(KIND=JPIM)                   :: KTRAC 
(   62) LOGICAL                              :: LDMCAPEA
(   63) LOGICAL                              :: LDSLPHY 
(   64) REAL(KIND=JPRB)                      :: PTSPHY 
(   65) REAL(KIND=JPRB)                      :: PVDIFTS
(   66) LOGICAL                           , POINTER  :: LDLAND(:,:)
(   67) REAL(KIND=JPRB)                   , POINTER  :: PLCRIT_AER(:,:,:)
(   68) REAL(KIND=JPRB)                   , POINTER  :: PTM1(:,:,:)
(   69) REAL(KIND=JPRB)                   , POINTER  :: PQM1(:,:,:)
(   70) REAL(KIND=JPRB)                   , POINTER  :: PUM1(:,:,:)
(   71) REAL(KIND=JPRB)                   , POINTER  :: PVM1(:,:,:)
(   72) REAL(KIND=JPRB)                   , POINTER  :: PCM1(:,:,:,:)
(   73) REAL(KIND=JPRB)                   , POINTER  :: PLITOT(:,:,:)
(   74) REAL(KIND=JPRB)                   , POINTER  :: PVERVEL(:,:,:)
(   75) REAL(KIND=JPRB)                   , POINTER  :: PQHFL(:,:,:)
(   76) REAL(KIND=JPRB)                   , POINTER  :: PAHFS(:,:,:)
(   77) REAL(KIND=JPRB)                   , POINTER  :: PAPHM1(:,:,:)
(   78) REAL(KIND=JPRB)                   , POINTER  :: PAP(:,:,:)
(   79) REAL(KIND=JPRB)                   , POINTER  :: PAPH(:,:,:)
(   80) REAL(KIND=JPRB)                   , POINTER  :: PGEO(:,:,:)
(   81) REAL(KIND=JPRB)                   , POINTER  :: PGEOH(:,:,:)
(   82) REAL(KIND=JPRB)                   , POINTER  :: PTENT(:,:,:)
(   83) REAL(KIND=JPRB)                   , POINTER  :: PTENQ(:,:,:)
(   84) REAL(KIND=JPRB)                   , POINTER  :: PTENU(:,:,:)
(   85) REAL(KIND=JPRB)                   , POINTER  :: PTENV(:,:,:)
(   86) REAL(KIND=JPRB)                   , POINTER  :: PTENTA(:,:,:)
(   87) REAL(KIND=JPRB)                   , POINTER  :: PTENQA(:,:,:)
(   88) REAL(KIND=JPRB)                   , POINTER  :: PGAW(:,:)
(   89) REAL(KIND=JPRB)                   , POINTER  :: PCUCONVCA(:,:)
(   90) REAL(KIND=JPRB)                   , POINTER  :: PGP2DSPP(:,:,:)
(   91) REAL(KIND=JPRB)                   , POINTER  :: PSCAV(:) 
(   92) REAL(KIND=JPRB)                   , POINTER  :: PSCAV0(:) 
(   93) REAL(KIND=JPRB)                   , POINTER  :: PDX(:,:)
(   94) REAL(KIND=JPRB)                   , POINTER  :: PTENC(:,:,:,:)
(   95) REAL(KIND=JPRB)                   , POINTER  :: PARPRC(:,:)
(   96) INTEGER(KIND=JPIM)                , POINTER  :: KTOPC(:,:)
(   97) INTEGER(KIND=JPIM)                , POINTER  :: KBASEC(:,:)
(   98) INTEGER(KIND=JPIM)                , POINTER  :: KTYPE(:,:)
(   99) INTEGER(KIND=JPIM)                , POINTER  :: KCBOT(:,:)
(  100) INTEGER(KIND=JPIM)                , POINTER  :: KCTOP(:,:)
(  101) INTEGER(KIND=JPIM)                , POINTER  :: KCBOT_LIG(:,:)
(  102) INTEGER(KIND=JPIM)                , POINTER  :: KCTOP_LIG(:,:)
(  103) INTEGER(KIND=JPIM)                , POINTER  :: KBOTSC(:,:)
(  104) LOGICAL                           , POINTER  :: LDCUM(:,:)
(  105) LOGICAL                           , POINTER  :: LDCUM_LIG(:,:)
(  106) LOGICAL                           , POINTER  :: LDSC(:,:)
(  107) LOGICAL                           , POINTER  :: LDSHCV(:,:)
(  108) REAL(KIND=JPRB)                   , POINTER  :: PLU(:,:,:)






NVFORTRAN (Version     24.5)          03/19/2025  06:55:46      page 3

(  109) REAL(KIND=JPRB)                   , POINTER  :: PLUDE(:,:,:)
(  110) REAL(KIND=JPRB)                   , POINTER  :: PLUDELI(:,:,:,:)
(  111) REAL(KIND=JPRB)                   , POINTER  :: PSNDE(:,:,:,:)
(  112) REAL(KIND=JPRB)                   , POINTER  :: PMFU(:,:,:)
(  113) REAL(KIND=JPRB)                   , POINTER  :: PMFD(:,:,:)
(  114) REAL(KIND=JPRB)                   , POINTER  :: PLGLAC(:,:,:)
(  115) REAL(KIND=JPRB)                   , POINTER  :: PDIFCQ(:,:,:)
(  116) REAL(KIND=JPRB)                   , POINTER  :: PDIFCS(:,:,:)
(  117) REAL(KIND=JPRB)                   , POINTER  :: PFHPCL(:,:,:)
(  118) REAL(KIND=JPRB)                   , POINTER  :: PFHPCN(:,:,:)
(  119) REAL(KIND=JPRB)                   , POINTER  :: PFPLCL(:,:,:)
(  120) REAL(KIND=JPRB)                   , POINTER  :: PFPLCN(:,:,:)
(  121) REAL(KIND=JPRB)                   , POINTER  :: PLRAIN(:,:,:)
(  122) REAL(KIND=JPRB)                   , POINTER  :: PRSUD(:,:,:,:)
(  123) REAL(KIND=JPRB)                   , POINTER  :: PSTRCU(:,:,:)
(  124) REAL(KIND=JPRB)                   , POINTER  :: PSTRCV(:,:,:)
(  125) REAL(KIND=JPRB)                   , POINTER  :: PFCQLF(:,:,:)
(  126) REAL(KIND=JPRB)                   , POINTER  :: PFCQIF(:,:,:)
(  127) REAL(KIND=JPRB)                   , POINTER  :: PMFUDE_RATE(:,:,:)
(  128) REAL(KIND=JPRB)                   , POINTER  :: PMFDDE_RATE(:,:,:)
(  129) REAL(KIND=JPRB)                   , POINTER  :: PCAPE(:,:)
(  130) REAL(KIND=JPRB)                   , POINTER  :: PWMEAN(:,:)
(  131) REAL(KIND=JPRB)                   , POINTER  :: PVDISCU(:,:)
(  132) REAL(KIND=JPRB)                   , POINTER  :: PWU(:,:,:)
(  133) REAL(KIND=JPRB)                   , POINTER  :: PDISS(:,:,:)
(  134) 
(  135) LOGICAL                           , POINTER  :: LDLAND_INI(:,:)
(  136) REAL(KIND=JPRB)                   , POINTER  :: PLCRIT_AER_INI(:,:,:)
(  137) REAL(KIND=JPRB)                   , POINTER  :: PTM1_INI(:,:,:)
(  138) REAL(KIND=JPRB)                   , POINTER  :: PQM1_INI(:,:,:)
(  139) REAL(KIND=JPRB)                   , POINTER  :: PUM1_INI(:,:,:)
(  140) REAL(KIND=JPRB)                   , POINTER  :: PVM1_INI(:,:,:)
(  141) REAL(KIND=JPRB)                   , POINTER  :: PCM1_INI(:,:,:,:)
(  142) REAL(KIND=JPRB)                   , POINTER  :: PLITOT_INI(:,:,:)
(  143) REAL(KIND=JPRB)                   , POINTER  :: PVERVEL_INI(:,:,:)
(  144) REAL(KIND=JPRB)                   , POINTER  :: PQHFL_INI(:,:,:)
(  145) REAL(KIND=JPRB)                   , POINTER  :: PAHFS_INI(:,:,:)
(  146) REAL(KIND=JPRB)                   , POINTER  :: PAPHM1_INI(:,:,:)
(  147) REAL(KIND=JPRB)                   , POINTER  :: PAP_INI(:,:,:)
(  148) REAL(KIND=JPRB)                   , POINTER  :: PAPH_INI(:,:,:)
(  149) REAL(KIND=JPRB)                   , POINTER  :: PGEO_INI(:,:,:)
(  150) REAL(KIND=JPRB)                   , POINTER  :: PGEOH_INI(:,:,:)
(  151) REAL(KIND=JPRB)                   , POINTER  :: PTENT_INI(:,:,:)
(  152) REAL(KIND=JPRB)                   , POINTER  :: PTENQ_INI(:,:,:)
(  153) REAL(KIND=JPRB)                   , POINTER  :: PTENU_INI(:,:,:)
(  154) REAL(KIND=JPRB)                   , POINTER  :: PTENV_INI(:,:,:)
(  155) REAL(KIND=JPRB)                   , POINTER  :: PTENTA_INI(:,:,:)
(  156) REAL(KIND=JPRB)                   , POINTER  :: PTENQA_INI(:,:,:)
(  157) REAL(KIND=JPRB)                   , POINTER  :: PGAW_INI(:,:)
(  158) REAL(KIND=JPRB)                   , POINTER  :: PCUCONVCA_INI(:,:)
(  159) REAL(KIND=JPRB)                   , POINTER  :: PGP2DSPP_INI(:,:,:)
(  160) REAL(KIND=JPRB)                   , POINTER  :: PSCAV_INI(:) 
(  161) REAL(KIND=JPRB)                   , POINTER  :: PSCAV0_INI(:) 
(  162) REAL(KIND=JPRB)                   , POINTER  :: PDX_INI(:,:)
(  163) REAL(KIND=JPRB)                   , POINTER  :: PTENC_INI(:,:,:,:)
(  164) REAL(KIND=JPRB)                   , POINTER  :: PARPRC_INI(:,:)
(  165) INTEGER(KIND=JPIM)                , POINTER  :: KTOPC_INI(:,:)
(  166) INTEGER(KIND=JPIM)                , POINTER  :: KBASEC_INI(:,:)






NVFORTRAN (Version     24.5)          03/19/2025  06:55:46      page 4

(  167) INTEGER(KIND=JPIM)                , POINTER  :: KTYPE_INI(:,:)
(  168) INTEGER(KIND=JPIM)                , POINTER  :: KCBOT_INI(:,:)
(  169) INTEGER(KIND=JPIM)                , POINTER  :: KCTOP_INI(:,:)
(  170) INTEGER(KIND=JPIM)                , POINTER  :: KCBOT_LIG_INI(:,:)
(  171) INTEGER(KIND=JPIM)                , POINTER  :: KCTOP_LIG_INI(:,:)
(  172) INTEGER(KIND=JPIM)                , POINTER  :: KBOTSC_INI(:,:)
(  173) LOGICAL                           , POINTER  :: LDCUM_INI(:,:)
(  174) LOGICAL                           , POINTER  :: LDCUM_LIG_INI(:,:)
(  175) LOGICAL                           , POINTER  :: LDSC_INI(:,:)
(  176) LOGICAL                           , POINTER  :: LDSHCV_INI(:,:)
(  177) REAL(KIND=JPRB)                   , POINTER  :: PLU_INI(:,:,:)
(  178) REAL(KIND=JPRB)                   , POINTER  :: PLUDE_INI(:,:,:)
(  179) REAL(KIND=JPRB)                   , POINTER  :: PLUDELI_INI(:,:,:,:)
(  180) REAL(KIND=JPRB)                   , POINTER  :: PSNDE_INI(:,:,:,:)
(  181) REAL(KIND=JPRB)                   , POINTER  :: PMFU_INI(:,:,:)
(  182) REAL(KIND=JPRB)                   , POINTER  :: PMFD_INI(:,:,:)
(  183) REAL(KIND=JPRB)                   , POINTER  :: PLGLAC_INI(:,:,:)
(  184) REAL(KIND=JPRB)                   , POINTER  :: PDIFCQ_INI(:,:,:)
(  185) REAL(KIND=JPRB)                   , POINTER  :: PDIFCS_INI(:,:,:)
(  186) REAL(KIND=JPRB)                   , POINTER  :: PFHPCL_INI(:,:,:)
(  187) REAL(KIND=JPRB)                   , POINTER  :: PFHPCN_INI(:,:,:)
(  188) REAL(KIND=JPRB)                   , POINTER  :: PFPLCL_INI(:,:,:)
(  189) REAL(KIND=JPRB)                   , POINTER  :: PFPLCN_INI(:,:,:)
(  190) REAL(KIND=JPRB)                   , POINTER  :: PLRAIN_INI(:,:,:)
(  191) REAL(KIND=JPRB)                   , POINTER  :: PRSUD_INI(:,:,:,:)
(  192) REAL(KIND=JPRB)                   , POINTER  :: PSTRCU_INI(:,:,:)
(  193) REAL(KIND=JPRB)                   , POINTER  :: PSTRCV_INI(:,:,:)
(  194) REAL(KIND=JPRB)                   , POINTER  :: PFCQLF_INI(:,:,:)
(  195) REAL(KIND=JPRB)                   , POINTER  :: PFCQIF_INI(:,:,:)
(  196) REAL(KIND=JPRB)                   , POINTER  :: PMFUDE_RATE_INI(:,:,:)
(  197) REAL(KIND=JPRB)                   , POINTER  :: PMFDDE_RATE_INI(:,:,:)
(  198) REAL(KIND=JPRB)                   , POINTER  :: PCAPE_INI(:,:)
(  199) REAL(KIND=JPRB)                   , POINTER  :: PWMEAN_INI(:,:)
(  200) REAL(KIND=JPRB)                   , POINTER  :: PVDISCU_INI(:,:)
(  201) REAL(KIND=JPRB)                   , POINTER  :: PWU_INI(:,:,:)
(  202) REAL(KIND=JPRB)                   , POINTER  :: PDISS_INI(:,:,:)
(  203) #include "cucalln_mf.intfb.h"
(  204) 
(  205) INTEGER :: JLON, JBLK
(  206) INTEGER :: ILUNCI, ILUNFI, ILUNFO, IOUT
(  207) INTEGER :: NPROMA, NGPBLKS
(  208) CHARACTER (LEN=128) :: CLOUT
(  209) CHARACTER (LEN=128) :: CLCASE_IN
(  210) CHARACTER (LEN=128) :: CLCASE_OUT
(  211) TYPE (DD12), POINTER :: YLD
(  212) LOGICAL :: LLVERBOSE, LLDIFF
(  213) INTEGER, POINTER :: IBLOCKLIST (:)
(  214) TYPE(STACK) :: YLSTACK
(  215) INTEGER :: ISIZE4, ISIZE8
(  216) CHARACTER*64 :: CLMETHOD
(  217) INTEGER :: ITIME, NTIME
(  218) LOGICAL :: LLSAVE, LLEXIST
(  219) REAL(KIND=8) :: TSC, TEC, TSD, TED, ZTC, ZTD, TSCOPY, TECOPY, TCOPY
(  220) 
(  221) #ifdef ARCH
(  222) CHARACTER (LEN=*), PARAMETER :: CLARCH = ARCH
(  223) #else
(  224) CHARACTER (LEN=*), PARAMETER :: CLARCH = 'unkwown'






NVFORTRAN (Version     24.5)          03/19/2025  06:55:46      page 5

(  225) #endif
(  226) 
(  227) REAL (KIND=JPHOOK) :: ZHOOK_HANDLE
(  228) 
(  229) INTEGER(KIND=JPIM) :: NGPTOT 
(  230) INTEGER(KIND=JPIM) :: JKGLO
(  231) INTEGER(KIND=JPIM) :: KIDIA 
(  232) INTEGER(KIND=JPIM) :: KFDIA 
(  233) INTEGER(KIND=JPIM) :: IBL
(  234) INTEGER(KIND=JPIM) :: IOFF 
(  235) 
(  236) 
(  237) IF (LHOOK) CALL DR_HOOK ('MAIN_CUCALLN_MF', 0, ZHOOK_HANDLE)
(  238) 
(  239) YLD => NULL ()
(  240) 
(  241) CALL INITOPTIONS
(  242) 
(  243) NPROMA  = 0; CALL GETOPTION ("--nproma",  NPROMA)
(  244) NGPBLKS = 0; CALL GETOPTION ("--ngpblks", NGPBLKS)
(  245) 
(  246) CALL GETOPTION ("--case-in", CLCASE_IN, MND=.TRUE.)
(  247) CLCASE_OUT = ''; CALL GETOPTION ("--case-out", CLCASE_OUT)
(  248) 
(  249) CALL GETOPTION ("--verbose", LLVERBOSE)
(  250) CALL GETOPTION ("--diff", LLDIFF)
(  251) 
(  252) #ifdef PARKIND1_SINGLE
(  253) ISIZE4 = 80; 
(  254) ISIZE8 = 10; 
(  255) #else
(  256) ISIZE4 = 10; 
(  257) ISIZE8 = 80; 
(  258) #endif
(  259) CALL GETOPTION ("--stack-size-4", ISIZE4)
(  260) CALL GETOPTION ("--stack-size-8", ISIZE8)
(  261) NTIME = 1; CALL GETOPTION ("--times", NTIME)
(  262) 
(  263) CLMETHOD = 'openmp'; CALL GETOPTION ("--method", CLMETHOD)
(  264) 
(  265) IBLOCKLIST => NULL ()
(  266) CALL GETOPTION ("--block-list", IBLOCKLIST)
(  267) 
(  268) LLSAVE = CLCASE_OUT /= ''
(  269) 
(  270) IF (LLSAVE) THEN
(  271)   CALL XRD_MKDIR (TRIM (CLCASE_OUT))
(  272) ENDIF
(  273) 
(  274) CLOUT = '-'; CALL GETOPTION ("--out", CLOUT)
(  275) 
(  276) CALL CHECKOPTIONS
(  277) 
(  278) CALL LOADALL
(  279) 
(  280) IF (LLVERBOSE) THEN
(  281) WRITE (0, *) " NPROMA = ", NPROMA, " NGPBLKS = ", NGPBLKS, " KLEV = ", KLEV
(  282) WRITE (0, *) " ISIZE4 = ", ISIZE4, " ISIZE8 = ", ISIZE8, " NTIME = ", NTIME






NVFORTRAN (Version     24.5)          03/19/2025  06:55:46      page 6

(  283) ENDIF
(  284) 
(  285) IF (LLSAVE) THEN
(  286)   CALL SAVEIALL
(  287) ENDIF
(  288) 
(  289) CALL COPY_INI 
(  290) CALL GET_TIME (TSD)
(  291) 
(  292) !$ACC DATA COPY (PDX, LDLAND, PTM1, PQM1, PUM1, PVM1, PLITOT, PVERVEL, PQHFL, PAHFS, PAPHM1, PAP, PAPH, PGEO, PGEOH, &
(  293) !$ACC&           PGAW, PCUCONVCA, PGP2DSPP, PTENT, PTENQ, PTENU, PTENV, PTENTA, PTENQA, PARPRC, KTOPC, KBASEC, KTYPE, &
(  294) !$ACC&           KCBOT, KCTOP, KBOTSC, LDCUM, LDSC, KCBOT_LIG, KCTOP_LIG, LDCUM_LIG, LDSHCV, PLCRIT_AER, PLU, PLUDE, &
(  295) !$ACC&           PLUDELI, PSNDE, PMFU, PMFD, PLGLAC, PDIFCQ, PDIFCS, PFHPCL, PFHPCN, PFPLCL, PFPLCN, PLRAIN, PRSUD, &
(  296) !$ACC&           PSTRCU, PSTRCV, PFCQLF, PFCQIF, PMFUDE_RATE, PMFDDE_RATE, PCAPE, PWU, PWMEAN, PVDISCU, PDISS, PCM1, &
(  297) !$ACC&           PTENC, PSCAV, PSCAV0) IF (TRIM (CLMETHOD) == 'openaccsinglecolumn')
(  298) 
(  299) IF (TRIM (CLMETHOD) == 'openaccsinglecolumn') THEN
(  300)   CALL COPY (YDTHF)
(  301)   CALL COPY (YDCST)
(  302)   CALL COPY (YDERAD)
(  303)   CALL COPY (YDML_PHY_SLIN)
(  304)   CALL COPY (YDML_PHY_EC)
(  305)   CALL COPY (YGFL)
(  306)   CALL COPY (YDCHEM)
(  307)   CALL COPY (YDSPP_CONFIG)
(  308)   CALL COPY (YDPERTPAR)
(  309) ENDIF
(  310) 
(  311) CALL GET_TIME (TSC)
(  312) 
(  313) DO ITIME = 1, NTIME
(  314) 
(  315)   IF (TRIM (CLMETHOD) == 'openmp') THEN
(  316)   
(  317) !$OMP PARALLEL DO PRIVATE (IBL) 
(  318)     DO IBL = 1, NGPBLKS
(  319)     
(  320)       CALL CUCALLN_MF   (PPLDARE, PPLRG, KSTEP, YDTHF, YDCST, YDERAD, YDML_PHY_SLIN, YDML_PHY_EC, YGFL,               &
(  321)       & YDCHEM, YDSPP_CONFIG, YDPERTPAR, 1_JPIM, NPROMA, NPROMA, KSMAX, KLEV, PDX (:, IBL), KSPPN2D,                 &
(  322)       & LDMCAPEA, LDLAND (:, IBL), LDSLPHY, PTSPHY, PVDIFTS, PTM1 (:, :, IBL), PQM1 (:, :, IBL), PUM1 (:, :, IBL),&
(  323)       & PVM1 (:, :, IBL), PLITOT (:, :, IBL), PVERVEL (:, :, IBL), PQHFL (:, :, IBL), PAHFS (:, :, IBL),         &
(  324)       & PAPHM1 (:, :, IBL), PAP (:, :, IBL), PAPH (:, :, IBL), PGEO (:, :, IBL), PGEOH (:, :, IBL),              &
(  325)       & PGAW (:, IBL), PCUCONVCA (:, IBL), PGP2DSPP (:, :, IBL), PTENT (:, :, IBL), PTENQ (:, :, IBL),           &
(  326)       & PTENU (:, :, IBL), PTENV (:, :, IBL), PTENTA (:, :, IBL), PTENQA (:, :, IBL), PARPRC (:, IBL),           &
(  327)       & KTOPC (:, IBL), KBASEC (:, IBL), KTYPE (:, IBL), KCBOT (:, IBL), KCTOP (:, IBL), KBOTSC (:, IBL),       &
(  328)       & LDCUM (:, IBL), LDSC (:, IBL), KCBOT_LIG (:, IBL), KCTOP_LIG (:, IBL), LDCUM_LIG (:, IBL),               &
(  329)       & LDSHCV (:, IBL), PLCRIT_AER (:, :, IBL), PLU (:, :, IBL), PLUDE (:, :, IBL), PLUDELI (:, :, :, IBL),     &
(  330)       & PSNDE (:, :, :, IBL), PMFU (:, :, IBL), PMFD (:, :, IBL), PLGLAC (:, :, IBL), PDIFCQ (:, :, IBL),        &
(  331)       & PDIFCS (:, :, IBL), PFHPCL (:, :, IBL), PFHPCN (:, :, IBL), PFPLCL (:, :, IBL), PFPLCN (:, :, IBL),      &
(  332)       & PLRAIN (:, :, IBL), PRSUD (:, :, :, IBL), PSTRCU (:, :, IBL), PSTRCV (:, :, IBL), PFCQLF (:, :, IBL),    &
(  333)       & PFCQIF (:, :, IBL), PMFUDE_RATE (:, :, IBL), PMFDDE_RATE (:, :, IBL), PCAPE (:, IBL), PWU (:, :, IBL),   &
(  334)       & PWMEAN (:, IBL), PVDISCU (:, IBL), PDISS (:, :, IBL), KTRAC, PCM1 (:, :, :, IBL), PTENC (:, :, :, IBL),  &
(  335)       & PSCAV, PSCAV0)
(  336)     
(  337)     ENDDO
(  338)   
(  339)   ELSEIF (TRIM (CLMETHOD) == 'openmpsinglecolumn') THEN
(  340)   






NVFORTRAN (Version     24.5)          03/19/2025  06:55:46      page 7

(  341)     YSTACK%IALIGN = 8 
(  342)     IF (ISIZE4 > 0) ALLOCATE (YSTACK%ZDATA4 (NPROMA, KLEV, ISIZE4, NGPBLKS))
(  343)     IF (ISIZE8 > 0) ALLOCATE (YSTACK%ZDATA8 (NPROMA, KLEV, ISIZE8, NGPBLKS))
(  344)     
(  345)     NGPTOT = NGPBLKS*NPROMA
(  346) !$OMP PARALLEL DO PRIVATE (JKGLO, IBL, KIDIA, KFDIA, IOFF, YLSTACK)
(  347)     DO JKGLO=1,NGPTOT,NPROMA
(  348)       KIDIA = 1
(  349)       KFDIA = MIN(NPROMA, NGPTOT - JKGLO + 1)
(  350)       IBL = (JKGLO - 1) / NPROMA + 1
(  351)       !#YLSTACK_L = LOC(ZSTACK(1, IBL))
(  352)       IOFF = JKGLO
(  353)     
(  354)       YLSTACK%L8 = stack_l8 (YSTACK, IBL, NGPBLKS)
(  355)       YLSTACK%U8 = stack_u8 (YSTACK, IBL, NGPBLKS)
(  356)       YLSTACK%L4 = stack_l4 (YSTACK, IBL, NGPBLKS)
(  357)       YLSTACK%U4 = stack_u4 (YSTACK, IBL, NGPBLKS)
(  358) 
(  359)       CALL CUCALLN_MF_LOKI(PPLDARE, PPLRG, KSTEP, YDTHF, YDCST, YDERAD, YDML_PHY_SLIN, YDML_PHY_EC, YGFL,         &
(  360)         & YDCHEM, YDSPP_CONFIG, YDPERTPAR, KIDIA, KFDIA, NPROMA, KSMAX, KLEV, PDX (:, IBL), KSPPN2D,                     &
(  361)         & LDMCAPEA, LDLAND (:, IBL), LDSLPHY, PTSPHY, PVDIFTS, PTM1 (:, :, IBL), PQM1 (:, :, IBL), PUM1 (:, :, IBL),&
(  362)         & PVM1 (:, :, IBL), PLITOT (:, :, IBL), PVERVEL (:, :, IBL), PQHFL (:, :, IBL), PAHFS (:, :, IBL),         &
(  363)         & PAPHM1 (:, :, IBL), PAP (:, :, IBL), PAPH (:, :, IBL), PGEO (:, :, IBL), PGEOH (:, :, IBL),              &
(  364)         & PGAW (:, IBL), PCUCONVCA (:, IBL), PGP2DSPP (:, :, IBL), PTENT (:, :, IBL), PTENQ (:, :, IBL),           &
(  365)         & PTENU (:, :, IBL), PTENV (:, :, IBL), PTENTA (:, :, IBL), PTENQA (:, :, IBL), PARPRC (:, IBL),           &
(  366)         & KTOPC (:, IBL), KBASEC (:, IBL), KTYPE (:, IBL), KCBOT (:, IBL), KCTOP (:, IBL), KBOTSC (:, IBL),       &
(  367)         & LDCUM (:, IBL), LDSC (:, IBL), KCBOT_LIG (:, IBL), KCTOP_LIG (:, IBL), LDCUM_LIG (:, IBL),               &
(  368)         & LDSHCV (:, IBL), PLCRIT_AER (:, :, IBL), PLU (:, :, IBL), PLUDE (:, :, IBL), PLUDELI (:, :, :, IBL),     &
(  369)         & PSNDE (:, :, :, IBL), PMFU (:, :, IBL), PMFD (:, :, IBL), PLGLAC (:, :, IBL), PDIFCQ (:, :, IBL),        &
(  370)         & PDIFCS (:, :, IBL), PFHPCL (:, :, IBL), PFHPCN (:, :, IBL), PFPLCL (:, :, IBL), PFPLCN (:, :, IBL),      &
(  371)         & PLRAIN (:, :, IBL), PRSUD (:, :, :, IBL), PSTRCU (:, :, IBL), PSTRCV (:, :, IBL), PFCQLF (:, :, IBL),    &
(  372)         & PFCQIF (:, :, IBL), PMFUDE_RATE (:, :, IBL), PMFDDE_RATE (:, :, IBL), PCAPE (:, IBL), PWU (:, :, IBL),   &
(  373)         & PWMEAN (:, IBL), PVDISCU (:, IBL), PDISS (:, :, IBL), KTRAC, PCM1 (:, :, :, IBL), PTENC (:, :, :, IBL),  &
(  374)         & PSCAV, PSCAV0, YDSTACK_L=YLSTACK%L8)
(  375)     
(  376)     ENDDO
(  377)   
(  378)   ELSEIF (TRIM (CLMETHOD) == 'openaccsinglecolumn') THEN
(  379)   
(  380) 
(  381)     YSTACK%IALIGN = 8 
(  382)   IF (ITIME == 1) THEN
(  383)     ALLOCATE (YSTACK%ZDATA4 (NPROMA, KLEV, ISIZE4, NGPBLKS))
(  384)     ALLOCATE (YSTACK%ZDATA8 (NPROMA, KLEV, ISIZE8, NGPBLKS))
(  385) 
(  386) 
(  387) !$ACC ENTER DATA CREATE (YSTACK%ZDATA4)
(  388) !$ACC ENTER DATA CREATE (YSTACK%ZDATA8)
(  389) 
(  390) !$ACC ENTER DATA CREATE (YSTACK)
(  391) !$ACC UPDATE DEVICE (YSTACK)
(  392) !$ACC ENTER DATA ATTACH (YSTACK%ZDATA4)
(  393) !$ACC ENTER DATA ATTACH (YSTACK%ZDATA8)
(  394)   ENDIF
(  395)     
(  396) 
(  397) 
(  398)     






NVFORTRAN (Version     24.5)          03/19/2025  06:55:46      page 8

(  399) !#    !$acc&present (YDTHF, YDCST, YDERAD, YDML_PHY_SLIN, YDML_PHY_EC, YGFL, YDCHEM, YDSPP_CONFIG, YDPERTPAR, YSTACK, &
(  400) !#    !$acc&         PDX, LDLAND, PTM1, PQM1, PUM1, PVM1, PLITOT, PVERVEL, PQHFL, PAHFS, PAPHM1, PAP, PAPH, PGEO, PGEOH, &
(  401) !#    !$acc&         PGAW, PCUCONVCA, PGP2DSPP, PTENT, PTENQ, PTENU, PTENV, PTENTA, PTENQA, PARPRC, KTOPC, KBASEC, KTYPE, &
(  402) !#    !$acc&         KCBOT, KCTOP, KBOTSC, LDCUM, LDSC, KCBOT_LIG, KCTOP_LIG, LDCUM_LIG, LDSHCV, PLCRIT_AER, PLU, PLUDE, &
(  403) !#    !$acc&         PLUDELI, PSNDE, PMFU, PMFD, PLGLAC, PDIFCQ, PDIFCS, PFHPCL, PFHPCN, PFPLCL, PFPLCN, PLRAIN, PRSUD, &
(  404) !#    !$acc&         PSTRCU, PSTRCV, PFCQLF, PFCQIF, PMFUDE_RATE, PMFDDE_RATE, PCAPE, PWU, PWMEAN, PVDISCU, PDISS, PCM1, &
(  405) !#    !$acc&         PTENC, PSCAV, PSCAV0) &
(  406)      NGPTOT = NGPBLKS*NPROMA
(  407)     !$acc parallel loop gang vector_length( KLON ) &
(  408)     !$acc private( YLSTACK, JKGLO, KIDIA, KFDIA, IBL, IOFF)
(  409)      DO JKGLO=1,NGPTOT,NPROMA
(  410)        KIDIA = 1
(  411)        KFDIA = MIN(NPROMA, NGPTOT - JKGLO + 1)
(  412)        IBL = (JKGLO - 1) / NPROMA + 1
(  413)        !#YLSTACK_L = LOC(ZSTACK(1, IBL))
(  414)        IOFF = JKGLO
(  415) 
(  416)        YLSTACK%L8 = stack_l8 (YSTACK, IBL, NGPBLKS)
(  417)        YLSTACK%U8 = stack_u8 (YSTACK, IBL, NGPBLKS)
(  418)        YLSTACK%L4 = stack_l4 (YSTACK, IBL, NGPBLKS)
(  419)        YLSTACK%U4 = stack_u4 (YSTACK, IBL, NGPBLKS)
(  420) 
(  421)        CALL CUCALLN_MF_LOKI(PPLDARE, PPLRG, KSTEP, YDTHF, YDCST, YDERAD, YDML_PHY_SLIN, YDML_PHY_EC, YGFL,         &
(  422)         & YDCHEM, YDSPP_CONFIG, YDPERTPAR, KIDIA, KFDIA, NPROMA, KSMAX, KLEV, PDX (:, IBL), KSPPN2D,                     &
(  423)         & LDMCAPEA, LDLAND (:, IBL), LDSLPHY, PTSPHY, PVDIFTS, PTM1 (:, :, IBL), PQM1 (:, :, IBL), PUM1 (:, :, IBL),&
(  424)         & PVM1 (:, :, IBL), PLITOT (:, :, IBL), PVERVEL (:, :, IBL), PQHFL (:, :, IBL), PAHFS (:, :, IBL),         &
(  425)         & PAPHM1 (:, :, IBL), PAP (:, :, IBL), PAPH (:, :, IBL), PGEO (:, :, IBL), PGEOH (:, :, IBL),              &
(  426)         & PGAW (:, IBL), PCUCONVCA (:, IBL), PGP2DSPP (:, :, IBL), PTENT (:, :, IBL), PTENQ (:, :, IBL),           &
(  427)         & PTENU (:, :, IBL), PTENV (:, :, IBL), PTENTA (:, :, IBL), PTENQA (:, :, IBL), PARPRC (:, IBL),           &
(  428)         & KTOPC (:, IBL), KBASEC (:, IBL), KTYPE (:, IBL), KCBOT (:, IBL), KCTOP (:, IBL), KBOTSC (:, IBL),       &
(  429)         & LDCUM (:, IBL), LDSC (:, IBL), KCBOT_LIG (:, IBL), KCTOP_LIG (:, IBL), LDCUM_LIG (:, IBL),               &
(  430)         & LDSHCV (:, IBL), PLCRIT_AER (:, :, IBL), PLU (:, :, IBL), PLUDE (:, :, IBL), PLUDELI (:, :, :, IBL),     &
(  431)         & PSNDE (:, :, :, IBL), PMFU (:, :, IBL), PMFD (:, :, IBL), PLGLAC (:, :, IBL), PDIFCQ (:, :, IBL),        &
(  432)         & PDIFCS (:, :, IBL), PFHPCL (:, :, IBL), PFHPCN (:, :, IBL), PFPLCL (:, :, IBL), PFPLCN (:, :, IBL),      &
(  433)         & PLRAIN (:, :, IBL), PRSUD (:, :, :, IBL), PSTRCU (:, :, IBL), PSTRCV (:, :, IBL), PFCQLF (:, :, IBL),    &
(  434)         & PFCQIF (:, :, IBL), PMFUDE_RATE (:, :, IBL), PMFDDE_RATE (:, :, IBL), PCAPE (:, IBL), PWU (:, :, IBL),   &
(  435)         & PWMEAN (:, IBL), PVDISCU (:, IBL), PDISS (:, :, IBL), KTRAC, PCM1 (:, :, :, IBL), PTENC (:, :, :, IBL),  &
(  436)         & PSCAV, PSCAV0, YDSTACK_L=YLSTACK%L8)
(  437)     
(  438)     ENDDO
(  439) 
(  440) 
(  441)   ENDIF
(  442) 
(  443) 
(  444)   IF (ITIME /= NTIME) THEN
(  445)     CALL GET_TIME (TSCOPY)
(  446)     CALL COPY_RESET
(  447)     CALL GET_TIME (TECOPY)
(  448)     TCOPY = TCOPY + TECOPY - TSCOPY
(  449)   ENDIF
(  450) 
(  451) ENDDO
(  452) 
(  453) CALL GET_TIME (TEC)
(  454) 
(  455) IF (TRIM (CLMETHOD) == 'openaccsinglecolumn') THEN
(  456)   CALL WIPE (YDPERTPAR)






NVFORTRAN (Version     24.5)          03/19/2025  06:55:46      page 9

(  457)   CALL WIPE (YDSPP_CONFIG)
(  458)   CALL WIPE (YDCHEM)
(  459)   CALL WIPE (YGFL)
(  460)   CALL WIPE (YDML_PHY_EC)
(  461)   CALL WIPE (YDML_PHY_SLIN)
(  462)   CALL WIPE (YDERAD)
(  463)   CALL WIPE (YDCST)
(  464)   CALL WIPE (YDTHF)
(  465) ENDIF
(  466) 
(  467) !$ACC END DATA
(  468) 
(  469) CALL GET_TIME (TED)
(  470) 
(  471) ZTC = TEC - TSC - TCOPY
(  472) ZTD = TED - TSD - TCOPY
(  473) 
(  474) LLEXIST = .FALSE.
(  475) 
(  476) IF (CLOUT == '-') THEN
(  477)   IOUT = STDOUT
(  478) ELSE
(  479)   IOUT = 77
(  480)   INQUIRE (FILE=TRIM (CLOUT), EXIST=LLEXIST)
(  481)   IF (LLEXIST) THEN
(  482)     OPEN (IOUT, FILE=TRIM (CLOUT), FORM='FORMATTED', STATUS='OLD', POSITION='APPEND')
(  483)   ELSE
(  484)     OPEN (IOUT, FILE=TRIM (CLOUT), FORM='FORMATTED', STATUS='NEW')
(  485)   ENDIF
(  486) ENDIF
(  487) 
(  488) IF (.NOT. LLEXIST) &
(  489) WRITE (IOUT, '(A16,";",A32,";",A8,";",A8,";",A8,4(";",A20))') &
(  490)               & "CLARCH", "CLMETHOD", "NPROMA", "NGPBLKS", "NTIME", &
(  491)               & "ZTCTOT", "ZTC", "ZTDTOT", "ZTD"
(  492) 
(  493) WRITE (IOUT, '(A16,";",A32,";",I8,";",I8,";",I8,4(";",E20.10))') &
(  494)               & CLARCH,  TRIM (CLMETHOD), NPROMA, NGPBLKS, NTIME, &
(  495)               & ZTC, ZTC / REAL (NPROMA*NGPBLKS*NTIME, 8), &
(  496)               & ZTD, ZTD / REAL (NPROMA*NGPBLKS*NTIME, 8)
(  497) 
(  498) IF (IOUT /= STDOUT) THEN
(  499)   CLOSE (IOUT)
(  500) ENDIF
(  501) 
(  502) 
(  503) IF (LLDIFF) THEN
(  504)   CALL DIFFALL
(  505) ENDIF
(  506) 
(  507) IF (LLSAVE) THEN
(  508)   CALL SAVEOALL
(  509) ENDIF
(  510) 
(  511) IF (LHOOK) CALL DR_HOOK ('MAIN_CUCALLN_MF', 1, ZHOOK_HANDLE)
(  512) 
(  513) CONTAINS
(  514) 






NVFORTRAN (Version     24.5)          03/19/2025  06:55:46      page 10

(  515) SUBROUTINE LOADALL
(  516) 
(  517) ILUNCI = 77
(  518) ILUNFI = 78
(  519) 
(  520) OPEN (ILUNCI, NAME=TRIM (CLCASE_IN)//'/CUCALLN_MF.CONST.dat', FORM='UNFORMATTED')
(  521) OPEN (ILUNFI, NAME=TRIM (CLCASE_IN)//'/CUCALLN_MF.IN.dat',    FORM='UNFORMATTED')
(  522) 
(  523) CALL LOAD (ILUNCI, PPLDARE)
(  524) CALL LOAD (ILUNCI, PPLRG)
(  525) CALL LOAD (ILUNCI, KSTEP)
(  526) CALL LOAD (ILUNCI, YDTHF)
(  527) CALL LOAD (ILUNCI, YDCST)
(  528) CALL LOAD (ILUNCI, YDERAD)
(  529) CALL LOAD (ILUNCI, YDML_PHY_SLIN)
(  530) CALL LOAD (ILUNCI, YDML_PHY_EC)
(  531) CALL LOAD (ILUNCI, YGFL)
(  532) CALL LOAD (ILUNCI, YDCHEM)
(  533) CALL LOAD (ILUNCI, YDSPP_CONFIG)
(  534) CALL LOAD (ILUNCI, YDPERTPAR)
(  535) CALL LOAD (ILUNCI, KLON)
(  536) CALL LOAD (ILUNCI, KGPBLKS)
(  537) 
(  538) 
(  539) IF (NPROMA == 0) NPROMA = KLON
(  540) IF (NGPBLKS == 0) THEN
(  541)   IF (ASSOCIATED (IBLOCKLIST)) THEN
(  542)     NGPBLKS = SIZE (IBLOCKLIST)
(  543)   ELSE
(  544)     NGPBLKS = KGPBLKS
(  545)   ENDIF
(  546) ENDIF
(  547) 
(  548) IF ((NPROMA /= KLON) .OR. (NGPBLKS /= KGPBLKS) .OR. ASSOCIATED (IBLOCKLIST)) THEN
(  549) 
(  550)   ALLOCATE (YLD)
(  551) 
(  552)   IF (ASSOCIATED (IBLOCKLIST)) THEN
(  553)     CALL YLD%INIT ([KLON, KGPBLKS], [NPROMA, NGPBLKS], IBLOCKLIST)
(  554)   ELSE
(  555)     CALL YLD%INIT ([KLON, KGPBLKS], [NPROMA, NGPBLKS])
(  556)   ENDIF
(  557)   
(  558)   NPROMA = YLD%IPROMA2
(  559)   NGPBLKS = YLD%IGPBLKS2
(  560) 
(  561) ENDIF
(  562) 
(  563) KLON = NPROMA
(  564) KGPBLKS = NGPBLKS
(  565) 
(  566) 
(  567) CALL LOAD (ILUNCI, KSMAX)
(  568) CALL LOAD (ILUNCI, KLEV)
(  569) CALL LOAD (ILUNFI, PDX,                  YDD=YLD)
(  570) CALL LOAD (ILUNCI, KSPPN2D)
(  571) CALL LOAD (ILUNCI, LDMCAPEA)
(  572) CALL LOAD (ILUNFI, LDLAND,               YDD=YLD)






NVFORTRAN (Version     24.5)          03/19/2025  06:55:46      page 11

(  573) CALL LOAD (ILUNCI, LDSLPHY)
(  574) CALL LOAD (ILUNCI, PTSPHY)
(  575) CALL LOAD (ILUNCI, PVDIFTS)
(  576) CALL LOAD (ILUNFI, PTM1,                 YDD=YLD)
(  577) CALL LOAD (ILUNFI, PQM1,                 YDD=YLD)
(  578) CALL LOAD (ILUNFI, PUM1,                 YDD=YLD)
(  579) CALL LOAD (ILUNFI, PVM1,                 YDD=YLD)
(  580) CALL LOAD (ILUNFI, PLITOT,               YDD=YLD)
(  581) CALL LOAD (ILUNFI, PVERVEL,              YDD=YLD)
(  582) CALL LOAD (ILUNFI, PQHFL,                YDD=YLD)
(  583) CALL LOAD (ILUNFI, PAHFS,                YDD=YLD)
(  584) CALL LOAD (ILUNFI, PAPHM1,               YDD=YLD)
(  585) CALL LOAD (ILUNFI, PAP,                  YDD=YLD)
(  586) CALL LOAD (ILUNFI, PAPH,                 YDD=YLD)
(  587) CALL LOAD (ILUNFI, PGEO,                 YDD=YLD)
(  588) CALL LOAD (ILUNFI, PGEOH,                YDD=YLD)
(  589) CALL LOAD (ILUNFI, PGAW,                 YDD=YLD)
(  590) CALL LOAD (ILUNFI, PCUCONVCA,            YDD=YLD)
(  591) CALL LOAD (ILUNFI, PGP2DSPP,             YDD=YLD)
(  592) CALL LOAD (ILUNFI, PTENT,                YDD=YLD)
(  593) CALL LOAD (ILUNFI, PTENQ,                YDD=YLD)
(  594) CALL LOAD (ILUNFI, PTENU,                YDD=YLD)
(  595) CALL LOAD (ILUNFI, PTENV,                YDD=YLD)
(  596) CALL LOAD (ILUNFI, PTENTA,               YDD=YLD)
(  597) CALL LOAD (ILUNFI, PTENQA,               YDD=YLD)
(  598) CALL LOAD (ILUNFI, PARPRC,               YDD=YLD)
(  599) CALL LOAD (ILUNFI, KTOPC,                YDD=YLD)
(  600) CALL LOAD (ILUNFI, KBASEC,               YDD=YLD)
(  601) CALL LOAD (ILUNFI, KTYPE,                YDD=YLD)
(  602) CALL LOAD (ILUNFI, KCBOT,                YDD=YLD)
(  603) CALL LOAD (ILUNFI, KCTOP,                YDD=YLD)
(  604) CALL LOAD (ILUNFI, KBOTSC,               YDD=YLD)
(  605) CALL LOAD (ILUNFI, LDCUM,                YDD=YLD)
(  606) CALL LOAD (ILUNFI, LDSC,                 YDD=YLD)
(  607) CALL LOAD (ILUNFI, KCBOT_LIG,            YDD=YLD)
(  608) CALL LOAD (ILUNFI, KCTOP_LIG,            YDD=YLD)
(  609) CALL LOAD (ILUNFI, LDCUM_LIG,            YDD=YLD)
(  610) CALL LOAD (ILUNFI, LDSHCV,               YDD=YLD)
(  611) CALL LOAD (ILUNFI, PLCRIT_AER,           YDD=YLD)
(  612) CALL LOAD (ILUNFI, PLU,                  YDD=YLD)
(  613) CALL LOAD (ILUNFI, PLUDE,                YDD=YLD)
(  614) CALL LOAD (ILUNFI, PLUDELI,              YDD=YLD)
(  615) CALL LOAD (ILUNFI, PSNDE,                YDD=YLD)
(  616) CALL LOAD (ILUNFI, PMFU,                 YDD=YLD)
(  617) CALL LOAD (ILUNFI, PMFD,                 YDD=YLD)
(  618) CALL LOAD (ILUNFI, PLGLAC,               YDD=YLD)
(  619) CALL LOAD (ILUNFI, PDIFCQ,               YDD=YLD)
(  620) CALL LOAD (ILUNFI, PDIFCS,               YDD=YLD)
(  621) CALL LOAD (ILUNFI, PFHPCL,               YDD=YLD)
(  622) CALL LOAD (ILUNFI, PFHPCN,               YDD=YLD)
(  623) CALL LOAD (ILUNFI, PFPLCL,               YDD=YLD)
(  624) CALL LOAD (ILUNFI, PFPLCN,               YDD=YLD)
(  625) CALL LOAD (ILUNFI, PLRAIN,               YDD=YLD)
(  626) CALL LOAD (ILUNFI, PRSUD,                YDD=YLD)
(  627) CALL LOAD (ILUNFI, PSTRCU,               YDD=YLD)
(  628) CALL LOAD (ILUNFI, PSTRCV,               YDD=YLD)
(  629) CALL LOAD (ILUNFI, PFCQLF,               YDD=YLD)
(  630) CALL LOAD (ILUNFI, PFCQIF,               YDD=YLD)






NVFORTRAN (Version     24.5)          03/19/2025  06:55:46      page 12

(  631) CALL LOAD (ILUNFI, PMFUDE_RATE,          YDD=YLD)
(  632) CALL LOAD (ILUNFI, PMFDDE_RATE,          YDD=YLD)
(  633) CALL LOAD (ILUNFI, PCAPE,                YDD=YLD)
(  634) CALL LOAD (ILUNFI, PWU,                  YDD=YLD)
(  635) CALL LOAD (ILUNFI, PWMEAN,               YDD=YLD)
(  636) CALL LOAD (ILUNFI, PVDISCU,              YDD=YLD)
(  637) CALL LOAD (ILUNFI, PDISS,                YDD=YLD)
(  638) CALL LOAD (ILUNCI, KTRAC)
(  639) CALL LOAD (ILUNFI, PCM1,                 YDD=YLD)
(  640) CALL LOAD (ILUNFI, PTENC,                YDD=YLD)
(  641) CALL LOAD (ILUNCI, PSCAV)
(  642) CALL LOAD (ILUNCI, PSCAV0)
(  643) 
(  644) CLOSE (ILUNFI)
(  645) CLOSE (ILUNCI)  
(  646) 
(  647) END SUBROUTINE
(  648) 
(  649) SUBROUTINE DIFFALL
(  650) IF (LLVERBOSE) PRINT *, " DIFF..."
(  651) 
(  652) ILUNFO = 79
(  653) OPEN (ILUNFO, NAME=TRIM (CLCASE_IN)//'/CUCALLN_MF.OUT.dat', FORM='UNFORMATTED')
(  654) CALL DIFF ("PTENT      ", PTENT      , KLUN=ILUNFO, YDD=YLD)
(  655) CALL DIFF ("PTENQ      ", PTENQ      , KLUN=ILUNFO, YDD=YLD)
(  656) CALL DIFF ("PTENU      ", PTENU      , KLUN=ILUNFO, YDD=YLD)
(  657) CALL DIFF ("PTENV      ", PTENV      , KLUN=ILUNFO, YDD=YLD)
(  658) CALL DIFF ("PTENTA     ", PTENTA     , KLUN=ILUNFO, YDD=YLD)
(  659) CALL DIFF ("PTENQA     ", PTENQA     , KLUN=ILUNFO, YDD=YLD)
(  660) CALL DIFF ("PARPRC     ", PARPRC     , KLUN=ILUNFO, YDD=YLD)
(  661) CALL DIFF ("KTOPC      ", KTOPC      , KLUN=ILUNFO, YDD=YLD)
(  662) CALL DIFF ("KBASEC     ", KBASEC     , KLUN=ILUNFO, YDD=YLD)
(  663) CALL DIFF ("KTYPE      ", KTYPE      , KLUN=ILUNFO, YDD=YLD)
(  664) CALL DIFF ("KCBOT      ", KCBOT      , KLUN=ILUNFO, YDD=YLD)
(  665) CALL DIFF ("KCTOP      ", KCTOP      , KLUN=ILUNFO, YDD=YLD)
(  666) CALL DIFF ("KBOTSC     ", KBOTSC     , KLUN=ILUNFO, YDD=YLD)
(  667) CALL DIFF ("LDCUM      ", LDCUM      , KLUN=ILUNFO, YDD=YLD)
(  668) CALL DIFF ("LDSC       ", LDSC       , KLUN=ILUNFO, YDD=YLD)
(  669) CALL DIFF ("KCBOT_LIG  ", KCBOT_LIG  , KLUN=ILUNFO, YDD=YLD)
(  670) CALL DIFF ("KCTOP_LIG  ", KCTOP_LIG  , KLUN=ILUNFO, YDD=YLD)
(  671) CALL DIFF ("LDCUM_LIG  ", LDCUM_LIG  , KLUN=ILUNFO, YDD=YLD)
(  672) CALL DIFF ("PLU        ", PLU        , KLUN=ILUNFO, YDD=YLD)
(  673) CALL DIFF ("PLUDE      ", PLUDE      , KLUN=ILUNFO, YDD=YLD)
(  674) CALL DIFF ("PLUDELI    ", PLUDELI    , KLUN=ILUNFO, YDD=YLD)
(  675) CALL DIFF ("PSNDE      ", PSNDE      , KLUN=ILUNFO, YDD=YLD)
(  676) CALL DIFF ("PMFU       ", PMFU       , KLUN=ILUNFO, YDD=YLD)
(  677) CALL DIFF ("PMFD       ", PMFD       , KLUN=ILUNFO, YDD=YLD)
(  678) CALL DIFF ("PLGLAC     ", PLGLAC     , KLUN=ILUNFO, YDD=YLD)
(  679) CALL DIFF ("PDIFCQ     ", PDIFCQ     , KLUN=ILUNFO, YDD=YLD)
(  680) CALL DIFF ("PDIFCS     ", PDIFCS     , KLUN=ILUNFO, YDD=YLD)
(  681) CALL DIFF ("PFHPCL     ", PFHPCL     , KLUN=ILUNFO, YDD=YLD)
(  682) CALL DIFF ("PFHPCN     ", PFHPCN     , KLUN=ILUNFO, YDD=YLD)
(  683) CALL DIFF ("PFPLCL     ", PFPLCL     , KLUN=ILUNFO, YDD=YLD)
(  684) CALL DIFF ("PFPLCN     ", PFPLCN     , KLUN=ILUNFO, YDD=YLD)
(  685) CALL DIFF ("PLRAIN     ", PLRAIN     , KLUN=ILUNFO, YDD=YLD)
(  686) CALL DIFF ("PRSUD      ", PRSUD      , KLUN=ILUNFO, YDD=YLD)
(  687) CALL DIFF ("PSTRCU     ", PSTRCU     , KLUN=ILUNFO, YDD=YLD)
(  688) CALL DIFF ("PSTRCV     ", PSTRCV     , KLUN=ILUNFO, YDD=YLD)






NVFORTRAN (Version     24.5)          03/19/2025  06:55:46      page 13

(  689) CALL DIFF ("PFCQLF     ", PFCQLF     , KLUN=ILUNFO, YDD=YLD)
(  690) CALL DIFF ("PFCQIF     ", PFCQIF     , KLUN=ILUNFO, YDD=YLD)
(  691) CALL DIFF ("PMFUDE_RATE", PMFUDE_RATE, KLUN=ILUNFO, YDD=YLD)
(  692) CALL DIFF ("PMFDDE_RATE", PMFDDE_RATE, KLUN=ILUNFO, YDD=YLD)
(  693) CALL DIFF ("PCAPE      ", PCAPE      , KLUN=ILUNFO, YDD=YLD)
(  694) CALL DIFF ("PWU        ", PWU        , KLUN=ILUNFO, YDD=YLD)
(  695) CALL DIFF ("PWMEAN     ", PWMEAN     , KLUN=ILUNFO, YDD=YLD)
(  696) CALL DIFF ("PVDISCU    ", PVDISCU    , KLUN=ILUNFO, YDD=YLD)
(  697) CALL DIFF ("PDISS      ", PDISS      , KLUN=ILUNFO, YDD=YLD)
(  698) CALL DIFF ("PTENC      ", PTENC      , KLUN=ILUNFO, YDD=YLD)
(  699) CLOSE (ILUNFO)
(  700) 
(  701) IF (LLVERBOSE) PRINT *, " ...DIFF"
(  702) 
(  703) END SUBROUTINE
(  704) 
(  705) SUBROUTINE SAVEIALL
(  706) 
(  707) ILUNCI = 77
(  708) ILUNFI = 78
(  709) 
(  710) OPEN (ILUNCI, NAME=TRIM (CLCASE_OUT)//'/CUCALLN_MF.CONST.dat', FORM='UNFORMATTED')
(  711) OPEN (ILUNFI, NAME=TRIM (CLCASE_OUT)//'/CUCALLN_MF.IN.dat',    FORM='UNFORMATTED')
(  712) 
(  713) CALL SAVE (ILUNCI, PPLDARE)
(  714) CALL SAVE (ILUNCI, PPLRG)
(  715) CALL SAVE (ILUNCI, KSTEP)
(  716) CALL SAVE (ILUNCI, YDTHF)
(  717) CALL SAVE (ILUNCI, YDCST)
(  718) CALL SAVE (ILUNCI, YDERAD)
(  719) CALL SAVE (ILUNCI, YDML_PHY_SLIN)
(  720) CALL SAVE (ILUNCI, YDML_PHY_EC)
(  721) CALL SAVE (ILUNCI, YGFL)
(  722) CALL SAVE (ILUNCI, YDCHEM)
(  723) CALL SAVE (ILUNCI, YDSPP_CONFIG)
(  724) CALL SAVE (ILUNCI, YDPERTPAR)
(  725) CALL SAVE (ILUNCI, KLON)
(  726) CALL SAVE (ILUNCI, KGPBLKS)
(  727) CALL SAVE (ILUNCI, KSMAX)
(  728) CALL SAVE (ILUNCI, KLEV)
(  729) CALL SAVE (ILUNFI, PDX, KLBOUND=LBOUND (PDX))
(  730) CALL SAVE (ILUNCI, KSPPN2D)
(  731) CALL SAVE (ILUNCI, LDMCAPEA)
(  732) CALL SAVE (ILUNFI, LDLAND, KLBOUND=LBOUND (LDLAND))
(  733) CALL SAVE (ILUNCI, LDSLPHY)
(  734) CALL SAVE (ILUNCI, PTSPHY)
(  735) CALL SAVE (ILUNCI, PVDIFTS)
(  736) CALL SAVE (ILUNFI, PTM1, KLBOUND=LBOUND (PTM1))
(  737) CALL SAVE (ILUNFI, PQM1, KLBOUND=LBOUND (PQM1))
(  738) CALL SAVE (ILUNFI, PUM1, KLBOUND=LBOUND (PUM1))
(  739) CALL SAVE (ILUNFI, PVM1, KLBOUND=LBOUND (PVM1))
(  740) CALL SAVE (ILUNFI, PLITOT, KLBOUND=LBOUND (PLITOT))
(  741) CALL SAVE (ILUNFI, PVERVEL, KLBOUND=LBOUND (PVERVEL))
(  742) CALL SAVE (ILUNFI, PQHFL, KLBOUND=LBOUND (PQHFL))
(  743) CALL SAVE (ILUNFI, PAHFS, KLBOUND=LBOUND (PAHFS))
(  744) CALL SAVE (ILUNFI, PAPHM1, KLBOUND=LBOUND (PAPHM1))
(  745) CALL SAVE (ILUNFI, PAP, KLBOUND=LBOUND (PAP))
(  746) CALL SAVE (ILUNFI, PAPH, KLBOUND=LBOUND (PAPH))






NVFORTRAN (Version     24.5)          03/19/2025  06:55:46      page 14

(  747) CALL SAVE (ILUNFI, PGEO, KLBOUND=LBOUND (PGEO))
(  748) CALL SAVE (ILUNFI, PGEOH, KLBOUND=LBOUND (PGEOH))
(  749) CALL SAVE (ILUNFI, PGAW, KLBOUND=LBOUND (PGAW))
(  750) CALL SAVE (ILUNFI, PCUCONVCA, KLBOUND=LBOUND (PCUCONVCA))
(  751) CALL SAVE (ILUNFI, PGP2DSPP, KLBOUND=LBOUND (PGP2DSPP))
(  752) CALL SAVE (ILUNFI, PTENT, KLBOUND=LBOUND (PTENT))
(  753) CALL SAVE (ILUNFI, PTENQ, KLBOUND=LBOUND (PTENQ))
(  754) CALL SAVE (ILUNFI, PTENU, KLBOUND=LBOUND (PTENU))
(  755) CALL SAVE (ILUNFI, PTENV, KLBOUND=LBOUND (PTENV))
(  756) CALL SAVE (ILUNFI, PTENTA, KLBOUND=LBOUND (PTENTA))
(  757) CALL SAVE (ILUNFI, PTENQA, KLBOUND=LBOUND (PTENQA))
(  758) CALL SAVE (ILUNFI, PARPRC, KLBOUND=LBOUND (PARPRC))
(  759) CALL SAVE (ILUNFI, KTOPC, KLBOUND=LBOUND (KTOPC))
(  760) CALL SAVE (ILUNFI, KBASEC, KLBOUND=LBOUND (KBASEC))
(  761) CALL SAVE (ILUNFI, KTYPE, KLBOUND=LBOUND (KTYPE))
(  762) CALL SAVE (ILUNFI, KCBOT, KLBOUND=LBOUND (KCBOT))
(  763) CALL SAVE (ILUNFI, KCTOP, KLBOUND=LBOUND (KCTOP))
(  764) CALL SAVE (ILUNFI, KBOTSC, KLBOUND=LBOUND (KBOTSC))
(  765) CALL SAVE (ILUNFI, LDCUM, KLBOUND=LBOUND (LDCUM))
(  766) CALL SAVE (ILUNFI, LDSC, KLBOUND=LBOUND (LDSC))
(  767) CALL SAVE (ILUNFI, KCBOT_LIG, KLBOUND=LBOUND (KCBOT_LIG))
(  768) CALL SAVE (ILUNFI, KCTOP_LIG, KLBOUND=LBOUND (KCTOP_LIG))
(  769) CALL SAVE (ILUNFI, LDCUM_LIG, KLBOUND=LBOUND (LDCUM_LIG))
(  770) CALL SAVE (ILUNFI, LDSHCV, KLBOUND=LBOUND (LDSHCV))
(  771) CALL SAVE (ILUNFI, PLCRIT_AER, KLBOUND=LBOUND (PLCRIT_AER))
(  772) CALL SAVE (ILUNFI, PLU, KLBOUND=LBOUND (PLU))
(  773) CALL SAVE (ILUNFI, PLUDE, KLBOUND=LBOUND (PLUDE))
(  774) CALL SAVE (ILUNFI, PLUDELI, KLBOUND=LBOUND (PLUDELI))
(  775) CALL SAVE (ILUNFI, PSNDE, KLBOUND=LBOUND (PSNDE))
(  776) CALL SAVE (ILUNFI, PMFU, KLBOUND=LBOUND (PMFU))
(  777) CALL SAVE (ILUNFI, PMFD, KLBOUND=LBOUND (PMFD))
(  778) CALL SAVE (ILUNFI, PLGLAC, KLBOUND=LBOUND (PLGLAC))
(  779) CALL SAVE (ILUNFI, PDIFCQ, KLBOUND=LBOUND (PDIFCQ))
(  780) CALL SAVE (ILUNFI, PDIFCS, KLBOUND=LBOUND (PDIFCS))
(  781) CALL SAVE (ILUNFI, PFHPCL, KLBOUND=LBOUND (PFHPCL))
(  782) CALL SAVE (ILUNFI, PFHPCN, KLBOUND=LBOUND (PFHPCN))
(  783) CALL SAVE (ILUNFI, PFPLCL, KLBOUND=LBOUND (PFPLCL))
(  784) CALL SAVE (ILUNFI, PFPLCN, KLBOUND=LBOUND (PFPLCN))
(  785) CALL SAVE (ILUNFI, PLRAIN, KLBOUND=LBOUND (PLRAIN))
(  786) CALL SAVE (ILUNFI, PRSUD, KLBOUND=LBOUND (PRSUD))
(  787) CALL SAVE (ILUNFI, PSTRCU, KLBOUND=LBOUND (PSTRCU))
(  788) CALL SAVE (ILUNFI, PSTRCV, KLBOUND=LBOUND (PSTRCV))
(  789) CALL SAVE (ILUNFI, PFCQLF, KLBOUND=LBOUND (PFCQLF))
(  790) CALL SAVE (ILUNFI, PFCQIF, KLBOUND=LBOUND (PFCQIF))
(  791) CALL SAVE (ILUNFI, PMFUDE_RATE, KLBOUND=LBOUND (PMFUDE_RATE))
(  792) CALL SAVE (ILUNFI, PMFDDE_RATE, KLBOUND=LBOUND (PMFDDE_RATE))
(  793) CALL SAVE (ILUNFI, PCAPE, KLBOUND=LBOUND (PCAPE))
(  794) CALL SAVE (ILUNFI, PWU, KLBOUND=LBOUND (PWU))
(  795) CALL SAVE (ILUNFI, PWMEAN, KLBOUND=LBOUND (PWMEAN))
(  796) CALL SAVE (ILUNFI, PVDISCU, KLBOUND=LBOUND (PVDISCU))
(  797) CALL SAVE (ILUNFI, PDISS, KLBOUND=LBOUND (PDISS))
(  798) CALL SAVE (ILUNCI, KTRAC)
(  799) CALL SAVE (ILUNFI, PCM1, KLBOUND=LBOUND (PCM1))
(  800) CALL SAVE (ILUNFI, PTENC, KLBOUND=LBOUND (PTENC))
(  801) CALL SAVE (ILUNCI, PSCAV, KLBOUND=LBOUND (PSCAV))
(  802) CALL SAVE (ILUNCI, PSCAV0, KLBOUND=LBOUND (PSCAV0))
(  803) 
(  804) CLOSE (ILUNFI)






NVFORTRAN (Version     24.5)          03/19/2025  06:55:46      page 15

(  805) CLOSE (ILUNCI)  
(  806) 
(  807) END SUBROUTINE
(  808) 
(  809) SUBROUTINE SAVEOALL
(  810) 
(  811) ILUNFO = 79
(  812) OPEN (ILUNFO, NAME=TRIM (CLCASE_OUT)//'/CUCALLN_MF.OUT.dat', FORM='UNFORMATTED')
(  813) CALL SAVE (ILUNFO, PTENT, KLBOUND=LBOUND (PTENT))
(  814) CALL SAVE (ILUNFO, PTENQ, KLBOUND=LBOUND (PTENQ))
(  815) CALL SAVE (ILUNFO, PTENU, KLBOUND=LBOUND (PTENU))
(  816) CALL SAVE (ILUNFO, PTENV, KLBOUND=LBOUND (PTENV))
(  817) CALL SAVE (ILUNFO, PTENTA, KLBOUND=LBOUND (PTENTA))
(  818) CALL SAVE (ILUNFO, PTENQA, KLBOUND=LBOUND (PTENQA))
(  819) CALL SAVE (ILUNFO, PARPRC, KLBOUND=LBOUND (PARPRC))
(  820) CALL SAVE (ILUNFO, KTOPC, KLBOUND=LBOUND (KTOPC))
(  821) CALL SAVE (ILUNFO, KBASEC, KLBOUND=LBOUND (KBASEC))
(  822) CALL SAVE (ILUNFO, KTYPE, KLBOUND=LBOUND (KTYPE))
(  823) CALL SAVE (ILUNFO, KCBOT, KLBOUND=LBOUND (KCBOT))
(  824) CALL SAVE (ILUNFO, KCTOP, KLBOUND=LBOUND (KCTOP))
(  825) CALL SAVE (ILUNFO, KBOTSC, KLBOUND=LBOUND (KBOTSC))
(  826) CALL SAVE (ILUNFO, LDCUM, KLBOUND=LBOUND (LDCUM))
(  827) CALL SAVE (ILUNFO, LDSC, KLBOUND=LBOUND (LDSC))
(  828) CALL SAVE (ILUNFO, KCBOT_LIG, KLBOUND=LBOUND (KCBOT_LIG))
(  829) CALL SAVE (ILUNFO, KCTOP_LIG, KLBOUND=LBOUND (KCTOP_LIG))
(  830) CALL SAVE (ILUNFO, LDCUM_LIG, KLBOUND=LBOUND (LDCUM_LIG))
(  831) CALL SAVE (ILUNFO, PLU, KLBOUND=LBOUND (PLU))
(  832) CALL SAVE (ILUNFO, PLUDE, KLBOUND=LBOUND (PLUDE))
(  833) CALL SAVE (ILUNFO, PLUDELI, KLBOUND=LBOUND (PLUDELI))
(  834) CALL SAVE (ILUNFO, PSNDE, KLBOUND=LBOUND (PSNDE))
(  835) CALL SAVE (ILUNFO, PMFU, KLBOUND=LBOUND (PMFU))
(  836) CALL SAVE (ILUNFO, PMFD, KLBOUND=LBOUND (PMFD))
(  837) CALL SAVE (ILUNFO, PLGLAC, KLBOUND=LBOUND (PLGLAC))
(  838) CALL SAVE (ILUNFO, PDIFCQ, KLBOUND=LBOUND (PDIFCQ))
(  839) CALL SAVE (ILUNFO, PDIFCS, KLBOUND=LBOUND (PDIFCS))
(  840) CALL SAVE (ILUNFO, PFHPCL, KLBOUND=LBOUND (PFHPCL))
(  841) CALL SAVE (ILUNFO, PFHPCN, KLBOUND=LBOUND (PFHPCN))
(  842) CALL SAVE (ILUNFO, PFPLCL, KLBOUND=LBOUND (PFPLCL))
(  843) CALL SAVE (ILUNFO, PFPLCN, KLBOUND=LBOUND (PFPLCN))
(  844) CALL SAVE (ILUNFO, PLRAIN, KLBOUND=LBOUND (PLRAIN))
(  845) CALL SAVE (ILUNFO, PRSUD, KLBOUND=LBOUND (PRSUD))
(  846) CALL SAVE (ILUNFO, PSTRCU, KLBOUND=LBOUND (PSTRCU))
(  847) CALL SAVE (ILUNFO, PSTRCV, KLBOUND=LBOUND (PSTRCV))
(  848) CALL SAVE (ILUNFO, PFCQLF, KLBOUND=LBOUND (PFCQLF))
(  849) CALL SAVE (ILUNFO, PFCQIF, KLBOUND=LBOUND (PFCQIF))
(  850) CALL SAVE (ILUNFO, PMFUDE_RATE, KLBOUND=LBOUND (PMFUDE_RATE))
(  851) CALL SAVE (ILUNFO, PMFDDE_RATE, KLBOUND=LBOUND (PMFDDE_RATE))
(  852) CALL SAVE (ILUNFO, PCAPE, KLBOUND=LBOUND (PCAPE))
(  853) CALL SAVE (ILUNFO, PWU, KLBOUND=LBOUND (PWU))
(  854) CALL SAVE (ILUNFO, PWMEAN, KLBOUND=LBOUND (PWMEAN))
(  855) CALL SAVE (ILUNFO, PVDISCU, KLBOUND=LBOUND (PVDISCU))
(  856) CALL SAVE (ILUNFO, PDISS, KLBOUND=LBOUND (PDISS))
(  857) CALL SAVE (ILUNFO, PTENC, KLBOUND=LBOUND (PTENC))
(  858) CLOSE (ILUNFO)
(  859) 
(  860) END SUBROUTINE
(  861) 
(  862) SUBROUTINE COPY_RESET






NVFORTRAN (Version     24.5)          03/19/2025  06:55:46      page 16

(  863) 
(  864) PDX(:,:) = PDX_INI(:,:)
(  865) LDLAND(:,:) = LDLAND_INI(:,:)
(  866) PTM1(:,:,:) = PTM1_INI(:,:,:)
(  867) PQM1(:,:,:) = PQM1_INI(:,:,:)
(  868) PUM1(:,:,:) = PUM1_INI(:,:,:)
(  869) PVM1(:,:,:) = PVM1_INI(:,:,:)
(  870) PLITOT(:,:,:) = PLITOT_INI(:,:,:)
(  871) PVERVEL(:,:,:) = PVERVEL_INI(:,:,:)
(  872) PQHFL(:,:,:) = PQHFL_INI(:,:,:)
(  873) PAHFS(:,:,:) = PAHFS_INI(:,:,:)
(  874) PAPHM1(:,:,:) = PAPHM1_INI(:,:,:)
(  875) PAP(:,:,:) = PAP_INI(:,:,:)
(  876) PAPH(:,:,:) = PAPH_INI(:,:,:)
(  877) PGEO(:,:,:) = PGEO_INI(:,:,:)
(  878) PGEOH(:,:,:) = PGEOH_INI(:,:,:)
(  879) PGAW(:,:) = PGAW_INI(:,:)
(  880) PCUCONVCA(:,:) = PCUCONVCA_INI(:,:)
(  881) PGP2DSPP(:,:,:) = PGP2DSPP_INI(:,:,:)
(  882) PTENT(:,:,:) = PTENT_INI(:,:,:)
(  883) PTENQ(:,:,:) = PTENQ_INI(:,:,:)
(  884) PTENU(:,:,:) = PTENU_INI(:,:,:)
(  885) PTENV(:,:,:) = PTENV_INI(:,:,:)
(  886) PTENTA(:,:,:) = PTENTA_INI(:,:,:)
(  887) PTENQA(:,:,:) = PTENQA_INI(:,:,:)
(  888) PARPRC(:,:) = PARPRC_INI(:,:)
(  889) KTOPC(:,:) = KTOPC_INI(:,:)
(  890) KBASEC(:,:) = KBASEC_INI(:,:)
(  891) KTYPE(:,:) = KTYPE_INI(:,:)
(  892) KCBOT(:,:) = KCBOT_INI(:,:)
(  893) KCTOP(:,:) = KCTOP_INI(:,:)
(  894) KBOTSC(:,:) = KBOTSC_INI(:,:)
(  895) LDCUM(:,:) = LDCUM_INI(:,:)
(  896) LDSC(:,:) = LDSC_INI(:,:)
(  897) KCBOT(:,:) = KCBOT_LIG_INI(:,:)
(  898) KCTOP(:,:) = KCTOP_LIG_INI(:,:)
(  899) LDCUM(:,:) = LDCUM_LIG_INI(:,:)
(  900) LDSHCV(:,:) = LDSHCV_INI(:,:)
(  901) PLCRIT_AER(:,:,:) = PLCRIT_AER_INI(:,:,:)
(  902) PLU(:,:,:) = PLU_INI(:,:,:)
(  903) PLUDE(:,:,:) = PLUDE_INI(:,:,:)
(  904) PLUDELI = PLUDELI_INI
(  905) PSNDE(:,:,:,:) = PSNDE_INI(:,:,:,:)
(  906) PMFU(:,:,:) = PMFU_INI(:,:,:)
(  907) PMFD(:,:,:) = PMFD_INI(:,:,:)
(  908) PLGLAC(:,:,:) = PLGLAC_INI(:,:,:)
(  909) PDIFCQ(:,:,:) = PDIFCQ_INI(:,:,:)
(  910) PDIFCS(:,:,:) = PDIFCS_INI(:,:,:)
(  911) PFHPCL(:,:,:) = PFHPCL_INI(:,:,:)
(  912) PFHPCN(:,:,:) = PFHPCN_INI(:,:,:)
(  913) PFPLCL(:,:,:) = PFPLCL_INI(:,:,:)
(  914) PFPLCN(:,:,:) = PFPLCN_INI(:,:,:)
(  915) PLRAIN(:,:,:) = PLRAIN_INI(:,:,:)
(  916) PRSUD(:,:,:,:) = PRSUD_INI(:,:,:,:)
(  917) PSTRCU(:,:,:) = PSTRCU_INI(:,:,:)
(  918) PSTRCV(:,:,:) = PSTRCV_INI(:,:,:)
(  919) PFCQLF(:,:,:) = PFCQLF_INI(:,:,:)
(  920) PFCQIF(:,:,:) = PFCQIF_INI(:,:,:)






NVFORTRAN (Version     24.5)          03/19/2025  06:55:46      page 17

(  921) PMFUDE_RATE(:,:,:) = PMFUDE_RATE_INI(:,:,:)
(  922) PMFDDE_RATE(:,:,:) = PMFDDE_RATE_INI(:,:,:)
(  923) PCAPE(:,:) = PCAPE_INI(:,:)
(  924) PWU_INI(:,:,:) = PWU(:,:,:)
(  925) PWMEAN(:,:) = PWMEAN_INI(:,:)
(  926) PVDISCU(:,:) = PVDISCU_INI(:,:)
(  927) PDISS(:,:,:) = PDISS_INI(:,:,:)
(  928) PCM1(:,:,:,:) = PCM1_INI(:,:,:,:)
(  929) PTENC(:,:,:,:) = PTENC_INI(:,:,:,:)
(  930) PSCAV(:)  = PSCAV_INI(:)
(  931) PSCAV0(:)  = PSCAV0_INI(:)
(  932) 
(  933) !$ACC UPDATE DEVICE (PDX, LDLAND, PTM1, PQM1, PUM1, PVM1, PLITOT, PVERVEL, PQHFL, PAHFS, PAPHM1, PAP, PAPH, PGEO, PGEOH, &
(  934) !$ACC&           PGAW, PCUCONVCA, PGP2DSPP, PTENT, PTENQ, PTENU, PTENV, PTENTA, PTENQA, PARPRC, KTOPC, KBASEC, KTYPE, &
(  935) !$ACC&           KCBOT, KCTOP, KBOTSC, LDCUM, LDSC, KCBOT_LIG, KCTOP_LIG, LDCUM_LIG, LDSHCV, PLCRIT_AER, PLU, PLUDE, &
(  936) !$ACC&           PLUDELI, PSNDE, PMFU, PMFD, PLGLAC, PDIFCQ, PDIFCS, PFHPCL, PFHPCN, PFPLCL, PFPLCN, PLRAIN, PRSUD, &
(  937) !$ACC&           PSTRCU, PSTRCV, PFCQLF, PFCQIF, PMFUDE_RATE, PMFDDE_RATE, PCAPE, PWU, PWMEAN, PVDISCU, PDISS, PCM1, &
(  938) !$ACC&           PTENC, PSCAV, PSCAV0) IF (TRIM (CLMETHOD) == 'openaccsinglecolumn')
(  939) 
(  940) END SUBROUTINE
(  941) 
(  942) SUBROUTINE COPY_INI
(  943)   CALL ALLOC(PDX_INI,PDX)
(  944)   CALL ALLOC(LDLAND_INI,LDLAND)
(  945)   CALL ALLOC(PTM1_INI,PTM1)
(  946)   CALL ALLOC(PQM1_INI,PQM1)
(  947)   CALL ALLOC(PUM1_INI,PUM1)
(  948)   CALL ALLOC(PVM1_INI,PVM1)
(  949)   CALL ALLOC(PLITOT_INI,PLITOT)
(  950)   CALL ALLOC(PVERVEL_INI,PVERVEL)
(  951)   CALL ALLOC(PQHFL_INI,PQHFL)
(  952)   CALL ALLOC(PAHFS_INI,PAHFS)
(  953)   CALL ALLOC(PAPHM1_INI,PAPHM1)
(  954)   CALL ALLOC(PAP_INI,PAP)
(  955)   CALL ALLOC(PAPH_INI,PAPH)
(  956)   CALL ALLOC(PGEO_INI,PGEO)
(  957)   CALL ALLOC(PGEOH_INI,PGEOH)
(  958)   CALL ALLOC(PGAW_INI,PGAW)
(  959)   CALL ALLOC(PCUCONVCA_INI,PCUCONVCA)
(  960)   CALL ALLOC(PGP2DSPP_INI,PGP2DSPP)
(  961)   CALL ALLOC(PTENT_INI,PTENT)
(  962)   CALL ALLOC(PTENQ_INI,PTENQ)
(  963)   CALL ALLOC(PTENU_INI,PTENU)
(  964)   CALL ALLOC(PTENV_INI,PTENV)
(  965)   CALL ALLOC(PTENTA_INI,PTENTA)
(  966)   CALL ALLOC(PTENQA_INI,PTENQA)
(  967)   CALL ALLOC(PARPRC_INI,PARPRC)
(  968)   CALL ALLOC(KTOPC_INI,KTOPC)
(  969)   CALL ALLOC(KBASEC_INI,KBASEC)
(  970)   CALL ALLOC(KTYPE_INI,KTYPE)
(  971)   CALL ALLOC(KCBOT_INI,KCBOT)
(  972)   CALL ALLOC(KCTOP_INI,KCTOP)
(  973)   CALL ALLOC(KBOTSC_INI,KBOTSC)
(  974)   CALL ALLOC(LDCUM_INI,LDCUM)
(  975)   CALL ALLOC(LDSC_INI,LDSC)
(  976)   CALL ALLOC(KCBOT_LIG_INI,KCBOT_LIG)
(  977)   CALL ALLOC(KCTOP_LIG_INI,KCTOP_LIG)
(  978)   CALL ALLOC(LDCUM_LIG_INI,LDCUM_LIG)






NVFORTRAN (Version     24.5)          03/19/2025  06:55:46      page 18

(  979)   CALL ALLOC(LDSHCV_INI,LDSHCV)
(  980)   CALL ALLOC(PLCRIT_AER_INI,PLCRIT_AER)
(  981)   CALL ALLOC(PLU_INI,PLU)
(  982)   CALL ALLOC(PLUDE_INI,PLUDE)
(  983)   CALL ALLOC(PLUDELI_INI,PLUDELI)
(  984)   CALL ALLOC(PSNDE_INI,PSNDE)
(  985)   CALL ALLOC(PMFU_INI,PMFU)
(  986)   CALL ALLOC(PMFD_INI,PMFD)
(  987)   CALL ALLOC(PLGLAC_INI,PLGLAC)
(  988)   CALL ALLOC(PDIFCQ_INI,PDIFCQ)
(  989)   CALL ALLOC(PDIFCS_INI,PDIFCS)
(  990)   CALL ALLOC(PFHPCL_INI,PFHPCL)
(  991)   CALL ALLOC(PFHPCN_INI,PFHPCN)
(  992)   CALL ALLOC(PFPLCL_INI,PFPLCL)
(  993)   CALL ALLOC(PFPLCN_INI,PFPLCN)
(  994)   CALL ALLOC(PLRAIN_INI,PLRAIN)
(  995)   CALL ALLOC(PRSUD_INI,PRSUD)
(  996)   CALL ALLOC(PSTRCU_INI,PSTRCU)
(  997)   CALL ALLOC(PSTRCV_INI,PSTRCV)
(  998)   CALL ALLOC(PFCQLF_INI,PFCQLF)
(  999)   CALL ALLOC(PFCQIF_INI,PFCQIF)
( 1000)   CALL ALLOC(PMFUDE_RATE_INI,PMFUDE_RATE)
( 1001)   CALL ALLOC(PMFDDE_RATE_INI,PMFDDE_RATE)
( 1002)   CALL ALLOC(PCAPE_INI,PCAPE)
( 1003)   CALL ALLOC(PWU_INI,PWU)
( 1004)   CALL ALLOC(PWMEAN_INI,PWMEAN)
( 1005)   CALL ALLOC(PVDISCU_INI,PVDISCU)
( 1006)   CALL ALLOC(PDISS_INI,PDISS)
( 1007)   CALL ALLOC(PCM1_INI,PCM1)
( 1008)   CALL ALLOC(PTENC_INI,PTENC)
( 1009)   CALL ALLOC(PSCAV_INI,PSCAV)
( 1010)   CALL ALLOC(PSCAV0_INI,PSCAV0)
( 1011) END SUBROUTINE
( 1012) 
( 1013) END 
( 1014) 




























NVFORTRAN (Version     24.5)          03/19/2025  06:55:46      page 19

(    1) # 1 "./main_cucalln_mf.F90"
(    1) PROGRAM MAIN_CUCALLN_MF 
(    2) # 3 "./main_cucalln_mf.F90"
(    3) USE MODEL_PHYSICS_ECMWF_MOD      , ONLY : MODEL_PHYSICS_ECMWF_TYPE
(    4) USE MODEL_PHYSICS_SIMPLINEAR_MOD , ONLY : MODEL_PHYSICS_SIMPLINEAR_TYPE
(    5) USE YOERAD                       , ONLY : TERAD
(    6) USE YOM_YGFL                     , ONLY : TYPE_GFLD
(    7) USE YOMCHEM                      , ONLY : TCHEM
(    8) USE SPP_MOD                      , ONLY : TSPP_CONFIG
(    9) USE PARKIND1                     , ONLY : JPIM     ,JPRB
(   10) USE YOMHOOK                      , ONLY : LHOOK,   DR_HOOK, JPHOOK
(   11) # 12 "./main_cucalln_mf.F90"
(   12) USE YOMCST                       , ONLY : TCST  
(   13) USE YOETHF                       , ONLY : TTHF 
(   14) USE YOMPERTPAR                   , ONLY : TPERTPAR
(   15) # 16 "./main_cucalln_mf.F90"
(   16) USE UTIL_MODEL_PHYSICS_ECMWF_TYPE_MOD
(   17) USE UTIL_MODEL_PHYSICS_SIMPLINEAR_TYPE_MOD
(   18) USE UTIL_TERAD_MOD
(   19) USE UTIL_TYPE_GFLD_MOD
(   20) USE UTIL_TCHEM_MOD
(   21) USE UTIL_TSPP_CONFIG_MOD
(   22) USE UTIL_TCST_MOD
(   23) USE UTIL_TTHF_MOD
(   24) USE UTIL_TPERTPAR_MOD
(   25) # 26 "./main_cucalln_mf.F90"
(   26) USE YOMDATA
(   27) # 28 "./main_cucalln_mf.F90"
(   28) USE YOMALLOC
(   29) USE XRD_GETOPTIONS
(   30) USE XRD_UNIX_ENV
(   31) # 32 "./main_cucalln_mf.F90"
(   32) USE YOMHOOK
(   33) # 34 "./main_cucalln_mf.F90"
(   34) # 1 "./stack.h"
(    1) # 10 "./stack.h"
(   10) USE PARKIND1, ONLY : JPRB
(   11) # 17 "./stack.h"
(   17)   
(   18) # 20 "./stack.h"
(   20)   
(   21) # 32 "./stack.h"
(   32)   
(   33) # 35 "./main_cucalln_mf.F90"
(   35) # 36 "./main_cucalln_mf.F90"
(   36) USE STACK_MOD
(   37) # 38 "./main_cucalln_mf.F90"
(   38) USE CUCALLN_MF_LOKI_MOD
(   39) # 40 "./main_cucalln_mf.F90"
(   40) USE, INTRINSIC :: ISO_FORTRAN_ENV, ONLY : STDOUT => OUTPUT_UNIT
(   41) # 42 "./main_cucalln_mf.F90"
(   42) IMPLICIT NONE
(   43) # 45 "./main_cucalln_mf.F90"
(   45) REAL(KIND=JPRB)                      :: PPLDARE
(   46) REAL(KIND=JPRB)                      :: PPLRG
(   47) INTEGER(KIND=JPIM)                   :: KSTEP
(   48) TYPE(TTHF)                           :: YDTHF
(   49) TYPE(TCST)                           :: YDCST






NVFORTRAN (Version     24.5)          03/19/2025  06:55:46      page 20

(   50) TYPE(TERAD)                          :: YDERAD
(   51) TYPE(MODEL_PHYSICS_SIMPLINEAR_TYPE)  :: YDML_PHY_SLIN
(   52) TYPE(MODEL_PHYSICS_ECMWF_TYPE)       :: YDML_PHY_EC
(   53) TYPE(TYPE_GFLD)                      :: YGFL
(   54) TYPE(TCHEM)                          :: YDCHEM
(   55) TYPE(TSPP_CONFIG)                    :: YDSPP_CONFIG
(   56) TYPE(TPERTPAR)                       :: YDPERTPAR
(   57) INTEGER(KIND=JPIM)                   :: KLON,KGPBLKS
(   58) INTEGER(KIND=JPIM)                   :: KSMAX 
(   59) INTEGER(KIND=JPIM)                   :: KLEV 
(   60) INTEGER(KIND=JPIM)                   :: KSPPN2D
(   61) INTEGER(KIND=JPIM)                   :: KTRAC 
(   62) LOGICAL                              :: LDMCAPEA
(   63) LOGICAL                              :: LDSLPHY 
(   64) REAL(KIND=JPRB)                      :: PTSPHY 
(   65) REAL(KIND=JPRB)                      :: PVDIFTS
(   66) LOGICAL                           , POINTER  :: LDLAND(:,:)
(   67) REAL(KIND=JPRB)                   , POINTER  :: PLCRIT_AER(:,:,:)
(   68) REAL(KIND=JPRB)                   , POINTER  :: PTM1(:,:,:)
(   69) REAL(KIND=JPRB)                   , POINTER  :: PQM1(:,:,:)
(   70) REAL(KIND=JPRB)                   , POINTER  :: PUM1(:,:,:)
(   71) REAL(KIND=JPRB)                   , POINTER  :: PVM1(:,:,:)
(   72) REAL(KIND=JPRB)                   , POINTER  :: PCM1(:,:,:,:)
(   73) REAL(KIND=JPRB)                   , POINTER  :: PLITOT(:,:,:)
(   74) REAL(KIND=JPRB)                   , POINTER  :: PVERVEL(:,:,:)
(   75) REAL(KIND=JPRB)                   , POINTER  :: PQHFL(:,:,:)
(   76) REAL(KIND=JPRB)                   , POINTER  :: PAHFS(:,:,:)
(   77) REAL(KIND=JPRB)                   , POINTER  :: PAPHM1(:,:,:)
(   78) REAL(KIND=JPRB)                   , POINTER  :: PAP(:,:,:)
(   79) REAL(KIND=JPRB)                   , POINTER  :: PAPH(:,:,:)
(   80) REAL(KIND=JPRB)                   , POINTER  :: PGEO(:,:,:)
(   81) REAL(KIND=JPRB)                   , POINTER  :: PGEOH(:,:,:)
(   82) REAL(KIND=JPRB)                   , POINTER  :: PTENT(:,:,:)
(   83) REAL(KIND=JPRB)                   , POINTER  :: PTENQ(:,:,:)
(   84) REAL(KIND=JPRB)                   , POINTER  :: PTENU(:,:,:)
(   85) REAL(KIND=JPRB)                   , POINTER  :: PTENV(:,:,:)
(   86) REAL(KIND=JPRB)                   , POINTER  :: PTENTA(:,:,:)
(   87) REAL(KIND=JPRB)                   , POINTER  :: PTENQA(:,:,:)
(   88) REAL(KIND=JPRB)                   , POINTER  :: PGAW(:,:)
(   89) REAL(KIND=JPRB)                   , POINTER  :: PCUCONVCA(:,:)
(   90) REAL(KIND=JPRB)                   , POINTER  :: PGP2DSPP(:,:,:)
(   91) REAL(KIND=JPRB)                   , POINTER  :: PSCAV(:) 
(   92) REAL(KIND=JPRB)                   , POINTER  :: PSCAV0(:) 
(   93) REAL(KIND=JPRB)                   , POINTER  :: PDX(:,:)
(   94) REAL(KIND=JPRB)                   , POINTER  :: PTENC(:,:,:,:)
(   95) REAL(KIND=JPRB)                   , POINTER  :: PARPRC(:,:)
(   96) INTEGER(KIND=JPIM)                , POINTER  :: KTOPC(:,:)
(   97) INTEGER(KIND=JPIM)                , POINTER  :: KBASEC(:,:)
(   98) INTEGER(KIND=JPIM)                , POINTER  :: KTYPE(:,:)
(   99) INTEGER(KIND=JPIM)                , POINTER  :: KCBOT(:,:)
(  100) INTEGER(KIND=JPIM)                , POINTER  :: KCTOP(:,:)
(  101) INTEGER(KIND=JPIM)                , POINTER  :: KCBOT_LIG(:,:)
(  102) INTEGER(KIND=JPIM)                , POINTER  :: KCTOP_LIG(:,:)
(  103) INTEGER(KIND=JPIM)                , POINTER  :: KBOTSC(:,:)
(  104) LOGICAL                           , POINTER  :: LDCUM(:,:)
(  105) LOGICAL                           , POINTER  :: LDCUM_LIG(:,:)
(  106) LOGICAL                           , POINTER  :: LDSC(:,:)
(  107) LOGICAL                           , POINTER  :: LDSHCV(:,:)






NVFORTRAN (Version     24.5)          03/19/2025  06:55:46      page 21

(  108) REAL(KIND=JPRB)                   , POINTER  :: PLU(:,:,:)
(  109) REAL(KIND=JPRB)                   , POINTER  :: PLUDE(:,:,:)
(  110) REAL(KIND=JPRB)                   , POINTER  :: PLUDELI(:,:,:,:)
(  111) REAL(KIND=JPRB)                   , POINTER  :: PSNDE(:,:,:,:)
(  112) REAL(KIND=JPRB)                   , POINTER  :: PMFU(:,:,:)
(  113) REAL(KIND=JPRB)                   , POINTER  :: PMFD(:,:,:)
(  114) REAL(KIND=JPRB)                   , POINTER  :: PLGLAC(:,:,:)
(  115) REAL(KIND=JPRB)                   , POINTER  :: PDIFCQ(:,:,:)
(  116) REAL(KIND=JPRB)                   , POINTER  :: PDIFCS(:,:,:)
(  117) REAL(KIND=JPRB)                   , POINTER  :: PFHPCL(:,:,:)
(  118) REAL(KIND=JPRB)                   , POINTER  :: PFHPCN(:,:,:)
(  119) REAL(KIND=JPRB)                   , POINTER  :: PFPLCL(:,:,:)
(  120) REAL(KIND=JPRB)                   , POINTER  :: PFPLCN(:,:,:)
(  121) REAL(KIND=JPRB)                   , POINTER  :: PLRAIN(:,:,:)
(  122) REAL(KIND=JPRB)                   , POINTER  :: PRSUD(:,:,:,:)
(  123) REAL(KIND=JPRB)                   , POINTER  :: PSTRCU(:,:,:)
(  124) REAL(KIND=JPRB)                   , POINTER  :: PSTRCV(:,:,:)
(  125) REAL(KIND=JPRB)                   , POINTER  :: PFCQLF(:,:,:)
(  126) REAL(KIND=JPRB)                   , POINTER  :: PFCQIF(:,:,:)
(  127) REAL(KIND=JPRB)                   , POINTER  :: PMFUDE_RATE(:,:,:)
(  128) REAL(KIND=JPRB)                   , POINTER  :: PMFDDE_RATE(:,:,:)
(  129) REAL(KIND=JPRB)                   , POINTER  :: PCAPE(:,:)
(  130) REAL(KIND=JPRB)                   , POINTER  :: PWMEAN(:,:)
(  131) REAL(KIND=JPRB)                   , POINTER  :: PVDISCU(:,:)
(  132) REAL(KIND=JPRB)                   , POINTER  :: PWU(:,:,:)
(  133) REAL(KIND=JPRB)                   , POINTER  :: PDISS(:,:,:)
(  134) # 135 "./main_cucalln_mf.F90"
(  135) LOGICAL                           , POINTER  :: LDLAND_INI(:,:)
(  136) REAL(KIND=JPRB)                   , POINTER  :: PLCRIT_AER_INI(:,:,:)
(  137) REAL(KIND=JPRB)                   , POINTER  :: PTM1_INI(:,:,:)
(  138) REAL(KIND=JPRB)                   , POINTER  :: PQM1_INI(:,:,:)
(  139) REAL(KIND=JPRB)                   , POINTER  :: PUM1_INI(:,:,:)
(  140) REAL(KIND=JPRB)                   , POINTER  :: PVM1_INI(:,:,:)
(  141) REAL(KIND=JPRB)                   , POINTER  :: PCM1_INI(:,:,:,:)
(  142) REAL(KIND=JPRB)                   , POINTER  :: PLITOT_INI(:,:,:)
(  143) REAL(KIND=JPRB)                   , POINTER  :: PVERVEL_INI(:,:,:)
(  144) REAL(KIND=JPRB)                   , POINTER  :: PQHFL_INI(:,:,:)
(  145) REAL(KIND=JPRB)                   , POINTER  :: PAHFS_INI(:,:,:)
(  146) REAL(KIND=JPRB)                   , POINTER  :: PAPHM1_INI(:,:,:)
(  147) REAL(KIND=JPRB)                   , POINTER  :: PAP_INI(:,:,:)
(  148) REAL(KIND=JPRB)                   , POINTER  :: PAPH_INI(:,:,:)
(  149) REAL(KIND=JPRB)                   , POINTER  :: PGEO_INI(:,:,:)
(  150) REAL(KIND=JPRB)                   , POINTER  :: PGEOH_INI(:,:,:)
(  151) REAL(KIND=JPRB)                   , POINTER  :: PTENT_INI(:,:,:)
(  152) REAL(KIND=JPRB)                   , POINTER  :: PTENQ_INI(:,:,:)
(  153) REAL(KIND=JPRB)                   , POINTER  :: PTENU_INI(:,:,:)
(  154) REAL(KIND=JPRB)                   , POINTER  :: PTENV_INI(:,:,:)
(  155) REAL(KIND=JPRB)                   , POINTER  :: PTENTA_INI(:,:,:)
(  156) REAL(KIND=JPRB)                   , POINTER  :: PTENQA_INI(:,:,:)
(  157) REAL(KIND=JPRB)                   , POINTER  :: PGAW_INI(:,:)
(  158) REAL(KIND=JPRB)                   , POINTER  :: PCUCONVCA_INI(:,:)
(  159) REAL(KIND=JPRB)                   , POINTER  :: PGP2DSPP_INI(:,:,:)
(  160) REAL(KIND=JPRB)                   , POINTER  :: PSCAV_INI(:) 
(  161) REAL(KIND=JPRB)                   , POINTER  :: PSCAV0_INI(:) 
(  162) REAL(KIND=JPRB)                   , POINTER  :: PDX_INI(:,:)
(  163) REAL(KIND=JPRB)                   , POINTER  :: PTENC_INI(:,:,:,:)
(  164) REAL(KIND=JPRB)                   , POINTER  :: PARPRC_INI(:,:)
(  165) INTEGER(KIND=JPIM)                , POINTER  :: KTOPC_INI(:,:)






NVFORTRAN (Version     24.5)          03/19/2025  06:55:46      page 22

(  166) INTEGER(KIND=JPIM)                , POINTER  :: KBASEC_INI(:,:)
(  167) INTEGER(KIND=JPIM)                , POINTER  :: KTYPE_INI(:,:)
(  168) INTEGER(KIND=JPIM)                , POINTER  :: KCBOT_INI(:,:)
(  169) INTEGER(KIND=JPIM)                , POINTER  :: KCTOP_INI(:,:)
(  170) INTEGER(KIND=JPIM)                , POINTER  :: KCBOT_LIG_INI(:,:)
(  171) INTEGER(KIND=JPIM)                , POINTER  :: KCTOP_LIG_INI(:,:)
(  172) INTEGER(KIND=JPIM)                , POINTER  :: KBOTSC_INI(:,:)
(  173) LOGICAL                           , POINTER  :: LDCUM_INI(:,:)
(  174) LOGICAL                           , POINTER  :: LDCUM_LIG_INI(:,:)
(  175) LOGICAL                           , POINTER  :: LDSC_INI(:,:)
(  176) LOGICAL                           , POINTER  :: LDSHCV_INI(:,:)
(  177) REAL(KIND=JPRB)                   , POINTER  :: PLU_INI(:,:,:)
(  178) REAL(KIND=JPRB)                   , POINTER  :: PLUDE_INI(:,:,:)
(  179) REAL(KIND=JPRB)                   , POINTER  :: PLUDELI_INI(:,:,:,:)
(  180) REAL(KIND=JPRB)                   , POINTER  :: PSNDE_INI(:,:,:,:)
(  181) REAL(KIND=JPRB)                   , POINTER  :: PMFU_INI(:,:,:)
(  182) REAL(KIND=JPRB)                   , POINTER  :: PMFD_INI(:,:,:)
(  183) REAL(KIND=JPRB)                   , POINTER  :: PLGLAC_INI(:,:,:)
(  184) REAL(KIND=JPRB)                   , POINTER  :: PDIFCQ_INI(:,:,:)
(  185) REAL(KIND=JPRB)                   , POINTER  :: PDIFCS_INI(:,:,:)
(  186) REAL(KIND=JPRB)                   , POINTER  :: PFHPCL_INI(:,:,:)
(  187) REAL(KIND=JPRB)                   , POINTER  :: PFHPCN_INI(:,:,:)
(  188) REAL(KIND=JPRB)                   , POINTER  :: PFPLCL_INI(:,:,:)
(  189) REAL(KIND=JPRB)                   , POINTER  :: PFPLCN_INI(:,:,:)
(  190) REAL(KIND=JPRB)                   , POINTER  :: PLRAIN_INI(:,:,:)
(  191) REAL(KIND=JPRB)                   , POINTER  :: PRSUD_INI(:,:,:,:)
(  192) REAL(KIND=JPRB)                   , POINTER  :: PSTRCU_INI(:,:,:)
(  193) REAL(KIND=JPRB)                   , POINTER  :: PSTRCV_INI(:,:,:)
(  194) REAL(KIND=JPRB)                   , POINTER  :: PFCQLF_INI(:,:,:)
(  195) REAL(KIND=JPRB)                   , POINTER  :: PFCQIF_INI(:,:,:)
(  196) REAL(KIND=JPRB)                   , POINTER  :: PMFUDE_RATE_INI(:,:,:)
(  197) REAL(KIND=JPRB)                   , POINTER  :: PMFDDE_RATE_INI(:,:,:)
(  198) REAL(KIND=JPRB)                   , POINTER  :: PCAPE_INI(:,:)
(  199) REAL(KIND=JPRB)                   , POINTER  :: PWMEAN_INI(:,:)
(  200) REAL(KIND=JPRB)                   , POINTER  :: PVDISCU_INI(:,:)
(  201) REAL(KIND=JPRB)                   , POINTER  :: PWU_INI(:,:,:)
(  202) REAL(KIND=JPRB)                   , POINTER  :: PDISS_INI(:,:,:)
(  203) # 203 "./main_cucalln_mf.F90"
(  203) # 1 "./cucalln_mf.intfb.h"
(    1) INTERFACE
(    2) SUBROUTINE CUCALLN_MF &
(    3) & (PPLDARE, PPLRG,    KSTEP,   YDTHF, YDCST, YDERAD,  YDML_PHY_SLIN,      YDML_PHY_EC,  YGFL,&
(    4) & YDCHEM,   YDSPP_CONFIG,      YDPERTPAR, &
(    5) & KIDIA,    KFDIA,    KLON,     KSMAX,   KLEV, PDX, KSPPN2D,&
(    6) & LDMCAPEA, LDLAND, LDSLPHY,&
(    7) & PTSPHY,PVDIFTS,&
(    8) & PTM1,     PQM1,     PUM1,     PVM1,    PLITOT,&
(    9) & PVERVEL,  PQHFL,    PAHFS,   PAPHM1,&
(   10) & PAP,      PAPH,     PGEO,     PGEOH, PGAW,&
(   11) & PCUCONVCA,PGP2DSPP, &
(   12) & PTENT,    PTENQ,    PTENU,    PTENV, PTENTA, PTENQA, &
(   13) & PARPRC,&
(   14) & KTOPC,    KBASEC,   KTYPE,&
(   15) & KCBOT,    KCTOP,    KBOTSC,   LDCUM,   LDSC,&
(   16) & KCBOT_LIG, KCTOP_LIG, LDCUM_LIG,&
(   17) & LDSHCV,&
(   18) & PLCRIT_AER,&
(   19) & PLU,      PLUDE,    PLUDELI,  PSNDE,    PMFU,    PMFD,   PLGLAC, &






NVFORTRAN (Version     24.5)          03/19/2025  06:55:46      page 23

(   20) & PDIFCQ,   PDIFCS,   PFHPCL,   PFHPCN,&
(   21) & PFPLCL,   PFPLCN,   PLRAIN,   PRSUD,&
(   22) & PSTRCU,   PSTRCV,   PFCQLF,   PFCQIF,&
(   23) & PMFUDE_RATE ,       PMFDDE_RATE ,      PCAPE  ,PWU, PWMEAN,  PVDISCU, PDISS,&
(   24) & KTRAC,    PCM1,     PTENC,    PSCAV, PSCAV0 )
(   25) USE MODEL_PHYSICS_ECMWF_MOD      , ONLY : MODEL_PHYSICS_ECMWF_TYPE
(   26) USE MODEL_PHYSICS_SIMPLINEAR_MOD , ONLY : MODEL_PHYSICS_SIMPLINEAR_TYPE
(   27) USE YOERAD                       , ONLY : TERAD
(   28) USE YOM_YGFL                     , ONLY : TYPE_GFLD
(   29) USE YOMCHEM                      , ONLY : TCHEM
(   30) USE SPP_MOD                      , ONLY : TSPP_CONFIG
(   31) USE PARKIND1                     , ONLY : JPIM     ,JPRB
(   32) USE YOMHOOK                      , ONLY : LHOOK,   DR_HOOK, JPHOOK
(   33) USE YOMCST                       , ONLY : TCST
(   34) USE YOETHF                       , ONLY : TTHF
(   35) USE YOMPERTPAR                   , ONLY : TPERTPAR
(   36) IMPLICIT NONE
(   37) REAL(KIND=JPRB)   ,INTENT(IN)    :: PPLDARE
(   38) REAL(KIND=JPRB)   ,INTENT(IN)    :: PPLRG
(   39) INTEGER(KIND=JPIM),INTENT(IN)    :: KSTEP
(   40) TYPE(TTHF)                         ,INTENT(IN) :: YDTHF
(   41) TYPE(TCST)                         ,INTENT(IN) :: YDCST
(   42) TYPE(TERAD)                        ,INTENT(IN) :: YDERAD
(   43) TYPE(MODEL_PHYSICS_SIMPLINEAR_TYPE),INTENT(IN) :: YDML_PHY_SLIN
(   44) TYPE(MODEL_PHYSICS_ECMWF_TYPE)     ,INTENT(IN) :: YDML_PHY_EC
(   45) TYPE(TYPE_GFLD)   ,INTENT(IN)    :: YGFL
(   46) TYPE(TCHEM)       ,INTENT(IN)    :: YDCHEM
(   47) TYPE(TSPP_CONFIG) ,INTENT(IN)    :: YDSPP_CONFIG
(   48) TYPE(TPERTPAR)    ,INTENT(IN)    :: YDPERTPAR
(   49) INTEGER(KIND=JPIM),INTENT(IN)    :: KLON
(   50) INTEGER(KIND=JPIM),INTENT(IN)    :: KSMAX
(   51) INTEGER(KIND=JPIM),INTENT(IN)    :: KLEV
(   52) INTEGER(KIND=JPIM),INTENT(IN)    :: KSPPN2D
(   53) INTEGER(KIND=JPIM),INTENT(IN)    :: KTRAC
(   54) INTEGER(KIND=JPIM),INTENT(IN)    :: KIDIA
(   55) INTEGER(KIND=JPIM),INTENT(IN)    :: KFDIA
(   56) LOGICAL           ,INTENT(IN)    :: LDMCAPEA
(   57) LOGICAL           ,INTENT(IN)    :: LDLAND(KLON)
(   58) LOGICAL           ,INTENT(IN)    :: LDSLPHY
(   59) REAL(KIND=JPRB)   ,INTENT(IN)    :: PTSPHY
(   60) REAL(KIND=JPRB)   ,INTENT(IN)    :: PVDIFTS
(   61) REAL(KIND=JPRB)   ,INTENT(IN)    :: PLCRIT_AER(KLON,KLEV)
(   62) REAL(KIND=JPRB)   ,INTENT(IN)    :: PTM1(KLON,KLEV)
(   63) REAL(KIND=JPRB)   ,INTENT(IN)    :: PQM1(KLON,KLEV)
(   64) REAL(KIND=JPRB)   ,INTENT(IN)    :: PUM1(KLON,KLEV)
(   65) REAL(KIND=JPRB)   ,INTENT(IN)    :: PVM1(KLON,KLEV)
(   66) REAL(KIND=JPRB)   ,INTENT(IN)    :: PCM1(KLON,KLEV,KTRAC)
(   67) REAL(KIND=JPRB)   ,INTENT(IN)    :: PLITOT(KLON,KLEV)
(   68) REAL(KIND=JPRB)   ,INTENT(IN)    :: PVERVEL(KLON,KLEV)
(   69) REAL(KIND=JPRB)   ,INTENT(IN)    :: PQHFL(KLON,KLEV+1)
(   70) REAL(KIND=JPRB)   ,INTENT(IN)    :: PAHFS(KLON,KLEV+1)
(   71) REAL(KIND=JPRB)   ,INTENT(IN)    :: PAPHM1(KLON,KLEV+1)
(   72) REAL(KIND=JPRB)   ,INTENT(IN)    :: PAP(KLON,KLEV)
(   73) REAL(KIND=JPRB)   ,INTENT(IN)    :: PAPH(KLON,KLEV+1)
(   74) REAL(KIND=JPRB)   ,INTENT(IN)    :: PGEO(KLON,KLEV)
(   75) REAL(KIND=JPRB)   ,INTENT(IN)    :: PGEOH(KLON,KLEV+1)
(   76) REAL(KIND=JPRB)   ,INTENT(INOUT) :: PTENT(KLON,KLEV)
(   77) REAL(KIND=JPRB)   ,INTENT(INOUT) :: PTENQ(KLON,KLEV)






NVFORTRAN (Version     24.5)          03/19/2025  06:55:46      page 24

(   78) REAL(KIND=JPRB)   ,INTENT(INOUT) :: PTENU(KLON,KLEV)
(   79) REAL(KIND=JPRB)   ,INTENT(INOUT) :: PTENV(KLON,KLEV)
(   80) REAL(KIND=JPRB)   ,INTENT(INOUT) :: PTENTA(KLON,KLEV)
(   81) REAL(KIND=JPRB)   ,INTENT(INOUT) :: PTENQA(KLON,KLEV)
(   82) REAL(KIND=JPRB)   ,INTENT(IN)    :: PGAW(KLON)
(   83) REAL(KIND=JPRB)   ,INTENT(IN)    :: PCUCONVCA(KLON)
(   84) REAL(KIND=JPRB)   ,INTENT(IN)    :: PGP2DSPP(KLON,KSPPN2D)
(   85) REAL(KIND=JPRB)   ,INTENT(IN)    :: PSCAV(KTRAC)
(   86) REAL(KIND=JPRB)   ,INTENT(IN)    :: PSCAV0(KTRAC)
(   87) REAL(KIND=JPRB)   ,INTENT(IN)    :: PDX(KLON)
(   88) REAL(KIND=JPRB)   ,INTENT(INOUT) :: PTENC(KLON,KLEV,KTRAC)
(   89) REAL(KIND=JPRB)   ,INTENT(OUT)   :: PARPRC(KLON)
(   90) INTEGER(KIND=JPIM),INTENT(OUT)   :: KTOPC(KLON)
(   91) INTEGER(KIND=JPIM),INTENT(OUT)   :: KBASEC(KLON)
(   92) INTEGER(KIND=JPIM),INTENT(OUT)   :: KTYPE(KLON)
(   93) INTEGER(KIND=JPIM),INTENT(OUT)   :: KCBOT(KLON)
(   94) INTEGER(KIND=JPIM),INTENT(OUT)   :: KCTOP(KLON)
(   95) INTEGER(KIND=JPIM),INTENT(OUT)   :: KCBOT_LIG(KLON)
(   96) INTEGER(KIND=JPIM),INTENT(OUT)   :: KCTOP_LIG(KLON)
(   97) INTEGER(KIND=JPIM),INTENT(OUT)   :: KBOTSC(KLON)
(   98) LOGICAL           ,INTENT(OUT)   :: LDCUM(KLON)
(   99) LOGICAL           ,INTENT(OUT)   :: LDCUM_LIG(KLON)
(  100) LOGICAL           ,INTENT(OUT)   :: LDSC(KLON)
(  101) LOGICAL           ,INTENT(IN)    :: LDSHCV(KLON)
(  102) REAL(KIND=JPRB)   ,INTENT(OUT)   :: PLU(KLON,KLEV)
(  103) REAL(KIND=JPRB)   ,INTENT(OUT)   :: PLUDE(KLON,KLEV)
(  104) REAL(KIND=JPRB)   ,INTENT(OUT)   :: PLUDELI(KLON,KLEV,4)
(  105) REAL(KIND=JPRB)   ,INTENT(OUT)   :: PSNDE(KLON,KLEV,2)
(  106) REAL(KIND=JPRB)   ,INTENT(OUT)   :: PMFU(KLON,KLEV)
(  107) REAL(KIND=JPRB)   ,INTENT(OUT)   :: PMFD(KLON,KLEV)
(  108) REAL(KIND=JPRB)   ,INTENT(OUT)   :: PLGLAC(KLON,KLEV)
(  109) REAL(KIND=JPRB)   ,INTENT(OUT)   :: PDIFCQ(KLON,KLEV+1)
(  110) REAL(KIND=JPRB)   ,INTENT(OUT)   :: PDIFCS(KLON,KLEV+1)
(  111) REAL(KIND=JPRB)   ,INTENT(OUT)   :: PFHPCL(KLON,KLEV+1)
(  112) REAL(KIND=JPRB)   ,INTENT(OUT)   :: PFHPCN(KLON,KLEV+1)
(  113) REAL(KIND=JPRB)   ,INTENT(OUT)   :: PFPLCL(KLON,KLEV+1)
(  114) REAL(KIND=JPRB)   ,INTENT(OUT)   :: PFPLCN(KLON,KLEV+1)
(  115) REAL(KIND=JPRB)   ,INTENT(OUT)   :: PLRAIN(KLON,KLEV)
(  116) REAL(KIND=JPRB)   ,INTENT(OUT)   :: PRSUD(KLON,KLEV,2)
(  117) REAL(KIND=JPRB)   ,INTENT(OUT)   :: PSTRCU(KLON,KLEV+1)
(  118) REAL(KIND=JPRB)   ,INTENT(OUT)   :: PSTRCV(KLON,KLEV+1)
(  119) REAL(KIND=JPRB)   ,INTENT(OUT)   :: PFCQLF(KLON,KLEV+1)
(  120) REAL(KIND=JPRB)   ,INTENT(OUT)   :: PFCQIF(KLON,KLEV+1)
(  121) REAL(KIND=JPRB)   ,INTENT(OUT)   :: PMFUDE_RATE(KLON,KLEV)
(  122) REAL(KIND=JPRB)   ,INTENT(OUT)   :: PMFDDE_RATE(KLON,KLEV)
(  123) REAL(KIND=JPRB)   ,INTENT(OUT)   :: PCAPE(KLON)
(  124) REAL(KIND=JPRB)   ,INTENT(OUT)   :: PWMEAN(KLON)
(  125) REAL(KIND=JPRB)   ,INTENT(OUT)   :: PVDISCU(KLON)
(  126) REAL(KIND=JPRB)   ,INTENT(OUT)   :: PWU(KLON,KLEV)
(  127) REAL(KIND=JPRB)   ,INTENT(OUT)   :: PDISS(KLON,KLEV)
(  128) END SUBROUTINE CUCALLN_MF
(  129) # 130 "./cucalln_mf.intfb.h"
(  130) END INTERFACE
(  131) # 204 "./main_cucalln_mf.F90"
(  204) # 205 "./main_cucalln_mf.F90"
(  205) INTEGER :: JLON, JBLK
(  206) INTEGER :: ILUNCI, ILUNFI, ILUNFO, IOUT
(  207) INTEGER :: NPROMA, NGPBLKS






NVFORTRAN (Version     24.5)          03/19/2025  06:55:46      page 25

(  208) CHARACTER (LEN=128) :: CLOUT
(  209) CHARACTER (LEN=128) :: CLCASE_IN
(  210) CHARACTER (LEN=128) :: CLCASE_OUT
(  211) TYPE (DD12), POINTER :: YLD
(  212) LOGICAL :: LLVERBOSE, LLDIFF
(  213) INTEGER, POINTER :: IBLOCKLIST (:)
(  214) TYPE(STACK) :: YLSTACK
(  215) INTEGER :: ISIZE4, ISIZE8
(  216) CHARACTER*64 :: CLMETHOD
(  217) INTEGER :: ITIME, NTIME
(  218) LOGICAL :: LLSAVE, LLEXIST
(  219) REAL(KIND=8) :: TSC, TEC, TSD, TED, ZTC, ZTD, TSCOPY, TECOPY, TCOPY
(  220) # 222 "./main_cucalln_mf.F90"
(  222) CHARACTER (LEN=*), PARAMETER :: CLARCH = ''
(  223) # 227 "./main_cucalln_mf.F90"
(  227) REAL (KIND=JPHOOK) :: ZHOOK_HANDLE
(  228) # 229 "./main_cucalln_mf.F90"
(  229) INTEGER(KIND=JPIM) :: NGPTOT 
(  230) INTEGER(KIND=JPIM) :: JKGLO
(  231) INTEGER(KIND=JPIM) :: KIDIA 
(  232) INTEGER(KIND=JPIM) :: KFDIA 
(  233) INTEGER(KIND=JPIM) :: IBL
(  234) INTEGER(KIND=JPIM) :: IOFF 
(  235) # 237 "./main_cucalln_mf.F90"
(  237) IF (LHOOK) CALL DR_HOOK ('MAIN_CUCALLN_MF', 0, ZHOOK_HANDLE)
(  238) # 239 "./main_cucalln_mf.F90"
(  239) YLD => NULL ()
(  240) # 241 "./main_cucalln_mf.F90"
(  241) CALL INITOPTIONS
(  242) # 243 "./main_cucalln_mf.F90"
(  243) NPROMA  = 0; CALL GETOPTION ("--nproma",  NPROMA)
(  244) NGPBLKS = 0; CALL GETOPTION ("--ngpblks", NGPBLKS)
(  245) # 246 "./main_cucalln_mf.F90"
(  246) CALL GETOPTION ("--case-in", CLCASE_IN, MND=.TRUE.)
(  247) CLCASE_OUT = ''; CALL GETOPTION ("--case-out", CLCASE_OUT)
(  248) # 249 "./main_cucalln_mf.F90"
(  249) CALL GETOPTION ("--verbose", LLVERBOSE)
(  250) CALL GETOPTION ("--diff", LLDIFF)
(  251) # 256 "./main_cucalln_mf.F90"
(  256) ISIZE4 = 10; 
(  257) ISIZE8 = 80; 
(  258) # 259 "./main_cucalln_mf.F90"
(  259) CALL GETOPTION ("--stack-size-4", ISIZE4)
(  260) CALL GETOPTION ("--stack-size-8", ISIZE8)
(  261) NTIME = 1; CALL GETOPTION ("--times", NTIME)
(  262) # 263 "./main_cucalln_mf.F90"
(  263) CLMETHOD = 'openmp'; CALL GETOPTION ("--method", CLMETHOD)
(  264) # 265 "./main_cucalln_mf.F90"
(  265) IBLOCKLIST => NULL ()
(  266) CALL GETOPTION ("--block-list", IBLOCKLIST)
(  267) # 268 "./main_cucalln_mf.F90"
(  268) LLSAVE = CLCASE_OUT /= ''
(  269) # 270 "./main_cucalln_mf.F90"
(  270) IF (LLSAVE) THEN
(  271)   CALL XRD_MKDIR (TRIM (CLCASE_OUT))
(  272) ENDIF
(  273) # 274 "./main_cucalln_mf.F90"
(  274) CLOUT = '-'; CALL GETOPTION ("--out", CLOUT)






NVFORTRAN (Version     24.5)          03/19/2025  06:55:46      page 26

(  275) # 276 "./main_cucalln_mf.F90"
(  276) CALL CHECKOPTIONS
(  277) # 278 "./main_cucalln_mf.F90"
(  278) CALL LOADALL
(  279) # 280 "./main_cucalln_mf.F90"
(  280) IF (LLVERBOSE) THEN
(  281) WRITE (0, *) " NPROMA = ", NPROMA, " NGPBLKS = ", NGPBLKS, " KLEV = ", KLEV
(  282) WRITE (0, *) " ISIZE4 = ", ISIZE4, " ISIZE8 = ", ISIZE8, " NTIME = ", NTIME
(  283) ENDIF
(  284) # 285 "./main_cucalln_mf.F90"
(  285) IF (LLSAVE) THEN
(  286)   CALL SAVEIALL
(  287) ENDIF
(  288) # 289 "./main_cucalln_mf.F90"
(  289) CALL COPY_INI 
(  290) CALL GET_TIME (TSD)
(  291) # 292 "./main_cucalln_mf.F90"
(  293) !$ACC&           PGAW, PCUCONVCA, PGP2DSPP, PTENT, PTENQ, PTENU, PTENV, PTENTA, PTENQA, PARPRC, KTOPC, KBASEC, KTYPE, &
(  294) !$ACC&           KCBOT, KCTOP, KBOTSC, LDCUM, LDSC, KCBOT_LIG, KCTOP_LIG, LDCUM_LIG, LDSHCV, PLCRIT_AER, PLU, PLUDE, &
(  295) !$ACC&           PLUDELI, PSNDE, PMFU, PMFD, PLGLAC, PDIFCQ, PDIFCS, PFHPCL, PFHPCN, PFPLCL, PFPLCN, PLRAIN, PRSUD, &
(  296) !$ACC&           PSTRCU, PSTRCV, PFCQLF, PFCQIF, PMFUDE_RATE, PMFDDE_RATE, PCAPE, PWU, PWMEAN, PVDISCU, PDISS, PCM1, &
(  297) !$ACC&           PTENC, PSCAV, PSCAV0) IF (TRIM (CLMETHOD) == 'openaccsinglecolumn')
(  298) # 299 "./main_cucalln_mf.F90"
(  299) IF (TRIM (CLMETHOD) == 'openaccsinglecolumn') THEN
(  300)   CALL COPY (YDTHF)
(  301)   CALL COPY (YDCST)
(  302)   CALL COPY (YDERAD)
(  303)   CALL COPY (YDML_PHY_SLIN)
(  304)   CALL COPY (YDML_PHY_EC)
(  305)   CALL COPY (YGFL)
(  306)   CALL COPY (YDCHEM)
(  307)   CALL COPY (YDSPP_CONFIG)
(  308)   CALL COPY (YDPERTPAR)
(  309) ENDIF
(  310) # 311 "./main_cucalln_mf.F90"
(  311) CALL GET_TIME (TSC)
(  312) # 313 "./main_cucalln_mf.F90"
(  313) DO ITIME = 1, NTIME
(  314) # 315 "./main_cucalln_mf.F90"
(  315)   IF (TRIM (CLMETHOD) == 'openmp') THEN
(  316)   
(  317) !$OMP PARALLEL DO PRIVATE (IBL) 
(  318)     DO IBL = 1, NGPBLKS
(  319)     
(  320)       CALL CUCALLN_MF   (PPLDARE, PPLRG, KSTEP, YDTHF, YDCST, YDERAD, YDML_PHY_SLIN, YDML_PHY_EC, YGFL,               &
(  321)       & YDCHEM, YDSPP_CONFIG, YDPERTPAR, 1_JPIM, NPROMA, NPROMA, KSMAX, KLEV, PDX (:, IBL), KSPPN2D,                 &
(  322)       & LDMCAPEA, LDLAND (:, IBL), LDSLPHY, PTSPHY, PVDIFTS, PTM1 (:, :, IBL), PQM1 (:, :, IBL), PUM1 (:, :, IBL),&
(  323)       & PVM1 (:, :, IBL), PLITOT (:, :, IBL), PVERVEL (:, :, IBL), PQHFL (:, :, IBL), PAHFS (:, :, IBL),         &
(  324)       & PAPHM1 (:, :, IBL), PAP (:, :, IBL), PAPH (:, :, IBL), PGEO (:, :, IBL), PGEOH (:, :, IBL),              &
(  325)       & PGAW (:, IBL), PCUCONVCA (:, IBL), PGP2DSPP (:, :, IBL), PTENT (:, :, IBL), PTENQ (:, :, IBL),           &
(  326)       & PTENU (:, :, IBL), PTENV (:, :, IBL), PTENTA (:, :, IBL), PTENQA (:, :, IBL), PARPRC (:, IBL),           &
(  327)       & KTOPC (:, IBL), KBASEC (:, IBL), KTYPE (:, IBL), KCBOT (:, IBL), KCTOP (:, IBL), KBOTSC (:, IBL),       &
(  328)       & LDCUM (:, IBL), LDSC (:, IBL), KCBOT_LIG (:, IBL), KCTOP_LIG (:, IBL), LDCUM_LIG (:, IBL),               &
(  329)       & LDSHCV (:, IBL), PLCRIT_AER (:, :, IBL), PLU (:, :, IBL), PLUDE (:, :, IBL), PLUDELI (:, :, :, IBL),     &
(  330)       & PSNDE (:, :, :, IBL), PMFU (:, :, IBL), PMFD (:, :, IBL), PLGLAC (:, :, IBL), PDIFCQ (:, :, IBL),        &
(  331)       & PDIFCS (:, :, IBL), PFHPCL (:, :, IBL), PFHPCN (:, :, IBL), PFPLCL (:, :, IBL), PFPLCN (:, :, IBL),      &
(  332)       & PLRAIN (:, :, IBL), PRSUD (:, :, :, IBL), PSTRCU (:, :, IBL), PSTRCV (:, :, IBL), PFCQLF (:, :, IBL),    &
(  333)       & PFCQIF (:, :, IBL), PMFUDE_RATE (:, :, IBL), PMFDDE_RATE (:, :, IBL), PCAPE (:, IBL), PWU (:, :, IBL),   &






NVFORTRAN (Version     24.5)          03/19/2025  06:55:46      page 27

(  334)       & PWMEAN (:, IBL), PVDISCU (:, IBL), PDISS (:, :, IBL), KTRAC, PCM1 (:, :, :, IBL), PTENC (:, :, :, IBL),  &
(  335)       & PSCAV, PSCAV0)
(  336)     
(  337)     ENDDO
(  338)   
(  339)   ELSEIF (TRIM (CLMETHOD) == 'openmpsinglecolumn') THEN
(  340)   
(  341)     YSTACK%IALIGN = 8 
(  342)     IF (ISIZE4 > 0) ALLOCATE (YSTACK%ZDATA4 (NPROMA, KLEV, ISIZE4, NGPBLKS))
(  343)     IF (ISIZE8 > 0) ALLOCATE (YSTACK%ZDATA8 (NPROMA, KLEV, ISIZE8, NGPBLKS))
(  344)     
(  345)     NGPTOT = NGPBLKS*NPROMA
(  346) !$OMP PARALLEL DO PRIVATE (JKGLO, IBL, KIDIA, KFDIA, IOFF, YLSTACK)
(  347)     DO JKGLO=1,NGPTOT,NPROMA
(  348)       KIDIA = 1
(  349)       KFDIA = MIN(NPROMA, NGPTOT - JKGLO + 1)
(  350)       IBL = (JKGLO - 1) / NPROMA + 1
(  351)       !#YLSTACK_L = LOC(ZSTACK(1, IBL))
(  352)       IOFF = JKGLO
(  353)     
(  354)       YLSTACK%L8 = ((((LOC (YSTACK%ZDATA8 (1,1,1,1)) + ((INT (IBL, 8) - 1) * SIZE (YSTACK%ZDATA8) * KIND (YSTACK%ZDATA8)) / INT (NGPBLKS, 8))+(YSTACK%IALIGN)-1)/(YSTACK%IALIGN)) * (YSTACK%IALIGN))
(  355)       YLSTACK%U8 = LOC (YSTACK%ZDATA8 (1,1,1,1)) + ((INT (IBL, 8) ) * SIZE (YSTACK%ZDATA8) * KIND (YSTACK%ZDATA8)) / INT (NGPBLKS, 8)
(  356)       YLSTACK%L4 = ((((LOC (YSTACK%ZDATA4 (1,1,1,1)) + ((INT (IBL, 8) - 1) * SIZE (YSTACK%ZDATA4) * KIND (YSTACK%ZDATA4)) / INT (NGPBLKS, 8))+(YSTACK%IALIGN)-1)/(YSTACK%IALIGN)) * (YSTACK%IALIGN))
(  357)       YLSTACK%U4 = LOC (YSTACK%ZDATA4 (1,1,1,1)) + ((INT (IBL, 8) ) * SIZE (YSTACK%ZDATA4) * KIND (YSTACK%ZDATA4)) / INT (NGPBLKS, 8)
(  358) # 359 "./main_cucalln_mf.F90"
(  359)       CALL CUCALLN_MF_LOKI(PPLDARE, PPLRG, KSTEP, YDTHF, YDCST, YDERAD, YDML_PHY_SLIN, YDML_PHY_EC, YGFL,         &
(  360)         & YDCHEM, YDSPP_CONFIG, YDPERTPAR, KIDIA, KFDIA, NPROMA, KSMAX, KLEV, PDX (:, IBL), KSPPN2D,                     &
(  361)         & LDMCAPEA, LDLAND (:, IBL), LDSLPHY, PTSPHY, PVDIFTS, PTM1 (:, :, IBL), PQM1 (:, :, IBL), PUM1 (:, :, IBL),&
(  362)         & PVM1 (:, :, IBL), PLITOT (:, :, IBL), PVERVEL (:, :, IBL), PQHFL (:, :, IBL), PAHFS (:, :, IBL),         &
(  363)         & PAPHM1 (:, :, IBL), PAP (:, :, IBL), PAPH (:, :, IBL), PGEO (:, :, IBL), PGEOH (:, :, IBL),              &
(  364)         & PGAW (:, IBL), PCUCONVCA (:, IBL), PGP2DSPP (:, :, IBL), PTENT (:, :, IBL), PTENQ (:, :, IBL),           &
(  365)         & PTENU (:, :, IBL), PTENV (:, :, IBL), PTENTA (:, :, IBL), PTENQA (:, :, IBL), PARPRC (:, IBL),           &
(  366)         & KTOPC (:, IBL), KBASEC (:, IBL), KTYPE (:, IBL), KCBOT (:, IBL), KCTOP (:, IBL), KBOTSC (:, IBL),       &
(  367)         & LDCUM (:, IBL), LDSC (:, IBL), KCBOT_LIG (:, IBL), KCTOP_LIG (:, IBL), LDCUM_LIG (:, IBL),               &
(  368)         & LDSHCV (:, IBL), PLCRIT_AER (:, :, IBL), PLU (:, :, IBL), PLUDE (:, :, IBL), PLUDELI (:, :, :, IBL),     &
(  369)         & PSNDE (:, :, :, IBL), PMFU (:, :, IBL), PMFD (:, :, IBL), PLGLAC (:, :, IBL), PDIFCQ (:, :, IBL),        &
(  370)         & PDIFCS (:, :, IBL), PFHPCL (:, :, IBL), PFHPCN (:, :, IBL), PFPLCL (:, :, IBL), PFPLCN (:, :, IBL),      &
(  371)         & PLRAIN (:, :, IBL), PRSUD (:, :, :, IBL), PSTRCU (:, :, IBL), PSTRCV (:, :, IBL), PFCQLF (:, :, IBL),    &
(  372)         & PFCQIF (:, :, IBL), PMFUDE_RATE (:, :, IBL), PMFDDE_RATE (:, :, IBL), PCAPE (:, IBL), PWU (:, :, IBL),   &
(  373)         & PWMEAN (:, IBL), PVDISCU (:, IBL), PDISS (:, :, IBL), KTRAC, PCM1 (:, :, :, IBL), PTENC (:, :, :, IBL),  &
(  374)         & PSCAV, PSCAV0, YDSTACK_L=YLSTACK%L8)
(  375)     
(  376)     ENDDO
(  377)   
(  378)   ELSEIF (TRIM (CLMETHOD) == 'openaccsinglecolumn') THEN
(  379)   
(  380) # 381 "./main_cucalln_mf.F90"
(  381)     YSTACK%IALIGN = 8 
(  382)   IF (ITIME == 1) THEN
(  383)     ALLOCATE (YSTACK%ZDATA4 (NPROMA, KLEV, ISIZE4, NGPBLKS))
(  384)     ALLOCATE (YSTACK%ZDATA8 (NPROMA, KLEV, ISIZE8, NGPBLKS))
(  385) # 387 "./main_cucalln_mf.F90"
(  387) !$ACC ENTER DATA CREATE (YSTACK%ZDATA4)
(  388) !$ACC ENTER DATA CREATE (YSTACK%ZDATA8)
(  389) # 390 "./main_cucalln_mf.F90"
(  390) !$ACC ENTER DATA CREATE (YSTACK)
(  391) !$ACC UPDATE DEVICE (YSTACK)
(  392) !$ACC ENTER DATA ATTACH (YSTACK%ZDATA4)






NVFORTRAN (Version     24.5)          03/19/2025  06:55:46      page 28

(  393) !$ACC ENTER DATA ATTACH (YSTACK%ZDATA8)
(  394)   ENDIF
(  395)     
(  396) # 398 "./main_cucalln_mf.F90"
(  398)     
(  399) !#    !$acc&present (YDTHF, YDCST, YDERAD, YDML_PHY_SLIN, YDML_PHY_EC, YGFL, YDCHEM, YDSPP_CONFIG, YDPERTPAR, YSTACK, &
(  400) !#    !$acc&         PDX, LDLAND, PTM1, PQM1, PUM1, PVM1, PLITOT, PVERVEL, PQHFL, PAHFS, PAPHM1, PAP, PAPH, PGEO, PGEOH, &
(  401) !#    !$acc&         PGAW, PCUCONVCA, PGP2DSPP, PTENT, PTENQ, PTENU, PTENV, PTENTA, PTENQA, PARPRC, KTOPC, KBASEC, KTYPE, &
(  402) !#    !$acc&         KCBOT, KCTOP, KBOTSC, LDCUM, LDSC, KCBOT_LIG, KCTOP_LIG, LDCUM_LIG, LDSHCV, PLCRIT_AER, PLU, PLUDE, &
(  403) !#    !$acc&         PLUDELI, PSNDE, PMFU, PMFD, PLGLAC, PDIFCQ, PDIFCS, PFHPCL, PFHPCN, PFPLCL, PFPLCN, PLRAIN, PRSUD, &
(  404) !#    !$acc&         PSTRCU, PSTRCV, PFCQLF, PFCQIF, PMFUDE_RATE, PMFDDE_RATE, PCAPE, PWU, PWMEAN, PVDISCU, PDISS, PCM1, &
(  405) !#    !$acc&         PTENC, PSCAV, PSCAV0) &
(  406)      NGPTOT = NGPBLKS*NPROMA
(  408)     !$acc private( YLSTACK, JKGLO, KIDIA, KFDIA, IBL, IOFF)
(  409)      DO JKGLO=1,NGPTOT,NPROMA
(  410)        KIDIA = 1
(  411)        KFDIA = MIN(NPROMA, NGPTOT - JKGLO + 1)
(  412)        IBL = (JKGLO - 1) / NPROMA + 1
(  413)        !#YLSTACK_L = LOC(ZSTACK(1, IBL))
(  414)        IOFF = JKGLO
(  415) # 416 "./main_cucalln_mf.F90"
(  416)        YLSTACK%L8 = ((((LOC (YSTACK%ZDATA8 (1,1,1,1)) + ((INT (IBL, 8) - 1) * SIZE (YSTACK%ZDATA8) * KIND (YSTACK%ZDATA8)) / INT (NGPBLKS, 8))+(YSTACK%IALIGN)-1)/(YSTACK%IALIGN)) * (YSTACK%IALIGN))
(  417)        YLSTACK%U8 = LOC (YSTACK%ZDATA8 (1,1,1,1)) + ((INT (IBL, 8) ) * SIZE (YSTACK%ZDATA8) * KIND (YSTACK%ZDATA8)) / INT (NGPBLKS, 8)
(  418)        YLSTACK%L4 = ((((LOC (YSTACK%ZDATA4 (1,1,1,1)) + ((INT (IBL, 8) - 1) * SIZE (YSTACK%ZDATA4) * KIND (YSTACK%ZDATA4)) / INT (NGPBLKS, 8))+(YSTACK%IALIGN)-1)/(YSTACK%IALIGN)) * (YSTACK%IALIGN))
(  419)        YLSTACK%U4 = LOC (YSTACK%ZDATA4 (1,1,1,1)) + ((INT (IBL, 8) ) * SIZE (YSTACK%ZDATA4) * KIND (YSTACK%ZDATA4)) / INT (NGPBLKS, 8)
(  420) # 421 "./main_cucalln_mf.F90"
(  421)        CALL CUCALLN_MF_LOKI(PPLDARE, PPLRG, KSTEP, YDTHF, YDCST, YDERAD, YDML_PHY_SLIN, YDML_PHY_EC, YGFL,         &
(  422)         & YDCHEM, YDSPP_CONFIG, YDPERTPAR, KIDIA, KFDIA, NPROMA, KSMAX, KLEV, PDX (:, IBL), KSPPN2D,                     &
(  423)         & LDMCAPEA, LDLAND (:, IBL), LDSLPHY, PTSPHY, PVDIFTS, PTM1 (:, :, IBL), PQM1 (:, :, IBL), PUM1 (:, :, IBL),&
(  424)         & PVM1 (:, :, IBL), PLITOT (:, :, IBL), PVERVEL (:, :, IBL), PQHFL (:, :, IBL), PAHFS (:, :, IBL),         &
(  425)         & PAPHM1 (:, :, IBL), PAP (:, :, IBL), PAPH (:, :, IBL), PGEO (:, :, IBL), PGEOH (:, :, IBL),              &
(  426)         & PGAW (:, IBL), PCUCONVCA (:, IBL), PGP2DSPP (:, :, IBL), PTENT (:, :, IBL), PTENQ (:, :, IBL),           &
(  427)         & PTENU (:, :, IBL), PTENV (:, :, IBL), PTENTA (:, :, IBL), PTENQA (:, :, IBL), PARPRC (:, IBL),           &
(  428)         & KTOPC (:, IBL), KBASEC (:, IBL), KTYPE (:, IBL), KCBOT (:, IBL), KCTOP (:, IBL), KBOTSC (:, IBL),       &
(  429)         & LDCUM (:, IBL), LDSC (:, IBL), KCBOT_LIG (:, IBL), KCTOP_LIG (:, IBL), LDCUM_LIG (:, IBL),               &
(  430)         & LDSHCV (:, IBL), PLCRIT_AER (:, :, IBL), PLU (:, :, IBL), PLUDE (:, :, IBL), PLUDELI (:, :, :, IBL),     &
(  431)         & PSNDE (:, :, :, IBL), PMFU (:, :, IBL), PMFD (:, :, IBL), PLGLAC (:, :, IBL), PDIFCQ (:, :, IBL),        &
(  432)         & PDIFCS (:, :, IBL), PFHPCL (:, :, IBL), PFHPCN (:, :, IBL), PFPLCL (:, :, IBL), PFPLCN (:, :, IBL),      &
(  433)         & PLRAIN (:, :, IBL), PRSUD (:, :, :, IBL), PSTRCU (:, :, IBL), PSTRCV (:, :, IBL), PFCQLF (:, :, IBL),    &
(  434)         & PFCQIF (:, :, IBL), PMFUDE_RATE (:, :, IBL), PMFDDE_RATE (:, :, IBL), PCAPE (:, IBL), PWU (:, :, IBL),   &
(  435)         & PWMEAN (:, IBL), PVDISCU (:, IBL), PDISS (:, :, IBL), KTRAC, PCM1 (:, :, :, IBL), PTENC (:, :, :, IBL),  &
(  436)         & PSCAV, PSCAV0, YDSTACK_L=YLSTACK%L8)
(  437)     
(  438)     ENDDO
(  439) # 441 "./main_cucalln_mf.F90"
(  441)   ENDIF
(  442) # 444 "./main_cucalln_mf.F90"
(  444)   IF (ITIME /= NTIME) THEN
(  445)     CALL GET_TIME (TSCOPY)
(  446)     CALL COPY_RESET
(  447)     CALL GET_TIME (TECOPY)
(  448)     TCOPY = TCOPY + TECOPY - TSCOPY
(  449)   ENDIF
(  450) # 451 "./main_cucalln_mf.F90"
(  451) ENDDO
(  452) # 453 "./main_cucalln_mf.F90"
(  453) CALL GET_TIME (TEC)
(  454) # 455 "./main_cucalln_mf.F90"






NVFORTRAN (Version     24.5)          03/19/2025  06:55:46      page 29

(  455) IF (TRIM (CLMETHOD) == 'openaccsinglecolumn') THEN
(  456)   CALL WIPE (YDPERTPAR)
(  457)   CALL WIPE (YDSPP_CONFIG)
(  458)   CALL WIPE (YDCHEM)
(  459)   CALL WIPE (YGFL)
(  460)   CALL WIPE (YDML_PHY_EC)
(  461)   CALL WIPE (YDML_PHY_SLIN)
(  462)   CALL WIPE (YDERAD)
(  463)   CALL WIPE (YDCST)
(  464)   CALL WIPE (YDTHF)
(  465) ENDIF
(  466) # 467 "./main_cucalln_mf.F90"
(  467) !$ACC END DATA
(  468) # 469 "./main_cucalln_mf.F90"
(  469) CALL GET_TIME (TED)
(  470) # 471 "./main_cucalln_mf.F90"
(  471) ZTC = TEC - TSC - TCOPY
(  472) ZTD = TED - TSD - TCOPY
(  473) # 474 "./main_cucalln_mf.F90"
(  474) LLEXIST = .FALSE.
(  475) # 476 "./main_cucalln_mf.F90"
(  476) IF (CLOUT == '-') THEN
(  477)   IOUT = STDOUT
(  478) ELSE
(  479)   IOUT = 77
(  480)   INQUIRE (FILE=TRIM (CLOUT), EXIST=LLEXIST)
(  481)   IF (LLEXIST) THEN
(  482)     OPEN (IOUT, FILE=TRIM (CLOUT), FORM='FORMATTED', STATUS='OLD', POSITION='APPEND')
(  483)   ELSE
(  484)     OPEN (IOUT, FILE=TRIM (CLOUT), FORM='FORMATTED', STATUS='NEW')
(  485)   ENDIF
(  486) ENDIF
(  487) # 488 "./main_cucalln_mf.F90"
(  488) IF (.NOT. LLEXIST) &
(  489) WRITE (IOUT, '(A16,";",A32,";",A8,";",A8,";",A8,4(";",A20))') &
(  490)               & "CLARCH", "CLMETHOD", "NPROMA", "NGPBLKS", "NTIME", &
(  491)               & "ZTCTOT", "ZTC", "ZTDTOT", "ZTD"
(  492) # 493 "./main_cucalln_mf.F90"
(  493) WRITE (IOUT, '(A16,";",A32,";",I8,";",I8,";",I8,4(";",E20.10))') &
(  494)               & CLARCH,  TRIM (CLMETHOD), NPROMA, NGPBLKS, NTIME, &
(  495)               & ZTC, ZTC / REAL (NPROMA*NGPBLKS*NTIME, 8), &
(  496)               & ZTD, ZTD / REAL (NPROMA*NGPBLKS*NTIME, 8)
(  497) # 498 "./main_cucalln_mf.F90"
(  498) IF (IOUT /= STDOUT) THEN
(  499)   CLOSE (IOUT)
(  500) ENDIF
(  501) # 503 "./main_cucalln_mf.F90"
(  503) IF (LLDIFF) THEN
(  504)   CALL DIFFALL
(  505) ENDIF
(  506) # 507 "./main_cucalln_mf.F90"
(  507) IF (LLSAVE) THEN
(  508)   CALL SAVEOALL
(  509) ENDIF
(  510) # 511 "./main_cucalln_mf.F90"
(  511) IF (LHOOK) CALL DR_HOOK ('MAIN_CUCALLN_MF', 1, ZHOOK_HANDLE)
(  512) # 513 "./main_cucalln_mf.F90"
(  513) CONTAINS






NVFORTRAN (Version     24.5)          03/19/2025  06:55:46      page 30

(  514) # 515 "./main_cucalln_mf.F90"
(  515) SUBROUTINE LOADALL
(  516) # 517 "./main_cucalln_mf.F90"
(  517) ILUNCI = 77
(  518) ILUNFI = 78
(  519) # 520 "./main_cucalln_mf.F90"
(  520) OPEN (ILUNCI, NAME=TRIM (CLCASE_IN)//'/CUCALLN_MF.CONST.dat', FORM='UNFORMATTED')
(  521) OPEN (ILUNFI, NAME=TRIM (CLCASE_IN)//'/CUCALLN_MF.IN.dat',    FORM='UNFORMATTED')
(  522) # 523 "./main_cucalln_mf.F90"
(  523) CALL LOAD (ILUNCI, PPLDARE)
(  524) CALL LOAD (ILUNCI, PPLRG)
(  525) CALL LOAD (ILUNCI, KSTEP)
(  526) CALL LOAD (ILUNCI, YDTHF)
(  527) CALL LOAD (ILUNCI, YDCST)
(  528) CALL LOAD (ILUNCI, YDERAD)
(  529) CALL LOAD (ILUNCI, YDML_PHY_SLIN)
(  530) CALL LOAD (ILUNCI, YDML_PHY_EC)
(  531) CALL LOAD (ILUNCI, YGFL)
(  532) CALL LOAD (ILUNCI, YDCHEM)
(  533) CALL LOAD (ILUNCI, YDSPP_CONFIG)
(  534) CALL LOAD (ILUNCI, YDPERTPAR)
(  535) CALL LOAD (ILUNCI, KLON)
(  536) CALL LOAD (ILUNCI, KGPBLKS)
(  537) # 539 "./main_cucalln_mf.F90"
(  539) IF (NPROMA == 0) NPROMA = KLON
(  540) IF (NGPBLKS == 0) THEN
(  541)   IF (ASSOCIATED (IBLOCKLIST)) THEN
(  542)     NGPBLKS = SIZE (IBLOCKLIST)
(  543)   ELSE
(  544)     NGPBLKS = KGPBLKS
(  545)   ENDIF
(  546) ENDIF
(  547) # 548 "./main_cucalln_mf.F90"
(  548) IF ((NPROMA /= KLON) .OR. (NGPBLKS /= KGPBLKS) .OR. ASSOCIATED (IBLOCKLIST)) THEN
(  549) # 550 "./main_cucalln_mf.F90"
(  550)   ALLOCATE (YLD)
(  551) # 552 "./main_cucalln_mf.F90"
(  552)   IF (ASSOCIATED (IBLOCKLIST)) THEN
(  553)     CALL YLD%INIT ([KLON, KGPBLKS], [NPROMA, NGPBLKS], IBLOCKLIST)
(  554)   ELSE
(  555)     CALL YLD%INIT ([KLON, KGPBLKS], [NPROMA, NGPBLKS])
(  556)   ENDIF
(  557)   
(  558)   NPROMA = YLD%IPROMA2
(  559)   NGPBLKS = YLD%IGPBLKS2
(  560) # 561 "./main_cucalln_mf.F90"
(  561) ENDIF
(  562) # 563 "./main_cucalln_mf.F90"
(  563) KLON = NPROMA
(  564) KGPBLKS = NGPBLKS
(  565) # 567 "./main_cucalln_mf.F90"
(  567) CALL LOAD (ILUNCI, KSMAX)
(  568) CALL LOAD (ILUNCI, KLEV)
(  569) CALL LOAD (ILUNFI, PDX,                  YDD=YLD)
(  570) CALL LOAD (ILUNCI, KSPPN2D)
(  571) CALL LOAD (ILUNCI, LDMCAPEA)
(  572) CALL LOAD (ILUNFI, LDLAND,               YDD=YLD)
(  573) CALL LOAD (ILUNCI, LDSLPHY)






NVFORTRAN (Version     24.5)          03/19/2025  06:55:46      page 31

(  574) CALL LOAD (ILUNCI, PTSPHY)
(  575) CALL LOAD (ILUNCI, PVDIFTS)
(  576) CALL LOAD (ILUNFI, PTM1,                 YDD=YLD)
(  577) CALL LOAD (ILUNFI, PQM1,                 YDD=YLD)
(  578) CALL LOAD (ILUNFI, PUM1,                 YDD=YLD)
(  579) CALL LOAD (ILUNFI, PVM1,                 YDD=YLD)
(  580) CALL LOAD (ILUNFI, PLITOT,               YDD=YLD)
(  581) CALL LOAD (ILUNFI, PVERVEL,              YDD=YLD)
(  582) CALL LOAD (ILUNFI, PQHFL,                YDD=YLD)
(  583) CALL LOAD (ILUNFI, PAHFS,                YDD=YLD)
(  584) CALL LOAD (ILUNFI, PAPHM1,               YDD=YLD)
(  585) CALL LOAD (ILUNFI, PAP,                  YDD=YLD)
(  586) CALL LOAD (ILUNFI, PAPH,                 YDD=YLD)
(  587) CALL LOAD (ILUNFI, PGEO,                 YDD=YLD)
(  588) CALL LOAD (ILUNFI, PGEOH,                YDD=YLD)
(  589) CALL LOAD (ILUNFI, PGAW,                 YDD=YLD)
(  590) CALL LOAD (ILUNFI, PCUCONVCA,            YDD=YLD)
(  591) CALL LOAD (ILUNFI, PGP2DSPP,             YDD=YLD)
(  592) CALL LOAD (ILUNFI, PTENT,                YDD=YLD)
(  593) CALL LOAD (ILUNFI, PTENQ,                YDD=YLD)
(  594) CALL LOAD (ILUNFI, PTENU,                YDD=YLD)
(  595) CALL LOAD (ILUNFI, PTENV,                YDD=YLD)
(  596) CALL LOAD (ILUNFI, PTENTA,               YDD=YLD)
(  597) CALL LOAD (ILUNFI, PTENQA,               YDD=YLD)
(  598) CALL LOAD (ILUNFI, PARPRC,               YDD=YLD)
(  599) CALL LOAD (ILUNFI, KTOPC,                YDD=YLD)
(  600) CALL LOAD (ILUNFI, KBASEC,               YDD=YLD)
(  601) CALL LOAD (ILUNFI, KTYPE,                YDD=YLD)
(  602) CALL LOAD (ILUNFI, KCBOT,                YDD=YLD)
(  603) CALL LOAD (ILUNFI, KCTOP,                YDD=YLD)
(  604) CALL LOAD (ILUNFI, KBOTSC,               YDD=YLD)
(  605) CALL LOAD (ILUNFI, LDCUM,                YDD=YLD)
(  606) CALL LOAD (ILUNFI, LDSC,                 YDD=YLD)
(  607) CALL LOAD (ILUNFI, KCBOT_LIG,            YDD=YLD)
(  608) CALL LOAD (ILUNFI, KCTOP_LIG,            YDD=YLD)
(  609) CALL LOAD (ILUNFI, LDCUM_LIG,            YDD=YLD)
(  610) CALL LOAD (ILUNFI, LDSHCV,               YDD=YLD)
(  611) CALL LOAD (ILUNFI, PLCRIT_AER,           YDD=YLD)
(  612) CALL LOAD (ILUNFI, PLU,                  YDD=YLD)
(  613) CALL LOAD (ILUNFI, PLUDE,                YDD=YLD)
(  614) CALL LOAD (ILUNFI, PLUDELI,              YDD=YLD)
(  615) CALL LOAD (ILUNFI, PSNDE,                YDD=YLD)
(  616) CALL LOAD (ILUNFI, PMFU,                 YDD=YLD)
(  617) CALL LOAD (ILUNFI, PMFD,                 YDD=YLD)
(  618) CALL LOAD (ILUNFI, PLGLAC,               YDD=YLD)
(  619) CALL LOAD (ILUNFI, PDIFCQ,               YDD=YLD)
(  620) CALL LOAD (ILUNFI, PDIFCS,               YDD=YLD)
(  621) CALL LOAD (ILUNFI, PFHPCL,               YDD=YLD)
(  622) CALL LOAD (ILUNFI, PFHPCN,               YDD=YLD)
(  623) CALL LOAD (ILUNFI, PFPLCL,               YDD=YLD)
(  624) CALL LOAD (ILUNFI, PFPLCN,               YDD=YLD)
(  625) CALL LOAD (ILUNFI, PLRAIN,               YDD=YLD)
(  626) CALL LOAD (ILUNFI, PRSUD,                YDD=YLD)
(  627) CALL LOAD (ILUNFI, PSTRCU,               YDD=YLD)
(  628) CALL LOAD (ILUNFI, PSTRCV,               YDD=YLD)
(  629) CALL LOAD (ILUNFI, PFCQLF,               YDD=YLD)
(  630) CALL LOAD (ILUNFI, PFCQIF,               YDD=YLD)
(  631) CALL LOAD (ILUNFI, PMFUDE_RATE,          YDD=YLD)






NVFORTRAN (Version     24.5)          03/19/2025  06:55:46      page 32

(  632) CALL LOAD (ILUNFI, PMFDDE_RATE,          YDD=YLD)
(  633) CALL LOAD (ILUNFI, PCAPE,                YDD=YLD)
(  634) CALL LOAD (ILUNFI, PWU,                  YDD=YLD)
(  635) CALL LOAD (ILUNFI, PWMEAN,               YDD=YLD)
(  636) CALL LOAD (ILUNFI, PVDISCU,              YDD=YLD)
(  637) CALL LOAD (ILUNFI, PDISS,                YDD=YLD)
(  638) CALL LOAD (ILUNCI, KTRAC)
(  639) CALL LOAD (ILUNFI, PCM1,                 YDD=YLD)
(  640) CALL LOAD (ILUNFI, PTENC,                YDD=YLD)
(  641) CALL LOAD (ILUNCI, PSCAV)
(  642) CALL LOAD (ILUNCI, PSCAV0)
(  643) # 644 "./main_cucalln_mf.F90"
(  644) CLOSE (ILUNFI)
(  645) CLOSE (ILUNCI)  
(  646) # 647 "./main_cucalln_mf.F90"
(  647) END SUBROUTINE
(  648) # 649 "./main_cucalln_mf.F90"
(  649) SUBROUTINE DIFFALL
(  650) IF (LLVERBOSE) PRINT *, " DIFF..."
(  651) # 652 "./main_cucalln_mf.F90"
(  652) ILUNFO = 79
(  653) OPEN (ILUNFO, NAME=TRIM (CLCASE_IN)//'/CUCALLN_MF.OUT.dat', FORM='UNFORMATTED')
(  654) CALL DIFF ("PTENT      ", PTENT      , KLUN=ILUNFO, YDD=YLD)
(  655) CALL DIFF ("PTENQ      ", PTENQ      , KLUN=ILUNFO, YDD=YLD)
(  656) CALL DIFF ("PTENU      ", PTENU      , KLUN=ILUNFO, YDD=YLD)
(  657) CALL DIFF ("PTENV      ", PTENV      , KLUN=ILUNFO, YDD=YLD)
(  658) CALL DIFF ("PTENTA     ", PTENTA     , KLUN=ILUNFO, YDD=YLD)
(  659) CALL DIFF ("PTENQA     ", PTENQA     , KLUN=ILUNFO, YDD=YLD)
(  660) CALL DIFF ("PARPRC     ", PARPRC     , KLUN=ILUNFO, YDD=YLD)
(  661) CALL DIFF ("KTOPC      ", KTOPC      , KLUN=ILUNFO, YDD=YLD)
(  662) CALL DIFF ("KBASEC     ", KBASEC     , KLUN=ILUNFO, YDD=YLD)
(  663) CALL DIFF ("KTYPE      ", KTYPE      , KLUN=ILUNFO, YDD=YLD)
(  664) CALL DIFF ("KCBOT      ", KCBOT      , KLUN=ILUNFO, YDD=YLD)
(  665) CALL DIFF ("KCTOP      ", KCTOP      , KLUN=ILUNFO, YDD=YLD)
(  666) CALL DIFF ("KBOTSC     ", KBOTSC     , KLUN=ILUNFO, YDD=YLD)
(  667) CALL DIFF ("LDCUM      ", LDCUM      , KLUN=ILUNFO, YDD=YLD)
(  668) CALL DIFF ("LDSC       ", LDSC       , KLUN=ILUNFO, YDD=YLD)
(  669) CALL DIFF ("KCBOT_LIG  ", KCBOT_LIG  , KLUN=ILUNFO, YDD=YLD)
(  670) CALL DIFF ("KCTOP_LIG  ", KCTOP_LIG  , KLUN=ILUNFO, YDD=YLD)
(  671) CALL DIFF ("LDCUM_LIG  ", LDCUM_LIG  , KLUN=ILUNFO, YDD=YLD)
(  672) CALL DIFF ("PLU        ", PLU        , KLUN=ILUNFO, YDD=YLD)
(  673) CALL DIFF ("PLUDE      ", PLUDE      , KLUN=ILUNFO, YDD=YLD)
(  674) CALL DIFF ("PLUDELI    ", PLUDELI    , KLUN=ILUNFO, YDD=YLD)
(  675) CALL DIFF ("PSNDE      ", PSNDE      , KLUN=ILUNFO, YDD=YLD)
(  676) CALL DIFF ("PMFU       ", PMFU       , KLUN=ILUNFO, YDD=YLD)
(  677) CALL DIFF ("PMFD       ", PMFD       , KLUN=ILUNFO, YDD=YLD)
(  678) CALL DIFF ("PLGLAC     ", PLGLAC     , KLUN=ILUNFO, YDD=YLD)
(  679) CALL DIFF ("PDIFCQ     ", PDIFCQ     , KLUN=ILUNFO, YDD=YLD)
(  680) CALL DIFF ("PDIFCS     ", PDIFCS     , KLUN=ILUNFO, YDD=YLD)
(  681) CALL DIFF ("PFHPCL     ", PFHPCL     , KLUN=ILUNFO, YDD=YLD)
(  682) CALL DIFF ("PFHPCN     ", PFHPCN     , KLUN=ILUNFO, YDD=YLD)
(  683) CALL DIFF ("PFPLCL     ", PFPLCL     , KLUN=ILUNFO, YDD=YLD)
(  684) CALL DIFF ("PFPLCN     ", PFPLCN     , KLUN=ILUNFO, YDD=YLD)
(  685) CALL DIFF ("PLRAIN     ", PLRAIN     , KLUN=ILUNFO, YDD=YLD)
(  686) CALL DIFF ("PRSUD      ", PRSUD      , KLUN=ILUNFO, YDD=YLD)
(  687) CALL DIFF ("PSTRCU     ", PSTRCU     , KLUN=ILUNFO, YDD=YLD)
(  688) CALL DIFF ("PSTRCV     ", PSTRCV     , KLUN=ILUNFO, YDD=YLD)
(  689) CALL DIFF ("PFCQLF     ", PFCQLF     , KLUN=ILUNFO, YDD=YLD)






NVFORTRAN (Version     24.5)          03/19/2025  06:55:46      page 33

(  690) CALL DIFF ("PFCQIF     ", PFCQIF     , KLUN=ILUNFO, YDD=YLD)
(  691) CALL DIFF ("PMFUDE_RATE", PMFUDE_RATE, KLUN=ILUNFO, YDD=YLD)
(  692) CALL DIFF ("PMFDDE_RATE", PMFDDE_RATE, KLUN=ILUNFO, YDD=YLD)
(  693) CALL DIFF ("PCAPE      ", PCAPE      , KLUN=ILUNFO, YDD=YLD)
(  694) CALL DIFF ("PWU        ", PWU        , KLUN=ILUNFO, YDD=YLD)
(  695) CALL DIFF ("PWMEAN     ", PWMEAN     , KLUN=ILUNFO, YDD=YLD)
(  696) CALL DIFF ("PVDISCU    ", PVDISCU    , KLUN=ILUNFO, YDD=YLD)
(  697) CALL DIFF ("PDISS      ", PDISS      , KLUN=ILUNFO, YDD=YLD)
(  698) CALL DIFF ("PTENC      ", PTENC      , KLUN=ILUNFO, YDD=YLD)
(  699) CLOSE (ILUNFO)
(  700) # 701 "./main_cucalln_mf.F90"
(  701) IF (LLVERBOSE) PRINT *, " ...DIFF"
(  702) # 703 "./main_cucalln_mf.F90"
(  703) END SUBROUTINE
(  704) # 705 "./main_cucalln_mf.F90"
(  705) SUBROUTINE SAVEIALL
(  706) # 707 "./main_cucalln_mf.F90"
(  707) ILUNCI = 77
(  708) ILUNFI = 78
(  709) # 710 "./main_cucalln_mf.F90"
(  710) OPEN (ILUNCI, NAME=TRIM (CLCASE_OUT)//'/CUCALLN_MF.CONST.dat', FORM='UNFORMATTED')
(  711) OPEN (ILUNFI, NAME=TRIM (CLCASE_OUT)//'/CUCALLN_MF.IN.dat',    FORM='UNFORMATTED')
(  712) # 713 "./main_cucalln_mf.F90"
(  713) CALL SAVE (ILUNCI, PPLDARE)
(  714) CALL SAVE (ILUNCI, PPLRG)
(  715) CALL SAVE (ILUNCI, KSTEP)
(  716) CALL SAVE (ILUNCI, YDTHF)
(  717) CALL SAVE (ILUNCI, YDCST)
(  718) CALL SAVE (ILUNCI, YDERAD)
(  719) CALL SAVE (ILUNCI, YDML_PHY_SLIN)
(  720) CALL SAVE (ILUNCI, YDML_PHY_EC)
(  721) CALL SAVE (ILUNCI, YGFL)
(  722) CALL SAVE (ILUNCI, YDCHEM)
(  723) CALL SAVE (ILUNCI, YDSPP_CONFIG)
(  724) CALL SAVE (ILUNCI, YDPERTPAR)
(  725) CALL SAVE (ILUNCI, KLON)
(  726) CALL SAVE (ILUNCI, KGPBLKS)
(  727) CALL SAVE (ILUNCI, KSMAX)
(  728) CALL SAVE (ILUNCI, KLEV)
(  729) CALL SAVE (ILUNFI, PDX, KLBOUND=LBOUND (PDX))
(  730) CALL SAVE (ILUNCI, KSPPN2D)
(  731) CALL SAVE (ILUNCI, LDMCAPEA)
(  732) CALL SAVE (ILUNFI, LDLAND, KLBOUND=LBOUND (LDLAND))
(  733) CALL SAVE (ILUNCI, LDSLPHY)
(  734) CALL SAVE (ILUNCI, PTSPHY)
(  735) CALL SAVE (ILUNCI, PVDIFTS)
(  736) CALL SAVE (ILUNFI, PTM1, KLBOUND=LBOUND (PTM1))
(  737) CALL SAVE (ILUNFI, PQM1, KLBOUND=LBOUND (PQM1))
(  738) CALL SAVE (ILUNFI, PUM1, KLBOUND=LBOUND (PUM1))
(  739) CALL SAVE (ILUNFI, PVM1, KLBOUND=LBOUND (PVM1))
(  740) CALL SAVE (ILUNFI, PLITOT, KLBOUND=LBOUND (PLITOT))
(  741) CALL SAVE (ILUNFI, PVERVEL, KLBOUND=LBOUND (PVERVEL))
(  742) CALL SAVE (ILUNFI, PQHFL, KLBOUND=LBOUND (PQHFL))
(  743) CALL SAVE (ILUNFI, PAHFS, KLBOUND=LBOUND (PAHFS))
(  744) CALL SAVE (ILUNFI, PAPHM1, KLBOUND=LBOUND (PAPHM1))
(  745) CALL SAVE (ILUNFI, PAP, KLBOUND=LBOUND (PAP))
(  746) CALL SAVE (ILUNFI, PAPH, KLBOUND=LBOUND (PAPH))
(  747) CALL SAVE (ILUNFI, PGEO, KLBOUND=LBOUND (PGEO))






NVFORTRAN (Version     24.5)          03/19/2025  06:55:46      page 34

(  748) CALL SAVE (ILUNFI, PGEOH, KLBOUND=LBOUND (PGEOH))
(  749) CALL SAVE (ILUNFI, PGAW, KLBOUND=LBOUND (PGAW))
(  750) CALL SAVE (ILUNFI, PCUCONVCA, KLBOUND=LBOUND (PCUCONVCA))
(  751) CALL SAVE (ILUNFI, PGP2DSPP, KLBOUND=LBOUND (PGP2DSPP))
(  752) CALL SAVE (ILUNFI, PTENT, KLBOUND=LBOUND (PTENT))
(  753) CALL SAVE (ILUNFI, PTENQ, KLBOUND=LBOUND (PTENQ))
(  754) CALL SAVE (ILUNFI, PTENU, KLBOUND=LBOUND (PTENU))
(  755) CALL SAVE (ILUNFI, PTENV, KLBOUND=LBOUND (PTENV))
(  756) CALL SAVE (ILUNFI, PTENTA, KLBOUND=LBOUND (PTENTA))
(  757) CALL SAVE (ILUNFI, PTENQA, KLBOUND=LBOUND (PTENQA))
(  758) CALL SAVE (ILUNFI, PARPRC, KLBOUND=LBOUND (PARPRC))
(  759) CALL SAVE (ILUNFI, KTOPC, KLBOUND=LBOUND (KTOPC))
(  760) CALL SAVE (ILUNFI, KBASEC, KLBOUND=LBOUND (KBASEC))
(  761) CALL SAVE (ILUNFI, KTYPE, KLBOUND=LBOUND (KTYPE))
(  762) CALL SAVE (ILUNFI, KCBOT, KLBOUND=LBOUND (KCBOT))
(  763) CALL SAVE (ILUNFI, KCTOP, KLBOUND=LBOUND (KCTOP))
(  764) CALL SAVE (ILUNFI, KBOTSC, KLBOUND=LBOUND (KBOTSC))
(  765) CALL SAVE (ILUNFI, LDCUM, KLBOUND=LBOUND (LDCUM))
(  766) CALL SAVE (ILUNFI, LDSC, KLBOUND=LBOUND (LDSC))
(  767) CALL SAVE (ILUNFI, KCBOT_LIG, KLBOUND=LBOUND (KCBOT_LIG))
(  768) CALL SAVE (ILUNFI, KCTOP_LIG, KLBOUND=LBOUND (KCTOP_LIG))
(  769) CALL SAVE (ILUNFI, LDCUM_LIG, KLBOUND=LBOUND (LDCUM_LIG))
(  770) CALL SAVE (ILUNFI, LDSHCV, KLBOUND=LBOUND (LDSHCV))
(  771) CALL SAVE (ILUNFI, PLCRIT_AER, KLBOUND=LBOUND (PLCRIT_AER))
(  772) CALL SAVE (ILUNFI, PLU, KLBOUND=LBOUND (PLU))
(  773) CALL SAVE (ILUNFI, PLUDE, KLBOUND=LBOUND (PLUDE))
(  774) CALL SAVE (ILUNFI, PLUDELI, KLBOUND=LBOUND (PLUDELI))
(  775) CALL SAVE (ILUNFI, PSNDE, KLBOUND=LBOUND (PSNDE))
(  776) CALL SAVE (ILUNFI, PMFU, KLBOUND=LBOUND (PMFU))
(  777) CALL SAVE (ILUNFI, PMFD, KLBOUND=LBOUND (PMFD))
(  778) CALL SAVE (ILUNFI, PLGLAC, KLBOUND=LBOUND (PLGLAC))
(  779) CALL SAVE (ILUNFI, PDIFCQ, KLBOUND=LBOUND (PDIFCQ))
(  780) CALL SAVE (ILUNFI, PDIFCS, KLBOUND=LBOUND (PDIFCS))
(  781) CALL SAVE (ILUNFI, PFHPCL, KLBOUND=LBOUND (PFHPCL))
(  782) CALL SAVE (ILUNFI, PFHPCN, KLBOUND=LBOUND (PFHPCN))
(  783) CALL SAVE (ILUNFI, PFPLCL, KLBOUND=LBOUND (PFPLCL))
(  784) CALL SAVE (ILUNFI, PFPLCN, KLBOUND=LBOUND (PFPLCN))
(  785) CALL SAVE (ILUNFI, PLRAIN, KLBOUND=LBOUND (PLRAIN))
(  786) CALL SAVE (ILUNFI, PRSUD, KLBOUND=LBOUND (PRSUD))
(  787) CALL SAVE (ILUNFI, PSTRCU, KLBOUND=LBOUND (PSTRCU))
(  788) CALL SAVE (ILUNFI, PSTRCV, KLBOUND=LBOUND (PSTRCV))
(  789) CALL SAVE (ILUNFI, PFCQLF, KLBOUND=LBOUND (PFCQLF))
(  790) CALL SAVE (ILUNFI, PFCQIF, KLBOUND=LBOUND (PFCQIF))
(  791) CALL SAVE (ILUNFI, PMFUDE_RATE, KLBOUND=LBOUND (PMFUDE_RATE))
(  792) CALL SAVE (ILUNFI, PMFDDE_RATE, KLBOUND=LBOUND (PMFDDE_RATE))
(  793) CALL SAVE (ILUNFI, PCAPE, KLBOUND=LBOUND (PCAPE))
(  794) CALL SAVE (ILUNFI, PWU, KLBOUND=LBOUND (PWU))
(  795) CALL SAVE (ILUNFI, PWMEAN, KLBOUND=LBOUND (PWMEAN))
(  796) CALL SAVE (ILUNFI, PVDISCU, KLBOUND=LBOUND (PVDISCU))
(  797) CALL SAVE (ILUNFI, PDISS, KLBOUND=LBOUND (PDISS))
(  798) CALL SAVE (ILUNCI, KTRAC)
(  799) CALL SAVE (ILUNFI, PCM1, KLBOUND=LBOUND (PCM1))
(  800) CALL SAVE (ILUNFI, PTENC, KLBOUND=LBOUND (PTENC))
(  801) CALL SAVE (ILUNCI, PSCAV, KLBOUND=LBOUND (PSCAV))
(  802) CALL SAVE (ILUNCI, PSCAV0, KLBOUND=LBOUND (PSCAV0))
(  803) # 804 "./main_cucalln_mf.F90"
(  804) CLOSE (ILUNFI)
(  805) CLOSE (ILUNCI)  






NVFORTRAN (Version     24.5)          03/19/2025  06:55:46      page 35

(  806) # 807 "./main_cucalln_mf.F90"
(  807) END SUBROUTINE
(  808) # 809 "./main_cucalln_mf.F90"
(  809) SUBROUTINE SAVEOALL
(  810) # 811 "./main_cucalln_mf.F90"
(  811) ILUNFO = 79
(  812) OPEN (ILUNFO, NAME=TRIM (CLCASE_OUT)//'/CUCALLN_MF.OUT.dat', FORM='UNFORMATTED')
(  813) CALL SAVE (ILUNFO, PTENT, KLBOUND=LBOUND (PTENT))
(  814) CALL SAVE (ILUNFO, PTENQ, KLBOUND=LBOUND (PTENQ))
(  815) CALL SAVE (ILUNFO, PTENU, KLBOUND=LBOUND (PTENU))
(  816) CALL SAVE (ILUNFO, PTENV, KLBOUND=LBOUND (PTENV))
(  817) CALL SAVE (ILUNFO, PTENTA, KLBOUND=LBOUND (PTENTA))
(  818) CALL SAVE (ILUNFO, PTENQA, KLBOUND=LBOUND (PTENQA))
(  819) CALL SAVE (ILUNFO, PARPRC, KLBOUND=LBOUND (PARPRC))
(  820) CALL SAVE (ILUNFO, KTOPC, KLBOUND=LBOUND (KTOPC))
(  821) CALL SAVE (ILUNFO, KBASEC, KLBOUND=LBOUND (KBASEC))
(  822) CALL SAVE (ILUNFO, KTYPE, KLBOUND=LBOUND (KTYPE))
(  823) CALL SAVE (ILUNFO, KCBOT, KLBOUND=LBOUND (KCBOT))
(  824) CALL SAVE (ILUNFO, KCTOP, KLBOUND=LBOUND (KCTOP))
(  825) CALL SAVE (ILUNFO, KBOTSC, KLBOUND=LBOUND (KBOTSC))
(  826) CALL SAVE (ILUNFO, LDCUM, KLBOUND=LBOUND (LDCUM))
(  827) CALL SAVE (ILUNFO, LDSC, KLBOUND=LBOUND (LDSC))
(  828) CALL SAVE (ILUNFO, KCBOT_LIG, KLBOUND=LBOUND (KCBOT_LIG))
(  829) CALL SAVE (ILUNFO, KCTOP_LIG, KLBOUND=LBOUND (KCTOP_LIG))
(  830) CALL SAVE (ILUNFO, LDCUM_LIG, KLBOUND=LBOUND (LDCUM_LIG))
(  831) CALL SAVE (ILUNFO, PLU, KLBOUND=LBOUND (PLU))
(  832) CALL SAVE (ILUNFO, PLUDE, KLBOUND=LBOUND (PLUDE))
(  833) CALL SAVE (ILUNFO, PLUDELI, KLBOUND=LBOUND (PLUDELI))
(  834) CALL SAVE (ILUNFO, PSNDE, KLBOUND=LBOUND (PSNDE))
(  835) CALL SAVE (ILUNFO, PMFU, KLBOUND=LBOUND (PMFU))
(  836) CALL SAVE (ILUNFO, PMFD, KLBOUND=LBOUND (PMFD))
(  837) CALL SAVE (ILUNFO, PLGLAC, KLBOUND=LBOUND (PLGLAC))
(  838) CALL SAVE (ILUNFO, PDIFCQ, KLBOUND=LBOUND (PDIFCQ))
(  839) CALL SAVE (ILUNFO, PDIFCS, KLBOUND=LBOUND (PDIFCS))
(  840) CALL SAVE (ILUNFO, PFHPCL, KLBOUND=LBOUND (PFHPCL))
(  841) CALL SAVE (ILUNFO, PFHPCN, KLBOUND=LBOUND (PFHPCN))
(  842) CALL SAVE (ILUNFO, PFPLCL, KLBOUND=LBOUND (PFPLCL))
(  843) CALL SAVE (ILUNFO, PFPLCN, KLBOUND=LBOUND (PFPLCN))
(  844) CALL SAVE (ILUNFO, PLRAIN, KLBOUND=LBOUND (PLRAIN))
(  845) CALL SAVE (ILUNFO, PRSUD, KLBOUND=LBOUND (PRSUD))
(  846) CALL SAVE (ILUNFO, PSTRCU, KLBOUND=LBOUND (PSTRCU))
(  847) CALL SAVE (ILUNFO, PSTRCV, KLBOUND=LBOUND (PSTRCV))
(  848) CALL SAVE (ILUNFO, PFCQLF, KLBOUND=LBOUND (PFCQLF))
(  849) CALL SAVE (ILUNFO, PFCQIF, KLBOUND=LBOUND (PFCQIF))
(  850) CALL SAVE (ILUNFO, PMFUDE_RATE, KLBOUND=LBOUND (PMFUDE_RATE))
(  851) CALL SAVE (ILUNFO, PMFDDE_RATE, KLBOUND=LBOUND (PMFDDE_RATE))
(  852) CALL SAVE (ILUNFO, PCAPE, KLBOUND=LBOUND (PCAPE))
(  853) CALL SAVE (ILUNFO, PWU, KLBOUND=LBOUND (PWU))
(  854) CALL SAVE (ILUNFO, PWMEAN, KLBOUND=LBOUND (PWMEAN))
(  855) CALL SAVE (ILUNFO, PVDISCU, KLBOUND=LBOUND (PVDISCU))
(  856) CALL SAVE (ILUNFO, PDISS, KLBOUND=LBOUND (PDISS))
(  857) CALL SAVE (ILUNFO, PTENC, KLBOUND=LBOUND (PTENC))
(  858) CLOSE (ILUNFO)
(  859) # 860 "./main_cucalln_mf.F90"
(  860) END SUBROUTINE
(  861) # 862 "./main_cucalln_mf.F90"
(  862) SUBROUTINE COPY_RESET
(  863) # 864 "./main_cucalln_mf.F90"






NVFORTRAN (Version     24.5)          03/19/2025  06:55:46      page 36

(  864) PDX(:,:) = PDX_INI(:,:)
(  865) LDLAND(:,:) = LDLAND_INI(:,:)
(  866) PTM1(:,:,:) = PTM1_INI(:,:,:)
(  867) PQM1(:,:,:) = PQM1_INI(:,:,:)
(  868) PUM1(:,:,:) = PUM1_INI(:,:,:)
(  869) PVM1(:,:,:) = PVM1_INI(:,:,:)
(  870) PLITOT(:,:,:) = PLITOT_INI(:,:,:)
(  871) PVERVEL(:,:,:) = PVERVEL_INI(:,:,:)
(  872) PQHFL(:,:,:) = PQHFL_INI(:,:,:)
(  873) PAHFS(:,:,:) = PAHFS_INI(:,:,:)
(  874) PAPHM1(:,:,:) = PAPHM1_INI(:,:,:)
(  875) PAP(:,:,:) = PAP_INI(:,:,:)
(  876) PAPH(:,:,:) = PAPH_INI(:,:,:)
(  877) PGEO(:,:,:) = PGEO_INI(:,:,:)
(  878) PGEOH(:,:,:) = PGEOH_INI(:,:,:)
(  879) PGAW(:,:) = PGAW_INI(:,:)
(  880) PCUCONVCA(:,:) = PCUCONVCA_INI(:,:)
(  881) PGP2DSPP(:,:,:) = PGP2DSPP_INI(:,:,:)
(  882) PTENT(:,:,:) = PTENT_INI(:,:,:)
(  883) PTENQ(:,:,:) = PTENQ_INI(:,:,:)
(  884) PTENU(:,:,:) = PTENU_INI(:,:,:)
(  885) PTENV(:,:,:) = PTENV_INI(:,:,:)
(  886) PTENTA(:,:,:) = PTENTA_INI(:,:,:)
(  887) PTENQA(:,:,:) = PTENQA_INI(:,:,:)
(  888) PARPRC(:,:) = PARPRC_INI(:,:)
(  889) KTOPC(:,:) = KTOPC_INI(:,:)
(  890) KBASEC(:,:) = KBASEC_INI(:,:)
(  891) KTYPE(:,:) = KTYPE_INI(:,:)
(  892) KCBOT(:,:) = KCBOT_INI(:,:)
(  893) KCTOP(:,:) = KCTOP_INI(:,:)
(  894) KBOTSC(:,:) = KBOTSC_INI(:,:)
(  895) LDCUM(:,:) = LDCUM_INI(:,:)
(  896) LDSC(:,:) = LDSC_INI(:,:)
(  897) KCBOT(:,:) = KCBOT_LIG_INI(:,:)
(  898) KCTOP(:,:) = KCTOP_LIG_INI(:,:)
(  899) LDCUM(:,:) = LDCUM_LIG_INI(:,:)
(  900) LDSHCV(:,:) = LDSHCV_INI(:,:)
(  901) PLCRIT_AER(:,:,:) = PLCRIT_AER_INI(:,:,:)
(  902) PLU(:,:,:) = PLU_INI(:,:,:)
(  903) PLUDE(:,:,:) = PLUDE_INI(:,:,:)
(  904) PLUDELI = PLUDELI_INI
(  905) PSNDE(:,:,:,:) = PSNDE_INI(:,:,:,:)
(  906) PMFU(:,:,:) = PMFU_INI(:,:,:)
(  907) PMFD(:,:,:) = PMFD_INI(:,:,:)
(  908) PLGLAC(:,:,:) = PLGLAC_INI(:,:,:)
(  909) PDIFCQ(:,:,:) = PDIFCQ_INI(:,:,:)
(  910) PDIFCS(:,:,:) = PDIFCS_INI(:,:,:)
(  911) PFHPCL(:,:,:) = PFHPCL_INI(:,:,:)
(  912) PFHPCN(:,:,:) = PFHPCN_INI(:,:,:)
(  913) PFPLCL(:,:,:) = PFPLCL_INI(:,:,:)
(  914) PFPLCN(:,:,:) = PFPLCN_INI(:,:,:)
(  915) PLRAIN(:,:,:) = PLRAIN_INI(:,:,:)
(  916) PRSUD(:,:,:,:) = PRSUD_INI(:,:,:,:)
(  917) PSTRCU(:,:,:) = PSTRCU_INI(:,:,:)
(  918) PSTRCV(:,:,:) = PSTRCV_INI(:,:,:)
(  919) PFCQLF(:,:,:) = PFCQLF_INI(:,:,:)
(  920) PFCQIF(:,:,:) = PFCQIF_INI(:,:,:)
(  921) PMFUDE_RATE(:,:,:) = PMFUDE_RATE_INI(:,:,:)






NVFORTRAN (Version     24.5)          03/19/2025  06:55:46      page 37

(  922) PMFDDE_RATE(:,:,:) = PMFDDE_RATE_INI(:,:,:)
(  923) PCAPE(:,:) = PCAPE_INI(:,:)
(  924) PWU_INI(:,:,:) = PWU(:,:,:)
(  925) PWMEAN(:,:) = PWMEAN_INI(:,:)
(  926) PVDISCU(:,:) = PVDISCU_INI(:,:)
(  927) PDISS(:,:,:) = PDISS_INI(:,:,:)
(  928) PCM1(:,:,:,:) = PCM1_INI(:,:,:,:)
(  929) PTENC(:,:,:,:) = PTENC_INI(:,:,:,:)
(  930) PSCAV(:)  = PSCAV_INI(:)
(  931) PSCAV0(:)  = PSCAV0_INI(:)
(  932) # 933 "./main_cucalln_mf.F90"
(  934) !$ACC&           PGAW, PCUCONVCA, PGP2DSPP, PTENT, PTENQ, PTENU, PTENV, PTENTA, PTENQA, PARPRC, KTOPC, KBASEC, KTYPE, &
(  935) !$ACC&           KCBOT, KCTOP, KBOTSC, LDCUM, LDSC, KCBOT_LIG, KCTOP_LIG, LDCUM_LIG, LDSHCV, PLCRIT_AER, PLU, PLUDE, &
(  936) !$ACC&           PLUDELI, PSNDE, PMFU, PMFD, PLGLAC, PDIFCQ, PDIFCS, PFHPCL, PFHPCN, PFPLCL, PFPLCN, PLRAIN, PRSUD, &
(  937) !$ACC&           PSTRCU, PSTRCV, PFCQLF, PFCQIF, PMFUDE_RATE, PMFDDE_RATE, PCAPE, PWU, PWMEAN, PVDISCU, PDISS, PCM1, &
(  938) !$ACC&           PTENC, PSCAV, PSCAV0) IF (TRIM (CLMETHOD) == 'openaccsinglecolumn')
(  939) # 940 "./main_cucalln_mf.F90"
(  940) END SUBROUTINE
(  941) # 942 "./main_cucalln_mf.F90"
(  942) SUBROUTINE COPY_INI
(  943)   CALL ALLOC(PDX_INI,PDX)
(  944)   CALL ALLOC(LDLAND_INI,LDLAND)
(  945)   CALL ALLOC(PTM1_INI,PTM1)
(  946)   CALL ALLOC(PQM1_INI,PQM1)
(  947)   CALL ALLOC(PUM1_INI,PUM1)
(  948)   CALL ALLOC(PVM1_INI,PVM1)
(  949)   CALL ALLOC(PLITOT_INI,PLITOT)
(  950)   CALL ALLOC(PVERVEL_INI,PVERVEL)
(  951)   CALL ALLOC(PQHFL_INI,PQHFL)
(  952)   CALL ALLOC(PAHFS_INI,PAHFS)
(  953)   CALL ALLOC(PAPHM1_INI,PAPHM1)
(  954)   CALL ALLOC(PAP_INI,PAP)
(  955)   CALL ALLOC(PAPH_INI,PAPH)
(  956)   CALL ALLOC(PGEO_INI,PGEO)
(  957)   CALL ALLOC(PGEOH_INI,PGEOH)
(  958)   CALL ALLOC(PGAW_INI,PGAW)
(  959)   CALL ALLOC(PCUCONVCA_INI,PCUCONVCA)
(  960)   CALL ALLOC(PGP2DSPP_INI,PGP2DSPP)
(  961)   CALL ALLOC(PTENT_INI,PTENT)
(  962)   CALL ALLOC(PTENQ_INI,PTENQ)
(  963)   CALL ALLOC(PTENU_INI,PTENU)
(  964)   CALL ALLOC(PTENV_INI,PTENV)
(  965)   CALL ALLOC(PTENTA_INI,PTENTA)
(  966)   CALL ALLOC(PTENQA_INI,PTENQA)
(  967)   CALL ALLOC(PARPRC_INI,PARPRC)
(  968)   CALL ALLOC(KTOPC_INI,KTOPC)
(  969)   CALL ALLOC(KBASEC_INI,KBASEC)
(  970)   CALL ALLOC(KTYPE_INI,KTYPE)
(  971)   CALL ALLOC(KCBOT_INI,KCBOT)
(  972)   CALL ALLOC(KCTOP_INI,KCTOP)
(  973)   CALL ALLOC(KBOTSC_INI,KBOTSC)
(  974)   CALL ALLOC(LDCUM_INI,LDCUM)
(  975)   CALL ALLOC(LDSC_INI,LDSC)
(  976)   CALL ALLOC(KCBOT_LIG_INI,KCBOT_LIG)
(  977)   CALL ALLOC(KCTOP_LIG_INI,KCTOP_LIG)
(  978)   CALL ALLOC(LDCUM_LIG_INI,LDCUM_LIG)
(  979)   CALL ALLOC(LDSHCV_INI,LDSHCV)
(  980)   CALL ALLOC(PLCRIT_AER_INI,PLCRIT_AER)






NVFORTRAN (Version     24.5)          03/19/2025  06:55:46      page 38

(  981)   CALL ALLOC(PLU_INI,PLU)
(  982)   CALL ALLOC(PLUDE_INI,PLUDE)
(  983)   CALL ALLOC(PLUDELI_INI,PLUDELI)
(  984)   CALL ALLOC(PSNDE_INI,PSNDE)
(  985)   CALL ALLOC(PMFU_INI,PMFU)
(  986)   CALL ALLOC(PMFD_INI,PMFD)
(  987)   CALL ALLOC(PLGLAC_INI,PLGLAC)
(  988)   CALL ALLOC(PDIFCQ_INI,PDIFCQ)
(  989)   CALL ALLOC(PDIFCS_INI,PDIFCS)
(  990)   CALL ALLOC(PFHPCL_INI,PFHPCL)
(  991)   CALL ALLOC(PFHPCN_INI,PFHPCN)
(  992)   CALL ALLOC(PFPLCL_INI,PFPLCL)
(  993)   CALL ALLOC(PFPLCN_INI,PFPLCN)
(  994)   CALL ALLOC(PLRAIN_INI,PLRAIN)
(  995)   CALL ALLOC(PRSUD_INI,PRSUD)
(  996)   CALL ALLOC(PSTRCU_INI,PSTRCU)
(  997)   CALL ALLOC(PSTRCV_INI,PSTRCV)
(  998)   CALL ALLOC(PFCQLF_INI,PFCQLF)
(  999)   CALL ALLOC(PFCQIF_INI,PFCQIF)
( 1000)   CALL ALLOC(PMFUDE_RATE_INI,PMFUDE_RATE)
( 1001)   CALL ALLOC(PMFDDE_RATE_INI,PMFDDE_RATE)
( 1002)   CALL ALLOC(PCAPE_INI,PCAPE)
( 1003)   CALL ALLOC(PWU_INI,PWU)
( 1004)   CALL ALLOC(PWMEAN_INI,PWMEAN)
( 1005)   CALL ALLOC(PVDISCU_INI,PVDISCU)
( 1006)   CALL ALLOC(PDISS_INI,PDISS)
( 1007)   CALL ALLOC(PCM1_INI,PCM1)
( 1008)   CALL ALLOC(PTENC_INI,PTENC)
( 1009)   CALL ALLOC(PSCAV_INI,PSCAV)
( 1010)   CALL ALLOC(PSCAV0_INI,PSCAV0)
( 1011) END SUBROUTINE
( 1012) # 1013 "./main_cucalln_mf.F90"
( 1013) END 
