


NVFORTRAN (Version     24.5)          03/19/2025  06:54:29      page 1

Switches: -noasm -nodclchk -debug -nodlines -line -list
          -idir /opt/softs/gcc/9.2.0/hpc_sdk/Linux_x86_64/24.5/comm_libs/12.4/hpcx/hpcx-2.19/ompi/include
          -idir /opt/softs/gcc/9.2.0/hpc_sdk/Linux_x86_64/24.5/comm_libs/12.4/hpcx/hpcx-2.19/ompi/lib
          -inform severe -opt 1 -nosave -object -noonetrip
          -depchk on -nostandard     
          -symbol -noupcase    

Filename: ./util_tecldp_mod.F90

(    1) MODULE UTIL_TECLDP_MOD
(    2) 
(    3) USE YOECLDP, ONLY : TECLDP
(    4) 
(    5) INTERFACE SAVE
(    6) MODULE PROCEDURE SAVE_TECLDP
(    7) END INTERFACE
(    8) 
(    9) INTERFACE LOAD
(   10) MODULE PROCEDURE LOAD_TECLDP
(   11) END INTERFACE
(   12) 
(   13) INTERFACE COPY
(   14) MODULE PROCEDURE COPY_TECLDP
(   15) END INTERFACE
(   16) 
(   17) INTERFACE HOST
(   18) MODULE PROCEDURE HOST_TECLDP
(   19) END INTERFACE
(   20) 
(   21)      
(   22) INTERFACE CRC64
(   23) MODULE PROCEDURE CRC64_TECLDP
(   24) END INTERFACE
(   25) 
(   26) INTERFACE WIPE
(   27) MODULE PROCEDURE WIPE_TECLDP
(   28) END INTERFACE
(   29) 
(   30) INTERFACE SIZE
(   31) MODULE PROCEDURE SIZE_TECLDP
(   32) END INTERFACE
(   33) 
(   34) 
(   35) CONTAINS
(   36) 
(   37) SUBROUTINE SAVE_TECLDP (KLUN, YD)
(   38) 
(   39) IMPLICIT NONE
(   40) INTEGER, INTENT (IN) :: KLUN
(   41) TYPE (TECLDP), INTENT (IN), TARGET :: YD
(   42) 
(   43) WRITE (KLUN) YD%RAMID
(   44) WRITE (KLUN) YD%RCLDIFF
(   45) WRITE (KLUN) YD%RCLDIFF_CONVI
(   46) WRITE (KLUN) YD%RCLCRIT
(   47) WRITE (KLUN) YD%RCLCRIT_SEA
(   48) WRITE (KLUN) YD%RCLCRIT_LAND
(   49) WRITE (KLUN) YD%RKCONV
(   50) WRITE (KLUN) YD%RPRC1






NVFORTRAN (Version     24.5)          03/19/2025  06:54:29      page 2

(   51) WRITE (KLUN) YD%RPRC2
(   52) WRITE (KLUN) YD%RCLDMAX
(   53) WRITE (KLUN) YD%RPECONS
(   54) WRITE (KLUN) YD%RVRFACTOR
(   55) WRITE (KLUN) YD%RPRECRHMAX
(   56) WRITE (KLUN) YD%RTAUMEL
(   57) WRITE (KLUN) YD%RAMIN
(   58) WRITE (KLUN) YD%RLMIN
(   59) WRITE (KLUN) YD%RKOOPTAU
(   60) WRITE (KLUN) YD%RSSICEFACTOR
(   61) WRITE (KLUN) YD%RCLDTOPP
(   62) WRITE (KLUN) YD%RLCRITSNOW
(   63) WRITE (KLUN) YD%RSNOWLIN1
(   64) WRITE (KLUN) YD%RSNOWLIN2
(   65) WRITE (KLUN) YD%RICEHI1
(   66) WRITE (KLUN) YD%RICEHI2
(   67) WRITE (KLUN) YD%RICEINIT
(   68) WRITE (KLUN) YD%RVICE
(   69) WRITE (KLUN) YD%RVRAIN
(   70) WRITE (KLUN) YD%RVSNOW
(   71) WRITE (KLUN) YD%RTHOMO
(   72) WRITE (KLUN) YD%RCOVPMIN
(   73) WRITE (KLUN) YD%RCCN
(   74) WRITE (KLUN) YD%RNICE
(   75) WRITE (KLUN) YD%RCCNOM
(   76) WRITE (KLUN) YD%RCCNSS
(   77) WRITE (KLUN) YD%RCCNSU
(   78) WRITE (KLUN) YD%RCLDTOPCF
(   79) WRITE (KLUN) YD%RDEPLIQREFRATE
(   80) WRITE (KLUN) YD%RDEPLIQREFDEPTH
(   81) WRITE (KLUN) YD%RCL_OVERLAPLIQICE
(   82) WRITE (KLUN) YD%RCL_EFFRIME
(   83) WRITE (KLUN) YD%RTAU_CLD_TLAD
(   84) WRITE (KLUN) YD%RCL_KKAAC
(   85) WRITE (KLUN) YD%RCL_KKBAC
(   86) WRITE (KLUN) YD%RCL_KKAAU
(   87) WRITE (KLUN) YD%RCL_KKBAUQ
(   88) WRITE (KLUN) YD%RCL_KKBAUN
(   89) WRITE (KLUN) YD%RCL_KK_CLOUD_NUM_SEA
(   90) WRITE (KLUN) YD%RCL_KK_CLOUD_NUM_LAND
(   91) WRITE (KLUN) YD%RCL_INHOMOGAUT
(   92) WRITE (KLUN) YD%RCL_INHOMOGACC
(   93) WRITE (KLUN) YD%LCLOUD_INHOMOG
(   94) WRITE (KLUN) YD%RCL_AI
(   95) WRITE (KLUN) YD%RCL_BI
(   96) WRITE (KLUN) YD%RCL_CI
(   97) WRITE (KLUN) YD%RCL_DI
(   98) WRITE (KLUN) YD%RCL_X1I
(   99) WRITE (KLUN) YD%RCL_X2I
(  100) WRITE (KLUN) YD%RCL_X3I
(  101) WRITE (KLUN) YD%RCL_X4I
(  102) WRITE (KLUN) YD%RCL_CONST1I
(  103) WRITE (KLUN) YD%RCL_CONST2I
(  104) WRITE (KLUN) YD%RCL_CONST3I
(  105) WRITE (KLUN) YD%RCL_CONST4I
(  106) WRITE (KLUN) YD%RCL_CONST5I
(  107) WRITE (KLUN) YD%RCL_CONST6I
(  108) WRITE (KLUN) YD%RCL_CONST7I






NVFORTRAN (Version     24.5)          03/19/2025  06:54:29      page 3

(  109) WRITE (KLUN) YD%RCL_LAMBDA1I
(  110) WRITE (KLUN) YD%RCL_LAMBDA2I
(  111) WRITE (KLUN) YD%RCL_APB1
(  112) WRITE (KLUN) YD%RCL_APB2
(  113) WRITE (KLUN) YD%RCL_APB3
(  114) WRITE (KLUN) YD%RCL_AS
(  115) WRITE (KLUN) YD%RCL_BS
(  116) WRITE (KLUN) YD%RCL_CS
(  117) WRITE (KLUN) YD%RCL_DS
(  118) WRITE (KLUN) YD%RCL_X1S
(  119) WRITE (KLUN) YD%RCL_X2S
(  120) WRITE (KLUN) YD%RCL_X3S
(  121) WRITE (KLUN) YD%RCL_X4S
(  122) WRITE (KLUN) YD%RCL_CONST1S
(  123) WRITE (KLUN) YD%RCL_CONST2S
(  124) WRITE (KLUN) YD%RCL_CONST3S
(  125) WRITE (KLUN) YD%RCL_CONST4S
(  126) WRITE (KLUN) YD%RCL_CONST5S
(  127) WRITE (KLUN) YD%RCL_CONST6S
(  128) WRITE (KLUN) YD%RCL_CONST7S
(  129) WRITE (KLUN) YD%RCL_CONST8S
(  130) WRITE (KLUN) YD%RCL_LAM1S
(  131) WRITE (KLUN) YD%RCL_LAM2S
(  132) WRITE (KLUN) YD%RDENSWAT
(  133) WRITE (KLUN) YD%RDENSREF
(  134) WRITE (KLUN) YD%RCL_AR
(  135) WRITE (KLUN) YD%RCL_BR
(  136) WRITE (KLUN) YD%RCL_CR
(  137) WRITE (KLUN) YD%RCL_DR
(  138) WRITE (KLUN) YD%RCL_X1R
(  139) WRITE (KLUN) YD%RCL_X2R
(  140) WRITE (KLUN) YD%RCL_X4R
(  141) WRITE (KLUN) YD%RCL_X1R_MP
(  142) WRITE (KLUN) YD%RCL_X2R_MP
(  143) WRITE (KLUN) YD%RCL_X4R_MP
(  144) WRITE (KLUN) YD%RCL_KA273
(  145) WRITE (KLUN) YD%RCL_CDENOM1
(  146) WRITE (KLUN) YD%RCL_CDENOM2
(  147) WRITE (KLUN) YD%RCL_CDENOM3
(  148) WRITE (KLUN) YD%RCL_SCHMIDT
(  149) WRITE (KLUN) YD%RCL_DYNVISC
(  150) WRITE (KLUN) YD%RCL_CONST1R
(  151) WRITE (KLUN) YD%RCL_CONST2R
(  152) WRITE (KLUN) YD%RCL_CONST3R
(  153) WRITE (KLUN) YD%RCL_CONST4R
(  154) WRITE (KLUN) YD%RCL_CONST7R
(  155) WRITE (KLUN) YD%RCL_CONST8R
(  156) WRITE (KLUN) YD%RCL_LAM1R
(  157) WRITE (KLUN) YD%RCL_LAM2R
(  158) WRITE (KLUN) YD%RCL_LAM1R_MP
(  159) WRITE (KLUN) YD%RCL_LAM2R_MP
(  160) WRITE (KLUN) YD%RCL_CONST5R
(  161) WRITE (KLUN) YD%RCL_CONST6R
(  162) WRITE (KLUN) YD%RCL_FZRAB
(  163) WRITE (KLUN) YD%RCL_FZRBB
(  164) WRITE (KLUN) YD%RCL_CONST9R
(  165) WRITE (KLUN) YD%RCL_CONST10R
(  166) WRITE (KLUN) YD%RCL_EFF_RACW






NVFORTRAN (Version     24.5)          03/19/2025  06:54:29      page 4

(  167) WRITE (KLUN) YD%NPTYPE_SEV2WMO
(  168) WRITE (KLUN) YD%LCLDEXTRA
(  169) WRITE (KLUN) YD%LCLDBUDGET
(  170) WRITE (KLUN) YD%LCLDBUDC
(  171) WRITE (KLUN) YD%LCLDBUDL
(  172) WRITE (KLUN) YD%LCLDBUDI
(  173) WRITE (KLUN) YD%LCLDBUDT
(  174) WRITE (KLUN) YD%LCLDBUD_TIMEINT
(  175) WRITE (KLUN) YD%LCLDBUD_VERTINT
(  176) WRITE (KLUN) YD%NSSOPT
(  177) WRITE (KLUN) YD%NCLDTOP
(  178) WRITE (KLUN) YD%NAECLBC
(  179) WRITE (KLUN) YD%NAECLDU
(  180) WRITE (KLUN) YD%NAECLOM
(  181) WRITE (KLUN) YD%NAECLSS
(  182) WRITE (KLUN) YD%NAECLSU
(  183) WRITE (KLUN) YD%NCLDDIAG
(  184) WRITE (KLUN) YD%NAERCLD
(  185) WRITE (KLUN) YD%LAERLIQAUTOLSP
(  186) WRITE (KLUN) YD%LAERLIQAUTOCP
(  187) WRITE (KLUN) YD%LAERLIQAUTOCPB
(  188) WRITE (KLUN) YD%LAERLIQCOLL
(  189) WRITE (KLUN) YD%LAERICESED
(  190) WRITE (KLUN) YD%LAERICEAUTO
(  191) WRITE (KLUN) YD%NSHAPEP
(  192) WRITE (KLUN) YD%NSHAPEQ
(  193) WRITE (KLUN) YD%NBETA
(  194) WRITE (KLUN) YD%RBETA
(  195) WRITE (KLUN) YD%RBETAP1
(  196) END SUBROUTINE
(  197) 
(  198) SUBROUTINE LOAD_TECLDP (KLUN, YD)
(  199) USE PARKIND1, ONLY : JPRD
(  200) 
(  201) IMPLICIT NONE
(  202) INTEGER, INTENT (IN) :: KLUN
(  203) TYPE (TECLDP), INTENT (OUT), TARGET :: YD
(  204) REAL(KIND=JPRD) :: ZTMP0
(  205) REAL(KIND=JPRD), ALLOCATABLE :: ZTMP1 (:)
(  206) READ (KLUN) ZTMP0
(  207) YD%RAMID = ZTMP0
(  208) READ (KLUN) ZTMP0
(  209) YD%RCLDIFF = ZTMP0
(  210) READ (KLUN) ZTMP0
(  211) YD%RCLDIFF_CONVI = ZTMP0
(  212) READ (KLUN) ZTMP0
(  213) YD%RCLCRIT = ZTMP0
(  214) READ (KLUN) ZTMP0
(  215) YD%RCLCRIT_SEA = ZTMP0
(  216) READ (KLUN) ZTMP0
(  217) YD%RCLCRIT_LAND = ZTMP0
(  218) READ (KLUN) ZTMP0
(  219) YD%RKCONV = ZTMP0
(  220) READ (KLUN) ZTMP0
(  221) YD%RPRC1 = ZTMP0
(  222) READ (KLUN) ZTMP0
(  223) YD%RPRC2 = ZTMP0
(  224) READ (KLUN) ZTMP0






NVFORTRAN (Version     24.5)          03/19/2025  06:54:29      page 5

(  225) YD%RCLDMAX = ZTMP0
(  226) READ (KLUN) ZTMP0
(  227) YD%RPECONS = ZTMP0
(  228) READ (KLUN) ZTMP0
(  229) YD%RVRFACTOR = ZTMP0
(  230) READ (KLUN) ZTMP0
(  231) YD%RPRECRHMAX = ZTMP0
(  232) READ (KLUN) ZTMP0
(  233) YD%RTAUMEL = ZTMP0
(  234) READ (KLUN) ZTMP0
(  235) YD%RAMIN = ZTMP0
(  236) READ (KLUN) ZTMP0
(  237) YD%RLMIN = ZTMP0
(  238) READ (KLUN) ZTMP0
(  239) YD%RKOOPTAU = ZTMP0
(  240) READ (KLUN) ZTMP0
(  241) YD%RSSICEFACTOR = ZTMP0
(  242) READ (KLUN) ZTMP0
(  243) YD%RCLDTOPP = ZTMP0
(  244) READ (KLUN) ZTMP0
(  245) YD%RLCRITSNOW = ZTMP0
(  246) READ (KLUN) ZTMP0
(  247) YD%RSNOWLIN1 = ZTMP0
(  248) READ (KLUN) ZTMP0
(  249) YD%RSNOWLIN2 = ZTMP0
(  250) READ (KLUN) ZTMP0
(  251) YD%RICEHI1 = ZTMP0
(  252) READ (KLUN) ZTMP0
(  253) YD%RICEHI2 = ZTMP0
(  254) READ (KLUN) ZTMP0
(  255) YD%RICEINIT = ZTMP0
(  256) READ (KLUN) ZTMP0
(  257) YD%RVICE = ZTMP0
(  258) READ (KLUN) ZTMP0
(  259) YD%RVRAIN = ZTMP0
(  260) READ (KLUN) ZTMP0
(  261) YD%RVSNOW = ZTMP0
(  262) READ (KLUN) ZTMP0
(  263) YD%RTHOMO = ZTMP0
(  264) READ (KLUN) ZTMP0
(  265) YD%RCOVPMIN = ZTMP0
(  266) READ (KLUN) ZTMP0
(  267) YD%RCCN = ZTMP0
(  268) READ (KLUN) ZTMP0
(  269) YD%RNICE = ZTMP0
(  270) READ (KLUN) ZTMP0
(  271) YD%RCCNOM = ZTMP0
(  272) READ (KLUN) ZTMP0
(  273) YD%RCCNSS = ZTMP0
(  274) READ (KLUN) ZTMP0
(  275) YD%RCCNSU = ZTMP0
(  276) READ (KLUN) ZTMP0
(  277) YD%RCLDTOPCF = ZTMP0
(  278) READ (KLUN) ZTMP0
(  279) YD%RDEPLIQREFRATE = ZTMP0
(  280) READ (KLUN) ZTMP0
(  281) YD%RDEPLIQREFDEPTH = ZTMP0
(  282) READ (KLUN) ZTMP0






NVFORTRAN (Version     24.5)          03/19/2025  06:54:29      page 6

(  283) YD%RCL_OVERLAPLIQICE = ZTMP0
(  284) READ (KLUN) ZTMP0
(  285) YD%RCL_EFFRIME = ZTMP0
(  286) READ (KLUN) ZTMP0
(  287) YD%RTAU_CLD_TLAD = ZTMP0
(  288) READ (KLUN) ZTMP0
(  289) YD%RCL_KKAAC = ZTMP0
(  290) READ (KLUN) ZTMP0
(  291) YD%RCL_KKBAC = ZTMP0
(  292) READ (KLUN) ZTMP0
(  293) YD%RCL_KKAAU = ZTMP0
(  294) READ (KLUN) ZTMP0
(  295) YD%RCL_KKBAUQ = ZTMP0
(  296) READ (KLUN) ZTMP0
(  297) YD%RCL_KKBAUN = ZTMP0
(  298) READ (KLUN) ZTMP0
(  299) YD%RCL_KK_CLOUD_NUM_SEA = ZTMP0
(  300) READ (KLUN) ZTMP0
(  301) YD%RCL_KK_CLOUD_NUM_LAND = ZTMP0
(  302) READ (KLUN) ZTMP0
(  303) YD%RCL_INHOMOGAUT = ZTMP0
(  304) READ (KLUN) ZTMP0
(  305) YD%RCL_INHOMOGACC = ZTMP0
(  306) READ (KLUN) YD%LCLOUD_INHOMOG
(  307) READ (KLUN) ZTMP0
(  308) YD%RCL_AI = ZTMP0
(  309) READ (KLUN) ZTMP0
(  310) YD%RCL_BI = ZTMP0
(  311) READ (KLUN) ZTMP0
(  312) YD%RCL_CI = ZTMP0
(  313) READ (KLUN) ZTMP0
(  314) YD%RCL_DI = ZTMP0
(  315) READ (KLUN) ZTMP0
(  316) YD%RCL_X1I = ZTMP0
(  317) READ (KLUN) ZTMP0
(  318) YD%RCL_X2I = ZTMP0
(  319) READ (KLUN) ZTMP0
(  320) YD%RCL_X3I = ZTMP0
(  321) READ (KLUN) ZTMP0
(  322) YD%RCL_X4I = ZTMP0
(  323) READ (KLUN) ZTMP0
(  324) YD%RCL_CONST1I = ZTMP0
(  325) READ (KLUN) ZTMP0
(  326) YD%RCL_CONST2I = ZTMP0
(  327) READ (KLUN) ZTMP0
(  328) YD%RCL_CONST3I = ZTMP0
(  329) READ (KLUN) ZTMP0
(  330) YD%RCL_CONST4I = ZTMP0
(  331) READ (KLUN) ZTMP0
(  332) YD%RCL_CONST5I = ZTMP0
(  333) READ (KLUN) ZTMP0
(  334) YD%RCL_CONST6I = ZTMP0
(  335) READ (KLUN) ZTMP0
(  336) YD%RCL_CONST7I = ZTMP0
(  337) READ (KLUN) ZTMP0
(  338) YD%RCL_LAMBDA1I = ZTMP0
(  339) READ (KLUN) ZTMP0
(  340) YD%RCL_LAMBDA2I = ZTMP0






NVFORTRAN (Version     24.5)          03/19/2025  06:54:29      page 7

(  341) READ (KLUN) ZTMP0
(  342) YD%RCL_APB1 = ZTMP0
(  343) READ (KLUN) ZTMP0
(  344) YD%RCL_APB2 = ZTMP0
(  345) READ (KLUN) ZTMP0
(  346) YD%RCL_APB3 = ZTMP0
(  347) READ (KLUN) ZTMP0
(  348) YD%RCL_AS = ZTMP0
(  349) READ (KLUN) ZTMP0
(  350) YD%RCL_BS = ZTMP0
(  351) READ (KLUN) ZTMP0
(  352) YD%RCL_CS = ZTMP0
(  353) READ (KLUN) ZTMP0
(  354) YD%RCL_DS = ZTMP0
(  355) READ (KLUN) ZTMP0
(  356) YD%RCL_X1S = ZTMP0
(  357) READ (KLUN) ZTMP0
(  358) YD%RCL_X2S = ZTMP0
(  359) READ (KLUN) ZTMP0
(  360) YD%RCL_X3S = ZTMP0
(  361) READ (KLUN) ZTMP0
(  362) YD%RCL_X4S = ZTMP0
(  363) READ (KLUN) ZTMP0
(  364) YD%RCL_CONST1S = ZTMP0
(  365) READ (KLUN) ZTMP0
(  366) YD%RCL_CONST2S = ZTMP0
(  367) READ (KLUN) ZTMP0
(  368) YD%RCL_CONST3S = ZTMP0
(  369) READ (KLUN) ZTMP0
(  370) YD%RCL_CONST4S = ZTMP0
(  371) READ (KLUN) ZTMP0
(  372) YD%RCL_CONST5S = ZTMP0
(  373) READ (KLUN) ZTMP0
(  374) YD%RCL_CONST6S = ZTMP0
(  375) READ (KLUN) ZTMP0
(  376) YD%RCL_CONST7S = ZTMP0
(  377) READ (KLUN) ZTMP0
(  378) YD%RCL_CONST8S = ZTMP0
(  379) READ (KLUN) ZTMP0
(  380) YD%RCL_LAM1S = ZTMP0
(  381) READ (KLUN) ZTMP0
(  382) YD%RCL_LAM2S = ZTMP0
(  383) READ (KLUN) ZTMP0
(  384) YD%RDENSWAT = ZTMP0
(  385) READ (KLUN) ZTMP0
(  386) YD%RDENSREF = ZTMP0
(  387) READ (KLUN) ZTMP0
(  388) YD%RCL_AR = ZTMP0
(  389) READ (KLUN) ZTMP0
(  390) YD%RCL_BR = ZTMP0
(  391) READ (KLUN) ZTMP0
(  392) YD%RCL_CR = ZTMP0
(  393) READ (KLUN) ZTMP0
(  394) YD%RCL_DR = ZTMP0
(  395) READ (KLUN) ZTMP0
(  396) YD%RCL_X1R = ZTMP0
(  397) READ (KLUN) ZTMP0
(  398) YD%RCL_X2R = ZTMP0






NVFORTRAN (Version     24.5)          03/19/2025  06:54:29      page 8

(  399) READ (KLUN) ZTMP0
(  400) YD%RCL_X4R = ZTMP0
(  401) READ (KLUN) ZTMP0
(  402) YD%RCL_X1R_MP = ZTMP0
(  403) READ (KLUN) ZTMP0
(  404) YD%RCL_X2R_MP = ZTMP0
(  405) READ (KLUN) ZTMP0
(  406) YD%RCL_X4R_MP = ZTMP0
(  407) READ (KLUN) ZTMP0
(  408) YD%RCL_KA273 = ZTMP0
(  409) READ (KLUN) ZTMP0
(  410) YD%RCL_CDENOM1 = ZTMP0
(  411) READ (KLUN) ZTMP0
(  412) YD%RCL_CDENOM2 = ZTMP0
(  413) READ (KLUN) ZTMP0
(  414) YD%RCL_CDENOM3 = ZTMP0
(  415) READ (KLUN) ZTMP0
(  416) YD%RCL_SCHMIDT = ZTMP0
(  417) READ (KLUN) ZTMP0
(  418) YD%RCL_DYNVISC = ZTMP0
(  419) READ (KLUN) ZTMP0
(  420) YD%RCL_CONST1R = ZTMP0
(  421) READ (KLUN) ZTMP0
(  422) YD%RCL_CONST2R = ZTMP0
(  423) READ (KLUN) ZTMP0
(  424) YD%RCL_CONST3R = ZTMP0
(  425) READ (KLUN) ZTMP0
(  426) YD%RCL_CONST4R = ZTMP0
(  427) READ (KLUN) ZTMP0
(  428) YD%RCL_CONST7R = ZTMP0
(  429) READ (KLUN) ZTMP0
(  430) YD%RCL_CONST8R = ZTMP0
(  431) READ (KLUN) ZTMP0
(  432) YD%RCL_LAM1R = ZTMP0
(  433) READ (KLUN) ZTMP0
(  434) YD%RCL_LAM2R = ZTMP0
(  435) READ (KLUN) ZTMP0
(  436) YD%RCL_LAM1R_MP = ZTMP0
(  437) READ (KLUN) ZTMP0
(  438) YD%RCL_LAM2R_MP = ZTMP0
(  439) READ (KLUN) ZTMP0
(  440) YD%RCL_CONST5R = ZTMP0
(  441) READ (KLUN) ZTMP0
(  442) YD%RCL_CONST6R = ZTMP0
(  443) READ (KLUN) ZTMP0
(  444) YD%RCL_FZRAB = ZTMP0
(  445) READ (KLUN) ZTMP0
(  446) YD%RCL_FZRBB = ZTMP0
(  447) READ (KLUN) ZTMP0
(  448) YD%RCL_CONST9R = ZTMP0
(  449) READ (KLUN) ZTMP0
(  450) YD%RCL_CONST10R = ZTMP0
(  451) READ (KLUN) ZTMP0
(  452) YD%RCL_EFF_RACW = ZTMP0
(  453) READ (KLUN) YD%NPTYPE_SEV2WMO
(  454) READ (KLUN) YD%LCLDEXTRA
(  455) READ (KLUN) YD%LCLDBUDGET
(  456) READ (KLUN) YD%LCLDBUDC






NVFORTRAN (Version     24.5)          03/19/2025  06:54:29      page 9

(  457) READ (KLUN) YD%LCLDBUDL
(  458) READ (KLUN) YD%LCLDBUDI
(  459) READ (KLUN) YD%LCLDBUDT
(  460) READ (KLUN) YD%LCLDBUD_TIMEINT
(  461) READ (KLUN) YD%LCLDBUD_VERTINT
(  462) READ (KLUN) YD%NSSOPT
(  463) READ (KLUN) YD%NCLDTOP
(  464) READ (KLUN) YD%NAECLBC
(  465) READ (KLUN) YD%NAECLDU
(  466) READ (KLUN) YD%NAECLOM
(  467) READ (KLUN) YD%NAECLSS
(  468) READ (KLUN) YD%NAECLSU
(  469) READ (KLUN) YD%NCLDDIAG
(  470) READ (KLUN) YD%NAERCLD
(  471) READ (KLUN) YD%LAERLIQAUTOLSP
(  472) READ (KLUN) YD%LAERLIQAUTOCP
(  473) READ (KLUN) YD%LAERLIQAUTOCPB
(  474) READ (KLUN) YD%LAERLIQCOLL
(  475) READ (KLUN) YD%LAERICESED
(  476) READ (KLUN) YD%LAERICEAUTO
(  477) READ (KLUN) ZTMP0
(  478) YD%NSHAPEP = ZTMP0
(  479) READ (KLUN) ZTMP0
(  480) YD%NSHAPEQ = ZTMP0
(  481) READ (KLUN) YD%NBETA
(  482) ALLOCATE (ZTMP1(LBOUND(YD%RBETA,1):UBOUND(YD%RBETA,1)))
(  483) READ (KLUN) ZTMP1
(  484) YD%RBETA = ZTMP1
(  485) DEALLOCATE (ZTMP1)
(  486) ALLOCATE (ZTMP1(LBOUND(YD%RBETAP1,1):UBOUND(YD%RBETAP1,1)))
(  487) READ (KLUN) ZTMP1
(  488) YD%RBETAP1 = ZTMP1
(  489) DEALLOCATE (ZTMP1)
(  490) END SUBROUTINE
(  491) 
(  492) 
(  493) SUBROUTINE COPY_TECLDP (YD, LDCREATED, LDFIELDAPI)
(  494) 
(  495) IMPLICIT NONE
(  496) TYPE (TECLDP), INTENT (IN), TARGET :: YD
(  497) LOGICAL, OPTIONAL, INTENT (IN) :: LDCREATED, LDFIELDAPI
(  498) LOGICAL :: LLCREATED
(  499) LOGICAL :: LLFIELDAPI
(  500) 
(  501) LLFIELDAPI = .FALSE.
(  502) IF (PRESENT (LDFIELDAPI)) THEN
(  503)   LLFIELDAPI = LDFIELDAPI
(  504) ENDIF
(  505) LLCREATED = .FALSE.
(  506) IF (PRESENT (LDCREATED)) THEN
(  507)   LLCREATED = LDCREATED
(  508) ENDIF
(  509) IF (.NOT. LLCREATED) THEN
(  510)   !$acc enter data create (YD)
(  511)   !$acc update device (YD)
(  512) ENDIF
(  513) 
(  514) 






NVFORTRAN (Version     24.5)          03/19/2025  06:54:29      page 10

(  515) 
(  516) 
(  517) 
(  518) 
(  519) 
(  520) 
(  521) 
(  522) 
(  523) 
(  524) 
(  525) 
(  526) 
(  527) 
(  528) 
(  529) 
(  530) 
(  531) 
(  532) 
(  533) 
(  534) 
(  535) 
(  536) 
(  537) 
(  538) 
(  539) 
(  540) 
(  541) 
(  542) 
(  543) 
(  544) 
(  545) 
(  546) 
(  547) 
(  548) 
(  549) 
(  550) 
(  551) 
(  552) 
(  553) 
(  554) 
(  555) 
(  556) 
(  557) 
(  558) 
(  559) 
(  560) 
(  561) 
(  562) 
(  563) 
(  564) 
(  565) 
(  566) 
(  567) 
(  568) 
(  569) 
(  570) 
(  571) 
(  572) 






NVFORTRAN (Version     24.5)          03/19/2025  06:54:29      page 11

(  573) 
(  574) 
(  575) 
(  576) 
(  577) 
(  578) 
(  579) 
(  580) 
(  581) 
(  582) 
(  583) 
(  584) 
(  585) 
(  586) 
(  587) 
(  588) 
(  589) 
(  590) 
(  591) 
(  592) 
(  593) 
(  594) 
(  595) 
(  596) 
(  597) 
(  598) 
(  599) 
(  600) 
(  601) 
(  602) 
(  603) 
(  604) 
(  605) 
(  606) 
(  607) 
(  608) 
(  609) 
(  610) 
(  611) 
(  612) 
(  613) 
(  614) 
(  615) 
(  616) 
(  617) 
(  618) 
(  619) 
(  620) 
(  621) 
(  622) 
(  623) 
(  624) 
(  625) 
(  626) 
(  627) 
(  628) 
(  629) 
(  630) 






NVFORTRAN (Version     24.5)          03/19/2025  06:54:29      page 12

(  631) 
(  632) 
(  633) 
(  634) 
(  635) 
(  636) 
(  637) 
(  638) 
(  639) 
(  640) 
(  641) 
(  642) 
(  643) 
(  644) 
(  645) 
(  646) 
(  647) 
(  648) 
(  649) 
(  650) 
(  651) 
(  652) 
(  653) 
(  654) 
(  655) 
(  656) 
(  657) 
(  658) 
(  659) 
(  660) 
(  661) 
(  662) 
(  663) 
(  664) 
(  665) 
(  666) END SUBROUTINE
(  667) 
(  668) SUBROUTINE HOST_TECLDP (YD)
(  669) 
(  670) IMPLICIT NONE
(  671) TYPE (TECLDP), TARGET :: YD
(  672) 
(  673) 
(  674) 
(  675) 
(  676) 
(  677) 
(  678) 
(  679) 
(  680) 
(  681) 
(  682) 
(  683) 
(  684) 
(  685) 
(  686) 
(  687) 
(  688) 






NVFORTRAN (Version     24.5)          03/19/2025  06:54:29      page 13

(  689) 
(  690) 
(  691) 
(  692) 
(  693) 
(  694) 
(  695) 
(  696) 
(  697) 
(  698) 
(  699) 
(  700) 
(  701) 
(  702) 
(  703) 
(  704) 
(  705) 
(  706) 
(  707) 
(  708) 
(  709) 
(  710) 
(  711) 
(  712) 
(  713) 
(  714) 
(  715) 
(  716) 
(  717) 
(  718) 
(  719) 
(  720) 
(  721) 
(  722) 
(  723) 
(  724) 
(  725) 
(  726) 
(  727) 
(  728) 
(  729) 
(  730) 
(  731) 
(  732) 
(  733) 
(  734) 
(  735) 
(  736) 
(  737) 
(  738) 
(  739) 
(  740) 
(  741) 
(  742) 
(  743) 
(  744) 
(  745) 
(  746) 






NVFORTRAN (Version     24.5)          03/19/2025  06:54:29      page 14

(  747) 
(  748) 
(  749) 
(  750) 
(  751) 
(  752) 
(  753) 
(  754) 
(  755) 
(  756) 
(  757) 
(  758) 
(  759) 
(  760) 
(  761) 
(  762) 
(  763) 
(  764) 
(  765) 
(  766) 
(  767) 
(  768) 
(  769) 
(  770) 
(  771) 
(  772) 
(  773) 
(  774) 
(  775) 
(  776) 
(  777) 
(  778) 
(  779) 
(  780) 
(  781) 
(  782) 
(  783) 
(  784) 
(  785) 
(  786) 
(  787) 
(  788) 
(  789) 
(  790) 
(  791) 
(  792) 
(  793) 
(  794) 
(  795) 
(  796) 
(  797) 
(  798) 
(  799) 
(  800) 
(  801) 
(  802) 
(  803) 
(  804) 






NVFORTRAN (Version     24.5)          03/19/2025  06:54:29      page 15

(  805) 
(  806) 
(  807) 
(  808) 
(  809) 
(  810) 
(  811) 
(  812) 
(  813) 
(  814) 
(  815) 
(  816) 
(  817) 
(  818) 
(  819) 
(  820) 
(  821) 
(  822) 
(  823) 
(  824) 
(  825) 
(  826) END SUBROUTINE
(  827) 
(  828)      
(  829) 
(  830) SUBROUTINE CRC64_TECLDP (YD, KLUN, CDPATH)
(  831) USE CRC64_INTRINSIC
(  832) 
(  833) IMPLICIT NONE
(  834) TYPE (TECLDP), TARGET :: YD
(  835) INTEGER, INTENT (IN) :: KLUN
(  836) CHARACTER(LEN=*), INTENT (IN) :: CDPATH
(  837) CHARACTER(LEN=128) :: CLIND
(  838) 
(  839) WRITE (KLUN, '(Z16.16," ",A)') CRC64 (YD%RAMID), CDPATH//'%RAMID'
(  840) 
(  841) WRITE (KLUN, '(Z16.16," ",A)') CRC64 (YD%RCLDIFF), CDPATH//'%RCLDIFF'
(  842) 
(  843) WRITE (KLUN, '(Z16.16," ",A)') CRC64 (YD%RCLDIFF_CONVI), CDPATH//'%RCLDIFF_CONVI'
(  844) 
(  845) WRITE (KLUN, '(Z16.16," ",A)') CRC64 (YD%RCLCRIT), CDPATH//'%RCLCRIT'
(  846) 
(  847) WRITE (KLUN, '(Z16.16," ",A)') CRC64 (YD%RCLCRIT_SEA), CDPATH//'%RCLCRIT_SEA'
(  848) 
(  849) WRITE (KLUN, '(Z16.16," ",A)') CRC64 (YD%RCLCRIT_LAND), CDPATH//'%RCLCRIT_LAND'
(  850) 
(  851) WRITE (KLUN, '(Z16.16," ",A)') CRC64 (YD%RKCONV), CDPATH//'%RKCONV'
(  852) 
(  853) WRITE (KLUN, '(Z16.16," ",A)') CRC64 (YD%RPRC1), CDPATH//'%RPRC1'
(  854) 
(  855) WRITE (KLUN, '(Z16.16," ",A)') CRC64 (YD%RPRC2), CDPATH//'%RPRC2'
(  856) 
(  857) WRITE (KLUN, '(Z16.16," ",A)') CRC64 (YD%RCLDMAX), CDPATH//'%RCLDMAX'
(  858) 
(  859) WRITE (KLUN, '(Z16.16," ",A)') CRC64 (YD%RPECONS), CDPATH//'%RPECONS'
(  860) 
(  861) WRITE (KLUN, '(Z16.16," ",A)') CRC64 (YD%RVRFACTOR), CDPATH//'%RVRFACTOR'
(  862) 






NVFORTRAN (Version     24.5)          03/19/2025  06:54:29      page 16

(  863) WRITE (KLUN, '(Z16.16," ",A)') CRC64 (YD%RPRECRHMAX), CDPATH//'%RPRECRHMAX'
(  864) 
(  865) WRITE (KLUN, '(Z16.16," ",A)') CRC64 (YD%RTAUMEL), CDPATH//'%RTAUMEL'
(  866) 
(  867) WRITE (KLUN, '(Z16.16," ",A)') CRC64 (YD%RAMIN), CDPATH//'%RAMIN'
(  868) 
(  869) WRITE (KLUN, '(Z16.16," ",A)') CRC64 (YD%RLMIN), CDPATH//'%RLMIN'
(  870) 
(  871) WRITE (KLUN, '(Z16.16," ",A)') CRC64 (YD%RKOOPTAU), CDPATH//'%RKOOPTAU'
(  872) 
(  873) WRITE (KLUN, '(Z16.16," ",A)') CRC64 (YD%RSSICEFACTOR), CDPATH//'%RSSICEFACTOR'
(  874) 
(  875) WRITE (KLUN, '(Z16.16," ",A)') CRC64 (YD%RCLDTOPP), CDPATH//'%RCLDTOPP'
(  876) 
(  877) WRITE (KLUN, '(Z16.16," ",A)') CRC64 (YD%RLCRITSNOW), CDPATH//'%RLCRITSNOW'
(  878) 
(  879) WRITE (KLUN, '(Z16.16," ",A)') CRC64 (YD%RSNOWLIN1), CDPATH//'%RSNOWLIN1'
(  880) 
(  881) WRITE (KLUN, '(Z16.16," ",A)') CRC64 (YD%RSNOWLIN2), CDPATH//'%RSNOWLIN2'
(  882) 
(  883) WRITE (KLUN, '(Z16.16," ",A)') CRC64 (YD%RICEHI1), CDPATH//'%RICEHI1'
(  884) 
(  885) WRITE (KLUN, '(Z16.16," ",A)') CRC64 (YD%RICEHI2), CDPATH//'%RICEHI2'
(  886) 
(  887) WRITE (KLUN, '(Z16.16," ",A)') CRC64 (YD%RICEINIT), CDPATH//'%RICEINIT'
(  888) 
(  889) WRITE (KLUN, '(Z16.16," ",A)') CRC64 (YD%RVICE), CDPATH//'%RVICE'
(  890) 
(  891) WRITE (KLUN, '(Z16.16," ",A)') CRC64 (YD%RVRAIN), CDPATH//'%RVRAIN'
(  892) 
(  893) WRITE (KLUN, '(Z16.16," ",A)') CRC64 (YD%RVSNOW), CDPATH//'%RVSNOW'
(  894) 
(  895) WRITE (KLUN, '(Z16.16," ",A)') CRC64 (YD%RTHOMO), CDPATH//'%RTHOMO'
(  896) 
(  897) WRITE (KLUN, '(Z16.16," ",A)') CRC64 (YD%RCOVPMIN), CDPATH//'%RCOVPMIN'
(  898) 
(  899) WRITE (KLUN, '(Z16.16," ",A)') CRC64 (YD%RCCN), CDPATH//'%RCCN'
(  900) 
(  901) WRITE (KLUN, '(Z16.16," ",A)') CRC64 (YD%RNICE), CDPATH//'%RNICE'
(  902) 
(  903) WRITE (KLUN, '(Z16.16," ",A)') CRC64 (YD%RCCNOM), CDPATH//'%RCCNOM'
(  904) 
(  905) WRITE (KLUN, '(Z16.16," ",A)') CRC64 (YD%RCCNSS), CDPATH//'%RCCNSS'
(  906) 
(  907) WRITE (KLUN, '(Z16.16," ",A)') CRC64 (YD%RCCNSU), CDPATH//'%RCCNSU'
(  908) 
(  909) WRITE (KLUN, '(Z16.16," ",A)') CRC64 (YD%RCLDTOPCF), CDPATH//'%RCLDTOPCF'
(  910) 
(  911) WRITE (KLUN, '(Z16.16," ",A)') CRC64 (YD%RDEPLIQREFRATE), CDPATH//'%RDEPLIQREFRATE'
(  912) 
(  913) WRITE (KLUN, '(Z16.16," ",A)') CRC64 (YD%RDEPLIQREFDEPTH), CDPATH//'%RDEPLIQREFDEPTH'
(  914) 
(  915) WRITE (KLUN, '(Z16.16," ",A)') CRC64 (YD%RCL_OVERLAPLIQICE), CDPATH//'%RCL_OVERLAPLIQICE'
(  916) 
(  917) WRITE (KLUN, '(Z16.16," ",A)') CRC64 (YD%RCL_EFFRIME), CDPATH//'%RCL_EFFRIME'
(  918) 
(  919) WRITE (KLUN, '(Z16.16," ",A)') CRC64 (YD%RTAU_CLD_TLAD), CDPATH//'%RTAU_CLD_TLAD'
(  920) 






NVFORTRAN (Version     24.5)          03/19/2025  06:54:29      page 17

(  921) WRITE (KLUN, '(Z16.16," ",A)') CRC64 (YD%RCL_KKAAC), CDPATH//'%RCL_KKAAC'
(  922) 
(  923) WRITE (KLUN, '(Z16.16," ",A)') CRC64 (YD%RCL_KKBAC), CDPATH//'%RCL_KKBAC'
(  924) 
(  925) WRITE (KLUN, '(Z16.16," ",A)') CRC64 (YD%RCL_KKAAU), CDPATH//'%RCL_KKAAU'
(  926) 
(  927) WRITE (KLUN, '(Z16.16," ",A)') CRC64 (YD%RCL_KKBAUQ), CDPATH//'%RCL_KKBAUQ'
(  928) 
(  929) WRITE (KLUN, '(Z16.16," ",A)') CRC64 (YD%RCL_KKBAUN), CDPATH//'%RCL_KKBAUN'
(  930) 
(  931) WRITE (KLUN, '(Z16.16," ",A)') CRC64 (YD%RCL_KK_CLOUD_NUM_SEA), CDPATH//'%RCL_KK_CLOUD_NUM_SEA'
(  932) 
(  933) WRITE (KLUN, '(Z16.16," ",A)') CRC64 (YD%RCL_KK_CLOUD_NUM_LAND), CDPATH//'%RCL_KK_CLOUD_NUM_LAND'
(  934) 
(  935) WRITE (KLUN, '(Z16.16," ",A)') CRC64 (YD%RCL_INHOMOGAUT), CDPATH//'%RCL_INHOMOGAUT'
(  936) 
(  937) WRITE (KLUN, '(Z16.16," ",A)') CRC64 (YD%RCL_INHOMOGACC), CDPATH//'%RCL_INHOMOGACC'
(  938) 
(  939) WRITE (KLUN, '(Z16.16," ",A)') CRC64 (YD%LCLOUD_INHOMOG), CDPATH//'%LCLOUD_INHOMOG'
(  940) 
(  941) WRITE (KLUN, '(Z16.16," ",A)') CRC64 (YD%RCL_AI), CDPATH//'%RCL_AI'
(  942) 
(  943) WRITE (KLUN, '(Z16.16," ",A)') CRC64 (YD%RCL_BI), CDPATH//'%RCL_BI'
(  944) 
(  945) WRITE (KLUN, '(Z16.16," ",A)') CRC64 (YD%RCL_CI), CDPATH//'%RCL_CI'
(  946) 
(  947) WRITE (KLUN, '(Z16.16," ",A)') CRC64 (YD%RCL_DI), CDPATH//'%RCL_DI'
(  948) 
(  949) WRITE (KLUN, '(Z16.16," ",A)') CRC64 (YD%RCL_X1I), CDPATH//'%RCL_X1I'
(  950) 
(  951) WRITE (KLUN, '(Z16.16," ",A)') CRC64 (YD%RCL_X2I), CDPATH//'%RCL_X2I'
(  952) 
(  953) WRITE (KLUN, '(Z16.16," ",A)') CRC64 (YD%RCL_X3I), CDPATH//'%RCL_X3I'
(  954) 
(  955) WRITE (KLUN, '(Z16.16," ",A)') CRC64 (YD%RCL_X4I), CDPATH//'%RCL_X4I'
(  956) 
(  957) WRITE (KLUN, '(Z16.16," ",A)') CRC64 (YD%RCL_CONST1I), CDPATH//'%RCL_CONST1I'
(  958) 
(  959) WRITE (KLUN, '(Z16.16," ",A)') CRC64 (YD%RCL_CONST2I), CDPATH//'%RCL_CONST2I'
(  960) 
(  961) WRITE (KLUN, '(Z16.16," ",A)') CRC64 (YD%RCL_CONST3I), CDPATH//'%RCL_CONST3I'
(  962) 
(  963) WRITE (KLUN, '(Z16.16," ",A)') CRC64 (YD%RCL_CONST4I), CDPATH//'%RCL_CONST4I'
(  964) 
(  965) WRITE (KLUN, '(Z16.16," ",A)') CRC64 (YD%RCL_CONST5I), CDPATH//'%RCL_CONST5I'
(  966) 
(  967) WRITE (KLUN, '(Z16.16," ",A)') CRC64 (YD%RCL_CONST6I), CDPATH//'%RCL_CONST6I'
(  968) 
(  969) WRITE (KLUN, '(Z16.16," ",A)') CRC64 (YD%RCL_CONST7I), CDPATH//'%RCL_CONST7I'
(  970) 
(  971) WRITE (KLUN, '(Z16.16," ",A)') CRC64 (YD%RCL_LAMBDA1I), CDPATH//'%RCL_LAMBDA1I'
(  972) 
(  973) WRITE (KLUN, '(Z16.16," ",A)') CRC64 (YD%RCL_LAMBDA2I), CDPATH//'%RCL_LAMBDA2I'
(  974) 
(  975) WRITE (KLUN, '(Z16.16," ",A)') CRC64 (YD%RCL_APB1), CDPATH//'%RCL_APB1'
(  976) 
(  977) WRITE (KLUN, '(Z16.16," ",A)') CRC64 (YD%RCL_APB2), CDPATH//'%RCL_APB2'
(  978) 






NVFORTRAN (Version     24.5)          03/19/2025  06:54:29      page 18

(  979) WRITE (KLUN, '(Z16.16," ",A)') CRC64 (YD%RCL_APB3), CDPATH//'%RCL_APB3'
(  980) 
(  981) WRITE (KLUN, '(Z16.16," ",A)') CRC64 (YD%RCL_AS), CDPATH//'%RCL_AS'
(  982) 
(  983) WRITE (KLUN, '(Z16.16," ",A)') CRC64 (YD%RCL_BS), CDPATH//'%RCL_BS'
(  984) 
(  985) WRITE (KLUN, '(Z16.16," ",A)') CRC64 (YD%RCL_CS), CDPATH//'%RCL_CS'
(  986) 
(  987) WRITE (KLUN, '(Z16.16," ",A)') CRC64 (YD%RCL_DS), CDPATH//'%RCL_DS'
(  988) 
(  989) WRITE (KLUN, '(Z16.16," ",A)') CRC64 (YD%RCL_X1S), CDPATH//'%RCL_X1S'
(  990) 
(  991) WRITE (KLUN, '(Z16.16," ",A)') CRC64 (YD%RCL_X2S), CDPATH//'%RCL_X2S'
(  992) 
(  993) WRITE (KLUN, '(Z16.16," ",A)') CRC64 (YD%RCL_X3S), CDPATH//'%RCL_X3S'
(  994) 
(  995) WRITE (KLUN, '(Z16.16," ",A)') CRC64 (YD%RCL_X4S), CDPATH//'%RCL_X4S'
(  996) 
(  997) WRITE (KLUN, '(Z16.16," ",A)') CRC64 (YD%RCL_CONST1S), CDPATH//'%RCL_CONST1S'
(  998) 
(  999) WRITE (KLUN, '(Z16.16," ",A)') CRC64 (YD%RCL_CONST2S), CDPATH//'%RCL_CONST2S'
( 1000) 
( 1001) WRITE (KLUN, '(Z16.16," ",A)') CRC64 (YD%RCL_CONST3S), CDPATH//'%RCL_CONST3S'
( 1002) 
( 1003) WRITE (KLUN, '(Z16.16," ",A)') CRC64 (YD%RCL_CONST4S), CDPATH//'%RCL_CONST4S'
( 1004) 
( 1005) WRITE (KLUN, '(Z16.16," ",A)') CRC64 (YD%RCL_CONST5S), CDPATH//'%RCL_CONST5S'
( 1006) 
( 1007) WRITE (KLUN, '(Z16.16," ",A)') CRC64 (YD%RCL_CONST6S), CDPATH//'%RCL_CONST6S'
( 1008) 
( 1009) WRITE (KLUN, '(Z16.16," ",A)') CRC64 (YD%RCL_CONST7S), CDPATH//'%RCL_CONST7S'
( 1010) 
( 1011) WRITE (KLUN, '(Z16.16," ",A)') CRC64 (YD%RCL_CONST8S), CDPATH//'%RCL_CONST8S'
( 1012) 
( 1013) WRITE (KLUN, '(Z16.16," ",A)') CRC64 (YD%RCL_LAM1S), CDPATH//'%RCL_LAM1S'
( 1014) 
( 1015) WRITE (KLUN, '(Z16.16," ",A)') CRC64 (YD%RCL_LAM2S), CDPATH//'%RCL_LAM2S'
( 1016) 
( 1017) WRITE (KLUN, '(Z16.16," ",A)') CRC64 (YD%RDENSWAT), CDPATH//'%RDENSWAT'
( 1018) 
( 1019) WRITE (KLUN, '(Z16.16," ",A)') CRC64 (YD%RDENSREF), CDPATH//'%RDENSREF'
( 1020) 
( 1021) WRITE (KLUN, '(Z16.16," ",A)') CRC64 (YD%RCL_AR), CDPATH//'%RCL_AR'
( 1022) 
( 1023) WRITE (KLUN, '(Z16.16," ",A)') CRC64 (YD%RCL_BR), CDPATH//'%RCL_BR'
( 1024) 
( 1025) WRITE (KLUN, '(Z16.16," ",A)') CRC64 (YD%RCL_CR), CDPATH//'%RCL_CR'
( 1026) 
( 1027) WRITE (KLUN, '(Z16.16," ",A)') CRC64 (YD%RCL_DR), CDPATH//'%RCL_DR'
( 1028) 
( 1029) WRITE (KLUN, '(Z16.16," ",A)') CRC64 (YD%RCL_X1R), CDPATH//'%RCL_X1R'
( 1030) 
( 1031) WRITE (KLUN, '(Z16.16," ",A)') CRC64 (YD%RCL_X2R), CDPATH//'%RCL_X2R'
( 1032) 
( 1033) WRITE (KLUN, '(Z16.16," ",A)') CRC64 (YD%RCL_X4R), CDPATH//'%RCL_X4R'
( 1034) 
( 1035) WRITE (KLUN, '(Z16.16," ",A)') CRC64 (YD%RCL_X1R_MP), CDPATH//'%RCL_X1R_MP'
( 1036) 






NVFORTRAN (Version     24.5)          03/19/2025  06:54:29      page 19

( 1037) WRITE (KLUN, '(Z16.16," ",A)') CRC64 (YD%RCL_X2R_MP), CDPATH//'%RCL_X2R_MP'
( 1038) 
( 1039) WRITE (KLUN, '(Z16.16," ",A)') CRC64 (YD%RCL_X4R_MP), CDPATH//'%RCL_X4R_MP'
( 1040) 
( 1041) WRITE (KLUN, '(Z16.16," ",A)') CRC64 (YD%RCL_KA273), CDPATH//'%RCL_KA273'
( 1042) 
( 1043) WRITE (KLUN, '(Z16.16," ",A)') CRC64 (YD%RCL_CDENOM1), CDPATH//'%RCL_CDENOM1'
( 1044) 
( 1045) WRITE (KLUN, '(Z16.16," ",A)') CRC64 (YD%RCL_CDENOM2), CDPATH//'%RCL_CDENOM2'
( 1046) 
( 1047) WRITE (KLUN, '(Z16.16," ",A)') CRC64 (YD%RCL_CDENOM3), CDPATH//'%RCL_CDENOM3'
( 1048) 
( 1049) WRITE (KLUN, '(Z16.16," ",A)') CRC64 (YD%RCL_SCHMIDT), CDPATH//'%RCL_SCHMIDT'
( 1050) 
( 1051) WRITE (KLUN, '(Z16.16," ",A)') CRC64 (YD%RCL_DYNVISC), CDPATH//'%RCL_DYNVISC'
( 1052) 
( 1053) WRITE (KLUN, '(Z16.16," ",A)') CRC64 (YD%RCL_CONST1R), CDPATH//'%RCL_CONST1R'
( 1054) 
( 1055) WRITE (KLUN, '(Z16.16," ",A)') CRC64 (YD%RCL_CONST2R), CDPATH//'%RCL_CONST2R'
( 1056) 
( 1057) WRITE (KLUN, '(Z16.16," ",A)') CRC64 (YD%RCL_CONST3R), CDPATH//'%RCL_CONST3R'
( 1058) 
( 1059) WRITE (KLUN, '(Z16.16," ",A)') CRC64 (YD%RCL_CONST4R), CDPATH//'%RCL_CONST4R'
( 1060) 
( 1061) WRITE (KLUN, '(Z16.16," ",A)') CRC64 (YD%RCL_CONST7R), CDPATH//'%RCL_CONST7R'
( 1062) 
( 1063) WRITE (KLUN, '(Z16.16," ",A)') CRC64 (YD%RCL_CONST8R), CDPATH//'%RCL_CONST8R'
( 1064) 
( 1065) WRITE (KLUN, '(Z16.16," ",A)') CRC64 (YD%RCL_LAM1R), CDPATH//'%RCL_LAM1R'
( 1066) 
( 1067) WRITE (KLUN, '(Z16.16," ",A)') CRC64 (YD%RCL_LAM2R), CDPATH//'%RCL_LAM2R'
( 1068) 
( 1069) WRITE (KLUN, '(Z16.16," ",A)') CRC64 (YD%RCL_LAM1R_MP), CDPATH//'%RCL_LAM1R_MP'
( 1070) 
( 1071) WRITE (KLUN, '(Z16.16," ",A)') CRC64 (YD%RCL_LAM2R_MP), CDPATH//'%RCL_LAM2R_MP'
( 1072) 
( 1073) WRITE (KLUN, '(Z16.16," ",A)') CRC64 (YD%RCL_CONST5R), CDPATH//'%RCL_CONST5R'
( 1074) 
( 1075) WRITE (KLUN, '(Z16.16," ",A)') CRC64 (YD%RCL_CONST6R), CDPATH//'%RCL_CONST6R'
( 1076) 
( 1077) WRITE (KLUN, '(Z16.16," ",A)') CRC64 (YD%RCL_FZRAB), CDPATH//'%RCL_FZRAB'
( 1078) 
( 1079) WRITE (KLUN, '(Z16.16," ",A)') CRC64 (YD%RCL_FZRBB), CDPATH//'%RCL_FZRBB'
( 1080) 
( 1081) WRITE (KLUN, '(Z16.16," ",A)') CRC64 (YD%RCL_CONST9R), CDPATH//'%RCL_CONST9R'
( 1082) 
( 1083) WRITE (KLUN, '(Z16.16," ",A)') CRC64 (YD%RCL_CONST10R), CDPATH//'%RCL_CONST10R'
( 1084) 
( 1085) WRITE (KLUN, '(Z16.16," ",A)') CRC64 (YD%RCL_EFF_RACW), CDPATH//'%RCL_EFF_RACW'
( 1086) 
( 1087) WRITE (KLUN, '(Z16.16," ",A)') CRC64 (YD%NPTYPE_SEV2WMO), CDPATH//'%NPTYPE_SEV2WMO'
( 1088) 
( 1089) WRITE (KLUN, '(Z16.16," ",A)') CRC64 (YD%LCLDEXTRA), CDPATH//'%LCLDEXTRA'
( 1090) 
( 1091) WRITE (KLUN, '(Z16.16," ",A)') CRC64 (YD%LCLDBUDGET), CDPATH//'%LCLDBUDGET'
( 1092) 
( 1093) WRITE (KLUN, '(Z16.16," ",A)') CRC64 (YD%LCLDBUDC), CDPATH//'%LCLDBUDC'
( 1094) 






NVFORTRAN (Version     24.5)          03/19/2025  06:54:29      page 20

( 1095) WRITE (KLUN, '(Z16.16," ",A)') CRC64 (YD%LCLDBUDL), CDPATH//'%LCLDBUDL'
( 1096) 
( 1097) WRITE (KLUN, '(Z16.16," ",A)') CRC64 (YD%LCLDBUDI), CDPATH//'%LCLDBUDI'
( 1098) 
( 1099) WRITE (KLUN, '(Z16.16," ",A)') CRC64 (YD%LCLDBUDT), CDPATH//'%LCLDBUDT'
( 1100) 
( 1101) WRITE (KLUN, '(Z16.16," ",A)') CRC64 (YD%LCLDBUD_TIMEINT), CDPATH//'%LCLDBUD_TIMEINT'
( 1102) 
( 1103) WRITE (KLUN, '(Z16.16," ",A)') CRC64 (YD%LCLDBUD_VERTINT), CDPATH//'%LCLDBUD_VERTINT'
( 1104) 
( 1105) WRITE (KLUN, '(Z16.16," ",A)') CRC64 (YD%NSSOPT), CDPATH//'%NSSOPT'
( 1106) 
( 1107) WRITE (KLUN, '(Z16.16," ",A)') CRC64 (YD%NCLDTOP), CDPATH//'%NCLDTOP'
( 1108) 
( 1109) WRITE (KLUN, '(Z16.16," ",A)') CRC64 (YD%NAECLBC), CDPATH//'%NAECLBC'
( 1110) 
( 1111) WRITE (KLUN, '(Z16.16," ",A)') CRC64 (YD%NAECLDU), CDPATH//'%NAECLDU'
( 1112) 
( 1113) WRITE (KLUN, '(Z16.16," ",A)') CRC64 (YD%NAECLOM), CDPATH//'%NAECLOM'
( 1114) 
( 1115) WRITE (KLUN, '(Z16.16," ",A)') CRC64 (YD%NAECLSS), CDPATH//'%NAECLSS'
( 1116) 
( 1117) WRITE (KLUN, '(Z16.16," ",A)') CRC64 (YD%NAECLSU), CDPATH//'%NAECLSU'
( 1118) 
( 1119) WRITE (KLUN, '(Z16.16," ",A)') CRC64 (YD%NCLDDIAG), CDPATH//'%NCLDDIAG'
( 1120) 
( 1121) WRITE (KLUN, '(Z16.16," ",A)') CRC64 (YD%NAERCLD), CDPATH//'%NAERCLD'
( 1122) 
( 1123) WRITE (KLUN, '(Z16.16," ",A)') CRC64 (YD%LAERLIQAUTOLSP), CDPATH//'%LAERLIQAUTOLSP'
( 1124) 
( 1125) WRITE (KLUN, '(Z16.16," ",A)') CRC64 (YD%LAERLIQAUTOCP), CDPATH//'%LAERLIQAUTOCP'
( 1126) 
( 1127) WRITE (KLUN, '(Z16.16," ",A)') CRC64 (YD%LAERLIQAUTOCPB), CDPATH//'%LAERLIQAUTOCPB'
( 1128) 
( 1129) WRITE (KLUN, '(Z16.16," ",A)') CRC64 (YD%LAERLIQCOLL), CDPATH//'%LAERLIQCOLL'
( 1130) 
( 1131) WRITE (KLUN, '(Z16.16," ",A)') CRC64 (YD%LAERICESED), CDPATH//'%LAERICESED'
( 1132) 
( 1133) WRITE (KLUN, '(Z16.16," ",A)') CRC64 (YD%LAERICEAUTO), CDPATH//'%LAERICEAUTO'
( 1134) 
( 1135) WRITE (KLUN, '(Z16.16," ",A)') CRC64 (YD%NSHAPEP), CDPATH//'%NSHAPEP'
( 1136) 
( 1137) WRITE (KLUN, '(Z16.16," ",A)') CRC64 (YD%NSHAPEQ), CDPATH//'%NSHAPEQ'
( 1138) 
( 1139) WRITE (KLUN, '(Z16.16," ",A)') CRC64 (YD%NBETA), CDPATH//'%NBETA'
( 1140) 
( 1141) WRITE (KLUN, '(Z16.16," ",A)') CRC64 (YD%RBETA), CDPATH//'%RBETA'
( 1142) 
( 1143) WRITE (KLUN, '(Z16.16," ",A)') CRC64 (YD%RBETAP1), CDPATH//'%RBETAP1'
( 1144) 
( 1145) END SUBROUTINE
( 1146) 
( 1147) SUBROUTINE WIPE_TECLDP (YD, LDDELETED, LDFIELDAPI)
( 1148) 
( 1149) IMPLICIT NONE
( 1150) TYPE (TECLDP), INTENT (IN), TARGET :: YD
( 1151) LOGICAL, OPTIONAL, INTENT (IN) :: LDDELETED, LDFIELDAPI
( 1152) LOGICAL :: LLDELETED






NVFORTRAN (Version     24.5)          03/19/2025  06:54:29      page 21

( 1153) LOGICAL :: LLFIELDAPI
( 1154) 
( 1155) LLFIELDAPI = .FALSE.
( 1156) IF (PRESENT (LDFIELDAPI)) THEN
( 1157)   LLFIELDAPI = LDFIELDAPI
( 1158) ENDIF
( 1159) 
( 1160) 
( 1161) 
( 1162) 
( 1163) 
( 1164) 
( 1165) 
( 1166) 
( 1167) 
( 1168) 
( 1169) 
( 1170) 
( 1171) 
( 1172) 
( 1173) 
( 1174) 
( 1175) 
( 1176) 
( 1177) 
( 1178) 
( 1179) 
( 1180) 
( 1181) 
( 1182) 
( 1183) 
( 1184) 
( 1185) 
( 1186) 
( 1187) 
( 1188) 
( 1189) 
( 1190) 
( 1191) 
( 1192) 
( 1193) 
( 1194) 
( 1195) 
( 1196) 
( 1197) 
( 1198) 
( 1199) 
( 1200) 
( 1201) 
( 1202) 
( 1203) 
( 1204) 
( 1205) 
( 1206) 
( 1207) 
( 1208) 
( 1209) 
( 1210) 






NVFORTRAN (Version     24.5)          03/19/2025  06:54:29      page 22

( 1211) 
( 1212) 
( 1213) 
( 1214) 
( 1215) 
( 1216) 
( 1217) 
( 1218) 
( 1219) 
( 1220) 
( 1221) 
( 1222) 
( 1223) 
( 1224) 
( 1225) 
( 1226) 
( 1227) 
( 1228) 
( 1229) 
( 1230) 
( 1231) 
( 1232) 
( 1233) 
( 1234) 
( 1235) 
( 1236) 
( 1237) 
( 1238) 
( 1239) 
( 1240) 
( 1241) 
( 1242) 
( 1243) 
( 1244) 
( 1245) 
( 1246) 
( 1247) 
( 1248) 
( 1249) 
( 1250) 
( 1251) 
( 1252) 
( 1253) 
( 1254) 
( 1255) 
( 1256) 
( 1257) 
( 1258) 
( 1259) 
( 1260) 
( 1261) 
( 1262) 
( 1263) 
( 1264) 
( 1265) 
( 1266) 
( 1267) 
( 1268) 






NVFORTRAN (Version     24.5)          03/19/2025  06:54:29      page 23

( 1269) 
( 1270) 
( 1271) 
( 1272) 
( 1273) 
( 1274) 
( 1275) 
( 1276) 
( 1277) 
( 1278) 
( 1279) 
( 1280) 
( 1281) 
( 1282) 
( 1283) 
( 1284) 
( 1285) 
( 1286) 
( 1287) 
( 1288) 
( 1289) 
( 1290) 
( 1291) 
( 1292) 
( 1293) 
( 1294) 
( 1295) 
( 1296) 
( 1297) 
( 1298) 
( 1299) 
( 1300) 
( 1301) 
( 1302) 
( 1303) 
( 1304) 
( 1305) 
( 1306) 
( 1307) 
( 1308) 
( 1309) 
( 1310) 
( 1311) 
( 1312) LLDELETED = .FALSE.
( 1313) IF (PRESENT (LDDELETED)) THEN
( 1314)   LLDELETED = LDDELETED
( 1315) ENDIF
( 1316) IF (.NOT. LLDELETED) THEN
( 1317)   !$acc exit data delete (YD)
( 1318) ENDIF
( 1319) END SUBROUTINE
( 1320) 
( 1321) INTEGER*8 FUNCTION SIZE_TECLDP (YD, CDPATH, LDPRINT) RESULT (KSIZE)
( 1322) 
( 1323) IMPLICIT NONE
( 1324) TYPE (TECLDP),     INTENT (IN), TARGET :: YD
( 1325) CHARACTER(LEN=*), INTENT (IN), OPTIONAL :: CDPATH
( 1326) LOGICAL,          INTENT (IN), OPTIONAL :: LDPRINT






NVFORTRAN (Version     24.5)          03/19/2025  06:54:29      page 24

( 1327) INTEGER*8 :: ISIZE, JSIZE
( 1328) LOGICAL :: LLPRINT
( 1329) CHARACTER(LEN=128) :: CLPATH
( 1330) 
( 1331) LLPRINT = .FALSE.
( 1332) IF (PRESENT (LDPRINT)) THEN
( 1333)   LLPRINT = LDPRINT
( 1334) ENDIF
( 1335) CLPATH=''
( 1336) IF (PRESENT (CDPATH)) THEN
( 1337)   CLPATH = CDPATH
( 1338) ENDIF
( 1339) KSIZE = 0
( 1340) ISIZE = KIND (YD%RAMID)
( 1341) IF (LLPRINT) THEN
( 1342)   WRITE (*, '(I10," ")', ADVANCE='NO') ISIZE
( 1343)   WRITE (*, *) TRIM (CLPATH)//'%RAMID'
( 1344) ENDIF
( 1345) KSIZE = KSIZE + ISIZE
( 1346) ISIZE = KIND (YD%RCLDIFF)
( 1347) IF (LLPRINT) THEN
( 1348)   WRITE (*, '(I10," ")', ADVANCE='NO') ISIZE
( 1349)   WRITE (*, *) TRIM (CLPATH)//'%RCLDIFF'
( 1350) ENDIF
( 1351) KSIZE = KSIZE + ISIZE
( 1352) ISIZE = KIND (YD%RCLDIFF_CONVI)
( 1353) IF (LLPRINT) THEN
( 1354)   WRITE (*, '(I10," ")', ADVANCE='NO') ISIZE
( 1355)   WRITE (*, *) TRIM (CLPATH)//'%RCLDIFF_CONVI'
( 1356) ENDIF
( 1357) KSIZE = KSIZE + ISIZE
( 1358) ISIZE = KIND (YD%RCLCRIT)
( 1359) IF (LLPRINT) THEN
( 1360)   WRITE (*, '(I10," ")', ADVANCE='NO') ISIZE
( 1361)   WRITE (*, *) TRIM (CLPATH)//'%RCLCRIT'
( 1362) ENDIF
( 1363) KSIZE = KSIZE + ISIZE
( 1364) ISIZE = KIND (YD%RCLCRIT_SEA)
( 1365) IF (LLPRINT) THEN
( 1366)   WRITE (*, '(I10," ")', ADVANCE='NO') ISIZE
( 1367)   WRITE (*, *) TRIM (CLPATH)//'%RCLCRIT_SEA'
( 1368) ENDIF
( 1369) KSIZE = KSIZE + ISIZE
( 1370) ISIZE = KIND (YD%RCLCRIT_LAND)
( 1371) IF (LLPRINT) THEN
( 1372)   WRITE (*, '(I10," ")', ADVANCE='NO') ISIZE
( 1373)   WRITE (*, *) TRIM (CLPATH)//'%RCLCRIT_LAND'
( 1374) ENDIF
( 1375) KSIZE = KSIZE + ISIZE
( 1376) ISIZE = KIND (YD%RKCONV)
( 1377) IF (LLPRINT) THEN
( 1378)   WRITE (*, '(I10," ")', ADVANCE='NO') ISIZE
( 1379)   WRITE (*, *) TRIM (CLPATH)//'%RKCONV'
( 1380) ENDIF
( 1381) KSIZE = KSIZE + ISIZE
( 1382) ISIZE = KIND (YD%RPRC1)
( 1383) IF (LLPRINT) THEN
( 1384)   WRITE (*, '(I10," ")', ADVANCE='NO') ISIZE






NVFORTRAN (Version     24.5)          03/19/2025  06:54:29      page 25

( 1385)   WRITE (*, *) TRIM (CLPATH)//'%RPRC1'
( 1386) ENDIF
( 1387) KSIZE = KSIZE + ISIZE
( 1388) ISIZE = KIND (YD%RPRC2)
( 1389) IF (LLPRINT) THEN
( 1390)   WRITE (*, '(I10," ")', ADVANCE='NO') ISIZE
( 1391)   WRITE (*, *) TRIM (CLPATH)//'%RPRC2'
( 1392) ENDIF
( 1393) KSIZE = KSIZE + ISIZE
( 1394) ISIZE = KIND (YD%RCLDMAX)
( 1395) IF (LLPRINT) THEN
( 1396)   WRITE (*, '(I10," ")', ADVANCE='NO') ISIZE
( 1397)   WRITE (*, *) TRIM (CLPATH)//'%RCLDMAX'
( 1398) ENDIF
( 1399) KSIZE = KSIZE + ISIZE
( 1400) ISIZE = KIND (YD%RPECONS)
( 1401) IF (LLPRINT) THEN
( 1402)   WRITE (*, '(I10," ")', ADVANCE='NO') ISIZE
( 1403)   WRITE (*, *) TRIM (CLPATH)//'%RPECONS'
( 1404) ENDIF
( 1405) KSIZE = KSIZE + ISIZE
( 1406) ISIZE = KIND (YD%RVRFACTOR)
( 1407) IF (LLPRINT) THEN
( 1408)   WRITE (*, '(I10," ")', ADVANCE='NO') ISIZE
( 1409)   WRITE (*, *) TRIM (CLPATH)//'%RVRFACTOR'
( 1410) ENDIF
( 1411) KSIZE = KSIZE + ISIZE
( 1412) ISIZE = KIND (YD%RPRECRHMAX)
( 1413) IF (LLPRINT) THEN
( 1414)   WRITE (*, '(I10," ")', ADVANCE='NO') ISIZE
( 1415)   WRITE (*, *) TRIM (CLPATH)//'%RPRECRHMAX'
( 1416) ENDIF
( 1417) KSIZE = KSIZE + ISIZE
( 1418) ISIZE = KIND (YD%RTAUMEL)
( 1419) IF (LLPRINT) THEN
( 1420)   WRITE (*, '(I10," ")', ADVANCE='NO') ISIZE
( 1421)   WRITE (*, *) TRIM (CLPATH)//'%RTAUMEL'
( 1422) ENDIF
( 1423) KSIZE = KSIZE + ISIZE
( 1424) ISIZE = KIND (YD%RAMIN)
( 1425) IF (LLPRINT) THEN
( 1426)   WRITE (*, '(I10," ")', ADVANCE='NO') ISIZE
( 1427)   WRITE (*, *) TRIM (CLPATH)//'%RAMIN'
( 1428) ENDIF
( 1429) KSIZE = KSIZE + ISIZE
( 1430) ISIZE = KIND (YD%RLMIN)
( 1431) IF (LLPRINT) THEN
( 1432)   WRITE (*, '(I10," ")', ADVANCE='NO') ISIZE
( 1433)   WRITE (*, *) TRIM (CLPATH)//'%RLMIN'
( 1434) ENDIF
( 1435) KSIZE = KSIZE + ISIZE
( 1436) ISIZE = KIND (YD%RKOOPTAU)
( 1437) IF (LLPRINT) THEN
( 1438)   WRITE (*, '(I10," ")', ADVANCE='NO') ISIZE
( 1439)   WRITE (*, *) TRIM (CLPATH)//'%RKOOPTAU'
( 1440) ENDIF
( 1441) KSIZE = KSIZE + ISIZE
( 1442) ISIZE = KIND (YD%RSSICEFACTOR)






NVFORTRAN (Version     24.5)          03/19/2025  06:54:29      page 26

( 1443) IF (LLPRINT) THEN
( 1444)   WRITE (*, '(I10," ")', ADVANCE='NO') ISIZE
( 1445)   WRITE (*, *) TRIM (CLPATH)//'%RSSICEFACTOR'
( 1446) ENDIF
( 1447) KSIZE = KSIZE + ISIZE
( 1448) ISIZE = KIND (YD%RCLDTOPP)
( 1449) IF (LLPRINT) THEN
( 1450)   WRITE (*, '(I10," ")', ADVANCE='NO') ISIZE
( 1451)   WRITE (*, *) TRIM (CLPATH)//'%RCLDTOPP'
( 1452) ENDIF
( 1453) KSIZE = KSIZE + ISIZE
( 1454) ISIZE = KIND (YD%RLCRITSNOW)
( 1455) IF (LLPRINT) THEN
( 1456)   WRITE (*, '(I10," ")', ADVANCE='NO') ISIZE
( 1457)   WRITE (*, *) TRIM (CLPATH)//'%RLCRITSNOW'
( 1458) ENDIF
( 1459) KSIZE = KSIZE + ISIZE
( 1460) ISIZE = KIND (YD%RSNOWLIN1)
( 1461) IF (LLPRINT) THEN
( 1462)   WRITE (*, '(I10," ")', ADVANCE='NO') ISIZE
( 1463)   WRITE (*, *) TRIM (CLPATH)//'%RSNOWLIN1'
( 1464) ENDIF
( 1465) KSIZE = KSIZE + ISIZE
( 1466) ISIZE = KIND (YD%RSNOWLIN2)
( 1467) IF (LLPRINT) THEN
( 1468)   WRITE (*, '(I10," ")', ADVANCE='NO') ISIZE
( 1469)   WRITE (*, *) TRIM (CLPATH)//'%RSNOWLIN2'
( 1470) ENDIF
( 1471) KSIZE = KSIZE + ISIZE
( 1472) ISIZE = KIND (YD%RICEHI1)
( 1473) IF (LLPRINT) THEN
( 1474)   WRITE (*, '(I10," ")', ADVANCE='NO') ISIZE
( 1475)   WRITE (*, *) TRIM (CLPATH)//'%RICEHI1'
( 1476) ENDIF
( 1477) KSIZE = KSIZE + ISIZE
( 1478) ISIZE = KIND (YD%RICEHI2)
( 1479) IF (LLPRINT) THEN
( 1480)   WRITE (*, '(I10," ")', ADVANCE='NO') ISIZE
( 1481)   WRITE (*, *) TRIM (CLPATH)//'%RICEHI2'
( 1482) ENDIF
( 1483) KSIZE = KSIZE + ISIZE
( 1484) ISIZE = KIND (YD%RICEINIT)
( 1485) IF (LLPRINT) THEN
( 1486)   WRITE (*, '(I10," ")', ADVANCE='NO') ISIZE
( 1487)   WRITE (*, *) TRIM (CLPATH)//'%RICEINIT'
( 1488) ENDIF
( 1489) KSIZE = KSIZE + ISIZE
( 1490) ISIZE = KIND (YD%RVICE)
( 1491) IF (LLPRINT) THEN
( 1492)   WRITE (*, '(I10," ")', ADVANCE='NO') ISIZE
( 1493)   WRITE (*, *) TRIM (CLPATH)//'%RVICE'
( 1494) ENDIF
( 1495) KSIZE = KSIZE + ISIZE
( 1496) ISIZE = KIND (YD%RVRAIN)
( 1497) IF (LLPRINT) THEN
( 1498)   WRITE (*, '(I10," ")', ADVANCE='NO') ISIZE
( 1499)   WRITE (*, *) TRIM (CLPATH)//'%RVRAIN'
( 1500) ENDIF






NVFORTRAN (Version     24.5)          03/19/2025  06:54:29      page 27

( 1501) KSIZE = KSIZE + ISIZE
( 1502) ISIZE = KIND (YD%RVSNOW)
( 1503) IF (LLPRINT) THEN
( 1504)   WRITE (*, '(I10," ")', ADVANCE='NO') ISIZE
( 1505)   WRITE (*, *) TRIM (CLPATH)//'%RVSNOW'
( 1506) ENDIF
( 1507) KSIZE = KSIZE + ISIZE
( 1508) ISIZE = KIND (YD%RTHOMO)
( 1509) IF (LLPRINT) THEN
( 1510)   WRITE (*, '(I10," ")', ADVANCE='NO') ISIZE
( 1511)   WRITE (*, *) TRIM (CLPATH)//'%RTHOMO'
( 1512) ENDIF
( 1513) KSIZE = KSIZE + ISIZE
( 1514) ISIZE = KIND (YD%RCOVPMIN)
( 1515) IF (LLPRINT) THEN
( 1516)   WRITE (*, '(I10," ")', ADVANCE='NO') ISIZE
( 1517)   WRITE (*, *) TRIM (CLPATH)//'%RCOVPMIN'
( 1518) ENDIF
( 1519) KSIZE = KSIZE + ISIZE
( 1520) ISIZE = KIND (YD%RCCN)
( 1521) IF (LLPRINT) THEN
( 1522)   WRITE (*, '(I10," ")', ADVANCE='NO') ISIZE
( 1523)   WRITE (*, *) TRIM (CLPATH)//'%RCCN'
( 1524) ENDIF
( 1525) KSIZE = KSIZE + ISIZE
( 1526) ISIZE = KIND (YD%RNICE)
( 1527) IF (LLPRINT) THEN
( 1528)   WRITE (*, '(I10," ")', ADVANCE='NO') ISIZE
( 1529)   WRITE (*, *) TRIM (CLPATH)//'%RNICE'
( 1530) ENDIF
( 1531) KSIZE = KSIZE + ISIZE
( 1532) ISIZE = KIND (YD%RCCNOM)
( 1533) IF (LLPRINT) THEN
( 1534)   WRITE (*, '(I10," ")', ADVANCE='NO') ISIZE
( 1535)   WRITE (*, *) TRIM (CLPATH)//'%RCCNOM'
( 1536) ENDIF
( 1537) KSIZE = KSIZE + ISIZE
( 1538) ISIZE = KIND (YD%RCCNSS)
( 1539) IF (LLPRINT) THEN
( 1540)   WRITE (*, '(I10," ")', ADVANCE='NO') ISIZE
( 1541)   WRITE (*, *) TRIM (CLPATH)//'%RCCNSS'
( 1542) ENDIF
( 1543) KSIZE = KSIZE + ISIZE
( 1544) ISIZE = KIND (YD%RCCNSU)
( 1545) IF (LLPRINT) THEN
( 1546)   WRITE (*, '(I10," ")', ADVANCE='NO') ISIZE
( 1547)   WRITE (*, *) TRIM (CLPATH)//'%RCCNSU'
( 1548) ENDIF
( 1549) KSIZE = KSIZE + ISIZE
( 1550) ISIZE = KIND (YD%RCLDTOPCF)
( 1551) IF (LLPRINT) THEN
( 1552)   WRITE (*, '(I10," ")', ADVANCE='NO') ISIZE
( 1553)   WRITE (*, *) TRIM (CLPATH)//'%RCLDTOPCF'
( 1554) ENDIF
( 1555) KSIZE = KSIZE + ISIZE
( 1556) ISIZE = KIND (YD%RDEPLIQREFRATE)
( 1557) IF (LLPRINT) THEN
( 1558)   WRITE (*, '(I10," ")', ADVANCE='NO') ISIZE






NVFORTRAN (Version     24.5)          03/19/2025  06:54:29      page 28

( 1559)   WRITE (*, *) TRIM (CLPATH)//'%RDEPLIQREFRATE'
( 1560) ENDIF
( 1561) KSIZE = KSIZE + ISIZE
( 1562) ISIZE = KIND (YD%RDEPLIQREFDEPTH)
( 1563) IF (LLPRINT) THEN
( 1564)   WRITE (*, '(I10," ")', ADVANCE='NO') ISIZE
( 1565)   WRITE (*, *) TRIM (CLPATH)//'%RDEPLIQREFDEPTH'
( 1566) ENDIF
( 1567) KSIZE = KSIZE + ISIZE
( 1568) ISIZE = KIND (YD%RCL_OVERLAPLIQICE)
( 1569) IF (LLPRINT) THEN
( 1570)   WRITE (*, '(I10," ")', ADVANCE='NO') ISIZE
( 1571)   WRITE (*, *) TRIM (CLPATH)//'%RCL_OVERLAPLIQICE'
( 1572) ENDIF
( 1573) KSIZE = KSIZE + ISIZE
( 1574) ISIZE = KIND (YD%RCL_EFFRIME)
( 1575) IF (LLPRINT) THEN
( 1576)   WRITE (*, '(I10," ")', ADVANCE='NO') ISIZE
( 1577)   WRITE (*, *) TRIM (CLPATH)//'%RCL_EFFRIME'
( 1578) ENDIF
( 1579) KSIZE = KSIZE + ISIZE
( 1580) ISIZE = KIND (YD%RTAU_CLD_TLAD)
( 1581) IF (LLPRINT) THEN
( 1582)   WRITE (*, '(I10," ")', ADVANCE='NO') ISIZE
( 1583)   WRITE (*, *) TRIM (CLPATH)//'%RTAU_CLD_TLAD'
( 1584) ENDIF
( 1585) KSIZE = KSIZE + ISIZE
( 1586) ISIZE = KIND (YD%RCL_KKAAC)
( 1587) IF (LLPRINT) THEN
( 1588)   WRITE (*, '(I10," ")', ADVANCE='NO') ISIZE
( 1589)   WRITE (*, *) TRIM (CLPATH)//'%RCL_KKAAC'
( 1590) ENDIF
( 1591) KSIZE = KSIZE + ISIZE
( 1592) ISIZE = KIND (YD%RCL_KKBAC)
( 1593) IF (LLPRINT) THEN
( 1594)   WRITE (*, '(I10," ")', ADVANCE='NO') ISIZE
( 1595)   WRITE (*, *) TRIM (CLPATH)//'%RCL_KKBAC'
( 1596) ENDIF
( 1597) KSIZE = KSIZE + ISIZE
( 1598) ISIZE = KIND (YD%RCL_KKAAU)
( 1599) IF (LLPRINT) THEN
( 1600)   WRITE (*, '(I10," ")', ADVANCE='NO') ISIZE
( 1601)   WRITE (*, *) TRIM (CLPATH)//'%RCL_KKAAU'
( 1602) ENDIF
( 1603) KSIZE = KSIZE + ISIZE
( 1604) ISIZE = KIND (YD%RCL_KKBAUQ)
( 1605) IF (LLPRINT) THEN
( 1606)   WRITE (*, '(I10," ")', ADVANCE='NO') ISIZE
( 1607)   WRITE (*, *) TRIM (CLPATH)//'%RCL_KKBAUQ'
( 1608) ENDIF
( 1609) KSIZE = KSIZE + ISIZE
( 1610) ISIZE = KIND (YD%RCL_KKBAUN)
( 1611) IF (LLPRINT) THEN
( 1612)   WRITE (*, '(I10," ")', ADVANCE='NO') ISIZE
( 1613)   WRITE (*, *) TRIM (CLPATH)//'%RCL_KKBAUN'
( 1614) ENDIF
( 1615) KSIZE = KSIZE + ISIZE
( 1616) ISIZE = KIND (YD%RCL_KK_CLOUD_NUM_SEA)






NVFORTRAN (Version     24.5)          03/19/2025  06:54:29      page 29

( 1617) IF (LLPRINT) THEN
( 1618)   WRITE (*, '(I10," ")', ADVANCE='NO') ISIZE
( 1619)   WRITE (*, *) TRIM (CLPATH)//'%RCL_KK_CLOUD_NUM_SEA'
( 1620) ENDIF
( 1621) KSIZE = KSIZE + ISIZE
( 1622) ISIZE = KIND (YD%RCL_KK_CLOUD_NUM_LAND)
( 1623) IF (LLPRINT) THEN
( 1624)   WRITE (*, '(I10," ")', ADVANCE='NO') ISIZE
( 1625)   WRITE (*, *) TRIM (CLPATH)//'%RCL_KK_CLOUD_NUM_LAND'
( 1626) ENDIF
( 1627) KSIZE = KSIZE + ISIZE
( 1628) ISIZE = KIND (YD%RCL_INHOMOGAUT)
( 1629) IF (LLPRINT) THEN
( 1630)   WRITE (*, '(I10," ")', ADVANCE='NO') ISIZE
( 1631)   WRITE (*, *) TRIM (CLPATH)//'%RCL_INHOMOGAUT'
( 1632) ENDIF
( 1633) KSIZE = KSIZE + ISIZE
( 1634) ISIZE = KIND (YD%RCL_INHOMOGACC)
( 1635) IF (LLPRINT) THEN
( 1636)   WRITE (*, '(I10," ")', ADVANCE='NO') ISIZE
( 1637)   WRITE (*, *) TRIM (CLPATH)//'%RCL_INHOMOGACC'
( 1638) ENDIF
( 1639) KSIZE = KSIZE + ISIZE
( 1640) ISIZE = KIND (YD%LCLOUD_INHOMOG)
( 1641) IF (LLPRINT) THEN
( 1642)   WRITE (*, '(I10," ")', ADVANCE='NO') ISIZE
( 1643)   WRITE (*, *) TRIM (CLPATH)//'%LCLOUD_INHOMOG'
( 1644) ENDIF
( 1645) KSIZE = KSIZE + ISIZE
( 1646) ISIZE = KIND (YD%RCL_AI)
( 1647) IF (LLPRINT) THEN
( 1648)   WRITE (*, '(I10," ")', ADVANCE='NO') ISIZE
( 1649)   WRITE (*, *) TRIM (CLPATH)//'%RCL_AI'
( 1650) ENDIF
( 1651) KSIZE = KSIZE + ISIZE
( 1652) ISIZE = KIND (YD%RCL_BI)
( 1653) IF (LLPRINT) THEN
( 1654)   WRITE (*, '(I10," ")', ADVANCE='NO') ISIZE
( 1655)   WRITE (*, *) TRIM (CLPATH)//'%RCL_BI'
( 1656) ENDIF
( 1657) KSIZE = KSIZE + ISIZE
( 1658) ISIZE = KIND (YD%RCL_CI)
( 1659) IF (LLPRINT) THEN
( 1660)   WRITE (*, '(I10," ")', ADVANCE='NO') ISIZE
( 1661)   WRITE (*, *) TRIM (CLPATH)//'%RCL_CI'
( 1662) ENDIF
( 1663) KSIZE = KSIZE + ISIZE
( 1664) ISIZE = KIND (YD%RCL_DI)
( 1665) IF (LLPRINT) THEN
( 1666)   WRITE (*, '(I10," ")', ADVANCE='NO') ISIZE
( 1667)   WRITE (*, *) TRIM (CLPATH)//'%RCL_DI'
( 1668) ENDIF
( 1669) KSIZE = KSIZE + ISIZE
( 1670) ISIZE = KIND (YD%RCL_X1I)
( 1671) IF (LLPRINT) THEN
( 1672)   WRITE (*, '(I10," ")', ADVANCE='NO') ISIZE
( 1673)   WRITE (*, *) TRIM (CLPATH)//'%RCL_X1I'
( 1674) ENDIF






NVFORTRAN (Version     24.5)          03/19/2025  06:54:29      page 30

( 1675) KSIZE = KSIZE + ISIZE
( 1676) ISIZE = KIND (YD%RCL_X2I)
( 1677) IF (LLPRINT) THEN
( 1678)   WRITE (*, '(I10," ")', ADVANCE='NO') ISIZE
( 1679)   WRITE (*, *) TRIM (CLPATH)//'%RCL_X2I'
( 1680) ENDIF
( 1681) KSIZE = KSIZE + ISIZE
( 1682) ISIZE = KIND (YD%RCL_X3I)
( 1683) IF (LLPRINT) THEN
( 1684)   WRITE (*, '(I10," ")', ADVANCE='NO') ISIZE
( 1685)   WRITE (*, *) TRIM (CLPATH)//'%RCL_X3I'
( 1686) ENDIF
( 1687) KSIZE = KSIZE + ISIZE
( 1688) ISIZE = KIND (YD%RCL_X4I)
( 1689) IF (LLPRINT) THEN
( 1690)   WRITE (*, '(I10," ")', ADVANCE='NO') ISIZE
( 1691)   WRITE (*, *) TRIM (CLPATH)//'%RCL_X4I'
( 1692) ENDIF
( 1693) KSIZE = KSIZE + ISIZE
( 1694) ISIZE = KIND (YD%RCL_CONST1I)
( 1695) IF (LLPRINT) THEN
( 1696)   WRITE (*, '(I10," ")', ADVANCE='NO') ISIZE
( 1697)   WRITE (*, *) TRIM (CLPATH)//'%RCL_CONST1I'
( 1698) ENDIF
( 1699) KSIZE = KSIZE + ISIZE
( 1700) ISIZE = KIND (YD%RCL_CONST2I)
( 1701) IF (LLPRINT) THEN
( 1702)   WRITE (*, '(I10," ")', ADVANCE='NO') ISIZE
( 1703)   WRITE (*, *) TRIM (CLPATH)//'%RCL_CONST2I'
( 1704) ENDIF
( 1705) KSIZE = KSIZE + ISIZE
( 1706) ISIZE = KIND (YD%RCL_CONST3I)
( 1707) IF (LLPRINT) THEN
( 1708)   WRITE (*, '(I10," ")', ADVANCE='NO') ISIZE
( 1709)   WRITE (*, *) TRIM (CLPATH)//'%RCL_CONST3I'
( 1710) ENDIF
( 1711) KSIZE = KSIZE + ISIZE
( 1712) ISIZE = KIND (YD%RCL_CONST4I)
( 1713) IF (LLPRINT) THEN
( 1714)   WRITE (*, '(I10," ")', ADVANCE='NO') ISIZE
( 1715)   WRITE (*, *) TRIM (CLPATH)//'%RCL_CONST4I'
( 1716) ENDIF
( 1717) KSIZE = KSIZE + ISIZE
( 1718) ISIZE = KIND (YD%RCL_CONST5I)
( 1719) IF (LLPRINT) THEN
( 1720)   WRITE (*, '(I10," ")', ADVANCE='NO') ISIZE
( 1721)   WRITE (*, *) TRIM (CLPATH)//'%RCL_CONST5I'
( 1722) ENDIF
( 1723) KSIZE = KSIZE + ISIZE
( 1724) ISIZE = KIND (YD%RCL_CONST6I)
( 1725) IF (LLPRINT) THEN
( 1726)   WRITE (*, '(I10," ")', ADVANCE='NO') ISIZE
( 1727)   WRITE (*, *) TRIM (CLPATH)//'%RCL_CONST6I'
( 1728) ENDIF
( 1729) KSIZE = KSIZE + ISIZE
( 1730) ISIZE = KIND (YD%RCL_CONST7I)
( 1731) IF (LLPRINT) THEN
( 1732)   WRITE (*, '(I10," ")', ADVANCE='NO') ISIZE






NVFORTRAN (Version     24.5)          03/19/2025  06:54:29      page 31

( 1733)   WRITE (*, *) TRIM (CLPATH)//'%RCL_CONST7I'
( 1734) ENDIF
( 1735) KSIZE = KSIZE + ISIZE
( 1736) ISIZE = KIND (YD%RCL_LAMBDA1I)
( 1737) IF (LLPRINT) THEN
( 1738)   WRITE (*, '(I10," ")', ADVANCE='NO') ISIZE
( 1739)   WRITE (*, *) TRIM (CLPATH)//'%RCL_LAMBDA1I'
( 1740) ENDIF
( 1741) KSIZE = KSIZE + ISIZE
( 1742) ISIZE = KIND (YD%RCL_LAMBDA2I)
( 1743) IF (LLPRINT) THEN
( 1744)   WRITE (*, '(I10," ")', ADVANCE='NO') ISIZE
( 1745)   WRITE (*, *) TRIM (CLPATH)//'%RCL_LAMBDA2I'
( 1746) ENDIF
( 1747) KSIZE = KSIZE + ISIZE
( 1748) ISIZE = KIND (YD%RCL_APB1)
( 1749) IF (LLPRINT) THEN
( 1750)   WRITE (*, '(I10," ")', ADVANCE='NO') ISIZE
( 1751)   WRITE (*, *) TRIM (CLPATH)//'%RCL_APB1'
( 1752) ENDIF
( 1753) KSIZE = KSIZE + ISIZE
( 1754) ISIZE = KIND (YD%RCL_APB2)
( 1755) IF (LLPRINT) THEN
( 1756)   WRITE (*, '(I10," ")', ADVANCE='NO') ISIZE
( 1757)   WRITE (*, *) TRIM (CLPATH)//'%RCL_APB2'
( 1758) ENDIF
( 1759) KSIZE = KSIZE + ISIZE
( 1760) ISIZE = KIND (YD%RCL_APB3)
( 1761) IF (LLPRINT) THEN
( 1762)   WRITE (*, '(I10," ")', ADVANCE='NO') ISIZE
( 1763)   WRITE (*, *) TRIM (CLPATH)//'%RCL_APB3'
( 1764) ENDIF
( 1765) KSIZE = KSIZE + ISIZE
( 1766) ISIZE = KIND (YD%RCL_AS)
( 1767) IF (LLPRINT) THEN
( 1768)   WRITE (*, '(I10," ")', ADVANCE='NO') ISIZE
( 1769)   WRITE (*, *) TRIM (CLPATH)//'%RCL_AS'
( 1770) ENDIF
( 1771) KSIZE = KSIZE + ISIZE
( 1772) ISIZE = KIND (YD%RCL_BS)
( 1773) IF (LLPRINT) THEN
( 1774)   WRITE (*, '(I10," ")', ADVANCE='NO') ISIZE
( 1775)   WRITE (*, *) TRIM (CLPATH)//'%RCL_BS'
( 1776) ENDIF
( 1777) KSIZE = KSIZE + ISIZE
( 1778) ISIZE = KIND (YD%RCL_CS)
( 1779) IF (LLPRINT) THEN
( 1780)   WRITE (*, '(I10," ")', ADVANCE='NO') ISIZE
( 1781)   WRITE (*, *) TRIM (CLPATH)//'%RCL_CS'
( 1782) ENDIF
( 1783) KSIZE = KSIZE + ISIZE
( 1784) ISIZE = KIND (YD%RCL_DS)
( 1785) IF (LLPRINT) THEN
( 1786)   WRITE (*, '(I10," ")', ADVANCE='NO') ISIZE
( 1787)   WRITE (*, *) TRIM (CLPATH)//'%RCL_DS'
( 1788) ENDIF
( 1789) KSIZE = KSIZE + ISIZE
( 1790) ISIZE = KIND (YD%RCL_X1S)






NVFORTRAN (Version     24.5)          03/19/2025  06:54:29      page 32

( 1791) IF (LLPRINT) THEN
( 1792)   WRITE (*, '(I10," ")', ADVANCE='NO') ISIZE
( 1793)   WRITE (*, *) TRIM (CLPATH)//'%RCL_X1S'
( 1794) ENDIF
( 1795) KSIZE = KSIZE + ISIZE
( 1796) ISIZE = KIND (YD%RCL_X2S)
( 1797) IF (LLPRINT) THEN
( 1798)   WRITE (*, '(I10," ")', ADVANCE='NO') ISIZE
( 1799)   WRITE (*, *) TRIM (CLPATH)//'%RCL_X2S'
( 1800) ENDIF
( 1801) KSIZE = KSIZE + ISIZE
( 1802) ISIZE = KIND (YD%RCL_X3S)
( 1803) IF (LLPRINT) THEN
( 1804)   WRITE (*, '(I10," ")', ADVANCE='NO') ISIZE
( 1805)   WRITE (*, *) TRIM (CLPATH)//'%RCL_X3S'
( 1806) ENDIF
( 1807) KSIZE = KSIZE + ISIZE
( 1808) ISIZE = KIND (YD%RCL_X4S)
( 1809) IF (LLPRINT) THEN
( 1810)   WRITE (*, '(I10," ")', ADVANCE='NO') ISIZE
( 1811)   WRITE (*, *) TRIM (CLPATH)//'%RCL_X4S'
( 1812) ENDIF
( 1813) KSIZE = KSIZE + ISIZE
( 1814) ISIZE = KIND (YD%RCL_CONST1S)
( 1815) IF (LLPRINT) THEN
( 1816)   WRITE (*, '(I10," ")', ADVANCE='NO') ISIZE
( 1817)   WRITE (*, *) TRIM (CLPATH)//'%RCL_CONST1S'
( 1818) ENDIF
( 1819) KSIZE = KSIZE + ISIZE
( 1820) ISIZE = KIND (YD%RCL_CONST2S)
( 1821) IF (LLPRINT) THEN
( 1822)   WRITE (*, '(I10," ")', ADVANCE='NO') ISIZE
( 1823)   WRITE (*, *) TRIM (CLPATH)//'%RCL_CONST2S'
( 1824) ENDIF
( 1825) KSIZE = KSIZE + ISIZE
( 1826) ISIZE = KIND (YD%RCL_CONST3S)
( 1827) IF (LLPRINT) THEN
( 1828)   WRITE (*, '(I10," ")', ADVANCE='NO') ISIZE
( 1829)   WRITE (*, *) TRIM (CLPATH)//'%RCL_CONST3S'
( 1830) ENDIF
( 1831) KSIZE = KSIZE + ISIZE
( 1832) ISIZE = KIND (YD%RCL_CONST4S)
( 1833) IF (LLPRINT) THEN
( 1834)   WRITE (*, '(I10," ")', ADVANCE='NO') ISIZE
( 1835)   WRITE (*, *) TRIM (CLPATH)//'%RCL_CONST4S'
( 1836) ENDIF
( 1837) KSIZE = KSIZE + ISIZE
( 1838) ISIZE = KIND (YD%RCL_CONST5S)
( 1839) IF (LLPRINT) THEN
( 1840)   WRITE (*, '(I10," ")', ADVANCE='NO') ISIZE
( 1841)   WRITE (*, *) TRIM (CLPATH)//'%RCL_CONST5S'
( 1842) ENDIF
( 1843) KSIZE = KSIZE + ISIZE
( 1844) ISIZE = KIND (YD%RCL_CONST6S)
( 1845) IF (LLPRINT) THEN
( 1846)   WRITE (*, '(I10," ")', ADVANCE='NO') ISIZE
( 1847)   WRITE (*, *) TRIM (CLPATH)//'%RCL_CONST6S'
( 1848) ENDIF






NVFORTRAN (Version     24.5)          03/19/2025  06:54:29      page 33

( 1849) KSIZE = KSIZE + ISIZE
( 1850) ISIZE = KIND (YD%RCL_CONST7S)
( 1851) IF (LLPRINT) THEN
( 1852)   WRITE (*, '(I10," ")', ADVANCE='NO') ISIZE
( 1853)   WRITE (*, *) TRIM (CLPATH)//'%RCL_CONST7S'
( 1854) ENDIF
( 1855) KSIZE = KSIZE + ISIZE
( 1856) ISIZE = KIND (YD%RCL_CONST8S)
( 1857) IF (LLPRINT) THEN
( 1858)   WRITE (*, '(I10," ")', ADVANCE='NO') ISIZE
( 1859)   WRITE (*, *) TRIM (CLPATH)//'%RCL_CONST8S'
( 1860) ENDIF
( 1861) KSIZE = KSIZE + ISIZE
( 1862) ISIZE = KIND (YD%RCL_LAM1S)
( 1863) IF (LLPRINT) THEN
( 1864)   WRITE (*, '(I10," ")', ADVANCE='NO') ISIZE
( 1865)   WRITE (*, *) TRIM (CLPATH)//'%RCL_LAM1S'
( 1866) ENDIF
( 1867) KSIZE = KSIZE + ISIZE
( 1868) ISIZE = KIND (YD%RCL_LAM2S)
( 1869) IF (LLPRINT) THEN
( 1870)   WRITE (*, '(I10," ")', ADVANCE='NO') ISIZE
( 1871)   WRITE (*, *) TRIM (CLPATH)//'%RCL_LAM2S'
( 1872) ENDIF
( 1873) KSIZE = KSIZE + ISIZE
( 1874) ISIZE = KIND (YD%RDENSWAT)
( 1875) IF (LLPRINT) THEN
( 1876)   WRITE (*, '(I10," ")', ADVANCE='NO') ISIZE
( 1877)   WRITE (*, *) TRIM (CLPATH)//'%RDENSWAT'
( 1878) ENDIF
( 1879) KSIZE = KSIZE + ISIZE
( 1880) ISIZE = KIND (YD%RDENSREF)
( 1881) IF (LLPRINT) THEN
( 1882)   WRITE (*, '(I10," ")', ADVANCE='NO') ISIZE
( 1883)   WRITE (*, *) TRIM (CLPATH)//'%RDENSREF'
( 1884) ENDIF
( 1885) KSIZE = KSIZE + ISIZE
( 1886) ISIZE = KIND (YD%RCL_AR)
( 1887) IF (LLPRINT) THEN
( 1888)   WRITE (*, '(I10," ")', ADVANCE='NO') ISIZE
( 1889)   WRITE (*, *) TRIM (CLPATH)//'%RCL_AR'
( 1890) ENDIF
( 1891) KSIZE = KSIZE + ISIZE
( 1892) ISIZE = KIND (YD%RCL_BR)
( 1893) IF (LLPRINT) THEN
( 1894)   WRITE (*, '(I10," ")', ADVANCE='NO') ISIZE
( 1895)   WRITE (*, *) TRIM (CLPATH)//'%RCL_BR'
( 1896) ENDIF
( 1897) KSIZE = KSIZE + ISIZE
( 1898) ISIZE = KIND (YD%RCL_CR)
( 1899) IF (LLPRINT) THEN
( 1900)   WRITE (*, '(I10," ")', ADVANCE='NO') ISIZE
( 1901)   WRITE (*, *) TRIM (CLPATH)//'%RCL_CR'
( 1902) ENDIF
( 1903) KSIZE = KSIZE + ISIZE
( 1904) ISIZE = KIND (YD%RCL_DR)
( 1905) IF (LLPRINT) THEN
( 1906)   WRITE (*, '(I10," ")', ADVANCE='NO') ISIZE






NVFORTRAN (Version     24.5)          03/19/2025  06:54:29      page 34

( 1907)   WRITE (*, *) TRIM (CLPATH)//'%RCL_DR'
( 1908) ENDIF
( 1909) KSIZE = KSIZE + ISIZE
( 1910) ISIZE = KIND (YD%RCL_X1R)
( 1911) IF (LLPRINT) THEN
( 1912)   WRITE (*, '(I10," ")', ADVANCE='NO') ISIZE
( 1913)   WRITE (*, *) TRIM (CLPATH)//'%RCL_X1R'
( 1914) ENDIF
( 1915) KSIZE = KSIZE + ISIZE
( 1916) ISIZE = KIND (YD%RCL_X2R)
( 1917) IF (LLPRINT) THEN
( 1918)   WRITE (*, '(I10," ")', ADVANCE='NO') ISIZE
( 1919)   WRITE (*, *) TRIM (CLPATH)//'%RCL_X2R'
( 1920) ENDIF
( 1921) KSIZE = KSIZE + ISIZE
( 1922) ISIZE = KIND (YD%RCL_X4R)
( 1923) IF (LLPRINT) THEN
( 1924)   WRITE (*, '(I10," ")', ADVANCE='NO') ISIZE
( 1925)   WRITE (*, *) TRIM (CLPATH)//'%RCL_X4R'
( 1926) ENDIF
( 1927) KSIZE = KSIZE + ISIZE
( 1928) ISIZE = KIND (YD%RCL_X1R_MP)
( 1929) IF (LLPRINT) THEN
( 1930)   WRITE (*, '(I10," ")', ADVANCE='NO') ISIZE
( 1931)   WRITE (*, *) TRIM (CLPATH)//'%RCL_X1R_MP'
( 1932) ENDIF
( 1933) KSIZE = KSIZE + ISIZE
( 1934) ISIZE = KIND (YD%RCL_X2R_MP)
( 1935) IF (LLPRINT) THEN
( 1936)   WRITE (*, '(I10," ")', ADVANCE='NO') ISIZE
( 1937)   WRITE (*, *) TRIM (CLPATH)//'%RCL_X2R_MP'
( 1938) ENDIF
( 1939) KSIZE = KSIZE + ISIZE
( 1940) ISIZE = KIND (YD%RCL_X4R_MP)
( 1941) IF (LLPRINT) THEN
( 1942)   WRITE (*, '(I10," ")', ADVANCE='NO') ISIZE
( 1943)   WRITE (*, *) TRIM (CLPATH)//'%RCL_X4R_MP'
( 1944) ENDIF
( 1945) KSIZE = KSIZE + ISIZE
( 1946) ISIZE = KIND (YD%RCL_KA273)
( 1947) IF (LLPRINT) THEN
( 1948)   WRITE (*, '(I10," ")', ADVANCE='NO') ISIZE
( 1949)   WRITE (*, *) TRIM (CLPATH)//'%RCL_KA273'
( 1950) ENDIF
( 1951) KSIZE = KSIZE + ISIZE
( 1952) ISIZE = KIND (YD%RCL_CDENOM1)
( 1953) IF (LLPRINT) THEN
( 1954)   WRITE (*, '(I10," ")', ADVANCE='NO') ISIZE
( 1955)   WRITE (*, *) TRIM (CLPATH)//'%RCL_CDENOM1'
( 1956) ENDIF
( 1957) KSIZE = KSIZE + ISIZE
( 1958) ISIZE = KIND (YD%RCL_CDENOM2)
( 1959) IF (LLPRINT) THEN
( 1960)   WRITE (*, '(I10," ")', ADVANCE='NO') ISIZE
( 1961)   WRITE (*, *) TRIM (CLPATH)//'%RCL_CDENOM2'
( 1962) ENDIF
( 1963) KSIZE = KSIZE + ISIZE
( 1964) ISIZE = KIND (YD%RCL_CDENOM3)






NVFORTRAN (Version     24.5)          03/19/2025  06:54:29      page 35

( 1965) IF (LLPRINT) THEN
( 1966)   WRITE (*, '(I10," ")', ADVANCE='NO') ISIZE
( 1967)   WRITE (*, *) TRIM (CLPATH)//'%RCL_CDENOM3'
( 1968) ENDIF
( 1969) KSIZE = KSIZE + ISIZE
( 1970) ISIZE = KIND (YD%RCL_SCHMIDT)
( 1971) IF (LLPRINT) THEN
( 1972)   WRITE (*, '(I10," ")', ADVANCE='NO') ISIZE
( 1973)   WRITE (*, *) TRIM (CLPATH)//'%RCL_SCHMIDT'
( 1974) ENDIF
( 1975) KSIZE = KSIZE + ISIZE
( 1976) ISIZE = KIND (YD%RCL_DYNVISC)
( 1977) IF (LLPRINT) THEN
( 1978)   WRITE (*, '(I10," ")', ADVANCE='NO') ISIZE
( 1979)   WRITE (*, *) TRIM (CLPATH)//'%RCL_DYNVISC'
( 1980) ENDIF
( 1981) KSIZE = KSIZE + ISIZE
( 1982) ISIZE = KIND (YD%RCL_CONST1R)
( 1983) IF (LLPRINT) THEN
( 1984)   WRITE (*, '(I10," ")', ADVANCE='NO') ISIZE
( 1985)   WRITE (*, *) TRIM (CLPATH)//'%RCL_CONST1R'
( 1986) ENDIF
( 1987) KSIZE = KSIZE + ISIZE
( 1988) ISIZE = KIND (YD%RCL_CONST2R)
( 1989) IF (LLPRINT) THEN
( 1990)   WRITE (*, '(I10," ")', ADVANCE='NO') ISIZE
( 1991)   WRITE (*, *) TRIM (CLPATH)//'%RCL_CONST2R'
( 1992) ENDIF
( 1993) KSIZE = KSIZE + ISIZE
( 1994) ISIZE = KIND (YD%RCL_CONST3R)
( 1995) IF (LLPRINT) THEN
( 1996)   WRITE (*, '(I10," ")', ADVANCE='NO') ISIZE
( 1997)   WRITE (*, *) TRIM (CLPATH)//'%RCL_CONST3R'
( 1998) ENDIF
( 1999) KSIZE = KSIZE + ISIZE
( 2000) ISIZE = KIND (YD%RCL_CONST4R)
( 2001) IF (LLPRINT) THEN
( 2002)   WRITE (*, '(I10," ")', ADVANCE='NO') ISIZE
( 2003)   WRITE (*, *) TRIM (CLPATH)//'%RCL_CONST4R'
( 2004) ENDIF
( 2005) KSIZE = KSIZE + ISIZE
( 2006) ISIZE = KIND (YD%RCL_CONST7R)
( 2007) IF (LLPRINT) THEN
( 2008)   WRITE (*, '(I10," ")', ADVANCE='NO') ISIZE
( 2009)   WRITE (*, *) TRIM (CLPATH)//'%RCL_CONST7R'
( 2010) ENDIF
( 2011) KSIZE = KSIZE + ISIZE
( 2012) ISIZE = KIND (YD%RCL_CONST8R)
( 2013) IF (LLPRINT) THEN
( 2014)   WRITE (*, '(I10," ")', ADVANCE='NO') ISIZE
( 2015)   WRITE (*, *) TRIM (CLPATH)//'%RCL_CONST8R'
( 2016) ENDIF
( 2017) KSIZE = KSIZE + ISIZE
( 2018) ISIZE = KIND (YD%RCL_LAM1R)
( 2019) IF (LLPRINT) THEN
( 2020)   WRITE (*, '(I10," ")', ADVANCE='NO') ISIZE
( 2021)   WRITE (*, *) TRIM (CLPATH)//'%RCL_LAM1R'
( 2022) ENDIF






NVFORTRAN (Version     24.5)          03/19/2025  06:54:29      page 36

( 2023) KSIZE = KSIZE + ISIZE
( 2024) ISIZE = KIND (YD%RCL_LAM2R)
( 2025) IF (LLPRINT) THEN
( 2026)   WRITE (*, '(I10," ")', ADVANCE='NO') ISIZE
( 2027)   WRITE (*, *) TRIM (CLPATH)//'%RCL_LAM2R'
( 2028) ENDIF
( 2029) KSIZE = KSIZE + ISIZE
( 2030) ISIZE = KIND (YD%RCL_LAM1R_MP)
( 2031) IF (LLPRINT) THEN
( 2032)   WRITE (*, '(I10," ")', ADVANCE='NO') ISIZE
( 2033)   WRITE (*, *) TRIM (CLPATH)//'%RCL_LAM1R_MP'
( 2034) ENDIF
( 2035) KSIZE = KSIZE + ISIZE
( 2036) ISIZE = KIND (YD%RCL_LAM2R_MP)
( 2037) IF (LLPRINT) THEN
( 2038)   WRITE (*, '(I10," ")', ADVANCE='NO') ISIZE
( 2039)   WRITE (*, *) TRIM (CLPATH)//'%RCL_LAM2R_MP'
( 2040) ENDIF
( 2041) KSIZE = KSIZE + ISIZE
( 2042) ISIZE = KIND (YD%RCL_CONST5R)
( 2043) IF (LLPRINT) THEN
( 2044)   WRITE (*, '(I10," ")', ADVANCE='NO') ISIZE
( 2045)   WRITE (*, *) TRIM (CLPATH)//'%RCL_CONST5R'
( 2046) ENDIF
( 2047) KSIZE = KSIZE + ISIZE
( 2048) ISIZE = KIND (YD%RCL_CONST6R)
( 2049) IF (LLPRINT) THEN
( 2050)   WRITE (*, '(I10," ")', ADVANCE='NO') ISIZE
( 2051)   WRITE (*, *) TRIM (CLPATH)//'%RCL_CONST6R'
( 2052) ENDIF
( 2053) KSIZE = KSIZE + ISIZE
( 2054) ISIZE = KIND (YD%RCL_FZRAB)
( 2055) IF (LLPRINT) THEN
( 2056)   WRITE (*, '(I10," ")', ADVANCE='NO') ISIZE
( 2057)   WRITE (*, *) TRIM (CLPATH)//'%RCL_FZRAB'
( 2058) ENDIF
( 2059) KSIZE = KSIZE + ISIZE
( 2060) ISIZE = KIND (YD%RCL_FZRBB)
( 2061) IF (LLPRINT) THEN
( 2062)   WRITE (*, '(I10," ")', ADVANCE='NO') ISIZE
( 2063)   WRITE (*, *) TRIM (CLPATH)//'%RCL_FZRBB'
( 2064) ENDIF
( 2065) KSIZE = KSIZE + ISIZE
( 2066) ISIZE = KIND (YD%RCL_CONST9R)
( 2067) IF (LLPRINT) THEN
( 2068)   WRITE (*, '(I10," ")', ADVANCE='NO') ISIZE
( 2069)   WRITE (*, *) TRIM (CLPATH)//'%RCL_CONST9R'
( 2070) ENDIF
( 2071) KSIZE = KSIZE + ISIZE
( 2072) ISIZE = KIND (YD%RCL_CONST10R)
( 2073) IF (LLPRINT) THEN
( 2074)   WRITE (*, '(I10," ")', ADVANCE='NO') ISIZE
( 2075)   WRITE (*, *) TRIM (CLPATH)//'%RCL_CONST10R'
( 2076) ENDIF
( 2077) KSIZE = KSIZE + ISIZE
( 2078) ISIZE = KIND (YD%RCL_EFF_RACW)
( 2079) IF (LLPRINT) THEN
( 2080)   WRITE (*, '(I10," ")', ADVANCE='NO') ISIZE






NVFORTRAN (Version     24.5)          03/19/2025  06:54:29      page 37

( 2081)   WRITE (*, *) TRIM (CLPATH)//'%RCL_EFF_RACW'
( 2082) ENDIF
( 2083) KSIZE = KSIZE + ISIZE
( 2084) ISIZE = KIND (YD%NPTYPE_SEV2WMO) * SIZE (YD%NPTYPE_SEV2WMO)
( 2085) IF (LLPRINT) THEN
( 2086)   WRITE (*, '(I10," ")', ADVANCE='NO') ISIZE
( 2087)   WRITE (*, *) TRIM (CLPATH)//'%NPTYPE_SEV2WMO'
( 2088) ENDIF
( 2089) KSIZE = KSIZE + ISIZE
( 2090) ISIZE = KIND (YD%LCLDEXTRA)
( 2091) IF (LLPRINT) THEN
( 2092)   WRITE (*, '(I10," ")', ADVANCE='NO') ISIZE
( 2093)   WRITE (*, *) TRIM (CLPATH)//'%LCLDEXTRA'
( 2094) ENDIF
( 2095) KSIZE = KSIZE + ISIZE
( 2096) ISIZE = KIND (YD%LCLDBUDGET)
( 2097) IF (LLPRINT) THEN
( 2098)   WRITE (*, '(I10," ")', ADVANCE='NO') ISIZE
( 2099)   WRITE (*, *) TRIM (CLPATH)//'%LCLDBUDGET'
( 2100) ENDIF
( 2101) KSIZE = KSIZE + ISIZE
( 2102) ISIZE = KIND (YD%LCLDBUDC)
( 2103) IF (LLPRINT) THEN
( 2104)   WRITE (*, '(I10," ")', ADVANCE='NO') ISIZE
( 2105)   WRITE (*, *) TRIM (CLPATH)//'%LCLDBUDC'
( 2106) ENDIF
( 2107) KSIZE = KSIZE + ISIZE
( 2108) ISIZE = KIND (YD%LCLDBUDL)
( 2109) IF (LLPRINT) THEN
( 2110)   WRITE (*, '(I10," ")', ADVANCE='NO') ISIZE
( 2111)   WRITE (*, *) TRIM (CLPATH)//'%LCLDBUDL'
( 2112) ENDIF
( 2113) KSIZE = KSIZE + ISIZE
( 2114) ISIZE = KIND (YD%LCLDBUDI)
( 2115) IF (LLPRINT) THEN
( 2116)   WRITE (*, '(I10," ")', ADVANCE='NO') ISIZE
( 2117)   WRITE (*, *) TRIM (CLPATH)//'%LCLDBUDI'
( 2118) ENDIF
( 2119) KSIZE = KSIZE + ISIZE
( 2120) ISIZE = KIND (YD%LCLDBUDT)
( 2121) IF (LLPRINT) THEN
( 2122)   WRITE (*, '(I10," ")', ADVANCE='NO') ISIZE
( 2123)   WRITE (*, *) TRIM (CLPATH)//'%LCLDBUDT'
( 2124) ENDIF
( 2125) KSIZE = KSIZE + ISIZE
( 2126) ISIZE = KIND (YD%LCLDBUD_TIMEINT)
( 2127) IF (LLPRINT) THEN
( 2128)   WRITE (*, '(I10," ")', ADVANCE='NO') ISIZE
( 2129)   WRITE (*, *) TRIM (CLPATH)//'%LCLDBUD_TIMEINT'
( 2130) ENDIF
( 2131) KSIZE = KSIZE + ISIZE
( 2132) ISIZE = KIND (YD%LCLDBUD_VERTINT)
( 2133) IF (LLPRINT) THEN
( 2134)   WRITE (*, '(I10," ")', ADVANCE='NO') ISIZE
( 2135)   WRITE (*, *) TRIM (CLPATH)//'%LCLDBUD_VERTINT'
( 2136) ENDIF
( 2137) KSIZE = KSIZE + ISIZE
( 2138) ISIZE = KIND (YD%NSSOPT)






NVFORTRAN (Version     24.5)          03/19/2025  06:54:29      page 38

( 2139) IF (LLPRINT) THEN
( 2140)   WRITE (*, '(I10," ")', ADVANCE='NO') ISIZE
( 2141)   WRITE (*, *) TRIM (CLPATH)//'%NSSOPT'
( 2142) ENDIF
( 2143) KSIZE = KSIZE + ISIZE
( 2144) ISIZE = KIND (YD%NCLDTOP)
( 2145) IF (LLPRINT) THEN
( 2146)   WRITE (*, '(I10," ")', ADVANCE='NO') ISIZE
( 2147)   WRITE (*, *) TRIM (CLPATH)//'%NCLDTOP'
( 2148) ENDIF
( 2149) KSIZE = KSIZE + ISIZE
( 2150) ISIZE = KIND (YD%NAECLBC)
( 2151) IF (LLPRINT) THEN
( 2152)   WRITE (*, '(I10," ")', ADVANCE='NO') ISIZE
( 2153)   WRITE (*, *) TRIM (CLPATH)//'%NAECLBC'
( 2154) ENDIF
( 2155) KSIZE = KSIZE + ISIZE
( 2156) ISIZE = KIND (YD%NAECLDU)
( 2157) IF (LLPRINT) THEN
( 2158)   WRITE (*, '(I10," ")', ADVANCE='NO') ISIZE
( 2159)   WRITE (*, *) TRIM (CLPATH)//'%NAECLDU'
( 2160) ENDIF
( 2161) KSIZE = KSIZE + ISIZE
( 2162) ISIZE = KIND (YD%NAECLOM)
( 2163) IF (LLPRINT) THEN
( 2164)   WRITE (*, '(I10," ")', ADVANCE='NO') ISIZE
( 2165)   WRITE (*, *) TRIM (CLPATH)//'%NAECLOM'
( 2166) ENDIF
( 2167) KSIZE = KSIZE + ISIZE
( 2168) ISIZE = KIND (YD%NAECLSS)
( 2169) IF (LLPRINT) THEN
( 2170)   WRITE (*, '(I10," ")', ADVANCE='NO') ISIZE
( 2171)   WRITE (*, *) TRIM (CLPATH)//'%NAECLSS'
( 2172) ENDIF
( 2173) KSIZE = KSIZE + ISIZE
( 2174) ISIZE = KIND (YD%NAECLSU)
( 2175) IF (LLPRINT) THEN
( 2176)   WRITE (*, '(I10," ")', ADVANCE='NO') ISIZE
( 2177)   WRITE (*, *) TRIM (CLPATH)//'%NAECLSU'
( 2178) ENDIF
( 2179) KSIZE = KSIZE + ISIZE
( 2180) ISIZE = KIND (YD%NCLDDIAG)
( 2181) IF (LLPRINT) THEN
( 2182)   WRITE (*, '(I10," ")', ADVANCE='NO') ISIZE
( 2183)   WRITE (*, *) TRIM (CLPATH)//'%NCLDDIAG'
( 2184) ENDIF
( 2185) KSIZE = KSIZE + ISIZE
( 2186) ISIZE = KIND (YD%NAERCLD)
( 2187) IF (LLPRINT) THEN
( 2188)   WRITE (*, '(I10," ")', ADVANCE='NO') ISIZE
( 2189)   WRITE (*, *) TRIM (CLPATH)//'%NAERCLD'
( 2190) ENDIF
( 2191) KSIZE = KSIZE + ISIZE
( 2192) ISIZE = KIND (YD%LAERLIQAUTOLSP)
( 2193) IF (LLPRINT) THEN
( 2194)   WRITE (*, '(I10," ")', ADVANCE='NO') ISIZE
( 2195)   WRITE (*, *) TRIM (CLPATH)//'%LAERLIQAUTOLSP'
( 2196) ENDIF






NVFORTRAN (Version     24.5)          03/19/2025  06:54:29      page 39

( 2197) KSIZE = KSIZE + ISIZE
( 2198) ISIZE = KIND (YD%LAERLIQAUTOCP)
( 2199) IF (LLPRINT) THEN
( 2200)   WRITE (*, '(I10," ")', ADVANCE='NO') ISIZE
( 2201)   WRITE (*, *) TRIM (CLPATH)//'%LAERLIQAUTOCP'
( 2202) ENDIF
( 2203) KSIZE = KSIZE + ISIZE
( 2204) ISIZE = KIND (YD%LAERLIQAUTOCPB)
( 2205) IF (LLPRINT) THEN
( 2206)   WRITE (*, '(I10," ")', ADVANCE='NO') ISIZE
( 2207)   WRITE (*, *) TRIM (CLPATH)//'%LAERLIQAUTOCPB'
( 2208) ENDIF
( 2209) KSIZE = KSIZE + ISIZE
( 2210) ISIZE = KIND (YD%LAERLIQCOLL)
( 2211) IF (LLPRINT) THEN
( 2212)   WRITE (*, '(I10," ")', ADVANCE='NO') ISIZE
( 2213)   WRITE (*, *) TRIM (CLPATH)//'%LAERLIQCOLL'
( 2214) ENDIF
( 2215) KSIZE = KSIZE + ISIZE
( 2216) ISIZE = KIND (YD%LAERICESED)
( 2217) IF (LLPRINT) THEN
( 2218)   WRITE (*, '(I10," ")', ADVANCE='NO') ISIZE
( 2219)   WRITE (*, *) TRIM (CLPATH)//'%LAERICESED'
( 2220) ENDIF
( 2221) KSIZE = KSIZE + ISIZE
( 2222) ISIZE = KIND (YD%LAERICEAUTO)
( 2223) IF (LLPRINT) THEN
( 2224)   WRITE (*, '(I10," ")', ADVANCE='NO') ISIZE
( 2225)   WRITE (*, *) TRIM (CLPATH)//'%LAERICEAUTO'
( 2226) ENDIF
( 2227) KSIZE = KSIZE + ISIZE
( 2228) ISIZE = KIND (YD%NSHAPEP)
( 2229) IF (LLPRINT) THEN
( 2230)   WRITE (*, '(I10," ")', ADVANCE='NO') ISIZE
( 2231)   WRITE (*, *) TRIM (CLPATH)//'%NSHAPEP'
( 2232) ENDIF
( 2233) KSIZE = KSIZE + ISIZE
( 2234) ISIZE = KIND (YD%NSHAPEQ)
( 2235) IF (LLPRINT) THEN
( 2236)   WRITE (*, '(I10," ")', ADVANCE='NO') ISIZE
( 2237)   WRITE (*, *) TRIM (CLPATH)//'%NSHAPEQ'
( 2238) ENDIF
( 2239) KSIZE = KSIZE + ISIZE
( 2240) ISIZE = KIND (YD%NBETA)
( 2241) IF (LLPRINT) THEN
( 2242)   WRITE (*, '(I10," ")', ADVANCE='NO') ISIZE
( 2243)   WRITE (*, *) TRIM (CLPATH)//'%NBETA'
( 2244) ENDIF
( 2245) KSIZE = KSIZE + ISIZE
( 2246) ISIZE = KIND (YD%RBETA) * SIZE (YD%RBETA)
( 2247) IF (LLPRINT) THEN
( 2248)   WRITE (*, '(I10," ")', ADVANCE='NO') ISIZE
( 2249)   WRITE (*, *) TRIM (CLPATH)//'%RBETA'
( 2250) ENDIF
( 2251) KSIZE = KSIZE + ISIZE
( 2252) ISIZE = KIND (YD%RBETAP1) * SIZE (YD%RBETAP1)
( 2253) IF (LLPRINT) THEN
( 2254)   WRITE (*, '(I10," ")', ADVANCE='NO') ISIZE






NVFORTRAN (Version     24.5)          03/19/2025  06:54:29      page 40

( 2255)   WRITE (*, *) TRIM (CLPATH)//'%RBETAP1'
( 2256) ENDIF
( 2257) KSIZE = KSIZE + ISIZE
( 2258) END FUNCTION
( 2259) 
( 2260) END MODULE


























































NVFORTRAN (Version     24.5)          03/19/2025  06:54:29      page 41

(    1) # 1 "./util_tecldp_mod.F90"
(    1) MODULE UTIL_TECLDP_MOD
(    2) # 3 "./util_tecldp_mod.F90"
(    3) USE YOECLDP, ONLY : TECLDP
(    4) # 5 "./util_tecldp_mod.F90"
(    5) INTERFACE SAVE
(    6) MODULE PROCEDURE SAVE_TECLDP
(    7) END INTERFACE
(    8) # 9 "./util_tecldp_mod.F90"
(    9) INTERFACE LOAD
(   10) MODULE PROCEDURE LOAD_TECLDP
(   11) END INTERFACE
(   12) # 13 "./util_tecldp_mod.F90"
(   13) INTERFACE COPY
(   14) MODULE PROCEDURE COPY_TECLDP
(   15) END INTERFACE
(   16) # 17 "./util_tecldp_mod.F90"
(   17) INTERFACE HOST
(   18) MODULE PROCEDURE HOST_TECLDP
(   19) END INTERFACE
(   20) # 21 "./util_tecldp_mod.F90"
(   21)      
(   22) INTERFACE CRC64
(   23) MODULE PROCEDURE CRC64_TECLDP
(   24) END INTERFACE
(   25) # 26 "./util_tecldp_mod.F90"
(   26) INTERFACE WIPE
(   27) MODULE PROCEDURE WIPE_TECLDP
(   28) END INTERFACE
(   29) # 30 "./util_tecldp_mod.F90"
(   30) INTERFACE SIZE
(   31) MODULE PROCEDURE SIZE_TECLDP
(   32) END INTERFACE
(   33) # 35 "./util_tecldp_mod.F90"
(   35) CONTAINS
(   36) # 37 "./util_tecldp_mod.F90"
(   37) SUBROUTINE SAVE_TECLDP (KLUN, YD)
(   38) # 39 "./util_tecldp_mod.F90"
(   39) IMPLICIT NONE
(   40) INTEGER, INTENT (IN) :: KLUN
(   41) TYPE (TECLDP), INTENT (IN), TARGET :: YD
(   42) # 43 "./util_tecldp_mod.F90"
(   43) WRITE (KLUN) YD%RAMID
(   44) WRITE (KLUN) YD%RCLDIFF
(   45) WRITE (KLUN) YD%RCLDIFF_CONVI
(   46) WRITE (KLUN) YD%RCLCRIT
(   47) WRITE (KLUN) YD%RCLCRIT_SEA
(   48) WRITE (KLUN) YD%RCLCRIT_LAND
(   49) WRITE (KLUN) YD%RKCONV
(   50) WRITE (KLUN) YD%RPRC1
(   51) WRITE (KLUN) YD%RPRC2
(   52) WRITE (KLUN) YD%RCLDMAX
(   53) WRITE (KLUN) YD%RPECONS
(   54) WRITE (KLUN) YD%RVRFACTOR
(   55) WRITE (KLUN) YD%RPRECRHMAX
(   56) WRITE (KLUN) YD%RTAUMEL
(   57) WRITE (KLUN) YD%RAMIN
(   58) WRITE (KLUN) YD%RLMIN






NVFORTRAN (Version     24.5)          03/19/2025  06:54:29      page 42

(   59) WRITE (KLUN) YD%RKOOPTAU
(   60) WRITE (KLUN) YD%RSSICEFACTOR
(   61) WRITE (KLUN) YD%RCLDTOPP
(   62) WRITE (KLUN) YD%RLCRITSNOW
(   63) WRITE (KLUN) YD%RSNOWLIN1
(   64) WRITE (KLUN) YD%RSNOWLIN2
(   65) WRITE (KLUN) YD%RICEHI1
(   66) WRITE (KLUN) YD%RICEHI2
(   67) WRITE (KLUN) YD%RICEINIT
(   68) WRITE (KLUN) YD%RVICE
(   69) WRITE (KLUN) YD%RVRAIN
(   70) WRITE (KLUN) YD%RVSNOW
(   71) WRITE (KLUN) YD%RTHOMO
(   72) WRITE (KLUN) YD%RCOVPMIN
(   73) WRITE (KLUN) YD%RCCN
(   74) WRITE (KLUN) YD%RNICE
(   75) WRITE (KLUN) YD%RCCNOM
(   76) WRITE (KLUN) YD%RCCNSS
(   77) WRITE (KLUN) YD%RCCNSU
(   78) WRITE (KLUN) YD%RCLDTOPCF
(   79) WRITE (KLUN) YD%RDEPLIQREFRATE
(   80) WRITE (KLUN) YD%RDEPLIQREFDEPTH
(   81) WRITE (KLUN) YD%RCL_OVERLAPLIQICE
(   82) WRITE (KLUN) YD%RCL_EFFRIME
(   83) WRITE (KLUN) YD%RTAU_CLD_TLAD
(   84) WRITE (KLUN) YD%RCL_KKAAC
(   85) WRITE (KLUN) YD%RCL_KKBAC
(   86) WRITE (KLUN) YD%RCL_KKAAU
(   87) WRITE (KLUN) YD%RCL_KKBAUQ
(   88) WRITE (KLUN) YD%RCL_KKBAUN
(   89) WRITE (KLUN) YD%RCL_KK_CLOUD_NUM_SEA
(   90) WRITE (KLUN) YD%RCL_KK_CLOUD_NUM_LAND
(   91) WRITE (KLUN) YD%RCL_INHOMOGAUT
(   92) WRITE (KLUN) YD%RCL_INHOMOGACC
(   93) WRITE (KLUN) YD%LCLOUD_INHOMOG
(   94) WRITE (KLUN) YD%RCL_AI
(   95) WRITE (KLUN) YD%RCL_BI
(   96) WRITE (KLUN) YD%RCL_CI
(   97) WRITE (KLUN) YD%RCL_DI
(   98) WRITE (KLUN) YD%RCL_X1I
(   99) WRITE (KLUN) YD%RCL_X2I
(  100) WRITE (KLUN) YD%RCL_X3I
(  101) WRITE (KLUN) YD%RCL_X4I
(  102) WRITE (KLUN) YD%RCL_CONST1I
(  103) WRITE (KLUN) YD%RCL_CONST2I
(  104) WRITE (KLUN) YD%RCL_CONST3I
(  105) WRITE (KLUN) YD%RCL_CONST4I
(  106) WRITE (KLUN) YD%RCL_CONST5I
(  107) WRITE (KLUN) YD%RCL_CONST6I
(  108) WRITE (KLUN) YD%RCL_CONST7I
(  109) WRITE (KLUN) YD%RCL_LAMBDA1I
(  110) WRITE (KLUN) YD%RCL_LAMBDA2I
(  111) WRITE (KLUN) YD%RCL_APB1
(  112) WRITE (KLUN) YD%RCL_APB2
(  113) WRITE (KLUN) YD%RCL_APB3
(  114) WRITE (KLUN) YD%RCL_AS
(  115) WRITE (KLUN) YD%RCL_BS
(  116) WRITE (KLUN) YD%RCL_CS






NVFORTRAN (Version     24.5)          03/19/2025  06:54:29      page 43

(  117) WRITE (KLUN) YD%RCL_DS
(  118) WRITE (KLUN) YD%RCL_X1S
(  119) WRITE (KLUN) YD%RCL_X2S
(  120) WRITE (KLUN) YD%RCL_X3S
(  121) WRITE (KLUN) YD%RCL_X4S
(  122) WRITE (KLUN) YD%RCL_CONST1S
(  123) WRITE (KLUN) YD%RCL_CONST2S
(  124) WRITE (KLUN) YD%RCL_CONST3S
(  125) WRITE (KLUN) YD%RCL_CONST4S
(  126) WRITE (KLUN) YD%RCL_CONST5S
(  127) WRITE (KLUN) YD%RCL_CONST6S
(  128) WRITE (KLUN) YD%RCL_CONST7S
(  129) WRITE (KLUN) YD%RCL_CONST8S
(  130) WRITE (KLUN) YD%RCL_LAM1S
(  131) WRITE (KLUN) YD%RCL_LAM2S
(  132) WRITE (KLUN) YD%RDENSWAT
(  133) WRITE (KLUN) YD%RDENSREF
(  134) WRITE (KLUN) YD%RCL_AR
(  135) WRITE (KLUN) YD%RCL_BR
(  136) WRITE (KLUN) YD%RCL_CR
(  137) WRITE (KLUN) YD%RCL_DR
(  138) WRITE (KLUN) YD%RCL_X1R
(  139) WRITE (KLUN) YD%RCL_X2R
(  140) WRITE (KLUN) YD%RCL_X4R
(  141) WRITE (KLUN) YD%RCL_X1R_MP
(  142) WRITE (KLUN) YD%RCL_X2R_MP
(  143) WRITE (KLUN) YD%RCL_X4R_MP
(  144) WRITE (KLUN) YD%RCL_KA273
(  145) WRITE (KLUN) YD%RCL_CDENOM1
(  146) WRITE (KLUN) YD%RCL_CDENOM2
(  147) WRITE (KLUN) YD%RCL_CDENOM3
(  148) WRITE (KLUN) YD%RCL_SCHMIDT
(  149) WRITE (KLUN) YD%RCL_DYNVISC
(  150) WRITE (KLUN) YD%RCL_CONST1R
(  151) WRITE (KLUN) YD%RCL_CONST2R
(  152) WRITE (KLUN) YD%RCL_CONST3R
(  153) WRITE (KLUN) YD%RCL_CONST4R
(  154) WRITE (KLUN) YD%RCL_CONST7R
(  155) WRITE (KLUN) YD%RCL_CONST8R
(  156) WRITE (KLUN) YD%RCL_LAM1R
(  157) WRITE (KLUN) YD%RCL_LAM2R
(  158) WRITE (KLUN) YD%RCL_LAM1R_MP
(  159) WRITE (KLUN) YD%RCL_LAM2R_MP
(  160) WRITE (KLUN) YD%RCL_CONST5R
(  161) WRITE (KLUN) YD%RCL_CONST6R
(  162) WRITE (KLUN) YD%RCL_FZRAB
(  163) WRITE (KLUN) YD%RCL_FZRBB
(  164) WRITE (KLUN) YD%RCL_CONST9R
(  165) WRITE (KLUN) YD%RCL_CONST10R
(  166) WRITE (KLUN) YD%RCL_EFF_RACW
(  167) WRITE (KLUN) YD%NPTYPE_SEV2WMO
(  168) WRITE (KLUN) YD%LCLDEXTRA
(  169) WRITE (KLUN) YD%LCLDBUDGET
(  170) WRITE (KLUN) YD%LCLDBUDC
(  171) WRITE (KLUN) YD%LCLDBUDL
(  172) WRITE (KLUN) YD%LCLDBUDI
(  173) WRITE (KLUN) YD%LCLDBUDT
(  174) WRITE (KLUN) YD%LCLDBUD_TIMEINT






NVFORTRAN (Version     24.5)          03/19/2025  06:54:29      page 44

(  175) WRITE (KLUN) YD%LCLDBUD_VERTINT
(  176) WRITE (KLUN) YD%NSSOPT
(  177) WRITE (KLUN) YD%NCLDTOP
(  178) WRITE (KLUN) YD%NAECLBC
(  179) WRITE (KLUN) YD%NAECLDU
(  180) WRITE (KLUN) YD%NAECLOM
(  181) WRITE (KLUN) YD%NAECLSS
(  182) WRITE (KLUN) YD%NAECLSU
(  183) WRITE (KLUN) YD%NCLDDIAG
(  184) WRITE (KLUN) YD%NAERCLD
(  185) WRITE (KLUN) YD%LAERLIQAUTOLSP
(  186) WRITE (KLUN) YD%LAERLIQAUTOCP
(  187) WRITE (KLUN) YD%LAERLIQAUTOCPB
(  188) WRITE (KLUN) YD%LAERLIQCOLL
(  189) WRITE (KLUN) YD%LAERICESED
(  190) WRITE (KLUN) YD%LAERICEAUTO
(  191) WRITE (KLUN) YD%NSHAPEP
(  192) WRITE (KLUN) YD%NSHAPEQ
(  193) WRITE (KLUN) YD%NBETA
(  194) WRITE (KLUN) YD%RBETA
(  195) WRITE (KLUN) YD%RBETAP1
(  196) END SUBROUTINE
(  197) # 198 "./util_tecldp_mod.F90"
(  198) SUBROUTINE LOAD_TECLDP (KLUN, YD)
(  199) USE PARKIND1, ONLY : JPRD
(  200) # 201 "./util_tecldp_mod.F90"
(  201) IMPLICIT NONE
(  202) INTEGER, INTENT (IN) :: KLUN
(  203) TYPE (TECLDP), INTENT (OUT), TARGET :: YD
(  204) REAL(KIND=JPRD) :: ZTMP0
(  205) REAL(KIND=JPRD), ALLOCATABLE :: ZTMP1 (:)
(  206) READ (KLUN) ZTMP0
(  207) YD%RAMID = ZTMP0
(  208) READ (KLUN) ZTMP0
(  209) YD%RCLDIFF = ZTMP0
(  210) READ (KLUN) ZTMP0
(  211) YD%RCLDIFF_CONVI = ZTMP0
(  212) READ (KLUN) ZTMP0
(  213) YD%RCLCRIT = ZTMP0
(  214) READ (KLUN) ZTMP0
(  215) YD%RCLCRIT_SEA = ZTMP0
(  216) READ (KLUN) ZTMP0
(  217) YD%RCLCRIT_LAND = ZTMP0
(  218) READ (KLUN) ZTMP0
(  219) YD%RKCONV = ZTMP0
(  220) READ (KLUN) ZTMP0
(  221) YD%RPRC1 = ZTMP0
(  222) READ (KLUN) ZTMP0
(  223) YD%RPRC2 = ZTMP0
(  224) READ (KLUN) ZTMP0
(  225) YD%RCLDMAX = ZTMP0
(  226) READ (KLUN) ZTMP0
(  227) YD%RPECONS = ZTMP0
(  228) READ (KLUN) ZTMP0
(  229) YD%RVRFACTOR = ZTMP0
(  230) READ (KLUN) ZTMP0
(  231) YD%RPRECRHMAX = ZTMP0
(  232) READ (KLUN) ZTMP0






NVFORTRAN (Version     24.5)          03/19/2025  06:54:29      page 45

(  233) YD%RTAUMEL = ZTMP0
(  234) READ (KLUN) ZTMP0
(  235) YD%RAMIN = ZTMP0
(  236) READ (KLUN) ZTMP0
(  237) YD%RLMIN = ZTMP0
(  238) READ (KLUN) ZTMP0
(  239) YD%RKOOPTAU = ZTMP0
(  240) READ (KLUN) ZTMP0
(  241) YD%RSSICEFACTOR = ZTMP0
(  242) READ (KLUN) ZTMP0
(  243) YD%RCLDTOPP = ZTMP0
(  244) READ (KLUN) ZTMP0
(  245) YD%RLCRITSNOW = ZTMP0
(  246) READ (KLUN) ZTMP0
(  247) YD%RSNOWLIN1 = ZTMP0
(  248) READ (KLUN) ZTMP0
(  249) YD%RSNOWLIN2 = ZTMP0
(  250) READ (KLUN) ZTMP0
(  251) YD%RICEHI1 = ZTMP0
(  252) READ (KLUN) ZTMP0
(  253) YD%RICEHI2 = ZTMP0
(  254) READ (KLUN) ZTMP0
(  255) YD%RICEINIT = ZTMP0
(  256) READ (KLUN) ZTMP0
(  257) YD%RVICE = ZTMP0
(  258) READ (KLUN) ZTMP0
(  259) YD%RVRAIN = ZTMP0
(  260) READ (KLUN) ZTMP0
(  261) YD%RVSNOW = ZTMP0
(  262) READ (KLUN) ZTMP0
(  263) YD%RTHOMO = ZTMP0
(  264) READ (KLUN) ZTMP0
(  265) YD%RCOVPMIN = ZTMP0
(  266) READ (KLUN) ZTMP0
(  267) YD%RCCN = ZTMP0
(  268) READ (KLUN) ZTMP0
(  269) YD%RNICE = ZTMP0
(  270) READ (KLUN) ZTMP0
(  271) YD%RCCNOM = ZTMP0
(  272) READ (KLUN) ZTMP0
(  273) YD%RCCNSS = ZTMP0
(  274) READ (KLUN) ZTMP0
(  275) YD%RCCNSU = ZTMP0
(  276) READ (KLUN) ZTMP0
(  277) YD%RCLDTOPCF = ZTMP0
(  278) READ (KLUN) ZTMP0
(  279) YD%RDEPLIQREFRATE = ZTMP0
(  280) READ (KLUN) ZTMP0
(  281) YD%RDEPLIQREFDEPTH = ZTMP0
(  282) READ (KLUN) ZTMP0
(  283) YD%RCL_OVERLAPLIQICE = ZTMP0
(  284) READ (KLUN) ZTMP0
(  285) YD%RCL_EFFRIME = ZTMP0
(  286) READ (KLUN) ZTMP0
(  287) YD%RTAU_CLD_TLAD = ZTMP0
(  288) READ (KLUN) ZTMP0
(  289) YD%RCL_KKAAC = ZTMP0
(  290) READ (KLUN) ZTMP0






NVFORTRAN (Version     24.5)          03/19/2025  06:54:29      page 46

(  291) YD%RCL_KKBAC = ZTMP0
(  292) READ (KLUN) ZTMP0
(  293) YD%RCL_KKAAU = ZTMP0
(  294) READ (KLUN) ZTMP0
(  295) YD%RCL_KKBAUQ = ZTMP0
(  296) READ (KLUN) ZTMP0
(  297) YD%RCL_KKBAUN = ZTMP0
(  298) READ (KLUN) ZTMP0
(  299) YD%RCL_KK_CLOUD_NUM_SEA = ZTMP0
(  300) READ (KLUN) ZTMP0
(  301) YD%RCL_KK_CLOUD_NUM_LAND = ZTMP0
(  302) READ (KLUN) ZTMP0
(  303) YD%RCL_INHOMOGAUT = ZTMP0
(  304) READ (KLUN) ZTMP0
(  305) YD%RCL_INHOMOGACC = ZTMP0
(  306) READ (KLUN) YD%LCLOUD_INHOMOG
(  307) READ (KLUN) ZTMP0
(  308) YD%RCL_AI = ZTMP0
(  309) READ (KLUN) ZTMP0
(  310) YD%RCL_BI = ZTMP0
(  311) READ (KLUN) ZTMP0
(  312) YD%RCL_CI = ZTMP0
(  313) READ (KLUN) ZTMP0
(  314) YD%RCL_DI = ZTMP0
(  315) READ (KLUN) ZTMP0
(  316) YD%RCL_X1I = ZTMP0
(  317) READ (KLUN) ZTMP0
(  318) YD%RCL_X2I = ZTMP0
(  319) READ (KLUN) ZTMP0
(  320) YD%RCL_X3I = ZTMP0
(  321) READ (KLUN) ZTMP0
(  322) YD%RCL_X4I = ZTMP0
(  323) READ (KLUN) ZTMP0
(  324) YD%RCL_CONST1I = ZTMP0
(  325) READ (KLUN) ZTMP0
(  326) YD%RCL_CONST2I = ZTMP0
(  327) READ (KLUN) ZTMP0
(  328) YD%RCL_CONST3I = ZTMP0
(  329) READ (KLUN) ZTMP0
(  330) YD%RCL_CONST4I = ZTMP0
(  331) READ (KLUN) ZTMP0
(  332) YD%RCL_CONST5I = ZTMP0
(  333) READ (KLUN) ZTMP0
(  334) YD%RCL_CONST6I = ZTMP0
(  335) READ (KLUN) ZTMP0
(  336) YD%RCL_CONST7I = ZTMP0
(  337) READ (KLUN) ZTMP0
(  338) YD%RCL_LAMBDA1I = ZTMP0
(  339) READ (KLUN) ZTMP0
(  340) YD%RCL_LAMBDA2I = ZTMP0
(  341) READ (KLUN) ZTMP0
(  342) YD%RCL_APB1 = ZTMP0
(  343) READ (KLUN) ZTMP0
(  344) YD%RCL_APB2 = ZTMP0
(  345) READ (KLUN) ZTMP0
(  346) YD%RCL_APB3 = ZTMP0
(  347) READ (KLUN) ZTMP0
(  348) YD%RCL_AS = ZTMP0






NVFORTRAN (Version     24.5)          03/19/2025  06:54:29      page 47

(  349) READ (KLUN) ZTMP0
(  350) YD%RCL_BS = ZTMP0
(  351) READ (KLUN) ZTMP0
(  352) YD%RCL_CS = ZTMP0
(  353) READ (KLUN) ZTMP0
(  354) YD%RCL_DS = ZTMP0
(  355) READ (KLUN) ZTMP0
(  356) YD%RCL_X1S = ZTMP0
(  357) READ (KLUN) ZTMP0
(  358) YD%RCL_X2S = ZTMP0
(  359) READ (KLUN) ZTMP0
(  360) YD%RCL_X3S = ZTMP0
(  361) READ (KLUN) ZTMP0
(  362) YD%RCL_X4S = ZTMP0
(  363) READ (KLUN) ZTMP0
(  364) YD%RCL_CONST1S = ZTMP0
(  365) READ (KLUN) ZTMP0
(  366) YD%RCL_CONST2S = ZTMP0
(  367) READ (KLUN) ZTMP0
(  368) YD%RCL_CONST3S = ZTMP0
(  369) READ (KLUN) ZTMP0
(  370) YD%RCL_CONST4S = ZTMP0
(  371) READ (KLUN) ZTMP0
(  372) YD%RCL_CONST5S = ZTMP0
(  373) READ (KLUN) ZTMP0
(  374) YD%RCL_CONST6S = ZTMP0
(  375) READ (KLUN) ZTMP0
(  376) YD%RCL_CONST7S = ZTMP0
(  377) READ (KLUN) ZTMP0
(  378) YD%RCL_CONST8S = ZTMP0
(  379) READ (KLUN) ZTMP0
(  380) YD%RCL_LAM1S = ZTMP0
(  381) READ (KLUN) ZTMP0
(  382) YD%RCL_LAM2S = ZTMP0
(  383) READ (KLUN) ZTMP0
(  384) YD%RDENSWAT = ZTMP0
(  385) READ (KLUN) ZTMP0
(  386) YD%RDENSREF = ZTMP0
(  387) READ (KLUN) ZTMP0
(  388) YD%RCL_AR = ZTMP0
(  389) READ (KLUN) ZTMP0
(  390) YD%RCL_BR = ZTMP0
(  391) READ (KLUN) ZTMP0
(  392) YD%RCL_CR = ZTMP0
(  393) READ (KLUN) ZTMP0
(  394) YD%RCL_DR = ZTMP0
(  395) READ (KLUN) ZTMP0
(  396) YD%RCL_X1R = ZTMP0
(  397) READ (KLUN) ZTMP0
(  398) YD%RCL_X2R = ZTMP0
(  399) READ (KLUN) ZTMP0
(  400) YD%RCL_X4R = ZTMP0
(  401) READ (KLUN) ZTMP0
(  402) YD%RCL_X1R_MP = ZTMP0
(  403) READ (KLUN) ZTMP0
(  404) YD%RCL_X2R_MP = ZTMP0
(  405) READ (KLUN) ZTMP0
(  406) YD%RCL_X4R_MP = ZTMP0






NVFORTRAN (Version     24.5)          03/19/2025  06:54:29      page 48

(  407) READ (KLUN) ZTMP0
(  408) YD%RCL_KA273 = ZTMP0
(  409) READ (KLUN) ZTMP0
(  410) YD%RCL_CDENOM1 = ZTMP0
(  411) READ (KLUN) ZTMP0
(  412) YD%RCL_CDENOM2 = ZTMP0
(  413) READ (KLUN) ZTMP0
(  414) YD%RCL_CDENOM3 = ZTMP0
(  415) READ (KLUN) ZTMP0
(  416) YD%RCL_SCHMIDT = ZTMP0
(  417) READ (KLUN) ZTMP0
(  418) YD%RCL_DYNVISC = ZTMP0
(  419) READ (KLUN) ZTMP0
(  420) YD%RCL_CONST1R = ZTMP0
(  421) READ (KLUN) ZTMP0
(  422) YD%RCL_CONST2R = ZTMP0
(  423) READ (KLUN) ZTMP0
(  424) YD%RCL_CONST3R = ZTMP0
(  425) READ (KLUN) ZTMP0
(  426) YD%RCL_CONST4R = ZTMP0
(  427) READ (KLUN) ZTMP0
(  428) YD%RCL_CONST7R = ZTMP0
(  429) READ (KLUN) ZTMP0
(  430) YD%RCL_CONST8R = ZTMP0
(  431) READ (KLUN) ZTMP0
(  432) YD%RCL_LAM1R = ZTMP0
(  433) READ (KLUN) ZTMP0
(  434) YD%RCL_LAM2R = ZTMP0
(  435) READ (KLUN) ZTMP0
(  436) YD%RCL_LAM1R_MP = ZTMP0
(  437) READ (KLUN) ZTMP0
(  438) YD%RCL_LAM2R_MP = ZTMP0
(  439) READ (KLUN) ZTMP0
(  440) YD%RCL_CONST5R = ZTMP0
(  441) READ (KLUN) ZTMP0
(  442) YD%RCL_CONST6R = ZTMP0
(  443) READ (KLUN) ZTMP0
(  444) YD%RCL_FZRAB = ZTMP0
(  445) READ (KLUN) ZTMP0
(  446) YD%RCL_FZRBB = ZTMP0
(  447) READ (KLUN) ZTMP0
(  448) YD%RCL_CONST9R = ZTMP0
(  449) READ (KLUN) ZTMP0
(  450) YD%RCL_CONST10R = ZTMP0
(  451) READ (KLUN) ZTMP0
(  452) YD%RCL_EFF_RACW = ZTMP0
(  453) READ (KLUN) YD%NPTYPE_SEV2WMO
(  454) READ (KLUN) YD%LCLDEXTRA
(  455) READ (KLUN) YD%LCLDBUDGET
(  456) READ (KLUN) YD%LCLDBUDC
(  457) READ (KLUN) YD%LCLDBUDL
(  458) READ (KLUN) YD%LCLDBUDI
(  459) READ (KLUN) YD%LCLDBUDT
(  460) READ (KLUN) YD%LCLDBUD_TIMEINT
(  461) READ (KLUN) YD%LCLDBUD_VERTINT
(  462) READ (KLUN) YD%NSSOPT
(  463) READ (KLUN) YD%NCLDTOP
(  464) READ (KLUN) YD%NAECLBC






NVFORTRAN (Version     24.5)          03/19/2025  06:54:29      page 49

(  465) READ (KLUN) YD%NAECLDU
(  466) READ (KLUN) YD%NAECLOM
(  467) READ (KLUN) YD%NAECLSS
(  468) READ (KLUN) YD%NAECLSU
(  469) READ (KLUN) YD%NCLDDIAG
(  470) READ (KLUN) YD%NAERCLD
(  471) READ (KLUN) YD%LAERLIQAUTOLSP
(  472) READ (KLUN) YD%LAERLIQAUTOCP
(  473) READ (KLUN) YD%LAERLIQAUTOCPB
(  474) READ (KLUN) YD%LAERLIQCOLL
(  475) READ (KLUN) YD%LAERICESED
(  476) READ (KLUN) YD%LAERICEAUTO
(  477) READ (KLUN) ZTMP0
(  478) YD%NSHAPEP = ZTMP0
(  479) READ (KLUN) ZTMP0
(  480) YD%NSHAPEQ = ZTMP0
(  481) READ (KLUN) YD%NBETA
(  482) ALLOCATE (ZTMP1(LBOUND(YD%RBETA,1):UBOUND(YD%RBETA,1)))
(  483) READ (KLUN) ZTMP1
(  484) YD%RBETA = ZTMP1
(  485) DEALLOCATE (ZTMP1)
(  486) ALLOCATE (ZTMP1(LBOUND(YD%RBETAP1,1):UBOUND(YD%RBETAP1,1)))
(  487) READ (KLUN) ZTMP1
(  488) YD%RBETAP1 = ZTMP1
(  489) DEALLOCATE (ZTMP1)
(  490) END SUBROUTINE
(  491) # 493 "./util_tecldp_mod.F90"
(  493) SUBROUTINE COPY_TECLDP (YD, LDCREATED, LDFIELDAPI)
(  494) # 495 "./util_tecldp_mod.F90"
(  495) IMPLICIT NONE
(  496) TYPE (TECLDP), INTENT (IN), TARGET :: YD
(  497) LOGICAL, OPTIONAL, INTENT (IN) :: LDCREATED, LDFIELDAPI
(  498) LOGICAL :: LLCREATED
(  499) LOGICAL :: LLFIELDAPI
(  500) # 501 "./util_tecldp_mod.F90"
(  501) LLFIELDAPI = .FALSE.
(  502) IF (PRESENT (LDFIELDAPI)) THEN
(  503)   LLFIELDAPI = LDFIELDAPI
(  504) ENDIF
(  505) LLCREATED = .FALSE.
(  506) IF (PRESENT (LDCREATED)) THEN
(  507)   LLCREATED = LDCREATED
(  508) ENDIF
(  509) IF (.NOT. LLCREATED) THEN
(  510)   !$acc enter data create (YD)
(  511)   !$acc update device (YD)
(  512) ENDIF
(  513) # 666 "./util_tecldp_mod.F90"
(  666) END SUBROUTINE
(  667) # 668 "./util_tecldp_mod.F90"
(  668) SUBROUTINE HOST_TECLDP (YD)
(  669) # 670 "./util_tecldp_mod.F90"
(  670) IMPLICIT NONE
(  671) TYPE (TECLDP), TARGET :: YD
(  672) # 826 "./util_tecldp_mod.F90"
(  826) END SUBROUTINE
(  827) # 828 "./util_tecldp_mod.F90"
(  828)      






NVFORTRAN (Version     24.5)          03/19/2025  06:54:29      page 50

(  829) # 830 "./util_tecldp_mod.F90"
(  830) SUBROUTINE CRC64_TECLDP (YD, KLUN, CDPATH)
(  831) USE CRC64_INTRINSIC
(  832) # 833 "./util_tecldp_mod.F90"
(  833) IMPLICIT NONE
(  834) TYPE (TECLDP), TARGET :: YD
(  835) INTEGER, INTENT (IN) :: KLUN
(  836) CHARACTER(LEN=*), INTENT (IN) :: CDPATH
(  837) CHARACTER(LEN=128) :: CLIND
(  838) # 839 "./util_tecldp_mod.F90"
(  839) WRITE (KLUN, '(Z16.16," ",A)') CRC64 (YD%RAMID), CDPATH//'%RAMID'
(  840) # 841 "./util_tecldp_mod.F90"
(  841) WRITE (KLUN, '(Z16.16," ",A)') CRC64 (YD%RCLDIFF), CDPATH//'%RCLDIFF'
(  842) # 843 "./util_tecldp_mod.F90"
(  843) WRITE (KLUN, '(Z16.16," ",A)') CRC64 (YD%RCLDIFF_CONVI), CDPATH//'%RCLDIFF_CONVI'
(  844) # 845 "./util_tecldp_mod.F90"
(  845) WRITE (KLUN, '(Z16.16," ",A)') CRC64 (YD%RCLCRIT), CDPATH//'%RCLCRIT'
(  846) # 847 "./util_tecldp_mod.F90"
(  847) WRITE (KLUN, '(Z16.16," ",A)') CRC64 (YD%RCLCRIT_SEA), CDPATH//'%RCLCRIT_SEA'
(  848) # 849 "./util_tecldp_mod.F90"
(  849) WRITE (KLUN, '(Z16.16," ",A)') CRC64 (YD%RCLCRIT_LAND), CDPATH//'%RCLCRIT_LAND'
(  850) # 851 "./util_tecldp_mod.F90"
(  851) WRITE (KLUN, '(Z16.16," ",A)') CRC64 (YD%RKCONV), CDPATH//'%RKCONV'
(  852) # 853 "./util_tecldp_mod.F90"
(  853) WRITE (KLUN, '(Z16.16," ",A)') CRC64 (YD%RPRC1), CDPATH//'%RPRC1'
(  854) # 855 "./util_tecldp_mod.F90"
(  855) WRITE (KLUN, '(Z16.16," ",A)') CRC64 (YD%RPRC2), CDPATH//'%RPRC2'
(  856) # 857 "./util_tecldp_mod.F90"
(  857) WRITE (KLUN, '(Z16.16," ",A)') CRC64 (YD%RCLDMAX), CDPATH//'%RCLDMAX'
(  858) # 859 "./util_tecldp_mod.F90"
(  859) WRITE (KLUN, '(Z16.16," ",A)') CRC64 (YD%RPECONS), CDPATH//'%RPECONS'
(  860) # 861 "./util_tecldp_mod.F90"
(  861) WRITE (KLUN, '(Z16.16," ",A)') CRC64 (YD%RVRFACTOR), CDPATH//'%RVRFACTOR'
(  862) # 863 "./util_tecldp_mod.F90"
(  863) WRITE (KLUN, '(Z16.16," ",A)') CRC64 (YD%RPRECRHMAX), CDPATH//'%RPRECRHMAX'
(  864) # 865 "./util_tecldp_mod.F90"
(  865) WRITE (KLUN, '(Z16.16," ",A)') CRC64 (YD%RTAUMEL), CDPATH//'%RTAUMEL'
(  866) # 867 "./util_tecldp_mod.F90"
(  867) WRITE (KLUN, '(Z16.16," ",A)') CRC64 (YD%RAMIN), CDPATH//'%RAMIN'
(  868) # 869 "./util_tecldp_mod.F90"
(  869) WRITE (KLUN, '(Z16.16," ",A)') CRC64 (YD%RLMIN), CDPATH//'%RLMIN'
(  870) # 871 "./util_tecldp_mod.F90"
(  871) WRITE (KLUN, '(Z16.16," ",A)') CRC64 (YD%RKOOPTAU), CDPATH//'%RKOOPTAU'
(  872) # 873 "./util_tecldp_mod.F90"
(  873) WRITE (KLUN, '(Z16.16," ",A)') CRC64 (YD%RSSICEFACTOR), CDPATH//'%RSSICEFACTOR'
(  874) # 875 "./util_tecldp_mod.F90"
(  875) WRITE (KLUN, '(Z16.16," ",A)') CRC64 (YD%RCLDTOPP), CDPATH//'%RCLDTOPP'
(  876) # 877 "./util_tecldp_mod.F90"
(  877) WRITE (KLUN, '(Z16.16," ",A)') CRC64 (YD%RLCRITSNOW), CDPATH//'%RLCRITSNOW'
(  878) # 879 "./util_tecldp_mod.F90"
(  879) WRITE (KLUN, '(Z16.16," ",A)') CRC64 (YD%RSNOWLIN1), CDPATH//'%RSNOWLIN1'
(  880) # 881 "./util_tecldp_mod.F90"
(  881) WRITE (KLUN, '(Z16.16," ",A)') CRC64 (YD%RSNOWLIN2), CDPATH//'%RSNOWLIN2'
(  882) # 883 "./util_tecldp_mod.F90"
(  883) WRITE (KLUN, '(Z16.16," ",A)') CRC64 (YD%RICEHI1), CDPATH//'%RICEHI1'
(  884) # 885 "./util_tecldp_mod.F90"
(  885) WRITE (KLUN, '(Z16.16," ",A)') CRC64 (YD%RICEHI2), CDPATH//'%RICEHI2'
(  886) # 887 "./util_tecldp_mod.F90"






NVFORTRAN (Version     24.5)          03/19/2025  06:54:29      page 51

(  887) WRITE (KLUN, '(Z16.16," ",A)') CRC64 (YD%RICEINIT), CDPATH//'%RICEINIT'
(  888) # 889 "./util_tecldp_mod.F90"
(  889) WRITE (KLUN, '(Z16.16," ",A)') CRC64 (YD%RVICE), CDPATH//'%RVICE'
(  890) # 891 "./util_tecldp_mod.F90"
(  891) WRITE (KLUN, '(Z16.16," ",A)') CRC64 (YD%RVRAIN), CDPATH//'%RVRAIN'
(  892) # 893 "./util_tecldp_mod.F90"
(  893) WRITE (KLUN, '(Z16.16," ",A)') CRC64 (YD%RVSNOW), CDPATH//'%RVSNOW'
(  894) # 895 "./util_tecldp_mod.F90"
(  895) WRITE (KLUN, '(Z16.16," ",A)') CRC64 (YD%RTHOMO), CDPATH//'%RTHOMO'
(  896) # 897 "./util_tecldp_mod.F90"
(  897) WRITE (KLUN, '(Z16.16," ",A)') CRC64 (YD%RCOVPMIN), CDPATH//'%RCOVPMIN'
(  898) # 899 "./util_tecldp_mod.F90"
(  899) WRITE (KLUN, '(Z16.16," ",A)') CRC64 (YD%RCCN), CDPATH//'%RCCN'
(  900) # 901 "./util_tecldp_mod.F90"
(  901) WRITE (KLUN, '(Z16.16," ",A)') CRC64 (YD%RNICE), CDPATH//'%RNICE'
(  902) # 903 "./util_tecldp_mod.F90"
(  903) WRITE (KLUN, '(Z16.16," ",A)') CRC64 (YD%RCCNOM), CDPATH//'%RCCNOM'
(  904) # 905 "./util_tecldp_mod.F90"
(  905) WRITE (KLUN, '(Z16.16," ",A)') CRC64 (YD%RCCNSS), CDPATH//'%RCCNSS'
(  906) # 907 "./util_tecldp_mod.F90"
(  907) WRITE (KLUN, '(Z16.16," ",A)') CRC64 (YD%RCCNSU), CDPATH//'%RCCNSU'
(  908) # 909 "./util_tecldp_mod.F90"
(  909) WRITE (KLUN, '(Z16.16," ",A)') CRC64 (YD%RCLDTOPCF), CDPATH//'%RCLDTOPCF'
(  910) # 911 "./util_tecldp_mod.F90"
(  911) WRITE (KLUN, '(Z16.16," ",A)') CRC64 (YD%RDEPLIQREFRATE), CDPATH//'%RDEPLIQREFRATE'
(  912) # 913 "./util_tecldp_mod.F90"
(  913) WRITE (KLUN, '(Z16.16," ",A)') CRC64 (YD%RDEPLIQREFDEPTH), CDPATH//'%RDEPLIQREFDEPTH'
(  914) # 915 "./util_tecldp_mod.F90"
(  915) WRITE (KLUN, '(Z16.16," ",A)') CRC64 (YD%RCL_OVERLAPLIQICE), CDPATH//'%RCL_OVERLAPLIQICE'
(  916) # 917 "./util_tecldp_mod.F90"
(  917) WRITE (KLUN, '(Z16.16," ",A)') CRC64 (YD%RCL_EFFRIME), CDPATH//'%RCL_EFFRIME'
(  918) # 919 "./util_tecldp_mod.F90"
(  919) WRITE (KLUN, '(Z16.16," ",A)') CRC64 (YD%RTAU_CLD_TLAD), CDPATH//'%RTAU_CLD_TLAD'
(  920) # 921 "./util_tecldp_mod.F90"
(  921) WRITE (KLUN, '(Z16.16," ",A)') CRC64 (YD%RCL_KKAAC), CDPATH//'%RCL_KKAAC'
(  922) # 923 "./util_tecldp_mod.F90"
(  923) WRITE (KLUN, '(Z16.16," ",A)') CRC64 (YD%RCL_KKBAC), CDPATH//'%RCL_KKBAC'
(  924) # 925 "./util_tecldp_mod.F90"
(  925) WRITE (KLUN, '(Z16.16," ",A)') CRC64 (YD%RCL_KKAAU), CDPATH//'%RCL_KKAAU'
(  926) # 927 "./util_tecldp_mod.F90"
(  927) WRITE (KLUN, '(Z16.16," ",A)') CRC64 (YD%RCL_KKBAUQ), CDPATH//'%RCL_KKBAUQ'
(  928) # 929 "./util_tecldp_mod.F90"
(  929) WRITE (KLUN, '(Z16.16," ",A)') CRC64 (YD%RCL_KKBAUN), CDPATH//'%RCL_KKBAUN'
(  930) # 931 "./util_tecldp_mod.F90"
(  931) WRITE (KLUN, '(Z16.16," ",A)') CRC64 (YD%RCL_KK_CLOUD_NUM_SEA), CDPATH//'%RCL_KK_CLOUD_NUM_SEA'
(  932) # 933 "./util_tecldp_mod.F90"
(  933) WRITE (KLUN, '(Z16.16," ",A)') CRC64 (YD%RCL_KK_CLOUD_NUM_LAND), CDPATH//'%RCL_KK_CLOUD_NUM_LAND'
(  934) # 935 "./util_tecldp_mod.F90"
(  935) WRITE (KLUN, '(Z16.16," ",A)') CRC64 (YD%RCL_INHOMOGAUT), CDPATH//'%RCL_INHOMOGAUT'
(  936) # 937 "./util_tecldp_mod.F90"
(  937) WRITE (KLUN, '(Z16.16," ",A)') CRC64 (YD%RCL_INHOMOGACC), CDPATH//'%RCL_INHOMOGACC'
(  938) # 939 "./util_tecldp_mod.F90"
(  939) WRITE (KLUN, '(Z16.16," ",A)') CRC64 (YD%LCLOUD_INHOMOG), CDPATH//'%LCLOUD_INHOMOG'
(  940) # 941 "./util_tecldp_mod.F90"
(  941) WRITE (KLUN, '(Z16.16," ",A)') CRC64 (YD%RCL_AI), CDPATH//'%RCL_AI'
(  942) # 943 "./util_tecldp_mod.F90"
(  943) WRITE (KLUN, '(Z16.16," ",A)') CRC64 (YD%RCL_BI), CDPATH//'%RCL_BI'
(  944) # 945 "./util_tecldp_mod.F90"






NVFORTRAN (Version     24.5)          03/19/2025  06:54:29      page 52

(  945) WRITE (KLUN, '(Z16.16," ",A)') CRC64 (YD%RCL_CI), CDPATH//'%RCL_CI'
(  946) # 947 "./util_tecldp_mod.F90"
(  947) WRITE (KLUN, '(Z16.16," ",A)') CRC64 (YD%RCL_DI), CDPATH//'%RCL_DI'
(  948) # 949 "./util_tecldp_mod.F90"
(  949) WRITE (KLUN, '(Z16.16," ",A)') CRC64 (YD%RCL_X1I), CDPATH//'%RCL_X1I'
(  950) # 951 "./util_tecldp_mod.F90"
(  951) WRITE (KLUN, '(Z16.16," ",A)') CRC64 (YD%RCL_X2I), CDPATH//'%RCL_X2I'
(  952) # 953 "./util_tecldp_mod.F90"
(  953) WRITE (KLUN, '(Z16.16," ",A)') CRC64 (YD%RCL_X3I), CDPATH//'%RCL_X3I'
(  954) # 955 "./util_tecldp_mod.F90"
(  955) WRITE (KLUN, '(Z16.16," ",A)') CRC64 (YD%RCL_X4I), CDPATH//'%RCL_X4I'
(  956) # 957 "./util_tecldp_mod.F90"
(  957) WRITE (KLUN, '(Z16.16," ",A)') CRC64 (YD%RCL_CONST1I), CDPATH//'%RCL_CONST1I'
(  958) # 959 "./util_tecldp_mod.F90"
(  959) WRITE (KLUN, '(Z16.16," ",A)') CRC64 (YD%RCL_CONST2I), CDPATH//'%RCL_CONST2I'
(  960) # 961 "./util_tecldp_mod.F90"
(  961) WRITE (KLUN, '(Z16.16," ",A)') CRC64 (YD%RCL_CONST3I), CDPATH//'%RCL_CONST3I'
(  962) # 963 "./util_tecldp_mod.F90"
(  963) WRITE (KLUN, '(Z16.16," ",A)') CRC64 (YD%RCL_CONST4I), CDPATH//'%RCL_CONST4I'
(  964) # 965 "./util_tecldp_mod.F90"
(  965) WRITE (KLUN, '(Z16.16," ",A)') CRC64 (YD%RCL_CONST5I), CDPATH//'%RCL_CONST5I'
(  966) # 967 "./util_tecldp_mod.F90"
(  967) WRITE (KLUN, '(Z16.16," ",A)') CRC64 (YD%RCL_CONST6I), CDPATH//'%RCL_CONST6I'
(  968) # 969 "./util_tecldp_mod.F90"
(  969) WRITE (KLUN, '(Z16.16," ",A)') CRC64 (YD%RCL_CONST7I), CDPATH//'%RCL_CONST7I'
(  970) # 971 "./util_tecldp_mod.F90"
(  971) WRITE (KLUN, '(Z16.16," ",A)') CRC64 (YD%RCL_LAMBDA1I), CDPATH//'%RCL_LAMBDA1I'
(  972) # 973 "./util_tecldp_mod.F90"
(  973) WRITE (KLUN, '(Z16.16," ",A)') CRC64 (YD%RCL_LAMBDA2I), CDPATH//'%RCL_LAMBDA2I'
(  974) # 975 "./util_tecldp_mod.F90"
(  975) WRITE (KLUN, '(Z16.16," ",A)') CRC64 (YD%RCL_APB1), CDPATH//'%RCL_APB1'
(  976) # 977 "./util_tecldp_mod.F90"
(  977) WRITE (KLUN, '(Z16.16," ",A)') CRC64 (YD%RCL_APB2), CDPATH//'%RCL_APB2'
(  978) # 979 "./util_tecldp_mod.F90"
(  979) WRITE (KLUN, '(Z16.16," ",A)') CRC64 (YD%RCL_APB3), CDPATH//'%RCL_APB3'
(  980) # 981 "./util_tecldp_mod.F90"
(  981) WRITE (KLUN, '(Z16.16," ",A)') CRC64 (YD%RCL_AS), CDPATH//'%RCL_AS'
(  982) # 983 "./util_tecldp_mod.F90"
(  983) WRITE (KLUN, '(Z16.16," ",A)') CRC64 (YD%RCL_BS), CDPATH//'%RCL_BS'
(  984) # 985 "./util_tecldp_mod.F90"
(  985) WRITE (KLUN, '(Z16.16," ",A)') CRC64 (YD%RCL_CS), CDPATH//'%RCL_CS'
(  986) # 987 "./util_tecldp_mod.F90"
(  987) WRITE (KLUN, '(Z16.16," ",A)') CRC64 (YD%RCL_DS), CDPATH//'%RCL_DS'
(  988) # 989 "./util_tecldp_mod.F90"
(  989) WRITE (KLUN, '(Z16.16," ",A)') CRC64 (YD%RCL_X1S), CDPATH//'%RCL_X1S'
(  990) # 991 "./util_tecldp_mod.F90"
(  991) WRITE (KLUN, '(Z16.16," ",A)') CRC64 (YD%RCL_X2S), CDPATH//'%RCL_X2S'
(  992) # 993 "./util_tecldp_mod.F90"
(  993) WRITE (KLUN, '(Z16.16," ",A)') CRC64 (YD%RCL_X3S), CDPATH//'%RCL_X3S'
(  994) # 995 "./util_tecldp_mod.F90"
(  995) WRITE (KLUN, '(Z16.16," ",A)') CRC64 (YD%RCL_X4S), CDPATH//'%RCL_X4S'
(  996) # 997 "./util_tecldp_mod.F90"
(  997) WRITE (KLUN, '(Z16.16," ",A)') CRC64 (YD%RCL_CONST1S), CDPATH//'%RCL_CONST1S'
(  998) # 999 "./util_tecldp_mod.F90"
(  999) WRITE (KLUN, '(Z16.16," ",A)') CRC64 (YD%RCL_CONST2S), CDPATH//'%RCL_CONST2S'
( 1000) # 1001 "./util_tecldp_mod.F90"
( 1001) WRITE (KLUN, '(Z16.16," ",A)') CRC64 (YD%RCL_CONST3S), CDPATH//'%RCL_CONST3S'
( 1002) # 1003 "./util_tecldp_mod.F90"






NVFORTRAN (Version     24.5)          03/19/2025  06:54:29      page 53

( 1003) WRITE (KLUN, '(Z16.16," ",A)') CRC64 (YD%RCL_CONST4S), CDPATH//'%RCL_CONST4S'
( 1004) # 1005 "./util_tecldp_mod.F90"
( 1005) WRITE (KLUN, '(Z16.16," ",A)') CRC64 (YD%RCL_CONST5S), CDPATH//'%RCL_CONST5S'
( 1006) # 1007 "./util_tecldp_mod.F90"
( 1007) WRITE (KLUN, '(Z16.16," ",A)') CRC64 (YD%RCL_CONST6S), CDPATH//'%RCL_CONST6S'
( 1008) # 1009 "./util_tecldp_mod.F90"
( 1009) WRITE (KLUN, '(Z16.16," ",A)') CRC64 (YD%RCL_CONST7S), CDPATH//'%RCL_CONST7S'
( 1010) # 1011 "./util_tecldp_mod.F90"
( 1011) WRITE (KLUN, '(Z16.16," ",A)') CRC64 (YD%RCL_CONST8S), CDPATH//'%RCL_CONST8S'
( 1012) # 1013 "./util_tecldp_mod.F90"
( 1013) WRITE (KLUN, '(Z16.16," ",A)') CRC64 (YD%RCL_LAM1S), CDPATH//'%RCL_LAM1S'
( 1014) # 1015 "./util_tecldp_mod.F90"
( 1015) WRITE (KLUN, '(Z16.16," ",A)') CRC64 (YD%RCL_LAM2S), CDPATH//'%RCL_LAM2S'
( 1016) # 1017 "./util_tecldp_mod.F90"
( 1017) WRITE (KLUN, '(Z16.16," ",A)') CRC64 (YD%RDENSWAT), CDPATH//'%RDENSWAT'
( 1018) # 1019 "./util_tecldp_mod.F90"
( 1019) WRITE (KLUN, '(Z16.16," ",A)') CRC64 (YD%RDENSREF), CDPATH//'%RDENSREF'
( 1020) # 1021 "./util_tecldp_mod.F90"
( 1021) WRITE (KLUN, '(Z16.16," ",A)') CRC64 (YD%RCL_AR), CDPATH//'%RCL_AR'
( 1022) # 1023 "./util_tecldp_mod.F90"
( 1023) WRITE (KLUN, '(Z16.16," ",A)') CRC64 (YD%RCL_BR), CDPATH//'%RCL_BR'
( 1024) # 1025 "./util_tecldp_mod.F90"
( 1025) WRITE (KLUN, '(Z16.16," ",A)') CRC64 (YD%RCL_CR), CDPATH//'%RCL_CR'
( 1026) # 1027 "./util_tecldp_mod.F90"
( 1027) WRITE (KLUN, '(Z16.16," ",A)') CRC64 (YD%RCL_DR), CDPATH//'%RCL_DR'
( 1028) # 1029 "./util_tecldp_mod.F90"
( 1029) WRITE (KLUN, '(Z16.16," ",A)') CRC64 (YD%RCL_X1R), CDPATH//'%RCL_X1R'
( 1030) # 1031 "./util_tecldp_mod.F90"
( 1031) WRITE (KLUN, '(Z16.16," ",A)') CRC64 (YD%RCL_X2R), CDPATH//'%RCL_X2R'
( 1032) # 1033 "./util_tecldp_mod.F90"
( 1033) WRITE (KLUN, '(Z16.16," ",A)') CRC64 (YD%RCL_X4R), CDPATH//'%RCL_X4R'
( 1034) # 1035 "./util_tecldp_mod.F90"
( 1035) WRITE (KLUN, '(Z16.16," ",A)') CRC64 (YD%RCL_X1R_MP), CDPATH//'%RCL_X1R_MP'
( 1036) # 1037 "./util_tecldp_mod.F90"
( 1037) WRITE (KLUN, '(Z16.16," ",A)') CRC64 (YD%RCL_X2R_MP), CDPATH//'%RCL_X2R_MP'
( 1038) # 1039 "./util_tecldp_mod.F90"
( 1039) WRITE (KLUN, '(Z16.16," ",A)') CRC64 (YD%RCL_X4R_MP), CDPATH//'%RCL_X4R_MP'
( 1040) # 1041 "./util_tecldp_mod.F90"
( 1041) WRITE (KLUN, '(Z16.16," ",A)') CRC64 (YD%RCL_KA273), CDPATH//'%RCL_KA273'
( 1042) # 1043 "./util_tecldp_mod.F90"
( 1043) WRITE (KLUN, '(Z16.16," ",A)') CRC64 (YD%RCL_CDENOM1), CDPATH//'%RCL_CDENOM1'
( 1044) # 1045 "./util_tecldp_mod.F90"
( 1045) WRITE (KLUN, '(Z16.16," ",A)') CRC64 (YD%RCL_CDENOM2), CDPATH//'%RCL_CDENOM2'
( 1046) # 1047 "./util_tecldp_mod.F90"
( 1047) WRITE (KLUN, '(Z16.16," ",A)') CRC64 (YD%RCL_CDENOM3), CDPATH//'%RCL_CDENOM3'
( 1048) # 1049 "./util_tecldp_mod.F90"
( 1049) WRITE (KLUN, '(Z16.16," ",A)') CRC64 (YD%RCL_SCHMIDT), CDPATH//'%RCL_SCHMIDT'
( 1050) # 1051 "./util_tecldp_mod.F90"
( 1051) WRITE (KLUN, '(Z16.16," ",A)') CRC64 (YD%RCL_DYNVISC), CDPATH//'%RCL_DYNVISC'
( 1052) # 1053 "./util_tecldp_mod.F90"
( 1053) WRITE (KLUN, '(Z16.16," ",A)') CRC64 (YD%RCL_CONST1R), CDPATH//'%RCL_CONST1R'
( 1054) # 1055 "./util_tecldp_mod.F90"
( 1055) WRITE (KLUN, '(Z16.16," ",A)') CRC64 (YD%RCL_CONST2R), CDPATH//'%RCL_CONST2R'
( 1056) # 1057 "./util_tecldp_mod.F90"
( 1057) WRITE (KLUN, '(Z16.16," ",A)') CRC64 (YD%RCL_CONST3R), CDPATH//'%RCL_CONST3R'
( 1058) # 1059 "./util_tecldp_mod.F90"
( 1059) WRITE (KLUN, '(Z16.16," ",A)') CRC64 (YD%RCL_CONST4R), CDPATH//'%RCL_CONST4R'
( 1060) # 1061 "./util_tecldp_mod.F90"






NVFORTRAN (Version     24.5)          03/19/2025  06:54:29      page 54

( 1061) WRITE (KLUN, '(Z16.16," ",A)') CRC64 (YD%RCL_CONST7R), CDPATH//'%RCL_CONST7R'
( 1062) # 1063 "./util_tecldp_mod.F90"
( 1063) WRITE (KLUN, '(Z16.16," ",A)') CRC64 (YD%RCL_CONST8R), CDPATH//'%RCL_CONST8R'
( 1064) # 1065 "./util_tecldp_mod.F90"
( 1065) WRITE (KLUN, '(Z16.16," ",A)') CRC64 (YD%RCL_LAM1R), CDPATH//'%RCL_LAM1R'
( 1066) # 1067 "./util_tecldp_mod.F90"
( 1067) WRITE (KLUN, '(Z16.16," ",A)') CRC64 (YD%RCL_LAM2R), CDPATH//'%RCL_LAM2R'
( 1068) # 1069 "./util_tecldp_mod.F90"
( 1069) WRITE (KLUN, '(Z16.16," ",A)') CRC64 (YD%RCL_LAM1R_MP), CDPATH//'%RCL_LAM1R_MP'
( 1070) # 1071 "./util_tecldp_mod.F90"
( 1071) WRITE (KLUN, '(Z16.16," ",A)') CRC64 (YD%RCL_LAM2R_MP), CDPATH//'%RCL_LAM2R_MP'
( 1072) # 1073 "./util_tecldp_mod.F90"
( 1073) WRITE (KLUN, '(Z16.16," ",A)') CRC64 (YD%RCL_CONST5R), CDPATH//'%RCL_CONST5R'
( 1074) # 1075 "./util_tecldp_mod.F90"
( 1075) WRITE (KLUN, '(Z16.16," ",A)') CRC64 (YD%RCL_CONST6R), CDPATH//'%RCL_CONST6R'
( 1076) # 1077 "./util_tecldp_mod.F90"
( 1077) WRITE (KLUN, '(Z16.16," ",A)') CRC64 (YD%RCL_FZRAB), CDPATH//'%RCL_FZRAB'
( 1078) # 1079 "./util_tecldp_mod.F90"
( 1079) WRITE (KLUN, '(Z16.16," ",A)') CRC64 (YD%RCL_FZRBB), CDPATH//'%RCL_FZRBB'
( 1080) # 1081 "./util_tecldp_mod.F90"
( 1081) WRITE (KLUN, '(Z16.16," ",A)') CRC64 (YD%RCL_CONST9R), CDPATH//'%RCL_CONST9R'
( 1082) # 1083 "./util_tecldp_mod.F90"
( 1083) WRITE (KLUN, '(Z16.16," ",A)') CRC64 (YD%RCL_CONST10R), CDPATH//'%RCL_CONST10R'
( 1084) # 1085 "./util_tecldp_mod.F90"
( 1085) WRITE (KLUN, '(Z16.16," ",A)') CRC64 (YD%RCL_EFF_RACW), CDPATH//'%RCL_EFF_RACW'
( 1086) # 1087 "./util_tecldp_mod.F90"
( 1087) WRITE (KLUN, '(Z16.16," ",A)') CRC64 (YD%NPTYPE_SEV2WMO), CDPATH//'%NPTYPE_SEV2WMO'
( 1088) # 1089 "./util_tecldp_mod.F90"
( 1089) WRITE (KLUN, '(Z16.16," ",A)') CRC64 (YD%LCLDEXTRA), CDPATH//'%LCLDEXTRA'
( 1090) # 1091 "./util_tecldp_mod.F90"
( 1091) WRITE (KLUN, '(Z16.16," ",A)') CRC64 (YD%LCLDBUDGET), CDPATH//'%LCLDBUDGET'
( 1092) # 1093 "./util_tecldp_mod.F90"
( 1093) WRITE (KLUN, '(Z16.16," ",A)') CRC64 (YD%LCLDBUDC), CDPATH//'%LCLDBUDC'
( 1094) # 1095 "./util_tecldp_mod.F90"
( 1095) WRITE (KLUN, '(Z16.16," ",A)') CRC64 (YD%LCLDBUDL), CDPATH//'%LCLDBUDL'
( 1096) # 1097 "./util_tecldp_mod.F90"
( 1097) WRITE (KLUN, '(Z16.16," ",A)') CRC64 (YD%LCLDBUDI), CDPATH//'%LCLDBUDI'
( 1098) # 1099 "./util_tecldp_mod.F90"
( 1099) WRITE (KLUN, '(Z16.16," ",A)') CRC64 (YD%LCLDBUDT), CDPATH//'%LCLDBUDT'
( 1100) # 1101 "./util_tecldp_mod.F90"
( 1101) WRITE (KLUN, '(Z16.16," ",A)') CRC64 (YD%LCLDBUD_TIMEINT), CDPATH//'%LCLDBUD_TIMEINT'
( 1102) # 1103 "./util_tecldp_mod.F90"
( 1103) WRITE (KLUN, '(Z16.16," ",A)') CRC64 (YD%LCLDBUD_VERTINT), CDPATH//'%LCLDBUD_VERTINT'
( 1104) # 1105 "./util_tecldp_mod.F90"
( 1105) WRITE (KLUN, '(Z16.16," ",A)') CRC64 (YD%NSSOPT), CDPATH//'%NSSOPT'
( 1106) # 1107 "./util_tecldp_mod.F90"
( 1107) WRITE (KLUN, '(Z16.16," ",A)') CRC64 (YD%NCLDTOP), CDPATH//'%NCLDTOP'
( 1108) # 1109 "./util_tecldp_mod.F90"
( 1109) WRITE (KLUN, '(Z16.16," ",A)') CRC64 (YD%NAECLBC), CDPATH//'%NAECLBC'
( 1110) # 1111 "./util_tecldp_mod.F90"
( 1111) WRITE (KLUN, '(Z16.16," ",A)') CRC64 (YD%NAECLDU), CDPATH//'%NAECLDU'
( 1112) # 1113 "./util_tecldp_mod.F90"
( 1113) WRITE (KLUN, '(Z16.16," ",A)') CRC64 (YD%NAECLOM), CDPATH//'%NAECLOM'
( 1114) # 1115 "./util_tecldp_mod.F90"
( 1115) WRITE (KLUN, '(Z16.16," ",A)') CRC64 (YD%NAECLSS), CDPATH//'%NAECLSS'
( 1116) # 1117 "./util_tecldp_mod.F90"
( 1117) WRITE (KLUN, '(Z16.16," ",A)') CRC64 (YD%NAECLSU), CDPATH//'%NAECLSU'
( 1118) # 1119 "./util_tecldp_mod.F90"






NVFORTRAN (Version     24.5)          03/19/2025  06:54:29      page 55

( 1119) WRITE (KLUN, '(Z16.16," ",A)') CRC64 (YD%NCLDDIAG), CDPATH//'%NCLDDIAG'
( 1120) # 1121 "./util_tecldp_mod.F90"
( 1121) WRITE (KLUN, '(Z16.16," ",A)') CRC64 (YD%NAERCLD), CDPATH//'%NAERCLD'
( 1122) # 1123 "./util_tecldp_mod.F90"
( 1123) WRITE (KLUN, '(Z16.16," ",A)') CRC64 (YD%LAERLIQAUTOLSP), CDPATH//'%LAERLIQAUTOLSP'
( 1124) # 1125 "./util_tecldp_mod.F90"
( 1125) WRITE (KLUN, '(Z16.16," ",A)') CRC64 (YD%LAERLIQAUTOCP), CDPATH//'%LAERLIQAUTOCP'
( 1126) # 1127 "./util_tecldp_mod.F90"
( 1127) WRITE (KLUN, '(Z16.16," ",A)') CRC64 (YD%LAERLIQAUTOCPB), CDPATH//'%LAERLIQAUTOCPB'
( 1128) # 1129 "./util_tecldp_mod.F90"
( 1129) WRITE (KLUN, '(Z16.16," ",A)') CRC64 (YD%LAERLIQCOLL), CDPATH//'%LAERLIQCOLL'
( 1130) # 1131 "./util_tecldp_mod.F90"
( 1131) WRITE (KLUN, '(Z16.16," ",A)') CRC64 (YD%LAERICESED), CDPATH//'%LAERICESED'
( 1132) # 1133 "./util_tecldp_mod.F90"
( 1133) WRITE (KLUN, '(Z16.16," ",A)') CRC64 (YD%LAERICEAUTO), CDPATH//'%LAERICEAUTO'
( 1134) # 1135 "./util_tecldp_mod.F90"
( 1135) WRITE (KLUN, '(Z16.16," ",A)') CRC64 (YD%NSHAPEP), CDPATH//'%NSHAPEP'
( 1136) # 1137 "./util_tecldp_mod.F90"
( 1137) WRITE (KLUN, '(Z16.16," ",A)') CRC64 (YD%NSHAPEQ), CDPATH//'%NSHAPEQ'
( 1138) # 1139 "./util_tecldp_mod.F90"
( 1139) WRITE (KLUN, '(Z16.16," ",A)') CRC64 (YD%NBETA), CDPATH//'%NBETA'
( 1140) # 1141 "./util_tecldp_mod.F90"
( 1141) WRITE (KLUN, '(Z16.16," ",A)') CRC64 (YD%RBETA), CDPATH//'%RBETA'
( 1142) # 1143 "./util_tecldp_mod.F90"
( 1143) WRITE (KLUN, '(Z16.16," ",A)') CRC64 (YD%RBETAP1), CDPATH//'%RBETAP1'
( 1144) # 1145 "./util_tecldp_mod.F90"
( 1145) END SUBROUTINE
( 1146) # 1147 "./util_tecldp_mod.F90"
( 1147) SUBROUTINE WIPE_TECLDP (YD, LDDELETED, LDFIELDAPI)
( 1148) # 1149 "./util_tecldp_mod.F90"
( 1149) IMPLICIT NONE
( 1150) TYPE (TECLDP), INTENT (IN), TARGET :: YD
( 1151) LOGICAL, OPTIONAL, INTENT (IN) :: LDDELETED, LDFIELDAPI
( 1152) LOGICAL :: LLDELETED
( 1153) LOGICAL :: LLFIELDAPI
( 1154) # 1155 "./util_tecldp_mod.F90"
( 1155) LLFIELDAPI = .FALSE.
( 1156) IF (PRESENT (LDFIELDAPI)) THEN
( 1157)   LLFIELDAPI = LDFIELDAPI
( 1158) ENDIF
( 1159) # 1312 "./util_tecldp_mod.F90"
( 1312) LLDELETED = .FALSE.
( 1313) IF (PRESENT (LDDELETED)) THEN
( 1314)   LLDELETED = LDDELETED
( 1315) ENDIF
( 1316) IF (.NOT. LLDELETED) THEN
( 1317)   !$acc exit data delete (YD)
( 1318) ENDIF
( 1319) END SUBROUTINE
( 1320) # 1321 "./util_tecldp_mod.F90"
( 1321) INTEGER*8 FUNCTION SIZE_TECLDP (YD, CDPATH, LDPRINT) RESULT (KSIZE)
( 1322) # 1323 "./util_tecldp_mod.F90"
( 1323) IMPLICIT NONE
( 1324) TYPE (TECLDP),     INTENT (IN), TARGET :: YD
( 1325) CHARACTER(LEN=*), INTENT (IN), OPTIONAL :: CDPATH
( 1326) LOGICAL,          INTENT (IN), OPTIONAL :: LDPRINT
( 1327) INTEGER*8 :: ISIZE, JSIZE
( 1328) LOGICAL :: LLPRINT






NVFORTRAN (Version     24.5)          03/19/2025  06:54:29      page 56

( 1329) CHARACTER(LEN=128) :: CLPATH
( 1330) # 1331 "./util_tecldp_mod.F90"
( 1331) LLPRINT = .FALSE.
( 1332) IF (PRESENT (LDPRINT)) THEN
( 1333)   LLPRINT = LDPRINT
( 1334) ENDIF
( 1335) CLPATH=''
( 1336) IF (PRESENT (CDPATH)) THEN
( 1337)   CLPATH = CDPATH
( 1338) ENDIF
( 1339) KSIZE = 0
( 1340) ISIZE = KIND (YD%RAMID)
( 1341) IF (LLPRINT) THEN
( 1342)   WRITE (*, '(I10," ")', ADVANCE='NO') ISIZE
( 1343)   WRITE (*, *) TRIM (CLPATH)//'%RAMID'
( 1344) ENDIF
( 1345) KSIZE = KSIZE + ISIZE
( 1346) ISIZE = KIND (YD%RCLDIFF)
( 1347) IF (LLPRINT) THEN
( 1348)   WRITE (*, '(I10," ")', ADVANCE='NO') ISIZE
( 1349)   WRITE (*, *) TRIM (CLPATH)//'%RCLDIFF'
( 1350) ENDIF
( 1351) KSIZE = KSIZE + ISIZE
( 1352) ISIZE = KIND (YD%RCLDIFF_CONVI)
( 1353) IF (LLPRINT) THEN
( 1354)   WRITE (*, '(I10," ")', ADVANCE='NO') ISIZE
( 1355)   WRITE (*, *) TRIM (CLPATH)//'%RCLDIFF_CONVI'
( 1356) ENDIF
( 1357) KSIZE = KSIZE + ISIZE
( 1358) ISIZE = KIND (YD%RCLCRIT)
( 1359) IF (LLPRINT) THEN
( 1360)   WRITE (*, '(I10," ")', ADVANCE='NO') ISIZE
( 1361)   WRITE (*, *) TRIM (CLPATH)//'%RCLCRIT'
( 1362) ENDIF
( 1363) KSIZE = KSIZE + ISIZE
( 1364) ISIZE = KIND (YD%RCLCRIT_SEA)
( 1365) IF (LLPRINT) THEN
( 1366)   WRITE (*, '(I10," ")', ADVANCE='NO') ISIZE
( 1367)   WRITE (*, *) TRIM (CLPATH)//'%RCLCRIT_SEA'
( 1368) ENDIF
( 1369) KSIZE = KSIZE + ISIZE
( 1370) ISIZE = KIND (YD%RCLCRIT_LAND)
( 1371) IF (LLPRINT) THEN
( 1372)   WRITE (*, '(I10," ")', ADVANCE='NO') ISIZE
( 1373)   WRITE (*, *) TRIM (CLPATH)//'%RCLCRIT_LAND'
( 1374) ENDIF
( 1375) KSIZE = KSIZE + ISIZE
( 1376) ISIZE = KIND (YD%RKCONV)
( 1377) IF (LLPRINT) THEN
( 1378)   WRITE (*, '(I10," ")', ADVANCE='NO') ISIZE
( 1379)   WRITE (*, *) TRIM (CLPATH)//'%RKCONV'
( 1380) ENDIF
( 1381) KSIZE = KSIZE + ISIZE
( 1382) ISIZE = KIND (YD%RPRC1)
( 1383) IF (LLPRINT) THEN
( 1384)   WRITE (*, '(I10," ")', ADVANCE='NO') ISIZE
( 1385)   WRITE (*, *) TRIM (CLPATH)//'%RPRC1'
( 1386) ENDIF






NVFORTRAN (Version     24.5)          03/19/2025  06:54:29      page 57

( 1387) KSIZE = KSIZE + ISIZE
( 1388) ISIZE = KIND (YD%RPRC2)
( 1389) IF (LLPRINT) THEN
( 1390)   WRITE (*, '(I10," ")', ADVANCE='NO') ISIZE
( 1391)   WRITE (*, *) TRIM (CLPATH)//'%RPRC2'
( 1392) ENDIF
( 1393) KSIZE = KSIZE + ISIZE
( 1394) ISIZE = KIND (YD%RCLDMAX)
( 1395) IF (LLPRINT) THEN
( 1396)   WRITE (*, '(I10," ")', ADVANCE='NO') ISIZE
( 1397)   WRITE (*, *) TRIM (CLPATH)//'%RCLDMAX'
( 1398) ENDIF
( 1399) KSIZE = KSIZE + ISIZE
( 1400) ISIZE = KIND (YD%RPECONS)
( 1401) IF (LLPRINT) THEN
( 1402)   WRITE (*, '(I10," ")', ADVANCE='NO') ISIZE
( 1403)   WRITE (*, *) TRIM (CLPATH)//'%RPECONS'
( 1404) ENDIF
( 1405) KSIZE = KSIZE + ISIZE
( 1406) ISIZE = KIND (YD%RVRFACTOR)
( 1407) IF (LLPRINT) THEN
( 1408)   WRITE (*, '(I10," ")', ADVANCE='NO') ISIZE
( 1409)   WRITE (*, *) TRIM (CLPATH)//'%RVRFACTOR'
( 1410) ENDIF
( 1411) KSIZE = KSIZE + ISIZE
( 1412) ISIZE = KIND (YD%RPRECRHMAX)
( 1413) IF (LLPRINT) THEN
( 1414)   WRITE (*, '(I10," ")', ADVANCE='NO') ISIZE
( 1415)   WRITE (*, *) TRIM (CLPATH)//'%RPRECRHMAX'
( 1416) ENDIF
( 1417) KSIZE = KSIZE + ISIZE
( 1418) ISIZE = KIND (YD%RTAUMEL)
( 1419) IF (LLPRINT) THEN
( 1420)   WRITE (*, '(I10," ")', ADVANCE='NO') ISIZE
( 1421)   WRITE (*, *) TRIM (CLPATH)//'%RTAUMEL'
( 1422) ENDIF
( 1423) KSIZE = KSIZE + ISIZE
( 1424) ISIZE = KIND (YD%RAMIN)
( 1425) IF (LLPRINT) THEN
( 1426)   WRITE (*, '(I10," ")', ADVANCE='NO') ISIZE
( 1427)   WRITE (*, *) TRIM (CLPATH)//'%RAMIN'
( 1428) ENDIF
( 1429) KSIZE = KSIZE + ISIZE
( 1430) ISIZE = KIND (YD%RLMIN)
( 1431) IF (LLPRINT) THEN
( 1432)   WRITE (*, '(I10," ")', ADVANCE='NO') ISIZE
( 1433)   WRITE (*, *) TRIM (CLPATH)//'%RLMIN'
( 1434) ENDIF
( 1435) KSIZE = KSIZE + ISIZE
( 1436) ISIZE = KIND (YD%RKOOPTAU)
( 1437) IF (LLPRINT) THEN
( 1438)   WRITE (*, '(I10," ")', ADVANCE='NO') ISIZE
( 1439)   WRITE (*, *) TRIM (CLPATH)//'%RKOOPTAU'
( 1440) ENDIF
( 1441) KSIZE = KSIZE + ISIZE
( 1442) ISIZE = KIND (YD%RSSICEFACTOR)
( 1443) IF (LLPRINT) THEN
( 1444)   WRITE (*, '(I10," ")', ADVANCE='NO') ISIZE






NVFORTRAN (Version     24.5)          03/19/2025  06:54:29      page 58

( 1445)   WRITE (*, *) TRIM (CLPATH)//'%RSSICEFACTOR'
( 1446) ENDIF
( 1447) KSIZE = KSIZE + ISIZE
( 1448) ISIZE = KIND (YD%RCLDTOPP)
( 1449) IF (LLPRINT) THEN
( 1450)   WRITE (*, '(I10," ")', ADVANCE='NO') ISIZE
( 1451)   WRITE (*, *) TRIM (CLPATH)//'%RCLDTOPP'
( 1452) ENDIF
( 1453) KSIZE = KSIZE + ISIZE
( 1454) ISIZE = KIND (YD%RLCRITSNOW)
( 1455) IF (LLPRINT) THEN
( 1456)   WRITE (*, '(I10," ")', ADVANCE='NO') ISIZE
( 1457)   WRITE (*, *) TRIM (CLPATH)//'%RLCRITSNOW'
( 1458) ENDIF
( 1459) KSIZE = KSIZE + ISIZE
( 1460) ISIZE = KIND (YD%RSNOWLIN1)
( 1461) IF (LLPRINT) THEN
( 1462)   WRITE (*, '(I10," ")', ADVANCE='NO') ISIZE
( 1463)   WRITE (*, *) TRIM (CLPATH)//'%RSNOWLIN1'
( 1464) ENDIF
( 1465) KSIZE = KSIZE + ISIZE
( 1466) ISIZE = KIND (YD%RSNOWLIN2)
( 1467) IF (LLPRINT) THEN
( 1468)   WRITE (*, '(I10," ")', ADVANCE='NO') ISIZE
( 1469)   WRITE (*, *) TRIM (CLPATH)//'%RSNOWLIN2'
( 1470) ENDIF
( 1471) KSIZE = KSIZE + ISIZE
( 1472) ISIZE = KIND (YD%RICEHI1)
( 1473) IF (LLPRINT) THEN
( 1474)   WRITE (*, '(I10," ")', ADVANCE='NO') ISIZE
( 1475)   WRITE (*, *) TRIM (CLPATH)//'%RICEHI1'
( 1476) ENDIF
( 1477) KSIZE = KSIZE + ISIZE
( 1478) ISIZE = KIND (YD%RICEHI2)
( 1479) IF (LLPRINT) THEN
( 1480)   WRITE (*, '(I10," ")', ADVANCE='NO') ISIZE
( 1481)   WRITE (*, *) TRIM (CLPATH)//'%RICEHI2'
( 1482) ENDIF
( 1483) KSIZE = KSIZE + ISIZE
( 1484) ISIZE = KIND (YD%RICEINIT)
( 1485) IF (LLPRINT) THEN
( 1486)   WRITE (*, '(I10," ")', ADVANCE='NO') ISIZE
( 1487)   WRITE (*, *) TRIM (CLPATH)//'%RICEINIT'
( 1488) ENDIF
( 1489) KSIZE = KSIZE + ISIZE
( 1490) ISIZE = KIND (YD%RVICE)
( 1491) IF (LLPRINT) THEN
( 1492)   WRITE (*, '(I10," ")', ADVANCE='NO') ISIZE
( 1493)   WRITE (*, *) TRIM (CLPATH)//'%RVICE'
( 1494) ENDIF
( 1495) KSIZE = KSIZE + ISIZE
( 1496) ISIZE = KIND (YD%RVRAIN)
( 1497) IF (LLPRINT) THEN
( 1498)   WRITE (*, '(I10," ")', ADVANCE='NO') ISIZE
( 1499)   WRITE (*, *) TRIM (CLPATH)//'%RVRAIN'
( 1500) ENDIF
( 1501) KSIZE = KSIZE + ISIZE
( 1502) ISIZE = KIND (YD%RVSNOW)






NVFORTRAN (Version     24.5)          03/19/2025  06:54:29      page 59

( 1503) IF (LLPRINT) THEN
( 1504)   WRITE (*, '(I10," ")', ADVANCE='NO') ISIZE
( 1505)   WRITE (*, *) TRIM (CLPATH)//'%RVSNOW'
( 1506) ENDIF
( 1507) KSIZE = KSIZE + ISIZE
( 1508) ISIZE = KIND (YD%RTHOMO)
( 1509) IF (LLPRINT) THEN
( 1510)   WRITE (*, '(I10," ")', ADVANCE='NO') ISIZE
( 1511)   WRITE (*, *) TRIM (CLPATH)//'%RTHOMO'
( 1512) ENDIF
( 1513) KSIZE = KSIZE + ISIZE
( 1514) ISIZE = KIND (YD%RCOVPMIN)
( 1515) IF (LLPRINT) THEN
( 1516)   WRITE (*, '(I10," ")', ADVANCE='NO') ISIZE
( 1517)   WRITE (*, *) TRIM (CLPATH)//'%RCOVPMIN'
( 1518) ENDIF
( 1519) KSIZE = KSIZE + ISIZE
( 1520) ISIZE = KIND (YD%RCCN)
( 1521) IF (LLPRINT) THEN
( 1522)   WRITE (*, '(I10," ")', ADVANCE='NO') ISIZE
( 1523)   WRITE (*, *) TRIM (CLPATH)//'%RCCN'
( 1524) ENDIF
( 1525) KSIZE = KSIZE + ISIZE
( 1526) ISIZE = KIND (YD%RNICE)
( 1527) IF (LLPRINT) THEN
( 1528)   WRITE (*, '(I10," ")', ADVANCE='NO') ISIZE
( 1529)   WRITE (*, *) TRIM (CLPATH)//'%RNICE'
( 1530) ENDIF
( 1531) KSIZE = KSIZE + ISIZE
( 1532) ISIZE = KIND (YD%RCCNOM)
( 1533) IF (LLPRINT) THEN
( 1534)   WRITE (*, '(I10," ")', ADVANCE='NO') ISIZE
( 1535)   WRITE (*, *) TRIM (CLPATH)//'%RCCNOM'
( 1536) ENDIF
( 1537) KSIZE = KSIZE + ISIZE
( 1538) ISIZE = KIND (YD%RCCNSS)
( 1539) IF (LLPRINT) THEN
( 1540)   WRITE (*, '(I10," ")', ADVANCE='NO') ISIZE
( 1541)   WRITE (*, *) TRIM (CLPATH)//'%RCCNSS'
( 1542) ENDIF
( 1543) KSIZE = KSIZE + ISIZE
( 1544) ISIZE = KIND (YD%RCCNSU)
( 1545) IF (LLPRINT) THEN
( 1546)   WRITE (*, '(I10," ")', ADVANCE='NO') ISIZE
( 1547)   WRITE (*, *) TRIM (CLPATH)//'%RCCNSU'
( 1548) ENDIF
( 1549) KSIZE = KSIZE + ISIZE
( 1550) ISIZE = KIND (YD%RCLDTOPCF)
( 1551) IF (LLPRINT) THEN
( 1552)   WRITE (*, '(I10," ")', ADVANCE='NO') ISIZE
( 1553)   WRITE (*, *) TRIM (CLPATH)//'%RCLDTOPCF'
( 1554) ENDIF
( 1555) KSIZE = KSIZE + ISIZE
( 1556) ISIZE = KIND (YD%RDEPLIQREFRATE)
( 1557) IF (LLPRINT) THEN
( 1558)   WRITE (*, '(I10," ")', ADVANCE='NO') ISIZE
( 1559)   WRITE (*, *) TRIM (CLPATH)//'%RDEPLIQREFRATE'
( 1560) ENDIF






NVFORTRAN (Version     24.5)          03/19/2025  06:54:29      page 60

( 1561) KSIZE = KSIZE + ISIZE
( 1562) ISIZE = KIND (YD%RDEPLIQREFDEPTH)
( 1563) IF (LLPRINT) THEN
( 1564)   WRITE (*, '(I10," ")', ADVANCE='NO') ISIZE
( 1565)   WRITE (*, *) TRIM (CLPATH)//'%RDEPLIQREFDEPTH'
( 1566) ENDIF
( 1567) KSIZE = KSIZE + ISIZE
( 1568) ISIZE = KIND (YD%RCL_OVERLAPLIQICE)
( 1569) IF (LLPRINT) THEN
( 1570)   WRITE (*, '(I10," ")', ADVANCE='NO') ISIZE
( 1571)   WRITE (*, *) TRIM (CLPATH)//'%RCL_OVERLAPLIQICE'
( 1572) ENDIF
( 1573) KSIZE = KSIZE + ISIZE
( 1574) ISIZE = KIND (YD%RCL_EFFRIME)
( 1575) IF (LLPRINT) THEN
( 1576)   WRITE (*, '(I10," ")', ADVANCE='NO') ISIZE
( 1577)   WRITE (*, *) TRIM (CLPATH)//'%RCL_EFFRIME'
( 1578) ENDIF
( 1579) KSIZE = KSIZE + ISIZE
( 1580) ISIZE = KIND (YD%RTAU_CLD_TLAD)
( 1581) IF (LLPRINT) THEN
( 1582)   WRITE (*, '(I10," ")', ADVANCE='NO') ISIZE
( 1583)   WRITE (*, *) TRIM (CLPATH)//'%RTAU_CLD_TLAD'
( 1584) ENDIF
( 1585) KSIZE = KSIZE + ISIZE
( 1586) ISIZE = KIND (YD%RCL_KKAAC)
( 1587) IF (LLPRINT) THEN
( 1588)   WRITE (*, '(I10," ")', ADVANCE='NO') ISIZE
( 1589)   WRITE (*, *) TRIM (CLPATH)//'%RCL_KKAAC'
( 1590) ENDIF
( 1591) KSIZE = KSIZE + ISIZE
( 1592) ISIZE = KIND (YD%RCL_KKBAC)
( 1593) IF (LLPRINT) THEN
( 1594)   WRITE (*, '(I10," ")', ADVANCE='NO') ISIZE
( 1595)   WRITE (*, *) TRIM (CLPATH)//'%RCL_KKBAC'
( 1596) ENDIF
( 1597) KSIZE = KSIZE + ISIZE
( 1598) ISIZE = KIND (YD%RCL_KKAAU)
( 1599) IF (LLPRINT) THEN
( 1600)   WRITE (*, '(I10," ")', ADVANCE='NO') ISIZE
( 1601)   WRITE (*, *) TRIM (CLPATH)//'%RCL_KKAAU'
( 1602) ENDIF
( 1603) KSIZE = KSIZE + ISIZE
( 1604) ISIZE = KIND (YD%RCL_KKBAUQ)
( 1605) IF (LLPRINT) THEN
( 1606)   WRITE (*, '(I10," ")', ADVANCE='NO') ISIZE
( 1607)   WRITE (*, *) TRIM (CLPATH)//'%RCL_KKBAUQ'
( 1608) ENDIF
( 1609) KSIZE = KSIZE + ISIZE
( 1610) ISIZE = KIND (YD%RCL_KKBAUN)
( 1611) IF (LLPRINT) THEN
( 1612)   WRITE (*, '(I10," ")', ADVANCE='NO') ISIZE
( 1613)   WRITE (*, *) TRIM (CLPATH)//'%RCL_KKBAUN'
( 1614) ENDIF
( 1615) KSIZE = KSIZE + ISIZE
( 1616) ISIZE = KIND (YD%RCL_KK_CLOUD_NUM_SEA)
( 1617) IF (LLPRINT) THEN
( 1618)   WRITE (*, '(I10," ")', ADVANCE='NO') ISIZE






NVFORTRAN (Version     24.5)          03/19/2025  06:54:29      page 61

( 1619)   WRITE (*, *) TRIM (CLPATH)//'%RCL_KK_CLOUD_NUM_SEA'
( 1620) ENDIF
( 1621) KSIZE = KSIZE + ISIZE
( 1622) ISIZE = KIND (YD%RCL_KK_CLOUD_NUM_LAND)
( 1623) IF (LLPRINT) THEN
( 1624)   WRITE (*, '(I10," ")', ADVANCE='NO') ISIZE
( 1625)   WRITE (*, *) TRIM (CLPATH)//'%RCL_KK_CLOUD_NUM_LAND'
( 1626) ENDIF
( 1627) KSIZE = KSIZE + ISIZE
( 1628) ISIZE = KIND (YD%RCL_INHOMOGAUT)
( 1629) IF (LLPRINT) THEN
( 1630)   WRITE (*, '(I10," ")', ADVANCE='NO') ISIZE
( 1631)   WRITE (*, *) TRIM (CLPATH)//'%RCL_INHOMOGAUT'
( 1632) ENDIF
( 1633) KSIZE = KSIZE + ISIZE
( 1634) ISIZE = KIND (YD%RCL_INHOMOGACC)
( 1635) IF (LLPRINT) THEN
( 1636)   WRITE (*, '(I10," ")', ADVANCE='NO') ISIZE
( 1637)   WRITE (*, *) TRIM (CLPATH)//'%RCL_INHOMOGACC'
( 1638) ENDIF
( 1639) KSIZE = KSIZE + ISIZE
( 1640) ISIZE = KIND (YD%LCLOUD_INHOMOG)
( 1641) IF (LLPRINT) THEN
( 1642)   WRITE (*, '(I10," ")', ADVANCE='NO') ISIZE
( 1643)   WRITE (*, *) TRIM (CLPATH)//'%LCLOUD_INHOMOG'
( 1644) ENDIF
( 1645) KSIZE = KSIZE + ISIZE
( 1646) ISIZE = KIND (YD%RCL_AI)
( 1647) IF (LLPRINT) THEN
( 1648)   WRITE (*, '(I10," ")', ADVANCE='NO') ISIZE
( 1649)   WRITE (*, *) TRIM (CLPATH)//'%RCL_AI'
( 1650) ENDIF
( 1651) KSIZE = KSIZE + ISIZE
( 1652) ISIZE = KIND (YD%RCL_BI)
( 1653) IF (LLPRINT) THEN
( 1654)   WRITE (*, '(I10," ")', ADVANCE='NO') ISIZE
( 1655)   WRITE (*, *) TRIM (CLPATH)//'%RCL_BI'
( 1656) ENDIF
( 1657) KSIZE = KSIZE + ISIZE
( 1658) ISIZE = KIND (YD%RCL_CI)
( 1659) IF (LLPRINT) THEN
( 1660)   WRITE (*, '(I10," ")', ADVANCE='NO') ISIZE
( 1661)   WRITE (*, *) TRIM (CLPATH)//'%RCL_CI'
( 1662) ENDIF
( 1663) KSIZE = KSIZE + ISIZE
( 1664) ISIZE = KIND (YD%RCL_DI)
( 1665) IF (LLPRINT) THEN
( 1666)   WRITE (*, '(I10," ")', ADVANCE='NO') ISIZE
( 1667)   WRITE (*, *) TRIM (CLPATH)//'%RCL_DI'
( 1668) ENDIF
( 1669) KSIZE = KSIZE + ISIZE
( 1670) ISIZE = KIND (YD%RCL_X1I)
( 1671) IF (LLPRINT) THEN
( 1672)   WRITE (*, '(I10," ")', ADVANCE='NO') ISIZE
( 1673)   WRITE (*, *) TRIM (CLPATH)//'%RCL_X1I'
( 1674) ENDIF
( 1675) KSIZE = KSIZE + ISIZE
( 1676) ISIZE = KIND (YD%RCL_X2I)






NVFORTRAN (Version     24.5)          03/19/2025  06:54:29      page 62

( 1677) IF (LLPRINT) THEN
( 1678)   WRITE (*, '(I10," ")', ADVANCE='NO') ISIZE
( 1679)   WRITE (*, *) TRIM (CLPATH)//'%RCL_X2I'
( 1680) ENDIF
( 1681) KSIZE = KSIZE + ISIZE
( 1682) ISIZE = KIND (YD%RCL_X3I)
( 1683) IF (LLPRINT) THEN
( 1684)   WRITE (*, '(I10," ")', ADVANCE='NO') ISIZE
( 1685)   WRITE (*, *) TRIM (CLPATH)//'%RCL_X3I'
( 1686) ENDIF
( 1687) KSIZE = KSIZE + ISIZE
( 1688) ISIZE = KIND (YD%RCL_X4I)
( 1689) IF (LLPRINT) THEN
( 1690)   WRITE (*, '(I10," ")', ADVANCE='NO') ISIZE
( 1691)   WRITE (*, *) TRIM (CLPATH)//'%RCL_X4I'
( 1692) ENDIF
( 1693) KSIZE = KSIZE + ISIZE
( 1694) ISIZE = KIND (YD%RCL_CONST1I)
( 1695) IF (LLPRINT) THEN
( 1696)   WRITE (*, '(I10," ")', ADVANCE='NO') ISIZE
( 1697)   WRITE (*, *) TRIM (CLPATH)//'%RCL_CONST1I'
( 1698) ENDIF
( 1699) KSIZE = KSIZE + ISIZE
( 1700) ISIZE = KIND (YD%RCL_CONST2I)
( 1701) IF (LLPRINT) THEN
( 1702)   WRITE (*, '(I10," ")', ADVANCE='NO') ISIZE
( 1703)   WRITE (*, *) TRIM (CLPATH)//'%RCL_CONST2I'
( 1704) ENDIF
( 1705) KSIZE = KSIZE + ISIZE
( 1706) ISIZE = KIND (YD%RCL_CONST3I)
( 1707) IF (LLPRINT) THEN
( 1708)   WRITE (*, '(I10," ")', ADVANCE='NO') ISIZE
( 1709)   WRITE (*, *) TRIM (CLPATH)//'%RCL_CONST3I'
( 1710) ENDIF
( 1711) KSIZE = KSIZE + ISIZE
( 1712) ISIZE = KIND (YD%RCL_CONST4I)
( 1713) IF (LLPRINT) THEN
( 1714)   WRITE (*, '(I10," ")', ADVANCE='NO') ISIZE
( 1715)   WRITE (*, *) TRIM (CLPATH)//'%RCL_CONST4I'
( 1716) ENDIF
( 1717) KSIZE = KSIZE + ISIZE
( 1718) ISIZE = KIND (YD%RCL_CONST5I)
( 1719) IF (LLPRINT) THEN
( 1720)   WRITE (*, '(I10," ")', ADVANCE='NO') ISIZE
( 1721)   WRITE (*, *) TRIM (CLPATH)//'%RCL_CONST5I'
( 1722) ENDIF
( 1723) KSIZE = KSIZE + ISIZE
( 1724) ISIZE = KIND (YD%RCL_CONST6I)
( 1725) IF (LLPRINT) THEN
( 1726)   WRITE (*, '(I10," ")', ADVANCE='NO') ISIZE
( 1727)   WRITE (*, *) TRIM (CLPATH)//'%RCL_CONST6I'
( 1728) ENDIF
( 1729) KSIZE = KSIZE + ISIZE
( 1730) ISIZE = KIND (YD%RCL_CONST7I)
( 1731) IF (LLPRINT) THEN
( 1732)   WRITE (*, '(I10," ")', ADVANCE='NO') ISIZE
( 1733)   WRITE (*, *) TRIM (CLPATH)//'%RCL_CONST7I'
( 1734) ENDIF






NVFORTRAN (Version     24.5)          03/19/2025  06:54:29      page 63

( 1735) KSIZE = KSIZE + ISIZE
( 1736) ISIZE = KIND (YD%RCL_LAMBDA1I)
( 1737) IF (LLPRINT) THEN
( 1738)   WRITE (*, '(I10," ")', ADVANCE='NO') ISIZE
( 1739)   WRITE (*, *) TRIM (CLPATH)//'%RCL_LAMBDA1I'
( 1740) ENDIF
( 1741) KSIZE = KSIZE + ISIZE
( 1742) ISIZE = KIND (YD%RCL_LAMBDA2I)
( 1743) IF (LLPRINT) THEN
( 1744)   WRITE (*, '(I10," ")', ADVANCE='NO') ISIZE
( 1745)   WRITE (*, *) TRIM (CLPATH)//'%RCL_LAMBDA2I'
( 1746) ENDIF
( 1747) KSIZE = KSIZE + ISIZE
( 1748) ISIZE = KIND (YD%RCL_APB1)
( 1749) IF (LLPRINT) THEN
( 1750)   WRITE (*, '(I10," ")', ADVANCE='NO') ISIZE
( 1751)   WRITE (*, *) TRIM (CLPATH)//'%RCL_APB1'
( 1752) ENDIF
( 1753) KSIZE = KSIZE + ISIZE
( 1754) ISIZE = KIND (YD%RCL_APB2)
( 1755) IF (LLPRINT) THEN
( 1756)   WRITE (*, '(I10," ")', ADVANCE='NO') ISIZE
( 1757)   WRITE (*, *) TRIM (CLPATH)//'%RCL_APB2'
( 1758) ENDIF
( 1759) KSIZE = KSIZE + ISIZE
( 1760) ISIZE = KIND (YD%RCL_APB3)
( 1761) IF (LLPRINT) THEN
( 1762)   WRITE (*, '(I10," ")', ADVANCE='NO') ISIZE
( 1763)   WRITE (*, *) TRIM (CLPATH)//'%RCL_APB3'
( 1764) ENDIF
( 1765) KSIZE = KSIZE + ISIZE
( 1766) ISIZE = KIND (YD%RCL_AS)
( 1767) IF (LLPRINT) THEN
( 1768)   WRITE (*, '(I10," ")', ADVANCE='NO') ISIZE
( 1769)   WRITE (*, *) TRIM (CLPATH)//'%RCL_AS'
( 1770) ENDIF
( 1771) KSIZE = KSIZE + ISIZE
( 1772) ISIZE = KIND (YD%RCL_BS)
( 1773) IF (LLPRINT) THEN
( 1774)   WRITE (*, '(I10," ")', ADVANCE='NO') ISIZE
( 1775)   WRITE (*, *) TRIM (CLPATH)//'%RCL_BS'
( 1776) ENDIF
( 1777) KSIZE = KSIZE + ISIZE
( 1778) ISIZE = KIND (YD%RCL_CS)
( 1779) IF (LLPRINT) THEN
( 1780)   WRITE (*, '(I10," ")', ADVANCE='NO') ISIZE
( 1781)   WRITE (*, *) TRIM (CLPATH)//'%RCL_CS'
( 1782) ENDIF
( 1783) KSIZE = KSIZE + ISIZE
( 1784) ISIZE = KIND (YD%RCL_DS)
( 1785) IF (LLPRINT) THEN
( 1786)   WRITE (*, '(I10," ")', ADVANCE='NO') ISIZE
( 1787)   WRITE (*, *) TRIM (CLPATH)//'%RCL_DS'
( 1788) ENDIF
( 1789) KSIZE = KSIZE + ISIZE
( 1790) ISIZE = KIND (YD%RCL_X1S)
( 1791) IF (LLPRINT) THEN
( 1792)   WRITE (*, '(I10," ")', ADVANCE='NO') ISIZE






NVFORTRAN (Version     24.5)          03/19/2025  06:54:29      page 64

( 1793)   WRITE (*, *) TRIM (CLPATH)//'%RCL_X1S'
( 1794) ENDIF
( 1795) KSIZE = KSIZE + ISIZE
( 1796) ISIZE = KIND (YD%RCL_X2S)
( 1797) IF (LLPRINT) THEN
( 1798)   WRITE (*, '(I10," ")', ADVANCE='NO') ISIZE
( 1799)   WRITE (*, *) TRIM (CLPATH)//'%RCL_X2S'
( 1800) ENDIF
( 1801) KSIZE = KSIZE + ISIZE
( 1802) ISIZE = KIND (YD%RCL_X3S)
( 1803) IF (LLPRINT) THEN
( 1804)   WRITE (*, '(I10," ")', ADVANCE='NO') ISIZE
( 1805)   WRITE (*, *) TRIM (CLPATH)//'%RCL_X3S'
( 1806) ENDIF
( 1807) KSIZE = KSIZE + ISIZE
( 1808) ISIZE = KIND (YD%RCL_X4S)
( 1809) IF (LLPRINT) THEN
( 1810)   WRITE (*, '(I10," ")', ADVANCE='NO') ISIZE
( 1811)   WRITE (*, *) TRIM (CLPATH)//'%RCL_X4S'
( 1812) ENDIF
( 1813) KSIZE = KSIZE + ISIZE
( 1814) ISIZE = KIND (YD%RCL_CONST1S)
( 1815) IF (LLPRINT) THEN
( 1816)   WRITE (*, '(I10," ")', ADVANCE='NO') ISIZE
( 1817)   WRITE (*, *) TRIM (CLPATH)//'%RCL_CONST1S'
( 1818) ENDIF
( 1819) KSIZE = KSIZE + ISIZE
( 1820) ISIZE = KIND (YD%RCL_CONST2S)
( 1821) IF (LLPRINT) THEN
( 1822)   WRITE (*, '(I10," ")', ADVANCE='NO') ISIZE
( 1823)   WRITE (*, *) TRIM (CLPATH)//'%RCL_CONST2S'
( 1824) ENDIF
( 1825) KSIZE = KSIZE + ISIZE
( 1826) ISIZE = KIND (YD%RCL_CONST3S)
( 1827) IF (LLPRINT) THEN
( 1828)   WRITE (*, '(I10," ")', ADVANCE='NO') ISIZE
( 1829)   WRITE (*, *) TRIM (CLPATH)//'%RCL_CONST3S'
( 1830) ENDIF
( 1831) KSIZE = KSIZE + ISIZE
( 1832) ISIZE = KIND (YD%RCL_CONST4S)
( 1833) IF (LLPRINT) THEN
( 1834)   WRITE (*, '(I10," ")', ADVANCE='NO') ISIZE
( 1835)   WRITE (*, *) TRIM (CLPATH)//'%RCL_CONST4S'
( 1836) ENDIF
( 1837) KSIZE = KSIZE + ISIZE
( 1838) ISIZE = KIND (YD%RCL_CONST5S)
( 1839) IF (LLPRINT) THEN
( 1840)   WRITE (*, '(I10," ")', ADVANCE='NO') ISIZE
( 1841)   WRITE (*, *) TRIM (CLPATH)//'%RCL_CONST5S'
( 1842) ENDIF
( 1843) KSIZE = KSIZE + ISIZE
( 1844) ISIZE = KIND (YD%RCL_CONST6S)
( 1845) IF (LLPRINT) THEN
( 1846)   WRITE (*, '(I10," ")', ADVANCE='NO') ISIZE
( 1847)   WRITE (*, *) TRIM (CLPATH)//'%RCL_CONST6S'
( 1848) ENDIF
( 1849) KSIZE = KSIZE + ISIZE
( 1850) ISIZE = KIND (YD%RCL_CONST7S)






NVFORTRAN (Version     24.5)          03/19/2025  06:54:29      page 65

( 1851) IF (LLPRINT) THEN
( 1852)   WRITE (*, '(I10," ")', ADVANCE='NO') ISIZE
( 1853)   WRITE (*, *) TRIM (CLPATH)//'%RCL_CONST7S'
( 1854) ENDIF
( 1855) KSIZE = KSIZE + ISIZE
( 1856) ISIZE = KIND (YD%RCL_CONST8S)
( 1857) IF (LLPRINT) THEN
( 1858)   WRITE (*, '(I10," ")', ADVANCE='NO') ISIZE
( 1859)   WRITE (*, *) TRIM (CLPATH)//'%RCL_CONST8S'
( 1860) ENDIF
( 1861) KSIZE = KSIZE + ISIZE
( 1862) ISIZE = KIND (YD%RCL_LAM1S)
( 1863) IF (LLPRINT) THEN
( 1864)   WRITE (*, '(I10," ")', ADVANCE='NO') ISIZE
( 1865)   WRITE (*, *) TRIM (CLPATH)//'%RCL_LAM1S'
( 1866) ENDIF
( 1867) KSIZE = KSIZE + ISIZE
( 1868) ISIZE = KIND (YD%RCL_LAM2S)
( 1869) IF (LLPRINT) THEN
( 1870)   WRITE (*, '(I10," ")', ADVANCE='NO') ISIZE
( 1871)   WRITE (*, *) TRIM (CLPATH)//'%RCL_LAM2S'
( 1872) ENDIF
( 1873) KSIZE = KSIZE + ISIZE
( 1874) ISIZE = KIND (YD%RDENSWAT)
( 1875) IF (LLPRINT) THEN
( 1876)   WRITE (*, '(I10," ")', ADVANCE='NO') ISIZE
( 1877)   WRITE (*, *) TRIM (CLPATH)//'%RDENSWAT'
( 1878) ENDIF
( 1879) KSIZE = KSIZE + ISIZE
( 1880) ISIZE = KIND (YD%RDENSREF)
( 1881) IF (LLPRINT) THEN
( 1882)   WRITE (*, '(I10," ")', ADVANCE='NO') ISIZE
( 1883)   WRITE (*, *) TRIM (CLPATH)//'%RDENSREF'
( 1884) ENDIF
( 1885) KSIZE = KSIZE + ISIZE
( 1886) ISIZE = KIND (YD%RCL_AR)
( 1887) IF (LLPRINT) THEN
( 1888)   WRITE (*, '(I10," ")', ADVANCE='NO') ISIZE
( 1889)   WRITE (*, *) TRIM (CLPATH)//'%RCL_AR'
( 1890) ENDIF
( 1891) KSIZE = KSIZE + ISIZE
( 1892) ISIZE = KIND (YD%RCL_BR)
( 1893) IF (LLPRINT) THEN
( 1894)   WRITE (*, '(I10," ")', ADVANCE='NO') ISIZE
( 1895)   WRITE (*, *) TRIM (CLPATH)//'%RCL_BR'
( 1896) ENDIF
( 1897) KSIZE = KSIZE + ISIZE
( 1898) ISIZE = KIND (YD%RCL_CR)
( 1899) IF (LLPRINT) THEN
( 1900)   WRITE (*, '(I10," ")', ADVANCE='NO') ISIZE
( 1901)   WRITE (*, *) TRIM (CLPATH)//'%RCL_CR'
( 1902) ENDIF
( 1903) KSIZE = KSIZE + ISIZE
( 1904) ISIZE = KIND (YD%RCL_DR)
( 1905) IF (LLPRINT) THEN
( 1906)   WRITE (*, '(I10," ")', ADVANCE='NO') ISIZE
( 1907)   WRITE (*, *) TRIM (CLPATH)//'%RCL_DR'
( 1908) ENDIF






NVFORTRAN (Version     24.5)          03/19/2025  06:54:29      page 66

( 1909) KSIZE = KSIZE + ISIZE
( 1910) ISIZE = KIND (YD%RCL_X1R)
( 1911) IF (LLPRINT) THEN
( 1912)   WRITE (*, '(I10," ")', ADVANCE='NO') ISIZE
( 1913)   WRITE (*, *) TRIM (CLPATH)//'%RCL_X1R'
( 1914) ENDIF
( 1915) KSIZE = KSIZE + ISIZE
( 1916) ISIZE = KIND (YD%RCL_X2R)
( 1917) IF (LLPRINT) THEN
( 1918)   WRITE (*, '(I10," ")', ADVANCE='NO') ISIZE
( 1919)   WRITE (*, *) TRIM (CLPATH)//'%RCL_X2R'
( 1920) ENDIF
( 1921) KSIZE = KSIZE + ISIZE
( 1922) ISIZE = KIND (YD%RCL_X4R)
( 1923) IF (LLPRINT) THEN
( 1924)   WRITE (*, '(I10," ")', ADVANCE='NO') ISIZE
( 1925)   WRITE (*, *) TRIM (CLPATH)//'%RCL_X4R'
( 1926) ENDIF
( 1927) KSIZE = KSIZE + ISIZE
( 1928) ISIZE = KIND (YD%RCL_X1R_MP)
( 1929) IF (LLPRINT) THEN
( 1930)   WRITE (*, '(I10," ")', ADVANCE='NO') ISIZE
( 1931)   WRITE (*, *) TRIM (CLPATH)//'%RCL_X1R_MP'
( 1932) ENDIF
( 1933) KSIZE = KSIZE + ISIZE
( 1934) ISIZE = KIND (YD%RCL_X2R_MP)
( 1935) IF (LLPRINT) THEN
( 1936)   WRITE (*, '(I10," ")', ADVANCE='NO') ISIZE
( 1937)   WRITE (*, *) TRIM (CLPATH)//'%RCL_X2R_MP'
( 1938) ENDIF
( 1939) KSIZE = KSIZE + ISIZE
( 1940) ISIZE = KIND (YD%RCL_X4R_MP)
( 1941) IF (LLPRINT) THEN
( 1942)   WRITE (*, '(I10," ")', ADVANCE='NO') ISIZE
( 1943)   WRITE (*, *) TRIM (CLPATH)//'%RCL_X4R_MP'
( 1944) ENDIF
( 1945) KSIZE = KSIZE + ISIZE
( 1946) ISIZE = KIND (YD%RCL_KA273)
( 1947) IF (LLPRINT) THEN
( 1948)   WRITE (*, '(I10," ")', ADVANCE='NO') ISIZE
( 1949)   WRITE (*, *) TRIM (CLPATH)//'%RCL_KA273'
( 1950) ENDIF
( 1951) KSIZE = KSIZE + ISIZE
( 1952) ISIZE = KIND (YD%RCL_CDENOM1)
( 1953) IF (LLPRINT) THEN
( 1954)   WRITE (*, '(I10," ")', ADVANCE='NO') ISIZE
( 1955)   WRITE (*, *) TRIM (CLPATH)//'%RCL_CDENOM1'
( 1956) ENDIF
( 1957) KSIZE = KSIZE + ISIZE
( 1958) ISIZE = KIND (YD%RCL_CDENOM2)
( 1959) IF (LLPRINT) THEN
( 1960)   WRITE (*, '(I10," ")', ADVANCE='NO') ISIZE
( 1961)   WRITE (*, *) TRIM (CLPATH)//'%RCL_CDENOM2'
( 1962) ENDIF
( 1963) KSIZE = KSIZE + ISIZE
( 1964) ISIZE = KIND (YD%RCL_CDENOM3)
( 1965) IF (LLPRINT) THEN
( 1966)   WRITE (*, '(I10," ")', ADVANCE='NO') ISIZE






NVFORTRAN (Version     24.5)          03/19/2025  06:54:29      page 67

( 1967)   WRITE (*, *) TRIM (CLPATH)//'%RCL_CDENOM3'
( 1968) ENDIF
( 1969) KSIZE = KSIZE + ISIZE
( 1970) ISIZE = KIND (YD%RCL_SCHMIDT)
( 1971) IF (LLPRINT) THEN
( 1972)   WRITE (*, '(I10," ")', ADVANCE='NO') ISIZE
( 1973)   WRITE (*, *) TRIM (CLPATH)//'%RCL_SCHMIDT'
( 1974) ENDIF
( 1975) KSIZE = KSIZE + ISIZE
( 1976) ISIZE = KIND (YD%RCL_DYNVISC)
( 1977) IF (LLPRINT) THEN
( 1978)   WRITE (*, '(I10," ")', ADVANCE='NO') ISIZE
( 1979)   WRITE (*, *) TRIM (CLPATH)//'%RCL_DYNVISC'
( 1980) ENDIF
( 1981) KSIZE = KSIZE + ISIZE
( 1982) ISIZE = KIND (YD%RCL_CONST1R)
( 1983) IF (LLPRINT) THEN
( 1984)   WRITE (*, '(I10," ")', ADVANCE='NO') ISIZE
( 1985)   WRITE (*, *) TRIM (CLPATH)//'%RCL_CONST1R'
( 1986) ENDIF
( 1987) KSIZE = KSIZE + ISIZE
( 1988) ISIZE = KIND (YD%RCL_CONST2R)
( 1989) IF (LLPRINT) THEN
( 1990)   WRITE (*, '(I10," ")', ADVANCE='NO') ISIZE
( 1991)   WRITE (*, *) TRIM (CLPATH)//'%RCL_CONST2R'
( 1992) ENDIF
( 1993) KSIZE = KSIZE + ISIZE
( 1994) ISIZE = KIND (YD%RCL_CONST3R)
( 1995) IF (LLPRINT) THEN
( 1996)   WRITE (*, '(I10," ")', ADVANCE='NO') ISIZE
( 1997)   WRITE (*, *) TRIM (CLPATH)//'%RCL_CONST3R'
( 1998) ENDIF
( 1999) KSIZE = KSIZE + ISIZE
( 2000) ISIZE = KIND (YD%RCL_CONST4R)
( 2001) IF (LLPRINT) THEN
( 2002)   WRITE (*, '(I10," ")', ADVANCE='NO') ISIZE
( 2003)   WRITE (*, *) TRIM (CLPATH)//'%RCL_CONST4R'
( 2004) ENDIF
( 2005) KSIZE = KSIZE + ISIZE
( 2006) ISIZE = KIND (YD%RCL_CONST7R)
( 2007) IF (LLPRINT) THEN
( 2008)   WRITE (*, '(I10," ")', ADVANCE='NO') ISIZE
( 2009)   WRITE (*, *) TRIM (CLPATH)//'%RCL_CONST7R'
( 2010) ENDIF
( 2011) KSIZE = KSIZE + ISIZE
( 2012) ISIZE = KIND (YD%RCL_CONST8R)
( 2013) IF (LLPRINT) THEN
( 2014)   WRITE (*, '(I10," ")', ADVANCE='NO') ISIZE
( 2015)   WRITE (*, *) TRIM (CLPATH)//'%RCL_CONST8R'
( 2016) ENDIF
( 2017) KSIZE = KSIZE + ISIZE
( 2018) ISIZE = KIND (YD%RCL_LAM1R)
( 2019) IF (LLPRINT) THEN
( 2020)   WRITE (*, '(I10," ")', ADVANCE='NO') ISIZE
( 2021)   WRITE (*, *) TRIM (CLPATH)//'%RCL_LAM1R'
( 2022) ENDIF
( 2023) KSIZE = KSIZE + ISIZE
( 2024) ISIZE = KIND (YD%RCL_LAM2R)






NVFORTRAN (Version     24.5)          03/19/2025  06:54:29      page 68

( 2025) IF (LLPRINT) THEN
( 2026)   WRITE (*, '(I10," ")', ADVANCE='NO') ISIZE
( 2027)   WRITE (*, *) TRIM (CLPATH)//'%RCL_LAM2R'
( 2028) ENDIF
( 2029) KSIZE = KSIZE + ISIZE
( 2030) ISIZE = KIND (YD%RCL_LAM1R_MP)
( 2031) IF (LLPRINT) THEN
( 2032)   WRITE (*, '(I10," ")', ADVANCE='NO') ISIZE
( 2033)   WRITE (*, *) TRIM (CLPATH)//'%RCL_LAM1R_MP'
( 2034) ENDIF
( 2035) KSIZE = KSIZE + ISIZE
( 2036) ISIZE = KIND (YD%RCL_LAM2R_MP)
( 2037) IF (LLPRINT) THEN
( 2038)   WRITE (*, '(I10," ")', ADVANCE='NO') ISIZE
( 2039)   WRITE (*, *) TRIM (CLPATH)//'%RCL_LAM2R_MP'
( 2040) ENDIF
( 2041) KSIZE = KSIZE + ISIZE
( 2042) ISIZE = KIND (YD%RCL_CONST5R)
( 2043) IF (LLPRINT) THEN
( 2044)   WRITE (*, '(I10," ")', ADVANCE='NO') ISIZE
( 2045)   WRITE (*, *) TRIM (CLPATH)//'%RCL_CONST5R'
( 2046) ENDIF
( 2047) KSIZE = KSIZE + ISIZE
( 2048) ISIZE = KIND (YD%RCL_CONST6R)
( 2049) IF (LLPRINT) THEN
( 2050)   WRITE (*, '(I10," ")', ADVANCE='NO') ISIZE
( 2051)   WRITE (*, *) TRIM (CLPATH)//'%RCL_CONST6R'
( 2052) ENDIF
( 2053) KSIZE = KSIZE + ISIZE
( 2054) ISIZE = KIND (YD%RCL_FZRAB)
( 2055) IF (LLPRINT) THEN
( 2056)   WRITE (*, '(I10," ")', ADVANCE='NO') ISIZE
( 2057)   WRITE (*, *) TRIM (CLPATH)//'%RCL_FZRAB'
( 2058) ENDIF
( 2059) KSIZE = KSIZE + ISIZE
( 2060) ISIZE = KIND (YD%RCL_FZRBB)
( 2061) IF (LLPRINT) THEN
( 2062)   WRITE (*, '(I10," ")', ADVANCE='NO') ISIZE
( 2063)   WRITE (*, *) TRIM (CLPATH)//'%RCL_FZRBB'
( 2064) ENDIF
( 2065) KSIZE = KSIZE + ISIZE
( 2066) ISIZE = KIND (YD%RCL_CONST9R)
( 2067) IF (LLPRINT) THEN
( 2068)   WRITE (*, '(I10," ")', ADVANCE='NO') ISIZE
( 2069)   WRITE (*, *) TRIM (CLPATH)//'%RCL_CONST9R'
( 2070) ENDIF
( 2071) KSIZE = KSIZE + ISIZE
( 2072) ISIZE = KIND (YD%RCL_CONST10R)
( 2073) IF (LLPRINT) THEN
( 2074)   WRITE (*, '(I10," ")', ADVANCE='NO') ISIZE
( 2075)   WRITE (*, *) TRIM (CLPATH)//'%RCL_CONST10R'
( 2076) ENDIF
( 2077) KSIZE = KSIZE + ISIZE
( 2078) ISIZE = KIND (YD%RCL_EFF_RACW)
( 2079) IF (LLPRINT) THEN
( 2080)   WRITE (*, '(I10," ")', ADVANCE='NO') ISIZE
( 2081)   WRITE (*, *) TRIM (CLPATH)//'%RCL_EFF_RACW'
( 2082) ENDIF






NVFORTRAN (Version     24.5)          03/19/2025  06:54:29      page 69

( 2083) KSIZE = KSIZE + ISIZE
( 2084) ISIZE = KIND (YD%NPTYPE_SEV2WMO) * SIZE (YD%NPTYPE_SEV2WMO)
( 2085) IF (LLPRINT) THEN
( 2086)   WRITE (*, '(I10," ")', ADVANCE='NO') ISIZE
( 2087)   WRITE (*, *) TRIM (CLPATH)//'%NPTYPE_SEV2WMO'
( 2088) ENDIF
( 2089) KSIZE = KSIZE + ISIZE
( 2090) ISIZE = KIND (YD%LCLDEXTRA)
( 2091) IF (LLPRINT) THEN
( 2092)   WRITE (*, '(I10," ")', ADVANCE='NO') ISIZE
( 2093)   WRITE (*, *) TRIM (CLPATH)//'%LCLDEXTRA'
( 2094) ENDIF
( 2095) KSIZE = KSIZE + ISIZE
( 2096) ISIZE = KIND (YD%LCLDBUDGET)
( 2097) IF (LLPRINT) THEN
( 2098)   WRITE (*, '(I10," ")', ADVANCE='NO') ISIZE
( 2099)   WRITE (*, *) TRIM (CLPATH)//'%LCLDBUDGET'
( 2100) ENDIF
( 2101) KSIZE = KSIZE + ISIZE
( 2102) ISIZE = KIND (YD%LCLDBUDC)
( 2103) IF (LLPRINT) THEN
( 2104)   WRITE (*, '(I10," ")', ADVANCE='NO') ISIZE
( 2105)   WRITE (*, *) TRIM (CLPATH)//'%LCLDBUDC'
( 2106) ENDIF
( 2107) KSIZE = KSIZE + ISIZE
( 2108) ISIZE = KIND (YD%LCLDBUDL)
( 2109) IF (LLPRINT) THEN
( 2110)   WRITE (*, '(I10," ")', ADVANCE='NO') ISIZE
( 2111)   WRITE (*, *) TRIM (CLPATH)//'%LCLDBUDL'
( 2112) ENDIF
( 2113) KSIZE = KSIZE + ISIZE
( 2114) ISIZE = KIND (YD%LCLDBUDI)
( 2115) IF (LLPRINT) THEN
( 2116)   WRITE (*, '(I10," ")', ADVANCE='NO') ISIZE
( 2117)   WRITE (*, *) TRIM (CLPATH)//'%LCLDBUDI'
( 2118) ENDIF
( 2119) KSIZE = KSIZE + ISIZE
( 2120) ISIZE = KIND (YD%LCLDBUDT)
( 2121) IF (LLPRINT) THEN
( 2122)   WRITE (*, '(I10," ")', ADVANCE='NO') ISIZE
( 2123)   WRITE (*, *) TRIM (CLPATH)//'%LCLDBUDT'
( 2124) ENDIF
( 2125) KSIZE = KSIZE + ISIZE
( 2126) ISIZE = KIND (YD%LCLDBUD_TIMEINT)
( 2127) IF (LLPRINT) THEN
( 2128)   WRITE (*, '(I10," ")', ADVANCE='NO') ISIZE
( 2129)   WRITE (*, *) TRIM (CLPATH)//'%LCLDBUD_TIMEINT'
( 2130) ENDIF
( 2131) KSIZE = KSIZE + ISIZE
( 2132) ISIZE = KIND (YD%LCLDBUD_VERTINT)
( 2133) IF (LLPRINT) THEN
( 2134)   WRITE (*, '(I10," ")', ADVANCE='NO') ISIZE
( 2135)   WRITE (*, *) TRIM (CLPATH)//'%LCLDBUD_VERTINT'
( 2136) ENDIF
( 2137) KSIZE = KSIZE + ISIZE
( 2138) ISIZE = KIND (YD%NSSOPT)
( 2139) IF (LLPRINT) THEN
( 2140)   WRITE (*, '(I10," ")', ADVANCE='NO') ISIZE






NVFORTRAN (Version     24.5)          03/19/2025  06:54:29      page 70

( 2141)   WRITE (*, *) TRIM (CLPATH)//'%NSSOPT'
( 2142) ENDIF
( 2143) KSIZE = KSIZE + ISIZE
( 2144) ISIZE = KIND (YD%NCLDTOP)
( 2145) IF (LLPRINT) THEN
( 2146)   WRITE (*, '(I10," ")', ADVANCE='NO') ISIZE
( 2147)   WRITE (*, *) TRIM (CLPATH)//'%NCLDTOP'
( 2148) ENDIF
( 2149) KSIZE = KSIZE + ISIZE
( 2150) ISIZE = KIND (YD%NAECLBC)
( 2151) IF (LLPRINT) THEN
( 2152)   WRITE (*, '(I10," ")', ADVANCE='NO') ISIZE
( 2153)   WRITE (*, *) TRIM (CLPATH)//'%NAECLBC'
( 2154) ENDIF
( 2155) KSIZE = KSIZE + ISIZE
( 2156) ISIZE = KIND (YD%NAECLDU)
( 2157) IF (LLPRINT) THEN
( 2158)   WRITE (*, '(I10," ")', ADVANCE='NO') ISIZE
( 2159)   WRITE (*, *) TRIM (CLPATH)//'%NAECLDU'
( 2160) ENDIF
( 2161) KSIZE = KSIZE + ISIZE
( 2162) ISIZE = KIND (YD%NAECLOM)
( 2163) IF (LLPRINT) THEN
( 2164)   WRITE (*, '(I10," ")', ADVANCE='NO') ISIZE
( 2165)   WRITE (*, *) TRIM (CLPATH)//'%NAECLOM'
( 2166) ENDIF
( 2167) KSIZE = KSIZE + ISIZE
( 2168) ISIZE = KIND (YD%NAECLSS)
( 2169) IF (LLPRINT) THEN
( 2170)   WRITE (*, '(I10," ")', ADVANCE='NO') ISIZE
( 2171)   WRITE (*, *) TRIM (CLPATH)//'%NAECLSS'
( 2172) ENDIF
( 2173) KSIZE = KSIZE + ISIZE
( 2174) ISIZE = KIND (YD%NAECLSU)
( 2175) IF (LLPRINT) THEN
( 2176)   WRITE (*, '(I10," ")', ADVANCE='NO') ISIZE
( 2177)   WRITE (*, *) TRIM (CLPATH)//'%NAECLSU'
( 2178) ENDIF
( 2179) KSIZE = KSIZE + ISIZE
( 2180) ISIZE = KIND (YD%NCLDDIAG)
( 2181) IF (LLPRINT) THEN
( 2182)   WRITE (*, '(I10," ")', ADVANCE='NO') ISIZE
( 2183)   WRITE (*, *) TRIM (CLPATH)//'%NCLDDIAG'
( 2184) ENDIF
( 2185) KSIZE = KSIZE + ISIZE
( 2186) ISIZE = KIND (YD%NAERCLD)
( 2187) IF (LLPRINT) THEN
( 2188)   WRITE (*, '(I10," ")', ADVANCE='NO') ISIZE
( 2189)   WRITE (*, *) TRIM (CLPATH)//'%NAERCLD'
( 2190) ENDIF
( 2191) KSIZE = KSIZE + ISIZE
( 2192) ISIZE = KIND (YD%LAERLIQAUTOLSP)
( 2193) IF (LLPRINT) THEN
( 2194)   WRITE (*, '(I10," ")', ADVANCE='NO') ISIZE
( 2195)   WRITE (*, *) TRIM (CLPATH)//'%LAERLIQAUTOLSP'
( 2196) ENDIF
( 2197) KSIZE = KSIZE + ISIZE
( 2198) ISIZE = KIND (YD%LAERLIQAUTOCP)






NVFORTRAN (Version     24.5)          03/19/2025  06:54:29      page 71

( 2199) IF (LLPRINT) THEN
( 2200)   WRITE (*, '(I10," ")', ADVANCE='NO') ISIZE
( 2201)   WRITE (*, *) TRIM (CLPATH)//'%LAERLIQAUTOCP'
( 2202) ENDIF
( 2203) KSIZE = KSIZE + ISIZE
( 2204) ISIZE = KIND (YD%LAERLIQAUTOCPB)
( 2205) IF (LLPRINT) THEN
( 2206)   WRITE (*, '(I10," ")', ADVANCE='NO') ISIZE
( 2207)   WRITE (*, *) TRIM (CLPATH)//'%LAERLIQAUTOCPB'
( 2208) ENDIF
( 2209) KSIZE = KSIZE + ISIZE
( 2210) ISIZE = KIND (YD%LAERLIQCOLL)
( 2211) IF (LLPRINT) THEN
( 2212)   WRITE (*, '(I10," ")', ADVANCE='NO') ISIZE
( 2213)   WRITE (*, *) TRIM (CLPATH)//'%LAERLIQCOLL'
( 2214) ENDIF
( 2215) KSIZE = KSIZE + ISIZE
( 2216) ISIZE = KIND (YD%LAERICESED)
( 2217) IF (LLPRINT) THEN
( 2218)   WRITE (*, '(I10," ")', ADVANCE='NO') ISIZE
( 2219)   WRITE (*, *) TRIM (CLPATH)//'%LAERICESED'
( 2220) ENDIF
( 2221) KSIZE = KSIZE + ISIZE
( 2222) ISIZE = KIND (YD%LAERICEAUTO)
( 2223) IF (LLPRINT) THEN
( 2224)   WRITE (*, '(I10," ")', ADVANCE='NO') ISIZE
( 2225)   WRITE (*, *) TRIM (CLPATH)//'%LAERICEAUTO'
( 2226) ENDIF
( 2227) KSIZE = KSIZE + ISIZE
( 2228) ISIZE = KIND (YD%NSHAPEP)
( 2229) IF (LLPRINT) THEN
( 2230)   WRITE (*, '(I10," ")', ADVANCE='NO') ISIZE
( 2231)   WRITE (*, *) TRIM (CLPATH)//'%NSHAPEP'
( 2232) ENDIF
( 2233) KSIZE = KSIZE + ISIZE
( 2234) ISIZE = KIND (YD%NSHAPEQ)
( 2235) IF (LLPRINT) THEN
( 2236)   WRITE (*, '(I10," ")', ADVANCE='NO') ISIZE
( 2237)   WRITE (*, *) TRIM (CLPATH)//'%NSHAPEQ'
( 2238) ENDIF
( 2239) KSIZE = KSIZE + ISIZE
( 2240) ISIZE = KIND (YD%NBETA)
( 2241) IF (LLPRINT) THEN
( 2242)   WRITE (*, '(I10," ")', ADVANCE='NO') ISIZE
( 2243)   WRITE (*, *) TRIM (CLPATH)//'%NBETA'
( 2244) ENDIF
( 2245) KSIZE = KSIZE + ISIZE
( 2246) ISIZE = KIND (YD%RBETA) * SIZE (YD%RBETA)
( 2247) IF (LLPRINT) THEN
( 2248)   WRITE (*, '(I10," ")', ADVANCE='NO') ISIZE
( 2249)   WRITE (*, *) TRIM (CLPATH)//'%RBETA'
( 2250) ENDIF
( 2251) KSIZE = KSIZE + ISIZE
( 2252) ISIZE = KIND (YD%RBETAP1) * SIZE (YD%RBETAP1)
( 2253) IF (LLPRINT) THEN
( 2254)   WRITE (*, '(I10," ")', ADVANCE='NO') ISIZE
( 2255)   WRITE (*, *) TRIM (CLPATH)//'%RBETAP1'
( 2256) ENDIF






NVFORTRAN (Version     24.5)          03/19/2025  06:54:29      page 72

( 2257) KSIZE = KSIZE + ISIZE
( 2258) END FUNCTION
( 2259) # 2260 "./util_tecldp_mod.F90"
( 2260) END MODULE
