


NVFORTRAN (Version     24.5)          03/19/2025  06:54:44      page 1

Switches: -noasm -nodclchk -debug -nodlines -line -list
          -idir /opt/softs/gcc/9.2.0/hpc_sdk/Linux_x86_64/24.5/comm_libs/12.4/hpcx/hpcx-2.19/ompi/include
          -idir /opt/softs/gcc/9.2.0/hpc_sdk/Linux_x86_64/24.5/comm_libs/12.4/hpcx/hpcx-2.19/ompi/lib
          -inform severe -opt 1 -nosave -object -noonetrip
          -depchk on -nostandard     
          -symbol -noupcase    

Filename: ./util_type_gfld_mod.F90

(    1) MODULE UTIL_TYPE_GFLD_MOD
(    2) 
(    3) USE YOM_YGFL, ONLY : TYPE_GFLD
(    4) 
(    5) INTERFACE SAVE
(    6) MODULE PROCEDURE SAVE_TYPE_GFLD
(    7) END INTERFACE
(    8) 
(    9) INTERFACE LOAD
(   10) MODULE PROCEDURE LOAD_TYPE_GFLD
(   11) END INTERFACE
(   12) 
(   13) INTERFACE COPY
(   14) MODULE PROCEDURE COPY_TYPE_GFLD
(   15) END INTERFACE
(   16) 
(   17) INTERFACE HOST
(   18) MODULE PROCEDURE HOST_TYPE_GFLD
(   19) END INTERFACE
(   20) 
(   21) INTERFACE LEGACY
(   22) MODULE PROCEDURE LEGACY_TYPE_GFLD
(   23) END INTERFACE
(   24)      
(   25) INTERFACE CRC64
(   26) MODULE PROCEDURE CRC64_TYPE_GFLD
(   27) END INTERFACE
(   28) 
(   29) INTERFACE WIPE
(   30) MODULE PROCEDURE WIPE_TYPE_GFLD
(   31) END INTERFACE
(   32) 
(   33) INTERFACE SIZE
(   34) MODULE PROCEDURE SIZE_TYPE_GFLD
(   35) END INTERFACE
(   36) 
(   37) 
(   38) CONTAINS
(   39) 
(   40) SUBROUTINE SAVE_TYPE_GFLD (KLUN, YD)
(   41) USE UTIL_TYPE_AERO_WVL_DIAG_MOD
(   42) USE UTIL_TYPE_GFL_COMP_MOD
(   43) USE UTIL_TYPE_GFL_NAML_MOD
(   44) IMPLICIT NONE
(   45) INTEGER, INTENT (IN) :: KLUN
(   46) TYPE (TYPE_GFLD), INTENT (IN), TARGET :: YD
(   47) INTEGER :: J1, J2
(   48) LOGICAL :: LYA, LYAERAOT, LYAERLISI, LYAERO, LYAEROCLIM, LYAEROUT, LYAMF, LYCHEM, LYCPF, LYCVGQ
(   49) LOGICAL :: LYCVV, LYDAL, LYDOM, LYEDRP, LYEFB1, LYEFB2, LYEFB3, LYEMIS3D, LYERA40, LYEXT
(   50) LOGICAL :: LYEZDIAG, LYFORC, LYFQTUR, LYFSD, LYFSTUR, LYG, LYGHG, LYH, LYI, LYICONV






NVFORTRAN (Version     24.5)          03/19/2025  06:54:44      page 2

(   51) LOGICAL :: LYIMF, LYIRAD, LYL, LYLASTCOMP, LYLCONV, LYLIMA, LYLMF, LYLRAD, LYLRCH4, LYMXL
(   52) LOGICAL :: LYNOGW, LYO3, LYPHYCTY, LYPHYS, LYQ, LYQVA, LYR, LYRCONV, LYRKTH, LYRKTQC
(   53) LOGICAL :: LYRKTQV, LYRSPEC, LYS, LYSCONV, LYSDSAT, LYSHTUR, LYSLDIA, LYSPF, LYSRC, LYTKE
(   54) LOGICAL :: LYTTE, LYUAL, LYUEN, LYUNEBH, LYUOM, LYUVP
(   55) WRITE (KLUN) YD%NUMFLDS
(   56) WRITE (KLUN) YD%NDERS
(   57) WRITE (KLUN) YD%NUMSPFLDS
(   58) WRITE (KLUN) YD%NUMGPFLDS
(   59) WRITE (KLUN) YD%NUMFLDS9
(   60) WRITE (KLUN) YD%NUMFLDS1
(   61) WRITE (KLUN) YD%NUMSPFLDS1
(   62) WRITE (KLUN) YD%NUMFLDS5
(   63) WRITE (KLUN) YD%NUMFLDSPHY
(   64) WRITE (KLUN) YD%NUMFLDS_SPL
(   65) WRITE (KLUN) YD%NUMFLDS_SL1
(   66) WRITE (KLUN) YD%NUMFLDSPC
(   67) WRITE (KLUN) YD%NDIM
(   68) WRITE (KLUN) YD%NUMFLDSPT
(   69) WRITE (KLUN) YD%NDIM0
(   70) WRITE (KLUN) YD%NDIM9
(   71) WRITE (KLUN) YD%NDIM1
(   72) WRITE (KLUN) YD%NDIM5
(   73) WRITE (KLUN) YD%NDIMSLP
(   74) WRITE (KLUN) YD%NDIM_SPL
(   75) WRITE (KLUN) YD%NDIMPT
(   76) WRITE (KLUN) YD%NDIMPC
(   77) WRITE (KLUN) YD%NGFL_EXT
(   78) WRITE (KLUN) YD%NGFL_FORC
(   79) WRITE (KLUN) YD%NGFL_EZDIAG
(   80) WRITE (KLUN) YD%NGHG
(   81) WRITE (KLUN) YD%NGHG_ASSIM
(   82) WRITE (KLUN) YD%NAERO
(   83) WRITE (KLUN) YD%NACTAERO
(   84) WRITE (KLUN) YD%NDDHAERO
(   85) WRITE (KLUN) YD%NERA40
(   86) WRITE (KLUN) YD%NNOGW
(   87) WRITE (KLUN) YD%NEDRP
(   88) WRITE (KLUN) YD%NAEROUT
(   89) WRITE (KLUN) YD%NAEROCLIM
(   90) WRITE (KLUN) YD%NUVP
(   91) WRITE (KLUN) YD%NSLDIA
(   92) WRITE (KLUN) YD%NSLDIAGP
(   93) WRITE (KLUN) YD%NFSD
(   94) WRITE (KLUN) YD%LAERCHEM
(   95) WRITE (KLUN) YD%LTRCMFIX
(   96) WRITE (KLUN) YD%LTRCMFIX_PS
(   97) WRITE (KLUN) YD%LTRCMFQM
(   98) WRITE (KLUN) YD%LAERAOT
(   99) WRITE (KLUN) YD%LAERLISI
(  100) WRITE (KLUN) YD%LAEROUT
(  101) WRITE (KLUN) YD%LAEROCLIM
(  102) WRITE (KLUN) YD%LUVPOUT
(  103) WRITE (KLUN) YD%LSPPTGFL
(  104) WRITE (KLUN) YD%NGEMS
(  105) WRITE (KLUN) YD%NCHEM
(  106) WRITE (KLUN) YD%NCHEM_ASSIM
(  107) WRITE (KLUN) YD%NCHEM_FLXO
(  108) WRITE (KLUN) YD%NCHEM_WDFLX






NVFORTRAN (Version     24.5)          03/19/2025  06:54:44      page 3

(  109) WRITE (KLUN) YD%NCHEM_DDFLX
(  110) WRITE (KLUN) YD%NCHEM_DV
(  111) WRITE (KLUN) YD%NCHEM_TC
(  112) WRITE (KLUN) YD%NCHEM_SCV
(  113) WRITE (KLUN) YD%NEMIS2D
(  114) WRITE (KLUN) YD%NEMIS2DAUX
(  115) WRITE (KLUN) YD%NEMIS3D
(  116) WRITE (KLUN) YD%NLIMA
(  117) WRITE (KLUN) YD%NAERO_WVL_DIAG
(  118) WRITE (KLUN) YD%NAERO_WVL_DIAG_TYPES
(  119) WRITE (KLUN) YD%NCHEMSULF1
(  120) WRITE (KLUN) YD%NCHEMHNO3
(  121) WRITE (KLUN) YD%NNEGAFIX
(  122) WRITE (KLUN) YD%NOPTNEGFIX
(  123) WRITE (KLUN) YD%LQM3DCONS
(  124) WRITE (KLUN) YD%LADVNEGFIX
(  125) WRITE (KLUN) YD%LTRCMFBC
(  126) WRITE (KLUN) YD%LTRCMFPR
(  127) WRITE (KLUN) YD%LTRCMFMG
(  128) WRITE (KLUN) YD%LTRCMFP
(  129) WRITE (KLUN) YD%LTRCMFA_DIF
(  130) WRITE (KLUN) YD%LTRCMFA_LAP
(  131) WRITE (KLUN) YD%LTRCMFA_VER
(  132) WRITE (KLUN) YD%LEXTRADF
(  133) WRITE (KLUN) YD%NFLDSFIX
(  134) WRITE (KLUN) YD%NOPTMFBC
(  135) WRITE (KLUN) YD%NOPTMFPR
(  136) WRITE (KLUN) YD%NOPTVFE
(  137) WRITE (KLUN) YD%NMFDIAGLEV
(  138) WRITE (KLUN) YD%NMFIXFLDS
(  139) WRITE (KLUN) YD%NNEGFLDS
(  140) WRITE (KLUN) YD%ZMFIXEPS
(  141) WRITE (KLUN) YD%NFMG
(  142) WRITE (KLUN) YD%NMGFLDS
(  143) DO J1 = LBOUND (YD%YCOMP, 1), UBOUND (YD%YCOMP, 1)
(  144)   CALL SAVE_TYPE_GFL_COMP (KLUN, YD%YCOMP (J1))
(  145) ENDDO
(  146) LYLASTCOMP = ASSOCIATED (YD%YLASTCOMP)
(  147) WRITE (KLUN) LYLASTCOMP
(  148) IF (LYLASTCOMP) THEN
(  149)   CALL SAVE_TYPE_GFL_COMP (KLUN, YD%YLASTCOMP)
(  150) ENDIF
(  151) LYQ = ASSOCIATED (YD%YQ)
(  152) WRITE (KLUN) LYQ
(  153) IF (LYQ) THEN
(  154)   CALL SAVE_TYPE_GFL_COMP (KLUN, YD%YQ)
(  155) ENDIF
(  156) LYI = ASSOCIATED (YD%YI)
(  157) WRITE (KLUN) LYI
(  158) IF (LYI) THEN
(  159)   CALL SAVE_TYPE_GFL_COMP (KLUN, YD%YI)
(  160) ENDIF
(  161) LYL = ASSOCIATED (YD%YL)
(  162) WRITE (KLUN) LYL
(  163) IF (LYL) THEN
(  164)   CALL SAVE_TYPE_GFL_COMP (KLUN, YD%YL)
(  165) ENDIF
(  166) LYLCONV = ASSOCIATED (YD%YLCONV)






NVFORTRAN (Version     24.5)          03/19/2025  06:54:44      page 4

(  167) WRITE (KLUN) LYLCONV
(  168) IF (LYLCONV) THEN
(  169)   CALL SAVE_TYPE_GFL_COMP (KLUN, YD%YLCONV)
(  170) ENDIF
(  171) LYICONV = ASSOCIATED (YD%YICONV)
(  172) WRITE (KLUN) LYICONV
(  173) IF (LYICONV) THEN
(  174)   CALL SAVE_TYPE_GFL_COMP (KLUN, YD%YICONV)
(  175) ENDIF
(  176) LYRCONV = ASSOCIATED (YD%YRCONV)
(  177) WRITE (KLUN) LYRCONV
(  178) IF (LYRCONV) THEN
(  179)   CALL SAVE_TYPE_GFL_COMP (KLUN, YD%YRCONV)
(  180) ENDIF
(  181) LYSCONV = ASSOCIATED (YD%YSCONV)
(  182) WRITE (KLUN) LYSCONV
(  183) IF (LYSCONV) THEN
(  184)   CALL SAVE_TYPE_GFL_COMP (KLUN, YD%YSCONV)
(  185) ENDIF
(  186) LYIRAD = ASSOCIATED (YD%YIRAD)
(  187) WRITE (KLUN) LYIRAD
(  188) IF (LYIRAD) THEN
(  189)   CALL SAVE_TYPE_GFL_COMP (KLUN, YD%YIRAD)
(  190) ENDIF
(  191) LYLRAD = ASSOCIATED (YD%YLRAD)
(  192) WRITE (KLUN) LYLRAD
(  193) IF (LYLRAD) THEN
(  194)   CALL SAVE_TYPE_GFL_COMP (KLUN, YD%YLRAD)
(  195) ENDIF
(  196) LYS = ASSOCIATED (YD%YS)
(  197) WRITE (KLUN) LYS
(  198) IF (LYS) THEN
(  199)   CALL SAVE_TYPE_GFL_COMP (KLUN, YD%YS)
(  200) ENDIF
(  201) LYR = ASSOCIATED (YD%YR)
(  202) WRITE (KLUN) LYR
(  203) IF (LYR) THEN
(  204)   CALL SAVE_TYPE_GFL_COMP (KLUN, YD%YR)
(  205) ENDIF
(  206) LYG = ASSOCIATED (YD%YG)
(  207) WRITE (KLUN) LYG
(  208) IF (LYG) THEN
(  209)   CALL SAVE_TYPE_GFL_COMP (KLUN, YD%YG)
(  210) ENDIF
(  211) LYH = ASSOCIATED (YD%YH)
(  212) WRITE (KLUN) LYH
(  213) IF (LYH) THEN
(  214)   CALL SAVE_TYPE_GFL_COMP (KLUN, YD%YH)
(  215) ENDIF
(  216) LYTKE = ASSOCIATED (YD%YTKE)
(  217) WRITE (KLUN) LYTKE
(  218) IF (LYTKE) THEN
(  219)   CALL SAVE_TYPE_GFL_COMP (KLUN, YD%YTKE)
(  220) ENDIF
(  221) LYTTE = ASSOCIATED (YD%YTTE)
(  222) WRITE (KLUN) LYTTE
(  223) IF (LYTTE) THEN
(  224)   CALL SAVE_TYPE_GFL_COMP (KLUN, YD%YTTE)






NVFORTRAN (Version     24.5)          03/19/2025  06:54:44      page 5

(  225) ENDIF
(  226) LYEFB1 = ASSOCIATED (YD%YEFB1)
(  227) WRITE (KLUN) LYEFB1
(  228) IF (LYEFB1) THEN
(  229)   CALL SAVE_TYPE_GFL_COMP (KLUN, YD%YEFB1)
(  230) ENDIF
(  231) LYEFB2 = ASSOCIATED (YD%YEFB2)
(  232) WRITE (KLUN) LYEFB2
(  233) IF (LYEFB2) THEN
(  234)   CALL SAVE_TYPE_GFL_COMP (KLUN, YD%YEFB2)
(  235) ENDIF
(  236) LYEFB3 = ASSOCIATED (YD%YEFB3)
(  237) WRITE (KLUN) LYEFB3
(  238) IF (LYEFB3) THEN
(  239)   CALL SAVE_TYPE_GFL_COMP (KLUN, YD%YEFB3)
(  240) ENDIF
(  241) LYA = ASSOCIATED (YD%YA)
(  242) WRITE (KLUN) LYA
(  243) IF (LYA) THEN
(  244)   CALL SAVE_TYPE_GFL_COMP (KLUN, YD%YA)
(  245) ENDIF
(  246) LYO3 = ASSOCIATED (YD%YO3)
(  247) WRITE (KLUN) LYO3
(  248) IF (LYO3) THEN
(  249)   CALL SAVE_TYPE_GFL_COMP (KLUN, YD%YO3)
(  250) ENDIF
(  251) LYSRC = ASSOCIATED (YD%YSRC)
(  252) WRITE (KLUN) LYSRC
(  253) IF (LYSRC) THEN
(  254)   CALL SAVE_TYPE_GFL_COMP (KLUN, YD%YSRC)
(  255) ENDIF
(  256) LYLMF = ASSOCIATED (YD%YLMF)
(  257) WRITE (KLUN) LYLMF
(  258) IF (LYLMF) THEN
(  259)   CALL SAVE_TYPE_GFL_COMP (KLUN, YD%YLMF)
(  260) ENDIF
(  261) LYIMF = ASSOCIATED (YD%YIMF)
(  262) WRITE (KLUN) LYIMF
(  263) IF (LYIMF) THEN
(  264)   CALL SAVE_TYPE_GFL_COMP (KLUN, YD%YIMF)
(  265) ENDIF
(  266) LYAMF = ASSOCIATED (YD%YAMF)
(  267) WRITE (KLUN) LYAMF
(  268) IF (LYAMF) THEN
(  269)   CALL SAVE_TYPE_GFL_COMP (KLUN, YD%YAMF)
(  270) ENDIF
(  271) LYMXL = ASSOCIATED (YD%YMXL)
(  272) WRITE (KLUN) LYMXL
(  273) IF (LYMXL) THEN
(  274)   CALL SAVE_TYPE_GFL_COMP (KLUN, YD%YMXL)
(  275) ENDIF
(  276) LYSHTUR = ASSOCIATED (YD%YSHTUR)
(  277) WRITE (KLUN) LYSHTUR
(  278) IF (LYSHTUR) THEN
(  279)   CALL SAVE_TYPE_GFL_COMP (KLUN, YD%YSHTUR)
(  280) ENDIF
(  281) LYFQTUR = ASSOCIATED (YD%YFQTUR)
(  282) WRITE (KLUN) LYFQTUR






NVFORTRAN (Version     24.5)          03/19/2025  06:54:44      page 6

(  283) IF (LYFQTUR) THEN
(  284)   CALL SAVE_TYPE_GFL_COMP (KLUN, YD%YFQTUR)
(  285) ENDIF
(  286) LYFSTUR = ASSOCIATED (YD%YFSTUR)
(  287) WRITE (KLUN) LYFSTUR
(  288) IF (LYFSTUR) THEN
(  289)   CALL SAVE_TYPE_GFL_COMP (KLUN, YD%YFSTUR)
(  290) ENDIF
(  291) LYCPF = ASSOCIATED (YD%YCPF)
(  292) WRITE (KLUN) LYCPF
(  293) IF (LYCPF) THEN
(  294)   CALL SAVE_TYPE_GFL_COMP (KLUN, YD%YCPF)
(  295) ENDIF
(  296) LYSPF = ASSOCIATED (YD%YSPF)
(  297) WRITE (KLUN) LYSPF
(  298) IF (LYSPF) THEN
(  299)   CALL SAVE_TYPE_GFL_COMP (KLUN, YD%YSPF)
(  300) ENDIF
(  301) LYCVGQ = ASSOCIATED (YD%YCVGQ)
(  302) WRITE (KLUN) LYCVGQ
(  303) IF (LYCVGQ) THEN
(  304)   CALL SAVE_TYPE_GFL_COMP (KLUN, YD%YCVGQ)
(  305) ENDIF
(  306) LYQVA = ASSOCIATED (YD%YQVA)
(  307) WRITE (KLUN) LYQVA
(  308) IF (LYQVA) THEN
(  309)   CALL SAVE_TYPE_GFL_COMP (KLUN, YD%YQVA)
(  310) ENDIF
(  311) LYGHG = ASSOCIATED (YD%YGHG)
(  312) WRITE (KLUN) LYGHG
(  313) IF (LYGHG) THEN
(  314)   WRITE (KLUN) LBOUND (YD%YGHG)
(  315)   WRITE (KLUN) UBOUND (YD%YGHG)
(  316)   DO J1 = LBOUND (YD%YGHG, 1), UBOUND (YD%YGHG, 1)
(  317)     CALL SAVE_TYPE_GFL_COMP (KLUN, YD%YGHG (J1))
(  318)   ENDDO
(  319) ENDIF
(  320) LYCHEM = ASSOCIATED (YD%YCHEM)
(  321) WRITE (KLUN) LYCHEM
(  322) IF (LYCHEM) THEN
(  323)   WRITE (KLUN) LBOUND (YD%YCHEM)
(  324)   WRITE (KLUN) UBOUND (YD%YCHEM)
(  325)   DO J1 = LBOUND (YD%YCHEM, 1), UBOUND (YD%YCHEM, 1)
(  326)     CALL SAVE_TYPE_GFL_COMP (KLUN, YD%YCHEM (J1))
(  327)   ENDDO
(  328) ENDIF
(  329) LYAERO = ASSOCIATED (YD%YAERO)
(  330) WRITE (KLUN) LYAERO
(  331) IF (LYAERO) THEN
(  332)   WRITE (KLUN) LBOUND (YD%YAERO)
(  333)   WRITE (KLUN) UBOUND (YD%YAERO)
(  334)   DO J1 = LBOUND (YD%YAERO, 1), UBOUND (YD%YAERO, 1)
(  335)     CALL SAVE_TYPE_GFL_COMP (KLUN, YD%YAERO (J1))
(  336)   ENDDO
(  337) ENDIF
(  338) LYLRCH4 = ASSOCIATED (YD%YLRCH4)
(  339) WRITE (KLUN) LYLRCH4
(  340) IF (LYLRCH4) THEN






NVFORTRAN (Version     24.5)          03/19/2025  06:54:44      page 7

(  341)   CALL SAVE_TYPE_GFL_COMP (KLUN, YD%YLRCH4)
(  342) ENDIF
(  343) LYEMIS3D = ASSOCIATED (YD%YEMIS3D)
(  344) WRITE (KLUN) LYEMIS3D
(  345) IF (LYEMIS3D) THEN
(  346)   WRITE (KLUN) LBOUND (YD%YEMIS3D)
(  347)   WRITE (KLUN) UBOUND (YD%YEMIS3D)
(  348)   DO J1 = LBOUND (YD%YEMIS3D, 1), UBOUND (YD%YEMIS3D, 1)
(  349)     CALL SAVE_TYPE_GFL_COMP (KLUN, YD%YEMIS3D (J1))
(  350)   ENDDO
(  351) ENDIF
(  352) LYFORC = ASSOCIATED (YD%YFORC)
(  353) WRITE (KLUN) LYFORC
(  354) IF (LYFORC) THEN
(  355)   WRITE (KLUN) LBOUND (YD%YFORC)
(  356)   WRITE (KLUN) UBOUND (YD%YFORC)
(  357)   DO J1 = LBOUND (YD%YFORC, 1), UBOUND (YD%YFORC, 1)
(  358)     CALL SAVE_TYPE_GFL_COMP (KLUN, YD%YFORC (J1))
(  359)   ENDDO
(  360) ENDIF
(  361) LYEZDIAG = ASSOCIATED (YD%YEZDIAG)
(  362) WRITE (KLUN) LYEZDIAG
(  363) IF (LYEZDIAG) THEN
(  364)   WRITE (KLUN) LBOUND (YD%YEZDIAG)
(  365)   WRITE (KLUN) UBOUND (YD%YEZDIAG)
(  366)   DO J1 = LBOUND (YD%YEZDIAG, 1), UBOUND (YD%YEZDIAG, 1)
(  367)     CALL SAVE_TYPE_GFL_COMP (KLUN, YD%YEZDIAG (J1))
(  368)   ENDDO
(  369) ENDIF
(  370) LYERA40 = ASSOCIATED (YD%YERA40)
(  371) WRITE (KLUN) LYERA40
(  372) IF (LYERA40) THEN
(  373)   WRITE (KLUN) LBOUND (YD%YERA40)
(  374)   WRITE (KLUN) UBOUND (YD%YERA40)
(  375)   DO J1 = LBOUND (YD%YERA40, 1), UBOUND (YD%YERA40, 1)
(  376)     CALL SAVE_TYPE_GFL_COMP (KLUN, YD%YERA40 (J1))
(  377)   ENDDO
(  378) ENDIF
(  379) LYNOGW = ASSOCIATED (YD%YNOGW)
(  380) WRITE (KLUN) LYNOGW
(  381) IF (LYNOGW) THEN
(  382)   WRITE (KLUN) LBOUND (YD%YNOGW)
(  383)   WRITE (KLUN) UBOUND (YD%YNOGW)
(  384)   DO J1 = LBOUND (YD%YNOGW, 1), UBOUND (YD%YNOGW, 1)
(  385)     CALL SAVE_TYPE_GFL_COMP (KLUN, YD%YNOGW (J1))
(  386)   ENDDO
(  387) ENDIF
(  388) LYEDRP = ASSOCIATED (YD%YEDRP)
(  389) WRITE (KLUN) LYEDRP
(  390) IF (LYEDRP) THEN
(  391)   WRITE (KLUN) LBOUND (YD%YEDRP)
(  392)   WRITE (KLUN) UBOUND (YD%YEDRP)
(  393)   DO J1 = LBOUND (YD%YEDRP, 1), UBOUND (YD%YEDRP, 1)
(  394)     CALL SAVE_TYPE_GFL_COMP (KLUN, YD%YEDRP (J1))
(  395)   ENDDO
(  396) ENDIF
(  397) LYSLDIA = ASSOCIATED (YD%YSLDIA)
(  398) WRITE (KLUN) LYSLDIA






NVFORTRAN (Version     24.5)          03/19/2025  06:54:44      page 8

(  399) IF (LYSLDIA) THEN
(  400)   WRITE (KLUN) LBOUND (YD%YSLDIA)
(  401)   WRITE (KLUN) UBOUND (YD%YSLDIA)
(  402)   DO J1 = LBOUND (YD%YSLDIA, 1), UBOUND (YD%YSLDIA, 1)
(  403)     CALL SAVE_TYPE_GFL_COMP (KLUN, YD%YSLDIA (J1))
(  404)   ENDDO
(  405) ENDIF
(  406) LYAERAOT = ASSOCIATED (YD%YAERAOT)
(  407) WRITE (KLUN) LYAERAOT
(  408) IF (LYAERAOT) THEN
(  409)   WRITE (KLUN) LBOUND (YD%YAERAOT)
(  410)   WRITE (KLUN) UBOUND (YD%YAERAOT)
(  411)   DO J1 = LBOUND (YD%YAERAOT, 1), UBOUND (YD%YAERAOT, 1)
(  412)     CALL SAVE_TYPE_GFL_COMP (KLUN, YD%YAERAOT (J1))
(  413)   ENDDO
(  414) ENDIF
(  415) LYAERLISI = ASSOCIATED (YD%YAERLISI)
(  416) WRITE (KLUN) LYAERLISI
(  417) IF (LYAERLISI) THEN
(  418)   WRITE (KLUN) LBOUND (YD%YAERLISI)
(  419)   WRITE (KLUN) UBOUND (YD%YAERLISI)
(  420)   DO J1 = LBOUND (YD%YAERLISI, 1), UBOUND (YD%YAERLISI, 1)
(  421)     CALL SAVE_TYPE_GFL_COMP (KLUN, YD%YAERLISI (J1))
(  422)   ENDDO
(  423) ENDIF
(  424) LYAEROUT = ASSOCIATED (YD%YAEROUT)
(  425) WRITE (KLUN) LYAEROUT
(  426) IF (LYAEROUT) THEN
(  427)   WRITE (KLUN) LBOUND (YD%YAEROUT)
(  428)   WRITE (KLUN) UBOUND (YD%YAEROUT)
(  429)   DO J1 = LBOUND (YD%YAEROUT, 1), UBOUND (YD%YAEROUT, 1)
(  430)     CALL SAVE_TYPE_GFL_COMP (KLUN, YD%YAEROUT (J1))
(  431)   ENDDO
(  432) ENDIF
(  433) LYAEROCLIM = ASSOCIATED (YD%YAEROCLIM)
(  434) WRITE (KLUN) LYAEROCLIM
(  435) IF (LYAEROCLIM) THEN
(  436)   WRITE (KLUN) LBOUND (YD%YAEROCLIM)
(  437)   WRITE (KLUN) UBOUND (YD%YAEROCLIM)
(  438)   DO J1 = LBOUND (YD%YAEROCLIM, 1), UBOUND (YD%YAEROCLIM, 1)
(  439)     CALL SAVE_TYPE_GFL_COMP (KLUN, YD%YAEROCLIM (J1))
(  440)   ENDDO
(  441) ENDIF
(  442) LYUVP = ASSOCIATED (YD%YUVP)
(  443) WRITE (KLUN) LYUVP
(  444) IF (LYUVP) THEN
(  445)   WRITE (KLUN) LBOUND (YD%YUVP)
(  446)   WRITE (KLUN) UBOUND (YD%YUVP)
(  447)   DO J1 = LBOUND (YD%YUVP, 1), UBOUND (YD%YUVP, 1)
(  448)     CALL SAVE_TYPE_GFL_COMP (KLUN, YD%YUVP (J1))
(  449)   ENDDO
(  450) ENDIF
(  451) LYPHYS = ASSOCIATED (YD%YPHYS)
(  452) WRITE (KLUN) LYPHYS
(  453) IF (LYPHYS) THEN
(  454)   WRITE (KLUN) LBOUND (YD%YPHYS)
(  455)   WRITE (KLUN) UBOUND (YD%YPHYS)
(  456)   DO J1 = LBOUND (YD%YPHYS, 1), UBOUND (YD%YPHYS, 1)






NVFORTRAN (Version     24.5)          03/19/2025  06:54:44      page 9

(  457)     CALL SAVE_TYPE_GFL_COMP (KLUN, YD%YPHYS (J1))
(  458)   ENDDO
(  459) ENDIF
(  460) LYPHYCTY = ASSOCIATED (YD%YPHYCTY)
(  461) WRITE (KLUN) LYPHYCTY
(  462) IF (LYPHYCTY) THEN
(  463)   CALL SAVE_TYPE_GFL_COMP (KLUN, YD%YPHYCTY)
(  464) ENDIF
(  465) LYRSPEC = ASSOCIATED (YD%YRSPEC)
(  466) WRITE (KLUN) LYRSPEC
(  467) IF (LYRSPEC) THEN
(  468)   CALL SAVE_TYPE_GFL_COMP (KLUN, YD%YRSPEC)
(  469) ENDIF
(  470) LYSDSAT = ASSOCIATED (YD%YSDSAT)
(  471) WRITE (KLUN) LYSDSAT
(  472) IF (LYSDSAT) THEN
(  473)   CALL SAVE_TYPE_GFL_COMP (KLUN, YD%YSDSAT)
(  474) ENDIF
(  475) LYCVV = ASSOCIATED (YD%YCVV)
(  476) WRITE (KLUN) LYCVV
(  477) IF (LYCVV) THEN
(  478)   CALL SAVE_TYPE_GFL_COMP (KLUN, YD%YCVV)
(  479) ENDIF
(  480) LYRKTH = ASSOCIATED (YD%YRKTH)
(  481) WRITE (KLUN) LYRKTH
(  482) IF (LYRKTH) THEN
(  483)   CALL SAVE_TYPE_GFL_COMP (KLUN, YD%YRKTH)
(  484) ENDIF
(  485) LYRKTQV = ASSOCIATED (YD%YRKTQV)
(  486) WRITE (KLUN) LYRKTQV
(  487) IF (LYRKTQV) THEN
(  488)   CALL SAVE_TYPE_GFL_COMP (KLUN, YD%YRKTQV)
(  489) ENDIF
(  490) LYRKTQC = ASSOCIATED (YD%YRKTQC)
(  491) WRITE (KLUN) LYRKTQC
(  492) IF (LYRKTQC) THEN
(  493)   CALL SAVE_TYPE_GFL_COMP (KLUN, YD%YRKTQC)
(  494) ENDIF
(  495) LYUOM = ASSOCIATED (YD%YUOM)
(  496) WRITE (KLUN) LYUOM
(  497) IF (LYUOM) THEN
(  498)   CALL SAVE_TYPE_GFL_COMP (KLUN, YD%YUOM)
(  499) ENDIF
(  500) LYUAL = ASSOCIATED (YD%YUAL)
(  501) WRITE (KLUN) LYUAL
(  502) IF (LYUAL) THEN
(  503)   CALL SAVE_TYPE_GFL_COMP (KLUN, YD%YUAL)
(  504) ENDIF
(  505) LYDOM = ASSOCIATED (YD%YDOM)
(  506) WRITE (KLUN) LYDOM
(  507) IF (LYDOM) THEN
(  508)   CALL SAVE_TYPE_GFL_COMP (KLUN, YD%YDOM)
(  509) ENDIF
(  510) LYDAL = ASSOCIATED (YD%YDAL)
(  511) WRITE (KLUN) LYDAL
(  512) IF (LYDAL) THEN
(  513)   CALL SAVE_TYPE_GFL_COMP (KLUN, YD%YDAL)
(  514) ENDIF






NVFORTRAN (Version     24.5)          03/19/2025  06:54:44      page 10

(  515) LYUEN = ASSOCIATED (YD%YUEN)
(  516) WRITE (KLUN) LYUEN
(  517) IF (LYUEN) THEN
(  518)   CALL SAVE_TYPE_GFL_COMP (KLUN, YD%YUEN)
(  519) ENDIF
(  520) LYUNEBH = ASSOCIATED (YD%YUNEBH)
(  521) WRITE (KLUN) LYUNEBH
(  522) IF (LYUNEBH) THEN
(  523)   CALL SAVE_TYPE_GFL_COMP (KLUN, YD%YUNEBH)
(  524) ENDIF
(  525) LYLIMA = ASSOCIATED (YD%YLIMA)
(  526) WRITE (KLUN) LYLIMA
(  527) IF (LYLIMA) THEN
(  528)   WRITE (KLUN) LBOUND (YD%YLIMA)
(  529)   WRITE (KLUN) UBOUND (YD%YLIMA)
(  530)   DO J1 = LBOUND (YD%YLIMA, 1), UBOUND (YD%YLIMA, 1)
(  531)     CALL SAVE_TYPE_GFL_COMP (KLUN, YD%YLIMA (J1))
(  532)   ENDDO
(  533) ENDIF
(  534) LYFSD = ASSOCIATED (YD%YFSD)
(  535) WRITE (KLUN) LYFSD
(  536) IF (LYFSD) THEN
(  537)   CALL SAVE_TYPE_GFL_COMP (KLUN, YD%YFSD)
(  538) ENDIF
(  539) LYEXT = ASSOCIATED (YD%YEXT)
(  540) WRITE (KLUN) LYEXT
(  541) IF (LYEXT) THEN
(  542)   WRITE (KLUN) LBOUND (YD%YEXT)
(  543)   WRITE (KLUN) UBOUND (YD%YEXT)
(  544)   DO J1 = LBOUND (YD%YEXT, 1), UBOUND (YD%YEXT, 1)
(  545)     CALL SAVE_TYPE_GFL_COMP (KLUN, YD%YEXT (J1))
(  546)   ENDDO
(  547) ENDIF
(  548) CALL SAVE_TYPE_GFL_NAML (KLUN, YD%YQ_NL)
(  549) CALL SAVE_TYPE_GFL_NAML (KLUN, YD%YI_NL)
(  550) CALL SAVE_TYPE_GFL_NAML (KLUN, YD%YL_NL)
(  551) CALL SAVE_TYPE_GFL_NAML (KLUN, YD%YLCONV_NL)
(  552) CALL SAVE_TYPE_GFL_NAML (KLUN, YD%YICONV_NL)
(  553) CALL SAVE_TYPE_GFL_NAML (KLUN, YD%YRCONV_NL)
(  554) CALL SAVE_TYPE_GFL_NAML (KLUN, YD%YSCONV_NL)
(  555) CALL SAVE_TYPE_GFL_NAML (KLUN, YD%YIRAD_NL)
(  556) CALL SAVE_TYPE_GFL_NAML (KLUN, YD%YLRAD_NL)
(  557) CALL SAVE_TYPE_GFL_NAML (KLUN, YD%YS_NL)
(  558) CALL SAVE_TYPE_GFL_NAML (KLUN, YD%YR_NL)
(  559) CALL SAVE_TYPE_GFL_NAML (KLUN, YD%YG_NL)
(  560) CALL SAVE_TYPE_GFL_NAML (KLUN, YD%YH_NL)
(  561) CALL SAVE_TYPE_GFL_NAML (KLUN, YD%YTKE_NL)
(  562) CALL SAVE_TYPE_GFL_NAML (KLUN, YD%YTTE_NL)
(  563) CALL SAVE_TYPE_GFL_NAML (KLUN, YD%YEFB1_NL)
(  564) CALL SAVE_TYPE_GFL_NAML (KLUN, YD%YEFB2_NL)
(  565) CALL SAVE_TYPE_GFL_NAML (KLUN, YD%YEFB3_NL)
(  566) CALL SAVE_TYPE_GFL_NAML (KLUN, YD%YA_NL)
(  567) CALL SAVE_TYPE_GFL_NAML (KLUN, YD%YO3_NL)
(  568) CALL SAVE_TYPE_GFL_NAML (KLUN, YD%YSRC_NL)
(  569) CALL SAVE_TYPE_GFL_NAML (KLUN, YD%YAMF_NL)
(  570) CALL SAVE_TYPE_GFL_NAML (KLUN, YD%YLMF_NL)
(  571) CALL SAVE_TYPE_GFL_NAML (KLUN, YD%YIMF_NL)
(  572) CALL SAVE_TYPE_GFL_NAML (KLUN, YD%YMXL_NL)






NVFORTRAN (Version     24.5)          03/19/2025  06:54:44      page 11

(  573) CALL SAVE_TYPE_GFL_NAML (KLUN, YD%YSHTUR_NL)
(  574) CALL SAVE_TYPE_GFL_NAML (KLUN, YD%YFQTUR_NL)
(  575) CALL SAVE_TYPE_GFL_NAML (KLUN, YD%YFSTUR_NL)
(  576) CALL SAVE_TYPE_GFL_NAML (KLUN, YD%YCPF_NL)
(  577) CALL SAVE_TYPE_GFL_NAML (KLUN, YD%YSPF_NL)
(  578) CALL SAVE_TYPE_GFL_NAML (KLUN, YD%YCVGQ_NL)
(  579) CALL SAVE_TYPE_GFL_NAML (KLUN, YD%YQVA_NL)
(  580) DO J1 = LBOUND (YD%YGHG_NL, 1), UBOUND (YD%YGHG_NL, 1)
(  581)   CALL SAVE_TYPE_GFL_NAML (KLUN, YD%YGHG_NL (J1))
(  582) ENDDO
(  583) DO J1 = LBOUND (YD%YCHEM_NL, 1), UBOUND (YD%YCHEM_NL, 1)
(  584)   CALL SAVE_TYPE_GFL_NAML (KLUN, YD%YCHEM_NL (J1))
(  585) ENDDO
(  586) DO J1 = LBOUND (YD%YAERO_NL, 1), UBOUND (YD%YAERO_NL, 1)
(  587)   CALL SAVE_TYPE_GFL_NAML (KLUN, YD%YAERO_NL (J1))
(  588) ENDDO
(  589) DO J1 = LBOUND (YD%YERA40_NL, 1), UBOUND (YD%YERA40_NL, 1)
(  590)   CALL SAVE_TYPE_GFL_NAML (KLUN, YD%YERA40_NL (J1))
(  591) ENDDO
(  592) DO J1 = LBOUND (YD%YNOGW_NL, 1), UBOUND (YD%YNOGW_NL, 1)
(  593)   CALL SAVE_TYPE_GFL_NAML (KLUN, YD%YNOGW_NL (J1))
(  594) ENDDO
(  595) DO J1 = LBOUND (YD%YEDRP_NL, 1), UBOUND (YD%YEDRP_NL, 1)
(  596)   CALL SAVE_TYPE_GFL_NAML (KLUN, YD%YEDRP_NL (J1))
(  597) ENDDO
(  598) DO J1 = LBOUND (YD%YSLDIA_NL, 1), UBOUND (YD%YSLDIA_NL, 1)
(  599)   CALL SAVE_TYPE_GFL_NAML (KLUN, YD%YSLDIA_NL (J1))
(  600) ENDDO
(  601) CALL SAVE_TYPE_GFL_NAML (KLUN, YD%YLRCH4_NL)
(  602) DO J1 = LBOUND (YD%YAERAOT_NL, 1), UBOUND (YD%YAERAOT_NL, 1)
(  603)   CALL SAVE_TYPE_GFL_NAML (KLUN, YD%YAERAOT_NL (J1))
(  604) ENDDO
(  605) DO J2 = LBOUND (YD%YAERLISI_NL, 2), UBOUND (YD%YAERLISI_NL, 2)
(  606)   DO J1 = LBOUND (YD%YAERLISI_NL, 1), UBOUND (YD%YAERLISI_NL, 1)
(  607)     CALL SAVE_TYPE_GFL_NAML (KLUN, YD%YAERLISI_NL (J1, J2))
(  608)   ENDDO
(  609) ENDDO
(  610) DO J1 = LBOUND (YD%YAEROUT_NL, 1), UBOUND (YD%YAEROUT_NL, 1)
(  611)   CALL SAVE_TYPE_GFL_NAML (KLUN, YD%YAEROUT_NL (J1))
(  612) ENDDO
(  613) DO J1 = LBOUND (YD%YAEROCLIM_NL, 1), UBOUND (YD%YAEROCLIM_NL, 1)
(  614)   CALL SAVE_TYPE_GFL_NAML (KLUN, YD%YAEROCLIM_NL (J1))
(  615) ENDDO
(  616) DO J1 = LBOUND (YD%YUVP_NL, 1), UBOUND (YD%YUVP_NL, 1)
(  617)   CALL SAVE_TYPE_GFL_NAML (KLUN, YD%YUVP_NL (J1))
(  618) ENDDO
(  619) CALL SAVE_TYPE_GFL_NAML (KLUN, YD%YRKTH_NL)
(  620) CALL SAVE_TYPE_GFL_NAML (KLUN, YD%YRKTQV_NL)
(  621) CALL SAVE_TYPE_GFL_NAML (KLUN, YD%YRKTQC_NL)
(  622) CALL SAVE_TYPE_GFL_NAML (KLUN, YD%YPHYCTY_NL)
(  623) CALL SAVE_TYPE_GFL_NAML (KLUN, YD%YFSD_NL)
(  624) CALL SAVE_TYPE_GFL_NAML (KLUN, YD%YRSPEC_NL)
(  625) CALL SAVE_TYPE_GFL_NAML (KLUN, YD%YSDSAT_NL)
(  626) CALL SAVE_TYPE_GFL_NAML (KLUN, YD%YCVV_NL)
(  627) DO J1 = LBOUND (YD%YFORC_NL, 1), UBOUND (YD%YFORC_NL, 1)
(  628)   CALL SAVE_TYPE_GFL_NAML (KLUN, YD%YFORC_NL (J1))
(  629) ENDDO
(  630) DO J1 = LBOUND (YD%YEZDIAG_NL, 1), UBOUND (YD%YEZDIAG_NL, 1)






NVFORTRAN (Version     24.5)          03/19/2025  06:54:44      page 12

(  631)   CALL SAVE_TYPE_GFL_NAML (KLUN, YD%YEZDIAG_NL (J1))
(  632) ENDDO
(  633) DO J1 = LBOUND (YD%YEXT_NL, 1), UBOUND (YD%YEXT_NL, 1)
(  634)   CALL SAVE_TYPE_GFL_NAML (KLUN, YD%YEXT_NL (J1))
(  635) ENDDO
(  636) CALL SAVE_TYPE_GFL_NAML (KLUN, YD%YUOM_NL)
(  637) CALL SAVE_TYPE_GFL_NAML (KLUN, YD%YUAL_NL)
(  638) CALL SAVE_TYPE_GFL_NAML (KLUN, YD%YDOM_NL)
(  639) CALL SAVE_TYPE_GFL_NAML (KLUN, YD%YDAL_NL)
(  640) CALL SAVE_TYPE_GFL_NAML (KLUN, YD%YUEN_NL)
(  641) CALL SAVE_TYPE_GFL_NAML (KLUN, YD%YUNEBH_NL)
(  642) DO J1 = LBOUND (YD%YAERO_WVL_DIAG_NL, 1), UBOUND (YD%YAERO_WVL_DIAG_NL, 1)
(  643)   CALL SAVE_TYPE_AERO_WVL_DIAG (KLUN, YD%YAERO_WVL_DIAG_NL (J1))
(  644) ENDDO
(  645) DO J1 = LBOUND (YD%YLIMA_NL, 1), UBOUND (YD%YLIMA_NL, 1)
(  646)   CALL SAVE_TYPE_GFL_NAML (KLUN, YD%YLIMA_NL (J1))
(  647) ENDDO
(  648) END SUBROUTINE
(  649) 
(  650) SUBROUTINE LOAD_TYPE_GFLD (KLUN, YD)
(  651) USE UTIL_TYPE_AERO_WVL_DIAG_MOD
(  652) USE UTIL_TYPE_GFL_COMP_MOD
(  653) USE UTIL_TYPE_GFL_NAML_MOD
(  654) USE PARKIND1, ONLY : JPRD
(  655) 
(  656) IMPLICIT NONE
(  657) INTEGER, INTENT (IN) :: KLUN
(  658) TYPE (TYPE_GFLD), INTENT (OUT), TARGET :: YD
(  659) INTEGER :: J1, J2
(  660) INTEGER :: IL1(1), IU1(1)
(  661) LOGICAL :: LYA, LYAERAOT, LYAERLISI, LYAERO, LYAEROCLIM, LYAEROUT, LYAMF, LYCHEM, LYCPF, LYCVGQ
(  662) LOGICAL :: LYCVV, LYDAL, LYDOM, LYEDRP, LYEFB1, LYEFB2, LYEFB3, LYEMIS3D, LYERA40, LYEXT
(  663) LOGICAL :: LYEZDIAG, LYFORC, LYFQTUR, LYFSD, LYFSTUR, LYG, LYGHG, LYH, LYI, LYICONV
(  664) LOGICAL :: LYIMF, LYIRAD, LYL, LYLASTCOMP, LYLCONV, LYLIMA, LYLMF, LYLRAD, LYLRCH4, LYMXL
(  665) LOGICAL :: LYNOGW, LYO3, LYPHYCTY, LYPHYS, LYQ, LYQVA, LYR, LYRCONV, LYRKTH, LYRKTQC
(  666) LOGICAL :: LYRKTQV, LYRSPEC, LYS, LYSCONV, LYSDSAT, LYSHTUR, LYSLDIA, LYSPF, LYSRC, LYTKE
(  667) LOGICAL :: LYTTE, LYUAL, LYUEN, LYUNEBH, LYUOM, LYUVP
(  668) REAL(KIND=JPRD) :: ZTMP0
(  669) READ (KLUN) YD%NUMFLDS
(  670) READ (KLUN) YD%NDERS
(  671) READ (KLUN) YD%NUMSPFLDS
(  672) READ (KLUN) YD%NUMGPFLDS
(  673) READ (KLUN) YD%NUMFLDS9
(  674) READ (KLUN) YD%NUMFLDS1
(  675) READ (KLUN) YD%NUMSPFLDS1
(  676) READ (KLUN) YD%NUMFLDS5
(  677) READ (KLUN) YD%NUMFLDSPHY
(  678) READ (KLUN) YD%NUMFLDS_SPL
(  679) READ (KLUN) YD%NUMFLDS_SL1
(  680) READ (KLUN) YD%NUMFLDSPC
(  681) READ (KLUN) YD%NDIM
(  682) READ (KLUN) YD%NUMFLDSPT
(  683) READ (KLUN) YD%NDIM0
(  684) READ (KLUN) YD%NDIM9
(  685) READ (KLUN) YD%NDIM1
(  686) READ (KLUN) YD%NDIM5
(  687) READ (KLUN) YD%NDIMSLP
(  688) READ (KLUN) YD%NDIM_SPL






NVFORTRAN (Version     24.5)          03/19/2025  06:54:44      page 13

(  689) READ (KLUN) YD%NDIMPT
(  690) READ (KLUN) YD%NDIMPC
(  691) READ (KLUN) YD%NGFL_EXT
(  692) READ (KLUN) YD%NGFL_FORC
(  693) READ (KLUN) YD%NGFL_EZDIAG
(  694) READ (KLUN) YD%NGHG
(  695) READ (KLUN) YD%NGHG_ASSIM
(  696) READ (KLUN) YD%NAERO
(  697) READ (KLUN) YD%NACTAERO
(  698) READ (KLUN) YD%NDDHAERO
(  699) READ (KLUN) YD%NERA40
(  700) READ (KLUN) YD%NNOGW
(  701) READ (KLUN) YD%NEDRP
(  702) READ (KLUN) YD%NAEROUT
(  703) READ (KLUN) YD%NAEROCLIM
(  704) READ (KLUN) YD%NUVP
(  705) READ (KLUN) YD%NSLDIA
(  706) READ (KLUN) YD%NSLDIAGP
(  707) READ (KLUN) YD%NFSD
(  708) READ (KLUN) YD%LAERCHEM
(  709) READ (KLUN) YD%LTRCMFIX
(  710) READ (KLUN) YD%LTRCMFIX_PS
(  711) READ (KLUN) YD%LTRCMFQM
(  712) READ (KLUN) YD%LAERAOT
(  713) READ (KLUN) YD%LAERLISI
(  714) READ (KLUN) YD%LAEROUT
(  715) READ (KLUN) YD%LAEROCLIM
(  716) READ (KLUN) YD%LUVPOUT
(  717) READ (KLUN) YD%LSPPTGFL
(  718) READ (KLUN) YD%NGEMS
(  719) READ (KLUN) YD%NCHEM
(  720) READ (KLUN) YD%NCHEM_ASSIM
(  721) READ (KLUN) YD%NCHEM_FLXO
(  722) READ (KLUN) YD%NCHEM_WDFLX
(  723) READ (KLUN) YD%NCHEM_DDFLX
(  724) READ (KLUN) YD%NCHEM_DV
(  725) READ (KLUN) YD%NCHEM_TC
(  726) READ (KLUN) YD%NCHEM_SCV
(  727) READ (KLUN) YD%NEMIS2D
(  728) READ (KLUN) YD%NEMIS2DAUX
(  729) READ (KLUN) YD%NEMIS3D
(  730) READ (KLUN) YD%NLIMA
(  731) READ (KLUN) YD%NAERO_WVL_DIAG
(  732) READ (KLUN) YD%NAERO_WVL_DIAG_TYPES
(  733) READ (KLUN) YD%NCHEMSULF1
(  734) READ (KLUN) YD%NCHEMHNO3
(  735) READ (KLUN) YD%NNEGAFIX
(  736) READ (KLUN) YD%NOPTNEGFIX
(  737) READ (KLUN) YD%LQM3DCONS
(  738) READ (KLUN) YD%LADVNEGFIX
(  739) READ (KLUN) YD%LTRCMFBC
(  740) READ (KLUN) YD%LTRCMFPR
(  741) READ (KLUN) YD%LTRCMFMG
(  742) READ (KLUN) YD%LTRCMFP
(  743) READ (KLUN) YD%LTRCMFA_DIF
(  744) READ (KLUN) YD%LTRCMFA_LAP
(  745) READ (KLUN) YD%LTRCMFA_VER
(  746) READ (KLUN) YD%LEXTRADF






NVFORTRAN (Version     24.5)          03/19/2025  06:54:44      page 14

(  747) READ (KLUN) YD%NFLDSFIX
(  748) READ (KLUN) YD%NOPTMFBC
(  749) READ (KLUN) YD%NOPTMFPR
(  750) READ (KLUN) YD%NOPTVFE
(  751) READ (KLUN) YD%NMFDIAGLEV
(  752) READ (KLUN) YD%NMFIXFLDS
(  753) READ (KLUN) YD%NNEGFLDS
(  754) READ (KLUN) ZTMP0
(  755) YD%ZMFIXEPS = ZTMP0
(  756) READ (KLUN) YD%NFMG
(  757) READ (KLUN) YD%NMGFLDS
(  758) DO J1 = LBOUND (YD%YCOMP, 1), UBOUND (YD%YCOMP, 1)
(  759)   CALL LOAD_TYPE_GFL_COMP (KLUN, YD%YCOMP (J1))
(  760) ENDDO
(  761) READ (KLUN) LYLASTCOMP
(  762) IF (LYLASTCOMP) THEN
(  763)   ALLOCATE (YD%YLASTCOMP)
(  764)   CALL LOAD_TYPE_GFL_COMP (KLUN, YD%YLASTCOMP)
(  765) ELSE
(  766)   NULLIFY (YD%YLASTCOMP)
(  767) ENDIF
(  768) READ (KLUN) LYQ
(  769) IF (LYQ) THEN
(  770)   ALLOCATE (YD%YQ)
(  771)   CALL LOAD_TYPE_GFL_COMP (KLUN, YD%YQ)
(  772) ELSE
(  773)   NULLIFY (YD%YQ)
(  774) ENDIF
(  775) READ (KLUN) LYI
(  776) IF (LYI) THEN
(  777)   ALLOCATE (YD%YI)
(  778)   CALL LOAD_TYPE_GFL_COMP (KLUN, YD%YI)
(  779) ELSE
(  780)   NULLIFY (YD%YI)
(  781) ENDIF
(  782) READ (KLUN) LYL
(  783) IF (LYL) THEN
(  784)   ALLOCATE (YD%YL)
(  785)   CALL LOAD_TYPE_GFL_COMP (KLUN, YD%YL)
(  786) ELSE
(  787)   NULLIFY (YD%YL)
(  788) ENDIF
(  789) READ (KLUN) LYLCONV
(  790) IF (LYLCONV) THEN
(  791)   ALLOCATE (YD%YLCONV)
(  792)   CALL LOAD_TYPE_GFL_COMP (KLUN, YD%YLCONV)
(  793) ELSE
(  794)   NULLIFY (YD%YLCONV)
(  795) ENDIF
(  796) READ (KLUN) LYICONV
(  797) IF (LYICONV) THEN
(  798)   ALLOCATE (YD%YICONV)
(  799)   CALL LOAD_TYPE_GFL_COMP (KLUN, YD%YICONV)
(  800) ELSE
(  801)   NULLIFY (YD%YICONV)
(  802) ENDIF
(  803) READ (KLUN) LYRCONV
(  804) IF (LYRCONV) THEN






NVFORTRAN (Version     24.5)          03/19/2025  06:54:44      page 15

(  805)   ALLOCATE (YD%YRCONV)
(  806)   CALL LOAD_TYPE_GFL_COMP (KLUN, YD%YRCONV)
(  807) ELSE
(  808)   NULLIFY (YD%YRCONV)
(  809) ENDIF
(  810) READ (KLUN) LYSCONV
(  811) IF (LYSCONV) THEN
(  812)   ALLOCATE (YD%YSCONV)
(  813)   CALL LOAD_TYPE_GFL_COMP (KLUN, YD%YSCONV)
(  814) ELSE
(  815)   NULLIFY (YD%YSCONV)
(  816) ENDIF
(  817) READ (KLUN) LYIRAD
(  818) IF (LYIRAD) THEN
(  819)   ALLOCATE (YD%YIRAD)
(  820)   CALL LOAD_TYPE_GFL_COMP (KLUN, YD%YIRAD)
(  821) ELSE
(  822)   NULLIFY (YD%YIRAD)
(  823) ENDIF
(  824) READ (KLUN) LYLRAD
(  825) IF (LYLRAD) THEN
(  826)   ALLOCATE (YD%YLRAD)
(  827)   CALL LOAD_TYPE_GFL_COMP (KLUN, YD%YLRAD)
(  828) ELSE
(  829)   NULLIFY (YD%YLRAD)
(  830) ENDIF
(  831) READ (KLUN) LYS
(  832) IF (LYS) THEN
(  833)   ALLOCATE (YD%YS)
(  834)   CALL LOAD_TYPE_GFL_COMP (KLUN, YD%YS)
(  835) ELSE
(  836)   NULLIFY (YD%YS)
(  837) ENDIF
(  838) READ (KLUN) LYR
(  839) IF (LYR) THEN
(  840)   ALLOCATE (YD%YR)
(  841)   CALL LOAD_TYPE_GFL_COMP (KLUN, YD%YR)
(  842) ELSE
(  843)   NULLIFY (YD%YR)
(  844) ENDIF
(  845) READ (KLUN) LYG
(  846) IF (LYG) THEN
(  847)   ALLOCATE (YD%YG)
(  848)   CALL LOAD_TYPE_GFL_COMP (KLUN, YD%YG)
(  849) ELSE
(  850)   NULLIFY (YD%YG)
(  851) ENDIF
(  852) READ (KLUN) LYH
(  853) IF (LYH) THEN
(  854)   ALLOCATE (YD%YH)
(  855)   CALL LOAD_TYPE_GFL_COMP (KLUN, YD%YH)
(  856) ELSE
(  857)   NULLIFY (YD%YH)
(  858) ENDIF
(  859) READ (KLUN) LYTKE
(  860) IF (LYTKE) THEN
(  861)   ALLOCATE (YD%YTKE)
(  862)   CALL LOAD_TYPE_GFL_COMP (KLUN, YD%YTKE)






NVFORTRAN (Version     24.5)          03/19/2025  06:54:44      page 16

(  863) ELSE
(  864)   NULLIFY (YD%YTKE)
(  865) ENDIF
(  866) READ (KLUN) LYTTE
(  867) IF (LYTTE) THEN
(  868)   ALLOCATE (YD%YTTE)
(  869)   CALL LOAD_TYPE_GFL_COMP (KLUN, YD%YTTE)
(  870) ELSE
(  871)   NULLIFY (YD%YTTE)
(  872) ENDIF
(  873) READ (KLUN) LYEFB1
(  874) IF (LYEFB1) THEN
(  875)   ALLOCATE (YD%YEFB1)
(  876)   CALL LOAD_TYPE_GFL_COMP (KLUN, YD%YEFB1)
(  877) ELSE
(  878)   NULLIFY (YD%YEFB1)
(  879) ENDIF
(  880) READ (KLUN) LYEFB2
(  881) IF (LYEFB2) THEN
(  882)   ALLOCATE (YD%YEFB2)
(  883)   CALL LOAD_TYPE_GFL_COMP (KLUN, YD%YEFB2)
(  884) ELSE
(  885)   NULLIFY (YD%YEFB2)
(  886) ENDIF
(  887) READ (KLUN) LYEFB3
(  888) IF (LYEFB3) THEN
(  889)   ALLOCATE (YD%YEFB3)
(  890)   CALL LOAD_TYPE_GFL_COMP (KLUN, YD%YEFB3)
(  891) ELSE
(  892)   NULLIFY (YD%YEFB3)
(  893) ENDIF
(  894) READ (KLUN) LYA
(  895) IF (LYA) THEN
(  896)   ALLOCATE (YD%YA)
(  897)   CALL LOAD_TYPE_GFL_COMP (KLUN, YD%YA)
(  898) ELSE
(  899)   NULLIFY (YD%YA)
(  900) ENDIF
(  901) READ (KLUN) LYO3
(  902) IF (LYO3) THEN
(  903)   ALLOCATE (YD%YO3)
(  904)   CALL LOAD_TYPE_GFL_COMP (KLUN, YD%YO3)
(  905) ELSE
(  906)   NULLIFY (YD%YO3)
(  907) ENDIF
(  908) READ (KLUN) LYSRC
(  909) IF (LYSRC) THEN
(  910)   ALLOCATE (YD%YSRC)
(  911)   CALL LOAD_TYPE_GFL_COMP (KLUN, YD%YSRC)
(  912) ELSE
(  913)   NULLIFY (YD%YSRC)
(  914) ENDIF
(  915) READ (KLUN) LYLMF
(  916) IF (LYLMF) THEN
(  917)   ALLOCATE (YD%YLMF)
(  918)   CALL LOAD_TYPE_GFL_COMP (KLUN, YD%YLMF)
(  919) ELSE
(  920)   NULLIFY (YD%YLMF)






NVFORTRAN (Version     24.5)          03/19/2025  06:54:44      page 17

(  921) ENDIF
(  922) READ (KLUN) LYIMF
(  923) IF (LYIMF) THEN
(  924)   ALLOCATE (YD%YIMF)
(  925)   CALL LOAD_TYPE_GFL_COMP (KLUN, YD%YIMF)
(  926) ELSE
(  927)   NULLIFY (YD%YIMF)
(  928) ENDIF
(  929) READ (KLUN) LYAMF
(  930) IF (LYAMF) THEN
(  931)   ALLOCATE (YD%YAMF)
(  932)   CALL LOAD_TYPE_GFL_COMP (KLUN, YD%YAMF)
(  933) ELSE
(  934)   NULLIFY (YD%YAMF)
(  935) ENDIF
(  936) READ (KLUN) LYMXL
(  937) IF (LYMXL) THEN
(  938)   ALLOCATE (YD%YMXL)
(  939)   CALL LOAD_TYPE_GFL_COMP (KLUN, YD%YMXL)
(  940) ELSE
(  941)   NULLIFY (YD%YMXL)
(  942) ENDIF
(  943) READ (KLUN) LYSHTUR
(  944) IF (LYSHTUR) THEN
(  945)   ALLOCATE (YD%YSHTUR)
(  946)   CALL LOAD_TYPE_GFL_COMP (KLUN, YD%YSHTUR)
(  947) ELSE
(  948)   NULLIFY (YD%YSHTUR)
(  949) ENDIF
(  950) READ (KLUN) LYFQTUR
(  951) IF (LYFQTUR) THEN
(  952)   ALLOCATE (YD%YFQTUR)
(  953)   CALL LOAD_TYPE_GFL_COMP (KLUN, YD%YFQTUR)
(  954) ELSE
(  955)   NULLIFY (YD%YFQTUR)
(  956) ENDIF
(  957) READ (KLUN) LYFSTUR
(  958) IF (LYFSTUR) THEN
(  959)   ALLOCATE (YD%YFSTUR)
(  960)   CALL LOAD_TYPE_GFL_COMP (KLUN, YD%YFSTUR)
(  961) ELSE
(  962)   NULLIFY (YD%YFSTUR)
(  963) ENDIF
(  964) READ (KLUN) LYCPF
(  965) IF (LYCPF) THEN
(  966)   ALLOCATE (YD%YCPF)
(  967)   CALL LOAD_TYPE_GFL_COMP (KLUN, YD%YCPF)
(  968) ELSE
(  969)   NULLIFY (YD%YCPF)
(  970) ENDIF
(  971) READ (KLUN) LYSPF
(  972) IF (LYSPF) THEN
(  973)   ALLOCATE (YD%YSPF)
(  974)   CALL LOAD_TYPE_GFL_COMP (KLUN, YD%YSPF)
(  975) ELSE
(  976)   NULLIFY (YD%YSPF)
(  977) ENDIF
(  978) READ (KLUN) LYCVGQ






NVFORTRAN (Version     24.5)          03/19/2025  06:54:44      page 18

(  979) IF (LYCVGQ) THEN
(  980)   ALLOCATE (YD%YCVGQ)
(  981)   CALL LOAD_TYPE_GFL_COMP (KLUN, YD%YCVGQ)
(  982) ELSE
(  983)   NULLIFY (YD%YCVGQ)
(  984) ENDIF
(  985) READ (KLUN) LYQVA
(  986) IF (LYQVA) THEN
(  987)   ALLOCATE (YD%YQVA)
(  988)   CALL LOAD_TYPE_GFL_COMP (KLUN, YD%YQVA)
(  989) ELSE
(  990)   NULLIFY (YD%YQVA)
(  991) ENDIF
(  992) READ (KLUN) LYGHG
(  993) IF (LYGHG) THEN
(  994)   READ (KLUN) IL1
(  995)   READ (KLUN) IU1
(  996)   ALLOCATE (YD%YGHG (IL1(1):IU1(1)))
(  997)   DO J1 = LBOUND (YD%YGHG, 1), UBOUND (YD%YGHG, 1)
(  998)     CALL LOAD_TYPE_GFL_COMP (KLUN, YD%YGHG (J1))
(  999)   ENDDO
( 1000) ELSE
( 1001)   NULLIFY (YD%YGHG)
( 1002) ENDIF
( 1003) READ (KLUN) LYCHEM
( 1004) IF (LYCHEM) THEN
( 1005)   READ (KLUN) IL1
( 1006)   READ (KLUN) IU1
( 1007)   ALLOCATE (YD%YCHEM (IL1(1):IU1(1)))
( 1008)   DO J1 = LBOUND (YD%YCHEM, 1), UBOUND (YD%YCHEM, 1)
( 1009)     CALL LOAD_TYPE_GFL_COMP (KLUN, YD%YCHEM (J1))
( 1010)   ENDDO
( 1011) ELSE
( 1012)   NULLIFY (YD%YCHEM)
( 1013) ENDIF
( 1014) READ (KLUN) LYAERO
( 1015) IF (LYAERO) THEN
( 1016)   READ (KLUN) IL1
( 1017)   READ (KLUN) IU1
( 1018)   ALLOCATE (YD%YAERO (IL1(1):IU1(1)))
( 1019)   DO J1 = LBOUND (YD%YAERO, 1), UBOUND (YD%YAERO, 1)
( 1020)     CALL LOAD_TYPE_GFL_COMP (KLUN, YD%YAERO (J1))
( 1021)   ENDDO
( 1022) ELSE
( 1023)   NULLIFY (YD%YAERO)
( 1024) ENDIF
( 1025) READ (KLUN) LYLRCH4
( 1026) IF (LYLRCH4) THEN
( 1027)   ALLOCATE (YD%YLRCH4)
( 1028)   CALL LOAD_TYPE_GFL_COMP (KLUN, YD%YLRCH4)
( 1029) ELSE
( 1030)   NULLIFY (YD%YLRCH4)
( 1031) ENDIF
( 1032) READ (KLUN) LYEMIS3D
( 1033) IF (LYEMIS3D) THEN
( 1034)   READ (KLUN) IL1
( 1035)   READ (KLUN) IU1
( 1036)   ALLOCATE (YD%YEMIS3D (IL1(1):IU1(1)))






NVFORTRAN (Version     24.5)          03/19/2025  06:54:44      page 19

( 1037)   DO J1 = LBOUND (YD%YEMIS3D, 1), UBOUND (YD%YEMIS3D, 1)
( 1038)     CALL LOAD_TYPE_GFL_COMP (KLUN, YD%YEMIS3D (J1))
( 1039)   ENDDO
( 1040) ELSE
( 1041)   NULLIFY (YD%YEMIS3D)
( 1042) ENDIF
( 1043) READ (KLUN) LYFORC
( 1044) IF (LYFORC) THEN
( 1045)   READ (KLUN) IL1
( 1046)   READ (KLUN) IU1
( 1047)   ALLOCATE (YD%YFORC (IL1(1):IU1(1)))
( 1048)   DO J1 = LBOUND (YD%YFORC, 1), UBOUND (YD%YFORC, 1)
( 1049)     CALL LOAD_TYPE_GFL_COMP (KLUN, YD%YFORC (J1))
( 1050)   ENDDO
( 1051) ELSE
( 1052)   NULLIFY (YD%YFORC)
( 1053) ENDIF
( 1054) READ (KLUN) LYEZDIAG
( 1055) IF (LYEZDIAG) THEN
( 1056)   READ (KLUN) IL1
( 1057)   READ (KLUN) IU1
( 1058)   ALLOCATE (YD%YEZDIAG (IL1(1):IU1(1)))
( 1059)   DO J1 = LBOUND (YD%YEZDIAG, 1), UBOUND (YD%YEZDIAG, 1)
( 1060)     CALL LOAD_TYPE_GFL_COMP (KLUN, YD%YEZDIAG (J1))
( 1061)   ENDDO
( 1062) ELSE
( 1063)   NULLIFY (YD%YEZDIAG)
( 1064) ENDIF
( 1065) READ (KLUN) LYERA40
( 1066) IF (LYERA40) THEN
( 1067)   READ (KLUN) IL1
( 1068)   READ (KLUN) IU1
( 1069)   ALLOCATE (YD%YERA40 (IL1(1):IU1(1)))
( 1070)   DO J1 = LBOUND (YD%YERA40, 1), UBOUND (YD%YERA40, 1)
( 1071)     CALL LOAD_TYPE_GFL_COMP (KLUN, YD%YERA40 (J1))
( 1072)   ENDDO
( 1073) ELSE
( 1074)   NULLIFY (YD%YERA40)
( 1075) ENDIF
( 1076) READ (KLUN) LYNOGW
( 1077) IF (LYNOGW) THEN
( 1078)   READ (KLUN) IL1
( 1079)   READ (KLUN) IU1
( 1080)   ALLOCATE (YD%YNOGW (IL1(1):IU1(1)))
( 1081)   DO J1 = LBOUND (YD%YNOGW, 1), UBOUND (YD%YNOGW, 1)
( 1082)     CALL LOAD_TYPE_GFL_COMP (KLUN, YD%YNOGW (J1))
( 1083)   ENDDO
( 1084) ELSE
( 1085)   NULLIFY (YD%YNOGW)
( 1086) ENDIF
( 1087) READ (KLUN) LYEDRP
( 1088) IF (LYEDRP) THEN
( 1089)   READ (KLUN) IL1
( 1090)   READ (KLUN) IU1
( 1091)   ALLOCATE (YD%YEDRP (IL1(1):IU1(1)))
( 1092)   DO J1 = LBOUND (YD%YEDRP, 1), UBOUND (YD%YEDRP, 1)
( 1093)     CALL LOAD_TYPE_GFL_COMP (KLUN, YD%YEDRP (J1))
( 1094)   ENDDO






NVFORTRAN (Version     24.5)          03/19/2025  06:54:44      page 20

( 1095) ELSE
( 1096)   NULLIFY (YD%YEDRP)
( 1097) ENDIF
( 1098) READ (KLUN) LYSLDIA
( 1099) IF (LYSLDIA) THEN
( 1100)   READ (KLUN) IL1
( 1101)   READ (KLUN) IU1
( 1102)   ALLOCATE (YD%YSLDIA (IL1(1):IU1(1)))
( 1103)   DO J1 = LBOUND (YD%YSLDIA, 1), UBOUND (YD%YSLDIA, 1)
( 1104)     CALL LOAD_TYPE_GFL_COMP (KLUN, YD%YSLDIA (J1))
( 1105)   ENDDO
( 1106) ELSE
( 1107)   NULLIFY (YD%YSLDIA)
( 1108) ENDIF
( 1109) READ (KLUN) LYAERAOT
( 1110) IF (LYAERAOT) THEN
( 1111)   READ (KLUN) IL1
( 1112)   READ (KLUN) IU1
( 1113)   ALLOCATE (YD%YAERAOT (IL1(1):IU1(1)))
( 1114)   DO J1 = LBOUND (YD%YAERAOT, 1), UBOUND (YD%YAERAOT, 1)
( 1115)     CALL LOAD_TYPE_GFL_COMP (KLUN, YD%YAERAOT (J1))
( 1116)   ENDDO
( 1117) ELSE
( 1118)   NULLIFY (YD%YAERAOT)
( 1119) ENDIF
( 1120) READ (KLUN) LYAERLISI
( 1121) IF (LYAERLISI) THEN
( 1122)   READ (KLUN) IL1
( 1123)   READ (KLUN) IU1
( 1124)   ALLOCATE (YD%YAERLISI (IL1(1):IU1(1)))
( 1125)   DO J1 = LBOUND (YD%YAERLISI, 1), UBOUND (YD%YAERLISI, 1)
( 1126)     CALL LOAD_TYPE_GFL_COMP (KLUN, YD%YAERLISI (J1))
( 1127)   ENDDO
( 1128) ELSE
( 1129)   NULLIFY (YD%YAERLISI)
( 1130) ENDIF
( 1131) READ (KLUN) LYAEROUT
( 1132) IF (LYAEROUT) THEN
( 1133)   READ (KLUN) IL1
( 1134)   READ (KLUN) IU1
( 1135)   ALLOCATE (YD%YAEROUT (IL1(1):IU1(1)))
( 1136)   DO J1 = LBOUND (YD%YAEROUT, 1), UBOUND (YD%YAEROUT, 1)
( 1137)     CALL LOAD_TYPE_GFL_COMP (KLUN, YD%YAEROUT (J1))
( 1138)   ENDDO
( 1139) ELSE
( 1140)   NULLIFY (YD%YAEROUT)
( 1141) ENDIF
( 1142) READ (KLUN) LYAEROCLIM
( 1143) IF (LYAEROCLIM) THEN
( 1144)   READ (KLUN) IL1
( 1145)   READ (KLUN) IU1
( 1146)   ALLOCATE (YD%YAEROCLIM (IL1(1):IU1(1)))
( 1147)   DO J1 = LBOUND (YD%YAEROCLIM, 1), UBOUND (YD%YAEROCLIM, 1)
( 1148)     CALL LOAD_TYPE_GFL_COMP (KLUN, YD%YAEROCLIM (J1))
( 1149)   ENDDO
( 1150) ELSE
( 1151)   NULLIFY (YD%YAEROCLIM)
( 1152) ENDIF






NVFORTRAN (Version     24.5)          03/19/2025  06:54:44      page 21

( 1153) READ (KLUN) LYUVP
( 1154) IF (LYUVP) THEN
( 1155)   READ (KLUN) IL1
( 1156)   READ (KLUN) IU1
( 1157)   ALLOCATE (YD%YUVP (IL1(1):IU1(1)))
( 1158)   DO J1 = LBOUND (YD%YUVP, 1), UBOUND (YD%YUVP, 1)
( 1159)     CALL LOAD_TYPE_GFL_COMP (KLUN, YD%YUVP (J1))
( 1160)   ENDDO
( 1161) ELSE
( 1162)   NULLIFY (YD%YUVP)
( 1163) ENDIF
( 1164) READ (KLUN) LYPHYS
( 1165) IF (LYPHYS) THEN
( 1166)   READ (KLUN) IL1
( 1167)   READ (KLUN) IU1
( 1168)   ALLOCATE (YD%YPHYS (IL1(1):IU1(1)))
( 1169)   DO J1 = LBOUND (YD%YPHYS, 1), UBOUND (YD%YPHYS, 1)
( 1170)     CALL LOAD_TYPE_GFL_COMP (KLUN, YD%YPHYS (J1))
( 1171)   ENDDO
( 1172) ELSE
( 1173)   NULLIFY (YD%YPHYS)
( 1174) ENDIF
( 1175) READ (KLUN) LYPHYCTY
( 1176) IF (LYPHYCTY) THEN
( 1177)   ALLOCATE (YD%YPHYCTY)
( 1178)   CALL LOAD_TYPE_GFL_COMP (KLUN, YD%YPHYCTY)
( 1179) ELSE
( 1180)   NULLIFY (YD%YPHYCTY)
( 1181) ENDIF
( 1182) READ (KLUN) LYRSPEC
( 1183) IF (LYRSPEC) THEN
( 1184)   ALLOCATE (YD%YRSPEC)
( 1185)   CALL LOAD_TYPE_GFL_COMP (KLUN, YD%YRSPEC)
( 1186) ELSE
( 1187)   NULLIFY (YD%YRSPEC)
( 1188) ENDIF
( 1189) READ (KLUN) LYSDSAT
( 1190) IF (LYSDSAT) THEN
( 1191)   ALLOCATE (YD%YSDSAT)
( 1192)   CALL LOAD_TYPE_GFL_COMP (KLUN, YD%YSDSAT)
( 1193) ELSE
( 1194)   NULLIFY (YD%YSDSAT)
( 1195) ENDIF
( 1196) READ (KLUN) LYCVV
( 1197) IF (LYCVV) THEN
( 1198)   ALLOCATE (YD%YCVV)
( 1199)   CALL LOAD_TYPE_GFL_COMP (KLUN, YD%YCVV)
( 1200) ELSE
( 1201)   NULLIFY (YD%YCVV)
( 1202) ENDIF
( 1203) READ (KLUN) LYRKTH
( 1204) IF (LYRKTH) THEN
( 1205)   ALLOCATE (YD%YRKTH)
( 1206)   CALL LOAD_TYPE_GFL_COMP (KLUN, YD%YRKTH)
( 1207) ELSE
( 1208)   NULLIFY (YD%YRKTH)
( 1209) ENDIF
( 1210) READ (KLUN) LYRKTQV






NVFORTRAN (Version     24.5)          03/19/2025  06:54:44      page 22

( 1211) IF (LYRKTQV) THEN
( 1212)   ALLOCATE (YD%YRKTQV)
( 1213)   CALL LOAD_TYPE_GFL_COMP (KLUN, YD%YRKTQV)
( 1214) ELSE
( 1215)   NULLIFY (YD%YRKTQV)
( 1216) ENDIF
( 1217) READ (KLUN) LYRKTQC
( 1218) IF (LYRKTQC) THEN
( 1219)   ALLOCATE (YD%YRKTQC)
( 1220)   CALL LOAD_TYPE_GFL_COMP (KLUN, YD%YRKTQC)
( 1221) ELSE
( 1222)   NULLIFY (YD%YRKTQC)
( 1223) ENDIF
( 1224) READ (KLUN) LYUOM
( 1225) IF (LYUOM) THEN
( 1226)   ALLOCATE (YD%YUOM)
( 1227)   CALL LOAD_TYPE_GFL_COMP (KLUN, YD%YUOM)
( 1228) ELSE
( 1229)   NULLIFY (YD%YUOM)
( 1230) ENDIF
( 1231) READ (KLUN) LYUAL
( 1232) IF (LYUAL) THEN
( 1233)   ALLOCATE (YD%YUAL)
( 1234)   CALL LOAD_TYPE_GFL_COMP (KLUN, YD%YUAL)
( 1235) ELSE
( 1236)   NULLIFY (YD%YUAL)
( 1237) ENDIF
( 1238) READ (KLUN) LYDOM
( 1239) IF (LYDOM) THEN
( 1240)   ALLOCATE (YD%YDOM)
( 1241)   CALL LOAD_TYPE_GFL_COMP (KLUN, YD%YDOM)
( 1242) ELSE
( 1243)   NULLIFY (YD%YDOM)
( 1244) ENDIF
( 1245) READ (KLUN) LYDAL
( 1246) IF (LYDAL) THEN
( 1247)   ALLOCATE (YD%YDAL)
( 1248)   CALL LOAD_TYPE_GFL_COMP (KLUN, YD%YDAL)
( 1249) ELSE
( 1250)   NULLIFY (YD%YDAL)
( 1251) ENDIF
( 1252) READ (KLUN) LYUEN
( 1253) IF (LYUEN) THEN
( 1254)   ALLOCATE (YD%YUEN)
( 1255)   CALL LOAD_TYPE_GFL_COMP (KLUN, YD%YUEN)
( 1256) ELSE
( 1257)   NULLIFY (YD%YUEN)
( 1258) ENDIF
( 1259) READ (KLUN) LYUNEBH
( 1260) IF (LYUNEBH) THEN
( 1261)   ALLOCATE (YD%YUNEBH)
( 1262)   CALL LOAD_TYPE_GFL_COMP (KLUN, YD%YUNEBH)
( 1263) ELSE
( 1264)   NULLIFY (YD%YUNEBH)
( 1265) ENDIF
( 1266) READ (KLUN) LYLIMA
( 1267) IF (LYLIMA) THEN
( 1268)   READ (KLUN) IL1






NVFORTRAN (Version     24.5)          03/19/2025  06:54:44      page 23

( 1269)   READ (KLUN) IU1
( 1270)   ALLOCATE (YD%YLIMA (IL1(1):IU1(1)))
( 1271)   DO J1 = LBOUND (YD%YLIMA, 1), UBOUND (YD%YLIMA, 1)
( 1272)     CALL LOAD_TYPE_GFL_COMP (KLUN, YD%YLIMA (J1))
( 1273)   ENDDO
( 1274) ELSE
( 1275)   NULLIFY (YD%YLIMA)
( 1276) ENDIF
( 1277) READ (KLUN) LYFSD
( 1278) IF (LYFSD) THEN
( 1279)   ALLOCATE (YD%YFSD)
( 1280)   CALL LOAD_TYPE_GFL_COMP (KLUN, YD%YFSD)
( 1281) ELSE
( 1282)   NULLIFY (YD%YFSD)
( 1283) ENDIF
( 1284) READ (KLUN) LYEXT
( 1285) IF (LYEXT) THEN
( 1286)   READ (KLUN) IL1
( 1287)   READ (KLUN) IU1
( 1288)   ALLOCATE (YD%YEXT (IL1(1):IU1(1)))
( 1289)   DO J1 = LBOUND (YD%YEXT, 1), UBOUND (YD%YEXT, 1)
( 1290)     CALL LOAD_TYPE_GFL_COMP (KLUN, YD%YEXT (J1))
( 1291)   ENDDO
( 1292) ELSE
( 1293)   NULLIFY (YD%YEXT)
( 1294) ENDIF
( 1295) CALL LOAD_TYPE_GFL_NAML (KLUN, YD%YQ_NL)
( 1296) CALL LOAD_TYPE_GFL_NAML (KLUN, YD%YI_NL)
( 1297) CALL LOAD_TYPE_GFL_NAML (KLUN, YD%YL_NL)
( 1298) CALL LOAD_TYPE_GFL_NAML (KLUN, YD%YLCONV_NL)
( 1299) CALL LOAD_TYPE_GFL_NAML (KLUN, YD%YICONV_NL)
( 1300) CALL LOAD_TYPE_GFL_NAML (KLUN, YD%YRCONV_NL)
( 1301) CALL LOAD_TYPE_GFL_NAML (KLUN, YD%YSCONV_NL)
( 1302) CALL LOAD_TYPE_GFL_NAML (KLUN, YD%YIRAD_NL)
( 1303) CALL LOAD_TYPE_GFL_NAML (KLUN, YD%YLRAD_NL)
( 1304) CALL LOAD_TYPE_GFL_NAML (KLUN, YD%YS_NL)
( 1305) CALL LOAD_TYPE_GFL_NAML (KLUN, YD%YR_NL)
( 1306) CALL LOAD_TYPE_GFL_NAML (KLUN, YD%YG_NL)
( 1307) CALL LOAD_TYPE_GFL_NAML (KLUN, YD%YH_NL)
( 1308) CALL LOAD_TYPE_GFL_NAML (KLUN, YD%YTKE_NL)
( 1309) CALL LOAD_TYPE_GFL_NAML (KLUN, YD%YTTE_NL)
( 1310) CALL LOAD_TYPE_GFL_NAML (KLUN, YD%YEFB1_NL)
( 1311) CALL LOAD_TYPE_GFL_NAML (KLUN, YD%YEFB2_NL)
( 1312) CALL LOAD_TYPE_GFL_NAML (KLUN, YD%YEFB3_NL)
( 1313) CALL LOAD_TYPE_GFL_NAML (KLUN, YD%YA_NL)
( 1314) CALL LOAD_TYPE_GFL_NAML (KLUN, YD%YO3_NL)
( 1315) CALL LOAD_TYPE_GFL_NAML (KLUN, YD%YSRC_NL)
( 1316) CALL LOAD_TYPE_GFL_NAML (KLUN, YD%YAMF_NL)
( 1317) CALL LOAD_TYPE_GFL_NAML (KLUN, YD%YLMF_NL)
( 1318) CALL LOAD_TYPE_GFL_NAML (KLUN, YD%YIMF_NL)
( 1319) CALL LOAD_TYPE_GFL_NAML (KLUN, YD%YMXL_NL)
( 1320) CALL LOAD_TYPE_GFL_NAML (KLUN, YD%YSHTUR_NL)
( 1321) CALL LOAD_TYPE_GFL_NAML (KLUN, YD%YFQTUR_NL)
( 1322) CALL LOAD_TYPE_GFL_NAML (KLUN, YD%YFSTUR_NL)
( 1323) CALL LOAD_TYPE_GFL_NAML (KLUN, YD%YCPF_NL)
( 1324) CALL LOAD_TYPE_GFL_NAML (KLUN, YD%YSPF_NL)
( 1325) CALL LOAD_TYPE_GFL_NAML (KLUN, YD%YCVGQ_NL)
( 1326) CALL LOAD_TYPE_GFL_NAML (KLUN, YD%YQVA_NL)






NVFORTRAN (Version     24.5)          03/19/2025  06:54:44      page 24

( 1327) DO J1 = LBOUND (YD%YGHG_NL, 1), UBOUND (YD%YGHG_NL, 1)
( 1328)   CALL LOAD_TYPE_GFL_NAML (KLUN, YD%YGHG_NL (J1))
( 1329) ENDDO
( 1330) DO J1 = LBOUND (YD%YCHEM_NL, 1), UBOUND (YD%YCHEM_NL, 1)
( 1331)   CALL LOAD_TYPE_GFL_NAML (KLUN, YD%YCHEM_NL (J1))
( 1332) ENDDO
( 1333) DO J1 = LBOUND (YD%YAERO_NL, 1), UBOUND (YD%YAERO_NL, 1)
( 1334)   CALL LOAD_TYPE_GFL_NAML (KLUN, YD%YAERO_NL (J1))
( 1335) ENDDO
( 1336) DO J1 = LBOUND (YD%YERA40_NL, 1), UBOUND (YD%YERA40_NL, 1)
( 1337)   CALL LOAD_TYPE_GFL_NAML (KLUN, YD%YERA40_NL (J1))
( 1338) ENDDO
( 1339) DO J1 = LBOUND (YD%YNOGW_NL, 1), UBOUND (YD%YNOGW_NL, 1)
( 1340)   CALL LOAD_TYPE_GFL_NAML (KLUN, YD%YNOGW_NL (J1))
( 1341) ENDDO
( 1342) DO J1 = LBOUND (YD%YEDRP_NL, 1), UBOUND (YD%YEDRP_NL, 1)
( 1343)   CALL LOAD_TYPE_GFL_NAML (KLUN, YD%YEDRP_NL (J1))
( 1344) ENDDO
( 1345) DO J1 = LBOUND (YD%YSLDIA_NL, 1), UBOUND (YD%YSLDIA_NL, 1)
( 1346)   CALL LOAD_TYPE_GFL_NAML (KLUN, YD%YSLDIA_NL (J1))
( 1347) ENDDO
( 1348) CALL LOAD_TYPE_GFL_NAML (KLUN, YD%YLRCH4_NL)
( 1349) DO J1 = LBOUND (YD%YAERAOT_NL, 1), UBOUND (YD%YAERAOT_NL, 1)
( 1350)   CALL LOAD_TYPE_GFL_NAML (KLUN, YD%YAERAOT_NL (J1))
( 1351) ENDDO
( 1352) DO J2 = LBOUND (YD%YAERLISI_NL, 2), UBOUND (YD%YAERLISI_NL, 2)
( 1353)   DO J1 = LBOUND (YD%YAERLISI_NL, 1), UBOUND (YD%YAERLISI_NL, 1)
( 1354)     CALL LOAD_TYPE_GFL_NAML (KLUN, YD%YAERLISI_NL (J1, J2))
( 1355)   ENDDO
( 1356) ENDDO
( 1357) DO J1 = LBOUND (YD%YAEROUT_NL, 1), UBOUND (YD%YAEROUT_NL, 1)
( 1358)   CALL LOAD_TYPE_GFL_NAML (KLUN, YD%YAEROUT_NL (J1))
( 1359) ENDDO
( 1360) DO J1 = LBOUND (YD%YAEROCLIM_NL, 1), UBOUND (YD%YAEROCLIM_NL, 1)
( 1361)   CALL LOAD_TYPE_GFL_NAML (KLUN, YD%YAEROCLIM_NL (J1))
( 1362) ENDDO
( 1363) DO J1 = LBOUND (YD%YUVP_NL, 1), UBOUND (YD%YUVP_NL, 1)
( 1364)   CALL LOAD_TYPE_GFL_NAML (KLUN, YD%YUVP_NL (J1))
( 1365) ENDDO
( 1366) CALL LOAD_TYPE_GFL_NAML (KLUN, YD%YRKTH_NL)
( 1367) CALL LOAD_TYPE_GFL_NAML (KLUN, YD%YRKTQV_NL)
( 1368) CALL LOAD_TYPE_GFL_NAML (KLUN, YD%YRKTQC_NL)
( 1369) CALL LOAD_TYPE_GFL_NAML (KLUN, YD%YPHYCTY_NL)
( 1370) CALL LOAD_TYPE_GFL_NAML (KLUN, YD%YFSD_NL)
( 1371) CALL LOAD_TYPE_GFL_NAML (KLUN, YD%YRSPEC_NL)
( 1372) CALL LOAD_TYPE_GFL_NAML (KLUN, YD%YSDSAT_NL)
( 1373) CALL LOAD_TYPE_GFL_NAML (KLUN, YD%YCVV_NL)
( 1374) DO J1 = LBOUND (YD%YFORC_NL, 1), UBOUND (YD%YFORC_NL, 1)
( 1375)   CALL LOAD_TYPE_GFL_NAML (KLUN, YD%YFORC_NL (J1))
( 1376) ENDDO
( 1377) DO J1 = LBOUND (YD%YEZDIAG_NL, 1), UBOUND (YD%YEZDIAG_NL, 1)
( 1378)   CALL LOAD_TYPE_GFL_NAML (KLUN, YD%YEZDIAG_NL (J1))
( 1379) ENDDO
( 1380) DO J1 = LBOUND (YD%YEXT_NL, 1), UBOUND (YD%YEXT_NL, 1)
( 1381)   CALL LOAD_TYPE_GFL_NAML (KLUN, YD%YEXT_NL (J1))
( 1382) ENDDO
( 1383) CALL LOAD_TYPE_GFL_NAML (KLUN, YD%YUOM_NL)
( 1384) CALL LOAD_TYPE_GFL_NAML (KLUN, YD%YUAL_NL)






NVFORTRAN (Version     24.5)          03/19/2025  06:54:44      page 25

( 1385) CALL LOAD_TYPE_GFL_NAML (KLUN, YD%YDOM_NL)
( 1386) CALL LOAD_TYPE_GFL_NAML (KLUN, YD%YDAL_NL)
( 1387) CALL LOAD_TYPE_GFL_NAML (KLUN, YD%YUEN_NL)
( 1388) CALL LOAD_TYPE_GFL_NAML (KLUN, YD%YUNEBH_NL)
( 1389) DO J1 = LBOUND (YD%YAERO_WVL_DIAG_NL, 1), UBOUND (YD%YAERO_WVL_DIAG_NL, 1)
( 1390)   CALL LOAD_TYPE_AERO_WVL_DIAG (KLUN, YD%YAERO_WVL_DIAG_NL (J1))
( 1391) ENDDO
( 1392) DO J1 = LBOUND (YD%YLIMA_NL, 1), UBOUND (YD%YLIMA_NL, 1)
( 1393)   CALL LOAD_TYPE_GFL_NAML (KLUN, YD%YLIMA_NL (J1))
( 1394) ENDDO
( 1395) END SUBROUTINE
( 1396) 
( 1397) 
( 1398) SUBROUTINE COPY_TYPE_GFLD (YD, LDCREATED, LDFIELDAPI)
( 1399) USE UTIL_TYPE_AERO_WVL_DIAG_MOD
( 1400) USE UTIL_TYPE_GFL_COMP_MOD
( 1401) USE UTIL_TYPE_GFL_NAML_MOD
( 1402) IMPLICIT NONE
( 1403) TYPE (TYPE_GFLD), INTENT (IN), TARGET :: YD
( 1404) LOGICAL, OPTIONAL, INTENT (IN) :: LDCREATED, LDFIELDAPI
( 1405) LOGICAL :: LLCREATED
( 1406) LOGICAL :: LLFIELDAPI
( 1407) INTEGER :: J1, J2
( 1408) LOGICAL :: LYA, LYAERAOT, LYAERLISI, LYAERO, LYAEROCLIM, LYAEROUT, LYAMF, LYCHEM, LYCPF, LYCVGQ
( 1409) LOGICAL :: LYCVV, LYDAL, LYDOM, LYEDRP, LYEFB1, LYEFB2, LYEFB3, LYEMIS3D, LYERA40, LYEXT
( 1410) LOGICAL :: LYEZDIAG, LYFORC, LYFQTUR, LYFSD, LYFSTUR, LYG, LYGHG, LYH, LYI, LYICONV
( 1411) LOGICAL :: LYIMF, LYIRAD, LYL, LYLASTCOMP, LYLCONV, LYLIMA, LYLMF, LYLRAD, LYLRCH4, LYMXL
( 1412) LOGICAL :: LYNOGW, LYO3, LYPHYCTY, LYPHYS, LYQ, LYQVA, LYR, LYRCONV, LYRKTH, LYRKTQC
( 1413) LOGICAL :: LYRKTQV, LYRSPEC, LYS, LYSCONV, LYSDSAT, LYSHTUR, LYSLDIA, LYSPF, LYSRC, LYTKE
( 1414) LOGICAL :: LYTTE, LYUAL, LYUEN, LYUNEBH, LYUOM, LYUVP
( 1415) 
( 1416) LLFIELDAPI = .FALSE.
( 1417) IF (PRESENT (LDFIELDAPI)) THEN
( 1418)   LLFIELDAPI = LDFIELDAPI
( 1419) ENDIF
( 1420) LLCREATED = .FALSE.
( 1421) IF (PRESENT (LDCREATED)) THEN
( 1422)   LLCREATED = LDCREATED
( 1423) ENDIF
( 1424) IF (.NOT. LLCREATED) THEN
( 1425)   !$acc enter data create (YD)
( 1426)   !$acc update device (YD)
( 1427) ENDIF
( 1428) 
( 1429) 
( 1430) 
( 1431) 
( 1432) 
( 1433) 
( 1434) 
( 1435) 
( 1436) 
( 1437) 
( 1438) 
( 1439) 
( 1440) 
( 1441) 
( 1442) 






NVFORTRAN (Version     24.5)          03/19/2025  06:54:44      page 26

( 1443) 
( 1444) 
( 1445) 
( 1446) 
( 1447) 
( 1448) 
( 1449) 
( 1450) 
( 1451) 
( 1452) 
( 1453) 
( 1454) 
( 1455) 
( 1456) 
( 1457) 
( 1458) 
( 1459) 
( 1460) 
( 1461) 
( 1462) 
( 1463) 
( 1464) 
( 1465) 
( 1466) 
( 1467) 
( 1468) 
( 1469) 
( 1470) 
( 1471) 
( 1472) 
( 1473) 
( 1474) 
( 1475) 
( 1476) 
( 1477) 
( 1478) 
( 1479) 
( 1480) 
( 1481) 
( 1482) 
( 1483) 
( 1484) 
( 1485) 
( 1486) 
( 1487) 
( 1488) 
( 1489) 
( 1490) 
( 1491) 
( 1492) 
( 1493) 
( 1494) 
( 1495) 
( 1496) 
( 1497) 
( 1498) 
( 1499) 
( 1500) 






NVFORTRAN (Version     24.5)          03/19/2025  06:54:44      page 27

( 1501) 
( 1502) 
( 1503) 
( 1504) 
( 1505) 
( 1506) 
( 1507) 
( 1508) 
( 1509) 
( 1510) 
( 1511) 
( 1512) 
( 1513) 
( 1514) 
( 1515) 
( 1516) DO J1 = LBOUND (YD%YCOMP, 1), UBOUND (YD%YCOMP, 1)
( 1517)   CALL COPY_TYPE_GFL_COMP (YD%YCOMP (J1), LDCREATED=.TRUE., LDFIELDAPI=LDFIELDAPI)
( 1518) ENDDO
( 1519) 
( 1520) LYLASTCOMP = ASSOCIATED (YD%YLASTCOMP)
( 1521) IF (LYLASTCOMP) THEN
( 1522)   !$acc enter data create (YD%YLASTCOMP)
( 1523)   !$acc update device (YD%YLASTCOMP)
( 1524)   CALL COPY_TYPE_GFL_COMP (YD%YLASTCOMP, LDCREATED=.TRUE., LDFIELDAPI=LDFIELDAPI)
( 1525)   !$acc enter data attach (YD%YLASTCOMP)
( 1526) ENDIF
( 1527) 
( 1528) LYQ = ASSOCIATED (YD%YQ)
( 1529) IF (LYQ) THEN
( 1530)   !$acc enter data create (YD%YQ)
( 1531)   !$acc update device (YD%YQ)
( 1532)   CALL COPY_TYPE_GFL_COMP (YD%YQ, LDCREATED=.TRUE., LDFIELDAPI=LDFIELDAPI)
( 1533)   !$acc enter data attach (YD%YQ)
( 1534) ENDIF
( 1535) 
( 1536) LYI = ASSOCIATED (YD%YI)
( 1537) IF (LYI) THEN
( 1538)   !$acc enter data create (YD%YI)
( 1539)   !$acc update device (YD%YI)
( 1540)   CALL COPY_TYPE_GFL_COMP (YD%YI, LDCREATED=.TRUE., LDFIELDAPI=LDFIELDAPI)
( 1541)   !$acc enter data attach (YD%YI)
( 1542) ENDIF
( 1543) 
( 1544) LYL = ASSOCIATED (YD%YL)
( 1545) IF (LYL) THEN
( 1546)   !$acc enter data create (YD%YL)
( 1547)   !$acc update device (YD%YL)
( 1548)   CALL COPY_TYPE_GFL_COMP (YD%YL, LDCREATED=.TRUE., LDFIELDAPI=LDFIELDAPI)
( 1549)   !$acc enter data attach (YD%YL)
( 1550) ENDIF
( 1551) 
( 1552) LYLCONV = ASSOCIATED (YD%YLCONV)
( 1553) IF (LYLCONV) THEN
( 1554)   !$acc enter data create (YD%YLCONV)
( 1555)   !$acc update device (YD%YLCONV)
( 1556)   CALL COPY_TYPE_GFL_COMP (YD%YLCONV, LDCREATED=.TRUE., LDFIELDAPI=LDFIELDAPI)
( 1557)   !$acc enter data attach (YD%YLCONV)
( 1558) ENDIF






NVFORTRAN (Version     24.5)          03/19/2025  06:54:44      page 28

( 1559) 
( 1560) LYICONV = ASSOCIATED (YD%YICONV)
( 1561) IF (LYICONV) THEN
( 1562)   !$acc enter data create (YD%YICONV)
( 1563)   !$acc update device (YD%YICONV)
( 1564)   CALL COPY_TYPE_GFL_COMP (YD%YICONV, LDCREATED=.TRUE., LDFIELDAPI=LDFIELDAPI)
( 1565)   !$acc enter data attach (YD%YICONV)
( 1566) ENDIF
( 1567) 
( 1568) LYRCONV = ASSOCIATED (YD%YRCONV)
( 1569) IF (LYRCONV) THEN
( 1570)   !$acc enter data create (YD%YRCONV)
( 1571)   !$acc update device (YD%YRCONV)
( 1572)   CALL COPY_TYPE_GFL_COMP (YD%YRCONV, LDCREATED=.TRUE., LDFIELDAPI=LDFIELDAPI)
( 1573)   !$acc enter data attach (YD%YRCONV)
( 1574) ENDIF
( 1575) 
( 1576) LYSCONV = ASSOCIATED (YD%YSCONV)
( 1577) IF (LYSCONV) THEN
( 1578)   !$acc enter data create (YD%YSCONV)
( 1579)   !$acc update device (YD%YSCONV)
( 1580)   CALL COPY_TYPE_GFL_COMP (YD%YSCONV, LDCREATED=.TRUE., LDFIELDAPI=LDFIELDAPI)
( 1581)   !$acc enter data attach (YD%YSCONV)
( 1582) ENDIF
( 1583) 
( 1584) LYIRAD = ASSOCIATED (YD%YIRAD)
( 1585) IF (LYIRAD) THEN
( 1586)   !$acc enter data create (YD%YIRAD)
( 1587)   !$acc update device (YD%YIRAD)
( 1588)   CALL COPY_TYPE_GFL_COMP (YD%YIRAD, LDCREATED=.TRUE., LDFIELDAPI=LDFIELDAPI)
( 1589)   !$acc enter data attach (YD%YIRAD)
( 1590) ENDIF
( 1591) 
( 1592) LYLRAD = ASSOCIATED (YD%YLRAD)
( 1593) IF (LYLRAD) THEN
( 1594)   !$acc enter data create (YD%YLRAD)
( 1595)   !$acc update device (YD%YLRAD)
( 1596)   CALL COPY_TYPE_GFL_COMP (YD%YLRAD, LDCREATED=.TRUE., LDFIELDAPI=LDFIELDAPI)
( 1597)   !$acc enter data attach (YD%YLRAD)
( 1598) ENDIF
( 1599) 
( 1600) LYS = ASSOCIATED (YD%YS)
( 1601) IF (LYS) THEN
( 1602)   !$acc enter data create (YD%YS)
( 1603)   !$acc update device (YD%YS)
( 1604)   CALL COPY_TYPE_GFL_COMP (YD%YS, LDCREATED=.TRUE., LDFIELDAPI=LDFIELDAPI)
( 1605)   !$acc enter data attach (YD%YS)
( 1606) ENDIF
( 1607) 
( 1608) LYR = ASSOCIATED (YD%YR)
( 1609) IF (LYR) THEN
( 1610)   !$acc enter data create (YD%YR)
( 1611)   !$acc update device (YD%YR)
( 1612)   CALL COPY_TYPE_GFL_COMP (YD%YR, LDCREATED=.TRUE., LDFIELDAPI=LDFIELDAPI)
( 1613)   !$acc enter data attach (YD%YR)
( 1614) ENDIF
( 1615) 
( 1616) LYG = ASSOCIATED (YD%YG)






NVFORTRAN (Version     24.5)          03/19/2025  06:54:44      page 29

( 1617) IF (LYG) THEN
( 1618)   !$acc enter data create (YD%YG)
( 1619)   !$acc update device (YD%YG)
( 1620)   CALL COPY_TYPE_GFL_COMP (YD%YG, LDCREATED=.TRUE., LDFIELDAPI=LDFIELDAPI)
( 1621)   !$acc enter data attach (YD%YG)
( 1622) ENDIF
( 1623) 
( 1624) LYH = ASSOCIATED (YD%YH)
( 1625) IF (LYH) THEN
( 1626)   !$acc enter data create (YD%YH)
( 1627)   !$acc update device (YD%YH)
( 1628)   CALL COPY_TYPE_GFL_COMP (YD%YH, LDCREATED=.TRUE., LDFIELDAPI=LDFIELDAPI)
( 1629)   !$acc enter data attach (YD%YH)
( 1630) ENDIF
( 1631) 
( 1632) LYTKE = ASSOCIATED (YD%YTKE)
( 1633) IF (LYTKE) THEN
( 1634)   !$acc enter data create (YD%YTKE)
( 1635)   !$acc update device (YD%YTKE)
( 1636)   CALL COPY_TYPE_GFL_COMP (YD%YTKE, LDCREATED=.TRUE., LDFIELDAPI=LDFIELDAPI)
( 1637)   !$acc enter data attach (YD%YTKE)
( 1638) ENDIF
( 1639) 
( 1640) LYTTE = ASSOCIATED (YD%YTTE)
( 1641) IF (LYTTE) THEN
( 1642)   !$acc enter data create (YD%YTTE)
( 1643)   !$acc update device (YD%YTTE)
( 1644)   CALL COPY_TYPE_GFL_COMP (YD%YTTE, LDCREATED=.TRUE., LDFIELDAPI=LDFIELDAPI)
( 1645)   !$acc enter data attach (YD%YTTE)
( 1646) ENDIF
( 1647) 
( 1648) LYEFB1 = ASSOCIATED (YD%YEFB1)
( 1649) IF (LYEFB1) THEN
( 1650)   !$acc enter data create (YD%YEFB1)
( 1651)   !$acc update device (YD%YEFB1)
( 1652)   CALL COPY_TYPE_GFL_COMP (YD%YEFB1, LDCREATED=.TRUE., LDFIELDAPI=LDFIELDAPI)
( 1653)   !$acc enter data attach (YD%YEFB1)
( 1654) ENDIF
( 1655) 
( 1656) LYEFB2 = ASSOCIATED (YD%YEFB2)
( 1657) IF (LYEFB2) THEN
( 1658)   !$acc enter data create (YD%YEFB2)
( 1659)   !$acc update device (YD%YEFB2)
( 1660)   CALL COPY_TYPE_GFL_COMP (YD%YEFB2, LDCREATED=.TRUE., LDFIELDAPI=LDFIELDAPI)
( 1661)   !$acc enter data attach (YD%YEFB2)
( 1662) ENDIF
( 1663) 
( 1664) LYEFB3 = ASSOCIATED (YD%YEFB3)
( 1665) IF (LYEFB3) THEN
( 1666)   !$acc enter data create (YD%YEFB3)
( 1667)   !$acc update device (YD%YEFB3)
( 1668)   CALL COPY_TYPE_GFL_COMP (YD%YEFB3, LDCREATED=.TRUE., LDFIELDAPI=LDFIELDAPI)
( 1669)   !$acc enter data attach (YD%YEFB3)
( 1670) ENDIF
( 1671) 
( 1672) LYA = ASSOCIATED (YD%YA)
( 1673) IF (LYA) THEN
( 1674)   !$acc enter data create (YD%YA)






NVFORTRAN (Version     24.5)          03/19/2025  06:54:44      page 30

( 1675)   !$acc update device (YD%YA)
( 1676)   CALL COPY_TYPE_GFL_COMP (YD%YA, LDCREATED=.TRUE., LDFIELDAPI=LDFIELDAPI)
( 1677)   !$acc enter data attach (YD%YA)
( 1678) ENDIF
( 1679) 
( 1680) LYO3 = ASSOCIATED (YD%YO3)
( 1681) IF (LYO3) THEN
( 1682)   !$acc enter data create (YD%YO3)
( 1683)   !$acc update device (YD%YO3)
( 1684)   CALL COPY_TYPE_GFL_COMP (YD%YO3, LDCREATED=.TRUE., LDFIELDAPI=LDFIELDAPI)
( 1685)   !$acc enter data attach (YD%YO3)
( 1686) ENDIF
( 1687) 
( 1688) LYSRC = ASSOCIATED (YD%YSRC)
( 1689) IF (LYSRC) THEN
( 1690)   !$acc enter data create (YD%YSRC)
( 1691)   !$acc update device (YD%YSRC)
( 1692)   CALL COPY_TYPE_GFL_COMP (YD%YSRC, LDCREATED=.TRUE., LDFIELDAPI=LDFIELDAPI)
( 1693)   !$acc enter data attach (YD%YSRC)
( 1694) ENDIF
( 1695) 
( 1696) LYLMF = ASSOCIATED (YD%YLMF)
( 1697) IF (LYLMF) THEN
( 1698)   !$acc enter data create (YD%YLMF)
( 1699)   !$acc update device (YD%YLMF)
( 1700)   CALL COPY_TYPE_GFL_COMP (YD%YLMF, LDCREATED=.TRUE., LDFIELDAPI=LDFIELDAPI)
( 1701)   !$acc enter data attach (YD%YLMF)
( 1702) ENDIF
( 1703) 
( 1704) LYIMF = ASSOCIATED (YD%YIMF)
( 1705) IF (LYIMF) THEN
( 1706)   !$acc enter data create (YD%YIMF)
( 1707)   !$acc update device (YD%YIMF)
( 1708)   CALL COPY_TYPE_GFL_COMP (YD%YIMF, LDCREATED=.TRUE., LDFIELDAPI=LDFIELDAPI)
( 1709)   !$acc enter data attach (YD%YIMF)
( 1710) ENDIF
( 1711) 
( 1712) LYAMF = ASSOCIATED (YD%YAMF)
( 1713) IF (LYAMF) THEN
( 1714)   !$acc enter data create (YD%YAMF)
( 1715)   !$acc update device (YD%YAMF)
( 1716)   CALL COPY_TYPE_GFL_COMP (YD%YAMF, LDCREATED=.TRUE., LDFIELDAPI=LDFIELDAPI)
( 1717)   !$acc enter data attach (YD%YAMF)
( 1718) ENDIF
( 1719) 
( 1720) LYMXL = ASSOCIATED (YD%YMXL)
( 1721) IF (LYMXL) THEN
( 1722)   !$acc enter data create (YD%YMXL)
( 1723)   !$acc update device (YD%YMXL)
( 1724)   CALL COPY_TYPE_GFL_COMP (YD%YMXL, LDCREATED=.TRUE., LDFIELDAPI=LDFIELDAPI)
( 1725)   !$acc enter data attach (YD%YMXL)
( 1726) ENDIF
( 1727) 
( 1728) LYSHTUR = ASSOCIATED (YD%YSHTUR)
( 1729) IF (LYSHTUR) THEN
( 1730)   !$acc enter data create (YD%YSHTUR)
( 1731)   !$acc update device (YD%YSHTUR)
( 1732)   CALL COPY_TYPE_GFL_COMP (YD%YSHTUR, LDCREATED=.TRUE., LDFIELDAPI=LDFIELDAPI)






NVFORTRAN (Version     24.5)          03/19/2025  06:54:44      page 31

( 1733)   !$acc enter data attach (YD%YSHTUR)
( 1734) ENDIF
( 1735) 
( 1736) LYFQTUR = ASSOCIATED (YD%YFQTUR)
( 1737) IF (LYFQTUR) THEN
( 1738)   !$acc enter data create (YD%YFQTUR)
( 1739)   !$acc update device (YD%YFQTUR)
( 1740)   CALL COPY_TYPE_GFL_COMP (YD%YFQTUR, LDCREATED=.TRUE., LDFIELDAPI=LDFIELDAPI)
( 1741)   !$acc enter data attach (YD%YFQTUR)
( 1742) ENDIF
( 1743) 
( 1744) LYFSTUR = ASSOCIATED (YD%YFSTUR)
( 1745) IF (LYFSTUR) THEN
( 1746)   !$acc enter data create (YD%YFSTUR)
( 1747)   !$acc update device (YD%YFSTUR)
( 1748)   CALL COPY_TYPE_GFL_COMP (YD%YFSTUR, LDCREATED=.TRUE., LDFIELDAPI=LDFIELDAPI)
( 1749)   !$acc enter data attach (YD%YFSTUR)
( 1750) ENDIF
( 1751) 
( 1752) LYCPF = ASSOCIATED (YD%YCPF)
( 1753) IF (LYCPF) THEN
( 1754)   !$acc enter data create (YD%YCPF)
( 1755)   !$acc update device (YD%YCPF)
( 1756)   CALL COPY_TYPE_GFL_COMP (YD%YCPF, LDCREATED=.TRUE., LDFIELDAPI=LDFIELDAPI)
( 1757)   !$acc enter data attach (YD%YCPF)
( 1758) ENDIF
( 1759) 
( 1760) LYSPF = ASSOCIATED (YD%YSPF)
( 1761) IF (LYSPF) THEN
( 1762)   !$acc enter data create (YD%YSPF)
( 1763)   !$acc update device (YD%YSPF)
( 1764)   CALL COPY_TYPE_GFL_COMP (YD%YSPF, LDCREATED=.TRUE., LDFIELDAPI=LDFIELDAPI)
( 1765)   !$acc enter data attach (YD%YSPF)
( 1766) ENDIF
( 1767) 
( 1768) LYCVGQ = ASSOCIATED (YD%YCVGQ)
( 1769) IF (LYCVGQ) THEN
( 1770)   !$acc enter data create (YD%YCVGQ)
( 1771)   !$acc update device (YD%YCVGQ)
( 1772)   CALL COPY_TYPE_GFL_COMP (YD%YCVGQ, LDCREATED=.TRUE., LDFIELDAPI=LDFIELDAPI)
( 1773)   !$acc enter data attach (YD%YCVGQ)
( 1774) ENDIF
( 1775) 
( 1776) LYQVA = ASSOCIATED (YD%YQVA)
( 1777) IF (LYQVA) THEN
( 1778)   !$acc enter data create (YD%YQVA)
( 1779)   !$acc update device (YD%YQVA)
( 1780)   CALL COPY_TYPE_GFL_COMP (YD%YQVA, LDCREATED=.TRUE., LDFIELDAPI=LDFIELDAPI)
( 1781)   !$acc enter data attach (YD%YQVA)
( 1782) ENDIF
( 1783) 
( 1784) LYGHG = ASSOCIATED (YD%YGHG)
( 1785) IF (LYGHG) THEN
( 1786)   !$acc enter data create (YD%YGHG)
( 1787)   !$acc update device (YD%YGHG)
( 1788)   DO J1 = LBOUND (YD%YGHG, 1), UBOUND (YD%YGHG, 1)
( 1789)     CALL COPY_TYPE_GFL_COMP (YD%YGHG (J1), LDCREATED=.TRUE., LDFIELDAPI=LDFIELDAPI)
( 1790)   ENDDO






NVFORTRAN (Version     24.5)          03/19/2025  06:54:44      page 32

( 1791)   !$acc enter data attach (YD%YGHG)
( 1792) ENDIF
( 1793) 
( 1794) LYCHEM = ASSOCIATED (YD%YCHEM)
( 1795) IF (LYCHEM) THEN
( 1796)   !$acc enter data create (YD%YCHEM)
( 1797)   !$acc update device (YD%YCHEM)
( 1798)   DO J1 = LBOUND (YD%YCHEM, 1), UBOUND (YD%YCHEM, 1)
( 1799)     CALL COPY_TYPE_GFL_COMP (YD%YCHEM (J1), LDCREATED=.TRUE., LDFIELDAPI=LDFIELDAPI)
( 1800)   ENDDO
( 1801)   !$acc enter data attach (YD%YCHEM)
( 1802) ENDIF
( 1803) 
( 1804) LYAERO = ASSOCIATED (YD%YAERO)
( 1805) IF (LYAERO) THEN
( 1806)   !$acc enter data create (YD%YAERO)
( 1807)   !$acc update device (YD%YAERO)
( 1808)   DO J1 = LBOUND (YD%YAERO, 1), UBOUND (YD%YAERO, 1)
( 1809)     CALL COPY_TYPE_GFL_COMP (YD%YAERO (J1), LDCREATED=.TRUE., LDFIELDAPI=LDFIELDAPI)
( 1810)   ENDDO
( 1811)   !$acc enter data attach (YD%YAERO)
( 1812) ENDIF
( 1813) 
( 1814) LYLRCH4 = ASSOCIATED (YD%YLRCH4)
( 1815) IF (LYLRCH4) THEN
( 1816)   !$acc enter data create (YD%YLRCH4)
( 1817)   !$acc update device (YD%YLRCH4)
( 1818)   CALL COPY_TYPE_GFL_COMP (YD%YLRCH4, LDCREATED=.TRUE., LDFIELDAPI=LDFIELDAPI)
( 1819)   !$acc enter data attach (YD%YLRCH4)
( 1820) ENDIF
( 1821) 
( 1822) LYEMIS3D = ASSOCIATED (YD%YEMIS3D)
( 1823) IF (LYEMIS3D) THEN
( 1824)   !$acc enter data create (YD%YEMIS3D)
( 1825)   !$acc update device (YD%YEMIS3D)
( 1826)   DO J1 = LBOUND (YD%YEMIS3D, 1), UBOUND (YD%YEMIS3D, 1)
( 1827)     CALL COPY_TYPE_GFL_COMP (YD%YEMIS3D (J1), LDCREATED=.TRUE., LDFIELDAPI=LDFIELDAPI)
( 1828)   ENDDO
( 1829)   !$acc enter data attach (YD%YEMIS3D)
( 1830) ENDIF
( 1831) 
( 1832) LYFORC = ASSOCIATED (YD%YFORC)
( 1833) IF (LYFORC) THEN
( 1834)   !$acc enter data create (YD%YFORC)
( 1835)   !$acc update device (YD%YFORC)
( 1836)   DO J1 = LBOUND (YD%YFORC, 1), UBOUND (YD%YFORC, 1)
( 1837)     CALL COPY_TYPE_GFL_COMP (YD%YFORC (J1), LDCREATED=.TRUE., LDFIELDAPI=LDFIELDAPI)
( 1838)   ENDDO
( 1839)   !$acc enter data attach (YD%YFORC)
( 1840) ENDIF
( 1841) 
( 1842) LYEZDIAG = ASSOCIATED (YD%YEZDIAG)
( 1843) IF (LYEZDIAG) THEN
( 1844)   !$acc enter data create (YD%YEZDIAG)
( 1845)   !$acc update device (YD%YEZDIAG)
( 1846)   DO J1 = LBOUND (YD%YEZDIAG, 1), UBOUND (YD%YEZDIAG, 1)
( 1847)     CALL COPY_TYPE_GFL_COMP (YD%YEZDIAG (J1), LDCREATED=.TRUE., LDFIELDAPI=LDFIELDAPI)
( 1848)   ENDDO






NVFORTRAN (Version     24.5)          03/19/2025  06:54:44      page 33

( 1849)   !$acc enter data attach (YD%YEZDIAG)
( 1850) ENDIF
( 1851) 
( 1852) LYERA40 = ASSOCIATED (YD%YERA40)
( 1853) IF (LYERA40) THEN
( 1854)   !$acc enter data create (YD%YERA40)
( 1855)   !$acc update device (YD%YERA40)
( 1856)   DO J1 = LBOUND (YD%YERA40, 1), UBOUND (YD%YERA40, 1)
( 1857)     CALL COPY_TYPE_GFL_COMP (YD%YERA40 (J1), LDCREATED=.TRUE., LDFIELDAPI=LDFIELDAPI)
( 1858)   ENDDO
( 1859)   !$acc enter data attach (YD%YERA40)
( 1860) ENDIF
( 1861) 
( 1862) LYNOGW = ASSOCIATED (YD%YNOGW)
( 1863) IF (LYNOGW) THEN
( 1864)   !$acc enter data create (YD%YNOGW)
( 1865)   !$acc update device (YD%YNOGW)
( 1866)   DO J1 = LBOUND (YD%YNOGW, 1), UBOUND (YD%YNOGW, 1)
( 1867)     CALL COPY_TYPE_GFL_COMP (YD%YNOGW (J1), LDCREATED=.TRUE., LDFIELDAPI=LDFIELDAPI)
( 1868)   ENDDO
( 1869)   !$acc enter data attach (YD%YNOGW)
( 1870) ENDIF
( 1871) 
( 1872) LYEDRP = ASSOCIATED (YD%YEDRP)
( 1873) IF (LYEDRP) THEN
( 1874)   !$acc enter data create (YD%YEDRP)
( 1875)   !$acc update device (YD%YEDRP)
( 1876)   DO J1 = LBOUND (YD%YEDRP, 1), UBOUND (YD%YEDRP, 1)
( 1877)     CALL COPY_TYPE_GFL_COMP (YD%YEDRP (J1), LDCREATED=.TRUE., LDFIELDAPI=LDFIELDAPI)
( 1878)   ENDDO
( 1879)   !$acc enter data attach (YD%YEDRP)
( 1880) ENDIF
( 1881) 
( 1882) LYSLDIA = ASSOCIATED (YD%YSLDIA)
( 1883) IF (LYSLDIA) THEN
( 1884)   !$acc enter data create (YD%YSLDIA)
( 1885)   !$acc update device (YD%YSLDIA)
( 1886)   DO J1 = LBOUND (YD%YSLDIA, 1), UBOUND (YD%YSLDIA, 1)
( 1887)     CALL COPY_TYPE_GFL_COMP (YD%YSLDIA (J1), LDCREATED=.TRUE., LDFIELDAPI=LDFIELDAPI)
( 1888)   ENDDO
( 1889)   !$acc enter data attach (YD%YSLDIA)
( 1890) ENDIF
( 1891) 
( 1892) LYAERAOT = ASSOCIATED (YD%YAERAOT)
( 1893) IF (LYAERAOT) THEN
( 1894)   !$acc enter data create (YD%YAERAOT)
( 1895)   !$acc update device (YD%YAERAOT)
( 1896)   DO J1 = LBOUND (YD%YAERAOT, 1), UBOUND (YD%YAERAOT, 1)
( 1897)     CALL COPY_TYPE_GFL_COMP (YD%YAERAOT (J1), LDCREATED=.TRUE., LDFIELDAPI=LDFIELDAPI)
( 1898)   ENDDO
( 1899)   !$acc enter data attach (YD%YAERAOT)
( 1900) ENDIF
( 1901) 
( 1902) LYAERLISI = ASSOCIATED (YD%YAERLISI)
( 1903) IF (LYAERLISI) THEN
( 1904)   !$acc enter data create (YD%YAERLISI)
( 1905)   !$acc update device (YD%YAERLISI)
( 1906)   DO J1 = LBOUND (YD%YAERLISI, 1), UBOUND (YD%YAERLISI, 1)






NVFORTRAN (Version     24.5)          03/19/2025  06:54:44      page 34

( 1907)     CALL COPY_TYPE_GFL_COMP (YD%YAERLISI (J1), LDCREATED=.TRUE., LDFIELDAPI=LDFIELDAPI)
( 1908)   ENDDO
( 1909)   !$acc enter data attach (YD%YAERLISI)
( 1910) ENDIF
( 1911) 
( 1912) LYAEROUT = ASSOCIATED (YD%YAEROUT)
( 1913) IF (LYAEROUT) THEN
( 1914)   !$acc enter data create (YD%YAEROUT)
( 1915)   !$acc update device (YD%YAEROUT)
( 1916)   DO J1 = LBOUND (YD%YAEROUT, 1), UBOUND (YD%YAEROUT, 1)
( 1917)     CALL COPY_TYPE_GFL_COMP (YD%YAEROUT (J1), LDCREATED=.TRUE., LDFIELDAPI=LDFIELDAPI)
( 1918)   ENDDO
( 1919)   !$acc enter data attach (YD%YAEROUT)
( 1920) ENDIF
( 1921) 
( 1922) LYAEROCLIM = ASSOCIATED (YD%YAEROCLIM)
( 1923) IF (LYAEROCLIM) THEN
( 1924)   !$acc enter data create (YD%YAEROCLIM)
( 1925)   !$acc update device (YD%YAEROCLIM)
( 1926)   DO J1 = LBOUND (YD%YAEROCLIM, 1), UBOUND (YD%YAEROCLIM, 1)
( 1927)     CALL COPY_TYPE_GFL_COMP (YD%YAEROCLIM (J1), LDCREATED=.TRUE., LDFIELDAPI=LDFIELDAPI)
( 1928)   ENDDO
( 1929)   !$acc enter data attach (YD%YAEROCLIM)
( 1930) ENDIF
( 1931) 
( 1932) LYUVP = ASSOCIATED (YD%YUVP)
( 1933) IF (LYUVP) THEN
( 1934)   !$acc enter data create (YD%YUVP)
( 1935)   !$acc update device (YD%YUVP)
( 1936)   DO J1 = LBOUND (YD%YUVP, 1), UBOUND (YD%YUVP, 1)
( 1937)     CALL COPY_TYPE_GFL_COMP (YD%YUVP (J1), LDCREATED=.TRUE., LDFIELDAPI=LDFIELDAPI)
( 1938)   ENDDO
( 1939)   !$acc enter data attach (YD%YUVP)
( 1940) ENDIF
( 1941) 
( 1942) LYPHYS = ASSOCIATED (YD%YPHYS)
( 1943) IF (LYPHYS) THEN
( 1944)   !$acc enter data create (YD%YPHYS)
( 1945)   !$acc update device (YD%YPHYS)
( 1946)   DO J1 = LBOUND (YD%YPHYS, 1), UBOUND (YD%YPHYS, 1)
( 1947)     CALL COPY_TYPE_GFL_COMP (YD%YPHYS (J1), LDCREATED=.TRUE., LDFIELDAPI=LDFIELDAPI)
( 1948)   ENDDO
( 1949)   !$acc enter data attach (YD%YPHYS)
( 1950) ENDIF
( 1951) 
( 1952) LYPHYCTY = ASSOCIATED (YD%YPHYCTY)
( 1953) IF (LYPHYCTY) THEN
( 1954)   !$acc enter data create (YD%YPHYCTY)
( 1955)   !$acc update device (YD%YPHYCTY)
( 1956)   CALL COPY_TYPE_GFL_COMP (YD%YPHYCTY, LDCREATED=.TRUE., LDFIELDAPI=LDFIELDAPI)
( 1957)   !$acc enter data attach (YD%YPHYCTY)
( 1958) ENDIF
( 1959) 
( 1960) LYRSPEC = ASSOCIATED (YD%YRSPEC)
( 1961) IF (LYRSPEC) THEN
( 1962)   !$acc enter data create (YD%YRSPEC)
( 1963)   !$acc update device (YD%YRSPEC)
( 1964)   CALL COPY_TYPE_GFL_COMP (YD%YRSPEC, LDCREATED=.TRUE., LDFIELDAPI=LDFIELDAPI)






NVFORTRAN (Version     24.5)          03/19/2025  06:54:44      page 35

( 1965)   !$acc enter data attach (YD%YRSPEC)
( 1966) ENDIF
( 1967) 
( 1968) LYSDSAT = ASSOCIATED (YD%YSDSAT)
( 1969) IF (LYSDSAT) THEN
( 1970)   !$acc enter data create (YD%YSDSAT)
( 1971)   !$acc update device (YD%YSDSAT)
( 1972)   CALL COPY_TYPE_GFL_COMP (YD%YSDSAT, LDCREATED=.TRUE., LDFIELDAPI=LDFIELDAPI)
( 1973)   !$acc enter data attach (YD%YSDSAT)
( 1974) ENDIF
( 1975) 
( 1976) LYCVV = ASSOCIATED (YD%YCVV)
( 1977) IF (LYCVV) THEN
( 1978)   !$acc enter data create (YD%YCVV)
( 1979)   !$acc update device (YD%YCVV)
( 1980)   CALL COPY_TYPE_GFL_COMP (YD%YCVV, LDCREATED=.TRUE., LDFIELDAPI=LDFIELDAPI)
( 1981)   !$acc enter data attach (YD%YCVV)
( 1982) ENDIF
( 1983) 
( 1984) LYRKTH = ASSOCIATED (YD%YRKTH)
( 1985) IF (LYRKTH) THEN
( 1986)   !$acc enter data create (YD%YRKTH)
( 1987)   !$acc update device (YD%YRKTH)
( 1988)   CALL COPY_TYPE_GFL_COMP (YD%YRKTH, LDCREATED=.TRUE., LDFIELDAPI=LDFIELDAPI)
( 1989)   !$acc enter data attach (YD%YRKTH)
( 1990) ENDIF
( 1991) 
( 1992) LYRKTQV = ASSOCIATED (YD%YRKTQV)
( 1993) IF (LYRKTQV) THEN
( 1994)   !$acc enter data create (YD%YRKTQV)
( 1995)   !$acc update device (YD%YRKTQV)
( 1996)   CALL COPY_TYPE_GFL_COMP (YD%YRKTQV, LDCREATED=.TRUE., LDFIELDAPI=LDFIELDAPI)
( 1997)   !$acc enter data attach (YD%YRKTQV)
( 1998) ENDIF
( 1999) 
( 2000) LYRKTQC = ASSOCIATED (YD%YRKTQC)
( 2001) IF (LYRKTQC) THEN
( 2002)   !$acc enter data create (YD%YRKTQC)
( 2003)   !$acc update device (YD%YRKTQC)
( 2004)   CALL COPY_TYPE_GFL_COMP (YD%YRKTQC, LDCREATED=.TRUE., LDFIELDAPI=LDFIELDAPI)
( 2005)   !$acc enter data attach (YD%YRKTQC)
( 2006) ENDIF
( 2007) 
( 2008) LYUOM = ASSOCIATED (YD%YUOM)
( 2009) IF (LYUOM) THEN
( 2010)   !$acc enter data create (YD%YUOM)
( 2011)   !$acc update device (YD%YUOM)
( 2012)   CALL COPY_TYPE_GFL_COMP (YD%YUOM, LDCREATED=.TRUE., LDFIELDAPI=LDFIELDAPI)
( 2013)   !$acc enter data attach (YD%YUOM)
( 2014) ENDIF
( 2015) 
( 2016) LYUAL = ASSOCIATED (YD%YUAL)
( 2017) IF (LYUAL) THEN
( 2018)   !$acc enter data create (YD%YUAL)
( 2019)   !$acc update device (YD%YUAL)
( 2020)   CALL COPY_TYPE_GFL_COMP (YD%YUAL, LDCREATED=.TRUE., LDFIELDAPI=LDFIELDAPI)
( 2021)   !$acc enter data attach (YD%YUAL)
( 2022) ENDIF






NVFORTRAN (Version     24.5)          03/19/2025  06:54:44      page 36

( 2023) 
( 2024) LYDOM = ASSOCIATED (YD%YDOM)
( 2025) IF (LYDOM) THEN
( 2026)   !$acc enter data create (YD%YDOM)
( 2027)   !$acc update device (YD%YDOM)
( 2028)   CALL COPY_TYPE_GFL_COMP (YD%YDOM, LDCREATED=.TRUE., LDFIELDAPI=LDFIELDAPI)
( 2029)   !$acc enter data attach (YD%YDOM)
( 2030) ENDIF
( 2031) 
( 2032) LYDAL = ASSOCIATED (YD%YDAL)
( 2033) IF (LYDAL) THEN
( 2034)   !$acc enter data create (YD%YDAL)
( 2035)   !$acc update device (YD%YDAL)
( 2036)   CALL COPY_TYPE_GFL_COMP (YD%YDAL, LDCREATED=.TRUE., LDFIELDAPI=LDFIELDAPI)
( 2037)   !$acc enter data attach (YD%YDAL)
( 2038) ENDIF
( 2039) 
( 2040) LYUEN = ASSOCIATED (YD%YUEN)
( 2041) IF (LYUEN) THEN
( 2042)   !$acc enter data create (YD%YUEN)
( 2043)   !$acc update device (YD%YUEN)
( 2044)   CALL COPY_TYPE_GFL_COMP (YD%YUEN, LDCREATED=.TRUE., LDFIELDAPI=LDFIELDAPI)
( 2045)   !$acc enter data attach (YD%YUEN)
( 2046) ENDIF
( 2047) 
( 2048) LYUNEBH = ASSOCIATED (YD%YUNEBH)
( 2049) IF (LYUNEBH) THEN
( 2050)   !$acc enter data create (YD%YUNEBH)
( 2051)   !$acc update device (YD%YUNEBH)
( 2052)   CALL COPY_TYPE_GFL_COMP (YD%YUNEBH, LDCREATED=.TRUE., LDFIELDAPI=LDFIELDAPI)
( 2053)   !$acc enter data attach (YD%YUNEBH)
( 2054) ENDIF
( 2055) 
( 2056) LYLIMA = ASSOCIATED (YD%YLIMA)
( 2057) IF (LYLIMA) THEN
( 2058)   !$acc enter data create (YD%YLIMA)
( 2059)   !$acc update device (YD%YLIMA)
( 2060)   DO J1 = LBOUND (YD%YLIMA, 1), UBOUND (YD%YLIMA, 1)
( 2061)     CALL COPY_TYPE_GFL_COMP (YD%YLIMA (J1), LDCREATED=.TRUE., LDFIELDAPI=LDFIELDAPI)
( 2062)   ENDDO
( 2063)   !$acc enter data attach (YD%YLIMA)
( 2064) ENDIF
( 2065) 
( 2066) LYFSD = ASSOCIATED (YD%YFSD)
( 2067) IF (LYFSD) THEN
( 2068)   !$acc enter data create (YD%YFSD)
( 2069)   !$acc update device (YD%YFSD)
( 2070)   CALL COPY_TYPE_GFL_COMP (YD%YFSD, LDCREATED=.TRUE., LDFIELDAPI=LDFIELDAPI)
( 2071)   !$acc enter data attach (YD%YFSD)
( 2072) ENDIF
( 2073) 
( 2074) LYEXT = ASSOCIATED (YD%YEXT)
( 2075) IF (LYEXT) THEN
( 2076)   !$acc enter data create (YD%YEXT)
( 2077)   !$acc update device (YD%YEXT)
( 2078)   DO J1 = LBOUND (YD%YEXT, 1), UBOUND (YD%YEXT, 1)
( 2079)     CALL COPY_TYPE_GFL_COMP (YD%YEXT (J1), LDCREATED=.TRUE., LDFIELDAPI=LDFIELDAPI)
( 2080)   ENDDO






NVFORTRAN (Version     24.5)          03/19/2025  06:54:44      page 37

( 2081)   !$acc enter data attach (YD%YEXT)
( 2082) ENDIF
( 2083) 
( 2084) CALL COPY_TYPE_GFL_NAML (YD%YQ_NL, LDCREATED=.TRUE., LDFIELDAPI=LDFIELDAPI)
( 2085) 
( 2086) CALL COPY_TYPE_GFL_NAML (YD%YI_NL, LDCREATED=.TRUE., LDFIELDAPI=LDFIELDAPI)
( 2087) 
( 2088) CALL COPY_TYPE_GFL_NAML (YD%YL_NL, LDCREATED=.TRUE., LDFIELDAPI=LDFIELDAPI)
( 2089) 
( 2090) CALL COPY_TYPE_GFL_NAML (YD%YLCONV_NL, LDCREATED=.TRUE., LDFIELDAPI=LDFIELDAPI)
( 2091) 
( 2092) CALL COPY_TYPE_GFL_NAML (YD%YICONV_NL, LDCREATED=.TRUE., LDFIELDAPI=LDFIELDAPI)
( 2093) 
( 2094) CALL COPY_TYPE_GFL_NAML (YD%YRCONV_NL, LDCREATED=.TRUE., LDFIELDAPI=LDFIELDAPI)
( 2095) 
( 2096) CALL COPY_TYPE_GFL_NAML (YD%YSCONV_NL, LDCREATED=.TRUE., LDFIELDAPI=LDFIELDAPI)
( 2097) 
( 2098) CALL COPY_TYPE_GFL_NAML (YD%YIRAD_NL, LDCREATED=.TRUE., LDFIELDAPI=LDFIELDAPI)
( 2099) 
( 2100) CALL COPY_TYPE_GFL_NAML (YD%YLRAD_NL, LDCREATED=.TRUE., LDFIELDAPI=LDFIELDAPI)
( 2101) 
( 2102) CALL COPY_TYPE_GFL_NAML (YD%YS_NL, LDCREATED=.TRUE., LDFIELDAPI=LDFIELDAPI)
( 2103) 
( 2104) CALL COPY_TYPE_GFL_NAML (YD%YR_NL, LDCREATED=.TRUE., LDFIELDAPI=LDFIELDAPI)
( 2105) 
( 2106) CALL COPY_TYPE_GFL_NAML (YD%YG_NL, LDCREATED=.TRUE., LDFIELDAPI=LDFIELDAPI)
( 2107) 
( 2108) CALL COPY_TYPE_GFL_NAML (YD%YH_NL, LDCREATED=.TRUE., LDFIELDAPI=LDFIELDAPI)
( 2109) 
( 2110) CALL COPY_TYPE_GFL_NAML (YD%YTKE_NL, LDCREATED=.TRUE., LDFIELDAPI=LDFIELDAPI)
( 2111) 
( 2112) CALL COPY_TYPE_GFL_NAML (YD%YTTE_NL, LDCREATED=.TRUE., LDFIELDAPI=LDFIELDAPI)
( 2113) 
( 2114) CALL COPY_TYPE_GFL_NAML (YD%YEFB1_NL, LDCREATED=.TRUE., LDFIELDAPI=LDFIELDAPI)
( 2115) 
( 2116) CALL COPY_TYPE_GFL_NAML (YD%YEFB2_NL, LDCREATED=.TRUE., LDFIELDAPI=LDFIELDAPI)
( 2117) 
( 2118) CALL COPY_TYPE_GFL_NAML (YD%YEFB3_NL, LDCREATED=.TRUE., LDFIELDAPI=LDFIELDAPI)
( 2119) 
( 2120) CALL COPY_TYPE_GFL_NAML (YD%YA_NL, LDCREATED=.TRUE., LDFIELDAPI=LDFIELDAPI)
( 2121) 
( 2122) CALL COPY_TYPE_GFL_NAML (YD%YO3_NL, LDCREATED=.TRUE., LDFIELDAPI=LDFIELDAPI)
( 2123) 
( 2124) CALL COPY_TYPE_GFL_NAML (YD%YSRC_NL, LDCREATED=.TRUE., LDFIELDAPI=LDFIELDAPI)
( 2125) 
( 2126) CALL COPY_TYPE_GFL_NAML (YD%YAMF_NL, LDCREATED=.TRUE., LDFIELDAPI=LDFIELDAPI)
( 2127) 
( 2128) CALL COPY_TYPE_GFL_NAML (YD%YLMF_NL, LDCREATED=.TRUE., LDFIELDAPI=LDFIELDAPI)
( 2129) 
( 2130) CALL COPY_TYPE_GFL_NAML (YD%YIMF_NL, LDCREATED=.TRUE., LDFIELDAPI=LDFIELDAPI)
( 2131) 
( 2132) CALL COPY_TYPE_GFL_NAML (YD%YMXL_NL, LDCREATED=.TRUE., LDFIELDAPI=LDFIELDAPI)
( 2133) 
( 2134) CALL COPY_TYPE_GFL_NAML (YD%YSHTUR_NL, LDCREATED=.TRUE., LDFIELDAPI=LDFIELDAPI)
( 2135) 
( 2136) CALL COPY_TYPE_GFL_NAML (YD%YFQTUR_NL, LDCREATED=.TRUE., LDFIELDAPI=LDFIELDAPI)
( 2137) 
( 2138) CALL COPY_TYPE_GFL_NAML (YD%YFSTUR_NL, LDCREATED=.TRUE., LDFIELDAPI=LDFIELDAPI)






NVFORTRAN (Version     24.5)          03/19/2025  06:54:44      page 38

( 2139) 
( 2140) CALL COPY_TYPE_GFL_NAML (YD%YCPF_NL, LDCREATED=.TRUE., LDFIELDAPI=LDFIELDAPI)
( 2141) 
( 2142) CALL COPY_TYPE_GFL_NAML (YD%YSPF_NL, LDCREATED=.TRUE., LDFIELDAPI=LDFIELDAPI)
( 2143) 
( 2144) CALL COPY_TYPE_GFL_NAML (YD%YCVGQ_NL, LDCREATED=.TRUE., LDFIELDAPI=LDFIELDAPI)
( 2145) 
( 2146) CALL COPY_TYPE_GFL_NAML (YD%YQVA_NL, LDCREATED=.TRUE., LDFIELDAPI=LDFIELDAPI)
( 2147) 
( 2148) DO J1 = LBOUND (YD%YGHG_NL, 1), UBOUND (YD%YGHG_NL, 1)
( 2149)   CALL COPY_TYPE_GFL_NAML (YD%YGHG_NL (J1), LDCREATED=.TRUE., LDFIELDAPI=LDFIELDAPI)
( 2150) ENDDO
( 2151) 
( 2152) DO J1 = LBOUND (YD%YCHEM_NL, 1), UBOUND (YD%YCHEM_NL, 1)
( 2153)   CALL COPY_TYPE_GFL_NAML (YD%YCHEM_NL (J1), LDCREATED=.TRUE., LDFIELDAPI=LDFIELDAPI)
( 2154) ENDDO
( 2155) 
( 2156) DO J1 = LBOUND (YD%YAERO_NL, 1), UBOUND (YD%YAERO_NL, 1)
( 2157)   CALL COPY_TYPE_GFL_NAML (YD%YAERO_NL (J1), LDCREATED=.TRUE., LDFIELDAPI=LDFIELDAPI)
( 2158) ENDDO
( 2159) 
( 2160) DO J1 = LBOUND (YD%YERA40_NL, 1), UBOUND (YD%YERA40_NL, 1)
( 2161)   CALL COPY_TYPE_GFL_NAML (YD%YERA40_NL (J1), LDCREATED=.TRUE., LDFIELDAPI=LDFIELDAPI)
( 2162) ENDDO
( 2163) 
( 2164) DO J1 = LBOUND (YD%YNOGW_NL, 1), UBOUND (YD%YNOGW_NL, 1)
( 2165)   CALL COPY_TYPE_GFL_NAML (YD%YNOGW_NL (J1), LDCREATED=.TRUE., LDFIELDAPI=LDFIELDAPI)
( 2166) ENDDO
( 2167) 
( 2168) DO J1 = LBOUND (YD%YEDRP_NL, 1), UBOUND (YD%YEDRP_NL, 1)
( 2169)   CALL COPY_TYPE_GFL_NAML (YD%YEDRP_NL (J1), LDCREATED=.TRUE., LDFIELDAPI=LDFIELDAPI)
( 2170) ENDDO
( 2171) 
( 2172) DO J1 = LBOUND (YD%YSLDIA_NL, 1), UBOUND (YD%YSLDIA_NL, 1)
( 2173)   CALL COPY_TYPE_GFL_NAML (YD%YSLDIA_NL (J1), LDCREATED=.TRUE., LDFIELDAPI=LDFIELDAPI)
( 2174) ENDDO
( 2175) 
( 2176) CALL COPY_TYPE_GFL_NAML (YD%YLRCH4_NL, LDCREATED=.TRUE., LDFIELDAPI=LDFIELDAPI)
( 2177) 
( 2178) DO J1 = LBOUND (YD%YAERAOT_NL, 1), UBOUND (YD%YAERAOT_NL, 1)
( 2179)   CALL COPY_TYPE_GFL_NAML (YD%YAERAOT_NL (J1), LDCREATED=.TRUE., LDFIELDAPI=LDFIELDAPI)
( 2180) ENDDO
( 2181) 
( 2182) DO J2 = LBOUND (YD%YAERLISI_NL, 2), UBOUND (YD%YAERLISI_NL, 2)
( 2183)   DO J1 = LBOUND (YD%YAERLISI_NL, 1), UBOUND (YD%YAERLISI_NL, 1)
( 2184)     CALL COPY_TYPE_GFL_NAML (YD%YAERLISI_NL (J1, J2), LDCREATED=.TRUE., LDFIELDAPI=LDFIELDAPI)
( 2185)   ENDDO
( 2186) ENDDO
( 2187) 
( 2188) DO J1 = LBOUND (YD%YAEROUT_NL, 1), UBOUND (YD%YAEROUT_NL, 1)
( 2189)   CALL COPY_TYPE_GFL_NAML (YD%YAEROUT_NL (J1), LDCREATED=.TRUE., LDFIELDAPI=LDFIELDAPI)
( 2190) ENDDO
( 2191) 
( 2192) DO J1 = LBOUND (YD%YAEROCLIM_NL, 1), UBOUND (YD%YAEROCLIM_NL, 1)
( 2193)   CALL COPY_TYPE_GFL_NAML (YD%YAEROCLIM_NL (J1), LDCREATED=.TRUE., LDFIELDAPI=LDFIELDAPI)
( 2194) ENDDO
( 2195) 
( 2196) DO J1 = LBOUND (YD%YUVP_NL, 1), UBOUND (YD%YUVP_NL, 1)






NVFORTRAN (Version     24.5)          03/19/2025  06:54:44      page 39

( 2197)   CALL COPY_TYPE_GFL_NAML (YD%YUVP_NL (J1), LDCREATED=.TRUE., LDFIELDAPI=LDFIELDAPI)
( 2198) ENDDO
( 2199) 
( 2200) CALL COPY_TYPE_GFL_NAML (YD%YRKTH_NL, LDCREATED=.TRUE., LDFIELDAPI=LDFIELDAPI)
( 2201) 
( 2202) CALL COPY_TYPE_GFL_NAML (YD%YRKTQV_NL, LDCREATED=.TRUE., LDFIELDAPI=LDFIELDAPI)
( 2203) 
( 2204) CALL COPY_TYPE_GFL_NAML (YD%YRKTQC_NL, LDCREATED=.TRUE., LDFIELDAPI=LDFIELDAPI)
( 2205) 
( 2206) CALL COPY_TYPE_GFL_NAML (YD%YPHYCTY_NL, LDCREATED=.TRUE., LDFIELDAPI=LDFIELDAPI)
( 2207) 
( 2208) CALL COPY_TYPE_GFL_NAML (YD%YFSD_NL, LDCREATED=.TRUE., LDFIELDAPI=LDFIELDAPI)
( 2209) 
( 2210) CALL COPY_TYPE_GFL_NAML (YD%YRSPEC_NL, LDCREATED=.TRUE., LDFIELDAPI=LDFIELDAPI)
( 2211) 
( 2212) CALL COPY_TYPE_GFL_NAML (YD%YSDSAT_NL, LDCREATED=.TRUE., LDFIELDAPI=LDFIELDAPI)
( 2213) 
( 2214) CALL COPY_TYPE_GFL_NAML (YD%YCVV_NL, LDCREATED=.TRUE., LDFIELDAPI=LDFIELDAPI)
( 2215) 
( 2216) DO J1 = LBOUND (YD%YFORC_NL, 1), UBOUND (YD%YFORC_NL, 1)
( 2217)   CALL COPY_TYPE_GFL_NAML (YD%YFORC_NL (J1), LDCREATED=.TRUE., LDFIELDAPI=LDFIELDAPI)
( 2218) ENDDO
( 2219) 
( 2220) DO J1 = LBOUND (YD%YEZDIAG_NL, 1), UBOUND (YD%YEZDIAG_NL, 1)
( 2221)   CALL COPY_TYPE_GFL_NAML (YD%YEZDIAG_NL (J1), LDCREATED=.TRUE., LDFIELDAPI=LDFIELDAPI)
( 2222) ENDDO
( 2223) 
( 2224) DO J1 = LBOUND (YD%YEXT_NL, 1), UBOUND (YD%YEXT_NL, 1)
( 2225)   CALL COPY_TYPE_GFL_NAML (YD%YEXT_NL (J1), LDCREATED=.TRUE., LDFIELDAPI=LDFIELDAPI)
( 2226) ENDDO
( 2227) 
( 2228) CALL COPY_TYPE_GFL_NAML (YD%YUOM_NL, LDCREATED=.TRUE., LDFIELDAPI=LDFIELDAPI)
( 2229) 
( 2230) CALL COPY_TYPE_GFL_NAML (YD%YUAL_NL, LDCREATED=.TRUE., LDFIELDAPI=LDFIELDAPI)
( 2231) 
( 2232) CALL COPY_TYPE_GFL_NAML (YD%YDOM_NL, LDCREATED=.TRUE., LDFIELDAPI=LDFIELDAPI)
( 2233) 
( 2234) CALL COPY_TYPE_GFL_NAML (YD%YDAL_NL, LDCREATED=.TRUE., LDFIELDAPI=LDFIELDAPI)
( 2235) 
( 2236) CALL COPY_TYPE_GFL_NAML (YD%YUEN_NL, LDCREATED=.TRUE., LDFIELDAPI=LDFIELDAPI)
( 2237) 
( 2238) CALL COPY_TYPE_GFL_NAML (YD%YUNEBH_NL, LDCREATED=.TRUE., LDFIELDAPI=LDFIELDAPI)
( 2239) 
( 2240) DO J1 = LBOUND (YD%YAERO_WVL_DIAG_NL, 1), UBOUND (YD%YAERO_WVL_DIAG_NL, 1)
( 2241)   CALL COPY_TYPE_AERO_WVL_DIAG (YD%YAERO_WVL_DIAG_NL (J1), LDCREATED=.TRUE., LDFIELDAPI=LDFIELDAPI)
( 2242) ENDDO
( 2243) 
( 2244) DO J1 = LBOUND (YD%YLIMA_NL, 1), UBOUND (YD%YLIMA_NL, 1)
( 2245)   CALL COPY_TYPE_GFL_NAML (YD%YLIMA_NL (J1), LDCREATED=.TRUE., LDFIELDAPI=LDFIELDAPI)
( 2246) ENDDO
( 2247) 
( 2248) END SUBROUTINE
( 2249) 
( 2250) SUBROUTINE HOST_TYPE_GFLD (YD)
( 2251) USE UTIL_TYPE_AERO_WVL_DIAG_MOD
( 2252) USE UTIL_TYPE_GFL_COMP_MOD
( 2253) USE UTIL_TYPE_GFL_NAML_MOD
( 2254) 






NVFORTRAN (Version     24.5)          03/19/2025  06:54:44      page 40

( 2255) IMPLICIT NONE
( 2256) TYPE (TYPE_GFLD), TARGET :: YD
( 2257) INTEGER :: J1, J2
( 2258) LOGICAL :: LYA, LYAERAOT, LYAERLISI, LYAERO, LYAEROCLIM, LYAEROUT, LYAMF, LYCHEM, LYCPF, LYCVGQ
( 2259) LOGICAL :: LYCVV, LYDAL, LYDOM, LYEDRP, LYEFB1, LYEFB2, LYEFB3, LYEMIS3D, LYERA40, LYEXT
( 2260) LOGICAL :: LYEZDIAG, LYFORC, LYFQTUR, LYFSD, LYFSTUR, LYG, LYGHG, LYH, LYI, LYICONV
( 2261) LOGICAL :: LYIMF, LYIRAD, LYL, LYLASTCOMP, LYLCONV, LYLIMA, LYLMF, LYLRAD, LYLRCH4, LYMXL
( 2262) LOGICAL :: LYNOGW, LYO3, LYPHYCTY, LYPHYS, LYQ, LYQVA, LYR, LYRCONV, LYRKTH, LYRKTQC
( 2263) LOGICAL :: LYRKTQV, LYRSPEC, LYS, LYSCONV, LYSDSAT, LYSHTUR, LYSLDIA, LYSPF, LYSRC, LYTKE
( 2264) LOGICAL :: LYTTE, LYUAL, LYUEN, LYUNEBH, LYUOM, LYUVP
( 2265) 
( 2266) 
( 2267) 
( 2268) 
( 2269) 
( 2270) 
( 2271) 
( 2272) 
( 2273) 
( 2274) 
( 2275) 
( 2276) 
( 2277) 
( 2278) 
( 2279) 
( 2280) 
( 2281) 
( 2282) 
( 2283) 
( 2284) 
( 2285) 
( 2286) 
( 2287) 
( 2288) 
( 2289) 
( 2290) 
( 2291) 
( 2292) 
( 2293) 
( 2294) 
( 2295) 
( 2296) 
( 2297) 
( 2298) 
( 2299) 
( 2300) 
( 2301) 
( 2302) 
( 2303) 
( 2304) 
( 2305) 
( 2306) 
( 2307) 
( 2308) 
( 2309) 
( 2310) 
( 2311) 
( 2312) 






NVFORTRAN (Version     24.5)          03/19/2025  06:54:44      page 41

( 2313) 
( 2314) 
( 2315) 
( 2316) 
( 2317) 
( 2318) 
( 2319) 
( 2320) 
( 2321) 
( 2322) 
( 2323) 
( 2324) 
( 2325) 
( 2326) 
( 2327) 
( 2328) 
( 2329) 
( 2330) 
( 2331) 
( 2332) 
( 2333) 
( 2334) 
( 2335) 
( 2336) 
( 2337) 
( 2338) 
( 2339) 
( 2340) 
( 2341) 
( 2342) 
( 2343) 
( 2344) 
( 2345) 
( 2346) 
( 2347) 
( 2348) 
( 2349) 
( 2350) 
( 2351) 
( 2352) 
( 2353) DO J1 = LBOUND (YD%YCOMP, 1), UBOUND (YD%YCOMP, 1)
( 2354)   CALL HOST_TYPE_GFL_COMP (YD%YCOMP (J1))
( 2355) ENDDO
( 2356) 
( 2357) LYLASTCOMP = ASSOCIATED (YD%YLASTCOMP)
( 2358) IF (LYLASTCOMP) THEN
( 2359)   CALL HOST_TYPE_GFL_COMP (YD%YLASTCOMP)
( 2360) ENDIF
( 2361) 
( 2362) LYQ = ASSOCIATED (YD%YQ)
( 2363) IF (LYQ) THEN
( 2364)   CALL HOST_TYPE_GFL_COMP (YD%YQ)
( 2365) ENDIF
( 2366) 
( 2367) LYI = ASSOCIATED (YD%YI)
( 2368) IF (LYI) THEN
( 2369)   CALL HOST_TYPE_GFL_COMP (YD%YI)
( 2370) ENDIF






NVFORTRAN (Version     24.5)          03/19/2025  06:54:44      page 42

( 2371) 
( 2372) LYL = ASSOCIATED (YD%YL)
( 2373) IF (LYL) THEN
( 2374)   CALL HOST_TYPE_GFL_COMP (YD%YL)
( 2375) ENDIF
( 2376) 
( 2377) LYLCONV = ASSOCIATED (YD%YLCONV)
( 2378) IF (LYLCONV) THEN
( 2379)   CALL HOST_TYPE_GFL_COMP (YD%YLCONV)
( 2380) ENDIF
( 2381) 
( 2382) LYICONV = ASSOCIATED (YD%YICONV)
( 2383) IF (LYICONV) THEN
( 2384)   CALL HOST_TYPE_GFL_COMP (YD%YICONV)
( 2385) ENDIF
( 2386) 
( 2387) LYRCONV = ASSOCIATED (YD%YRCONV)
( 2388) IF (LYRCONV) THEN
( 2389)   CALL HOST_TYPE_GFL_COMP (YD%YRCONV)
( 2390) ENDIF
( 2391) 
( 2392) LYSCONV = ASSOCIATED (YD%YSCONV)
( 2393) IF (LYSCONV) THEN
( 2394)   CALL HOST_TYPE_GFL_COMP (YD%YSCONV)
( 2395) ENDIF
( 2396) 
( 2397) LYIRAD = ASSOCIATED (YD%YIRAD)
( 2398) IF (LYIRAD) THEN
( 2399)   CALL HOST_TYPE_GFL_COMP (YD%YIRAD)
( 2400) ENDIF
( 2401) 
( 2402) LYLRAD = ASSOCIATED (YD%YLRAD)
( 2403) IF (LYLRAD) THEN
( 2404)   CALL HOST_TYPE_GFL_COMP (YD%YLRAD)
( 2405) ENDIF
( 2406) 
( 2407) LYS = ASSOCIATED (YD%YS)
( 2408) IF (LYS) THEN
( 2409)   CALL HOST_TYPE_GFL_COMP (YD%YS)
( 2410) ENDIF
( 2411) 
( 2412) LYR = ASSOCIATED (YD%YR)
( 2413) IF (LYR) THEN
( 2414)   CALL HOST_TYPE_GFL_COMP (YD%YR)
( 2415) ENDIF
( 2416) 
( 2417) LYG = ASSOCIATED (YD%YG)
( 2418) IF (LYG) THEN
( 2419)   CALL HOST_TYPE_GFL_COMP (YD%YG)
( 2420) ENDIF
( 2421) 
( 2422) LYH = ASSOCIATED (YD%YH)
( 2423) IF (LYH) THEN
( 2424)   CALL HOST_TYPE_GFL_COMP (YD%YH)
( 2425) ENDIF
( 2426) 
( 2427) LYTKE = ASSOCIATED (YD%YTKE)
( 2428) IF (LYTKE) THEN






NVFORTRAN (Version     24.5)          03/19/2025  06:54:44      page 43

( 2429)   CALL HOST_TYPE_GFL_COMP (YD%YTKE)
( 2430) ENDIF
( 2431) 
( 2432) LYTTE = ASSOCIATED (YD%YTTE)
( 2433) IF (LYTTE) THEN
( 2434)   CALL HOST_TYPE_GFL_COMP (YD%YTTE)
( 2435) ENDIF
( 2436) 
( 2437) LYEFB1 = ASSOCIATED (YD%YEFB1)
( 2438) IF (LYEFB1) THEN
( 2439)   CALL HOST_TYPE_GFL_COMP (YD%YEFB1)
( 2440) ENDIF
( 2441) 
( 2442) LYEFB2 = ASSOCIATED (YD%YEFB2)
( 2443) IF (LYEFB2) THEN
( 2444)   CALL HOST_TYPE_GFL_COMP (YD%YEFB2)
( 2445) ENDIF
( 2446) 
( 2447) LYEFB3 = ASSOCIATED (YD%YEFB3)
( 2448) IF (LYEFB3) THEN
( 2449)   CALL HOST_TYPE_GFL_COMP (YD%YEFB3)
( 2450) ENDIF
( 2451) 
( 2452) LYA = ASSOCIATED (YD%YA)
( 2453) IF (LYA) THEN
( 2454)   CALL HOST_TYPE_GFL_COMP (YD%YA)
( 2455) ENDIF
( 2456) 
( 2457) LYO3 = ASSOCIATED (YD%YO3)
( 2458) IF (LYO3) THEN
( 2459)   CALL HOST_TYPE_GFL_COMP (YD%YO3)
( 2460) ENDIF
( 2461) 
( 2462) LYSRC = ASSOCIATED (YD%YSRC)
( 2463) IF (LYSRC) THEN
( 2464)   CALL HOST_TYPE_GFL_COMP (YD%YSRC)
( 2465) ENDIF
( 2466) 
( 2467) LYLMF = ASSOCIATED (YD%YLMF)
( 2468) IF (LYLMF) THEN
( 2469)   CALL HOST_TYPE_GFL_COMP (YD%YLMF)
( 2470) ENDIF
( 2471) 
( 2472) LYIMF = ASSOCIATED (YD%YIMF)
( 2473) IF (LYIMF) THEN
( 2474)   CALL HOST_TYPE_GFL_COMP (YD%YIMF)
( 2475) ENDIF
( 2476) 
( 2477) LYAMF = ASSOCIATED (YD%YAMF)
( 2478) IF (LYAMF) THEN
( 2479)   CALL HOST_TYPE_GFL_COMP (YD%YAMF)
( 2480) ENDIF
( 2481) 
( 2482) LYMXL = ASSOCIATED (YD%YMXL)
( 2483) IF (LYMXL) THEN
( 2484)   CALL HOST_TYPE_GFL_COMP (YD%YMXL)
( 2485) ENDIF
( 2486) 






NVFORTRAN (Version     24.5)          03/19/2025  06:54:44      page 44

( 2487) LYSHTUR = ASSOCIATED (YD%YSHTUR)
( 2488) IF (LYSHTUR) THEN
( 2489)   CALL HOST_TYPE_GFL_COMP (YD%YSHTUR)
( 2490) ENDIF
( 2491) 
( 2492) LYFQTUR = ASSOCIATED (YD%YFQTUR)
( 2493) IF (LYFQTUR) THEN
( 2494)   CALL HOST_TYPE_GFL_COMP (YD%YFQTUR)
( 2495) ENDIF
( 2496) 
( 2497) LYFSTUR = ASSOCIATED (YD%YFSTUR)
( 2498) IF (LYFSTUR) THEN
( 2499)   CALL HOST_TYPE_GFL_COMP (YD%YFSTUR)
( 2500) ENDIF
( 2501) 
( 2502) LYCPF = ASSOCIATED (YD%YCPF)
( 2503) IF (LYCPF) THEN
( 2504)   CALL HOST_TYPE_GFL_COMP (YD%YCPF)
( 2505) ENDIF
( 2506) 
( 2507) LYSPF = ASSOCIATED (YD%YSPF)
( 2508) IF (LYSPF) THEN
( 2509)   CALL HOST_TYPE_GFL_COMP (YD%YSPF)
( 2510) ENDIF
( 2511) 
( 2512) LYCVGQ = ASSOCIATED (YD%YCVGQ)
( 2513) IF (LYCVGQ) THEN
( 2514)   CALL HOST_TYPE_GFL_COMP (YD%YCVGQ)
( 2515) ENDIF
( 2516) 
( 2517) LYQVA = ASSOCIATED (YD%YQVA)
( 2518) IF (LYQVA) THEN
( 2519)   CALL HOST_TYPE_GFL_COMP (YD%YQVA)
( 2520) ENDIF
( 2521) 
( 2522) LYGHG = ASSOCIATED (YD%YGHG)
( 2523) IF (LYGHG) THEN
( 2524)   DO J1 = LBOUND (YD%YGHG, 1), UBOUND (YD%YGHG, 1)
( 2525)     CALL HOST_TYPE_GFL_COMP (YD%YGHG (J1))
( 2526)   ENDDO
( 2527) ENDIF
( 2528) 
( 2529) LYCHEM = ASSOCIATED (YD%YCHEM)
( 2530) IF (LYCHEM) THEN
( 2531)   DO J1 = LBOUND (YD%YCHEM, 1), UBOUND (YD%YCHEM, 1)
( 2532)     CALL HOST_TYPE_GFL_COMP (YD%YCHEM (J1))
( 2533)   ENDDO
( 2534) ENDIF
( 2535) 
( 2536) LYAERO = ASSOCIATED (YD%YAERO)
( 2537) IF (LYAERO) THEN
( 2538)   DO J1 = LBOUND (YD%YAERO, 1), UBOUND (YD%YAERO, 1)
( 2539)     CALL HOST_TYPE_GFL_COMP (YD%YAERO (J1))
( 2540)   ENDDO
( 2541) ENDIF
( 2542) 
( 2543) LYLRCH4 = ASSOCIATED (YD%YLRCH4)
( 2544) IF (LYLRCH4) THEN






NVFORTRAN (Version     24.5)          03/19/2025  06:54:44      page 45

( 2545)   CALL HOST_TYPE_GFL_COMP (YD%YLRCH4)
( 2546) ENDIF
( 2547) 
( 2548) LYEMIS3D = ASSOCIATED (YD%YEMIS3D)
( 2549) IF (LYEMIS3D) THEN
( 2550)   DO J1 = LBOUND (YD%YEMIS3D, 1), UBOUND (YD%YEMIS3D, 1)
( 2551)     CALL HOST_TYPE_GFL_COMP (YD%YEMIS3D (J1))
( 2552)   ENDDO
( 2553) ENDIF
( 2554) 
( 2555) LYFORC = ASSOCIATED (YD%YFORC)
( 2556) IF (LYFORC) THEN
( 2557)   DO J1 = LBOUND (YD%YFORC, 1), UBOUND (YD%YFORC, 1)
( 2558)     CALL HOST_TYPE_GFL_COMP (YD%YFORC (J1))
( 2559)   ENDDO
( 2560) ENDIF
( 2561) 
( 2562) LYEZDIAG = ASSOCIATED (YD%YEZDIAG)
( 2563) IF (LYEZDIAG) THEN
( 2564)   DO J1 = LBOUND (YD%YEZDIAG, 1), UBOUND (YD%YEZDIAG, 1)
( 2565)     CALL HOST_TYPE_GFL_COMP (YD%YEZDIAG (J1))
( 2566)   ENDDO
( 2567) ENDIF
( 2568) 
( 2569) LYERA40 = ASSOCIATED (YD%YERA40)
( 2570) IF (LYERA40) THEN
( 2571)   DO J1 = LBOUND (YD%YERA40, 1), UBOUND (YD%YERA40, 1)
( 2572)     CALL HOST_TYPE_GFL_COMP (YD%YERA40 (J1))
( 2573)   ENDDO
( 2574) ENDIF
( 2575) 
( 2576) LYNOGW = ASSOCIATED (YD%YNOGW)
( 2577) IF (LYNOGW) THEN
( 2578)   DO J1 = LBOUND (YD%YNOGW, 1), UBOUND (YD%YNOGW, 1)
( 2579)     CALL HOST_TYPE_GFL_COMP (YD%YNOGW (J1))
( 2580)   ENDDO
( 2581) ENDIF
( 2582) 
( 2583) LYEDRP = ASSOCIATED (YD%YEDRP)
( 2584) IF (LYEDRP) THEN
( 2585)   DO J1 = LBOUND (YD%YEDRP, 1), UBOUND (YD%YEDRP, 1)
( 2586)     CALL HOST_TYPE_GFL_COMP (YD%YEDRP (J1))
( 2587)   ENDDO
( 2588) ENDIF
( 2589) 
( 2590) LYSLDIA = ASSOCIATED (YD%YSLDIA)
( 2591) IF (LYSLDIA) THEN
( 2592)   DO J1 = LBOUND (YD%YSLDIA, 1), UBOUND (YD%YSLDIA, 1)
( 2593)     CALL HOST_TYPE_GFL_COMP (YD%YSLDIA (J1))
( 2594)   ENDDO
( 2595) ENDIF
( 2596) 
( 2597) LYAERAOT = ASSOCIATED (YD%YAERAOT)
( 2598) IF (LYAERAOT) THEN
( 2599)   DO J1 = LBOUND (YD%YAERAOT, 1), UBOUND (YD%YAERAOT, 1)
( 2600)     CALL HOST_TYPE_GFL_COMP (YD%YAERAOT (J1))
( 2601)   ENDDO
( 2602) ENDIF






NVFORTRAN (Version     24.5)          03/19/2025  06:54:44      page 46

( 2603) 
( 2604) LYAERLISI = ASSOCIATED (YD%YAERLISI)
( 2605) IF (LYAERLISI) THEN
( 2606)   DO J1 = LBOUND (YD%YAERLISI, 1), UBOUND (YD%YAERLISI, 1)
( 2607)     CALL HOST_TYPE_GFL_COMP (YD%YAERLISI (J1))
( 2608)   ENDDO
( 2609) ENDIF
( 2610) 
( 2611) LYAEROUT = ASSOCIATED (YD%YAEROUT)
( 2612) IF (LYAEROUT) THEN
( 2613)   DO J1 = LBOUND (YD%YAEROUT, 1), UBOUND (YD%YAEROUT, 1)
( 2614)     CALL HOST_TYPE_GFL_COMP (YD%YAEROUT (J1))
( 2615)   ENDDO
( 2616) ENDIF
( 2617) 
( 2618) LYAEROCLIM = ASSOCIATED (YD%YAEROCLIM)
( 2619) IF (LYAEROCLIM) THEN
( 2620)   DO J1 = LBOUND (YD%YAEROCLIM, 1), UBOUND (YD%YAEROCLIM, 1)
( 2621)     CALL HOST_TYPE_GFL_COMP (YD%YAEROCLIM (J1))
( 2622)   ENDDO
( 2623) ENDIF
( 2624) 
( 2625) LYUVP = ASSOCIATED (YD%YUVP)
( 2626) IF (LYUVP) THEN
( 2627)   DO J1 = LBOUND (YD%YUVP, 1), UBOUND (YD%YUVP, 1)
( 2628)     CALL HOST_TYPE_GFL_COMP (YD%YUVP (J1))
( 2629)   ENDDO
( 2630) ENDIF
( 2631) 
( 2632) LYPHYS = ASSOCIATED (YD%YPHYS)
( 2633) IF (LYPHYS) THEN
( 2634)   DO J1 = LBOUND (YD%YPHYS, 1), UBOUND (YD%YPHYS, 1)
( 2635)     CALL HOST_TYPE_GFL_COMP (YD%YPHYS (J1))
( 2636)   ENDDO
( 2637) ENDIF
( 2638) 
( 2639) LYPHYCTY = ASSOCIATED (YD%YPHYCTY)
( 2640) IF (LYPHYCTY) THEN
( 2641)   CALL HOST_TYPE_GFL_COMP (YD%YPHYCTY)
( 2642) ENDIF
( 2643) 
( 2644) LYRSPEC = ASSOCIATED (YD%YRSPEC)
( 2645) IF (LYRSPEC) THEN
( 2646)   CALL HOST_TYPE_GFL_COMP (YD%YRSPEC)
( 2647) ENDIF
( 2648) 
( 2649) LYSDSAT = ASSOCIATED (YD%YSDSAT)
( 2650) IF (LYSDSAT) THEN
( 2651)   CALL HOST_TYPE_GFL_COMP (YD%YSDSAT)
( 2652) ENDIF
( 2653) 
( 2654) LYCVV = ASSOCIATED (YD%YCVV)
( 2655) IF (LYCVV) THEN
( 2656)   CALL HOST_TYPE_GFL_COMP (YD%YCVV)
( 2657) ENDIF
( 2658) 
( 2659) LYRKTH = ASSOCIATED (YD%YRKTH)
( 2660) IF (LYRKTH) THEN






NVFORTRAN (Version     24.5)          03/19/2025  06:54:44      page 47

( 2661)   CALL HOST_TYPE_GFL_COMP (YD%YRKTH)
( 2662) ENDIF
( 2663) 
( 2664) LYRKTQV = ASSOCIATED (YD%YRKTQV)
( 2665) IF (LYRKTQV) THEN
( 2666)   CALL HOST_TYPE_GFL_COMP (YD%YRKTQV)
( 2667) ENDIF
( 2668) 
( 2669) LYRKTQC = ASSOCIATED (YD%YRKTQC)
( 2670) IF (LYRKTQC) THEN
( 2671)   CALL HOST_TYPE_GFL_COMP (YD%YRKTQC)
( 2672) ENDIF
( 2673) 
( 2674) LYUOM = ASSOCIATED (YD%YUOM)
( 2675) IF (LYUOM) THEN
( 2676)   CALL HOST_TYPE_GFL_COMP (YD%YUOM)
( 2677) ENDIF
( 2678) 
( 2679) LYUAL = ASSOCIATED (YD%YUAL)
( 2680) IF (LYUAL) THEN
( 2681)   CALL HOST_TYPE_GFL_COMP (YD%YUAL)
( 2682) ENDIF
( 2683) 
( 2684) LYDOM = ASSOCIATED (YD%YDOM)
( 2685) IF (LYDOM) THEN
( 2686)   CALL HOST_TYPE_GFL_COMP (YD%YDOM)
( 2687) ENDIF
( 2688) 
( 2689) LYDAL = ASSOCIATED (YD%YDAL)
( 2690) IF (LYDAL) THEN
( 2691)   CALL HOST_TYPE_GFL_COMP (YD%YDAL)
( 2692) ENDIF
( 2693) 
( 2694) LYUEN = ASSOCIATED (YD%YUEN)
( 2695) IF (LYUEN) THEN
( 2696)   CALL HOST_TYPE_GFL_COMP (YD%YUEN)
( 2697) ENDIF
( 2698) 
( 2699) LYUNEBH = ASSOCIATED (YD%YUNEBH)
( 2700) IF (LYUNEBH) THEN
( 2701)   CALL HOST_TYPE_GFL_COMP (YD%YUNEBH)
( 2702) ENDIF
( 2703) 
( 2704) LYLIMA = ASSOCIATED (YD%YLIMA)
( 2705) IF (LYLIMA) THEN
( 2706)   DO J1 = LBOUND (YD%YLIMA, 1), UBOUND (YD%YLIMA, 1)
( 2707)     CALL HOST_TYPE_GFL_COMP (YD%YLIMA (J1))
( 2708)   ENDDO
( 2709) ENDIF
( 2710) 
( 2711) LYFSD = ASSOCIATED (YD%YFSD)
( 2712) IF (LYFSD) THEN
( 2713)   CALL HOST_TYPE_GFL_COMP (YD%YFSD)
( 2714) ENDIF
( 2715) 
( 2716) LYEXT = ASSOCIATED (YD%YEXT)
( 2717) IF (LYEXT) THEN
( 2718)   DO J1 = LBOUND (YD%YEXT, 1), UBOUND (YD%YEXT, 1)






NVFORTRAN (Version     24.5)          03/19/2025  06:54:44      page 48

( 2719)     CALL HOST_TYPE_GFL_COMP (YD%YEXT (J1))
( 2720)   ENDDO
( 2721) ENDIF
( 2722) 
( 2723) CALL HOST_TYPE_GFL_NAML (YD%YQ_NL)
( 2724) 
( 2725) CALL HOST_TYPE_GFL_NAML (YD%YI_NL)
( 2726) 
( 2727) CALL HOST_TYPE_GFL_NAML (YD%YL_NL)
( 2728) 
( 2729) CALL HOST_TYPE_GFL_NAML (YD%YLCONV_NL)
( 2730) 
( 2731) CALL HOST_TYPE_GFL_NAML (YD%YICONV_NL)
( 2732) 
( 2733) CALL HOST_TYPE_GFL_NAML (YD%YRCONV_NL)
( 2734) 
( 2735) CALL HOST_TYPE_GFL_NAML (YD%YSCONV_NL)
( 2736) 
( 2737) CALL HOST_TYPE_GFL_NAML (YD%YIRAD_NL)
( 2738) 
( 2739) CALL HOST_TYPE_GFL_NAML (YD%YLRAD_NL)
( 2740) 
( 2741) CALL HOST_TYPE_GFL_NAML (YD%YS_NL)
( 2742) 
( 2743) CALL HOST_TYPE_GFL_NAML (YD%YR_NL)
( 2744) 
( 2745) CALL HOST_TYPE_GFL_NAML (YD%YG_NL)
( 2746) 
( 2747) CALL HOST_TYPE_GFL_NAML (YD%YH_NL)
( 2748) 
( 2749) CALL HOST_TYPE_GFL_NAML (YD%YTKE_NL)
( 2750) 
( 2751) CALL HOST_TYPE_GFL_NAML (YD%YTTE_NL)
( 2752) 
( 2753) CALL HOST_TYPE_GFL_NAML (YD%YEFB1_NL)
( 2754) 
( 2755) CALL HOST_TYPE_GFL_NAML (YD%YEFB2_NL)
( 2756) 
( 2757) CALL HOST_TYPE_GFL_NAML (YD%YEFB3_NL)
( 2758) 
( 2759) CALL HOST_TYPE_GFL_NAML (YD%YA_NL)
( 2760) 
( 2761) CALL HOST_TYPE_GFL_NAML (YD%YO3_NL)
( 2762) 
( 2763) CALL HOST_TYPE_GFL_NAML (YD%YSRC_NL)
( 2764) 
( 2765) CALL HOST_TYPE_GFL_NAML (YD%YAMF_NL)
( 2766) 
( 2767) CALL HOST_TYPE_GFL_NAML (YD%YLMF_NL)
( 2768) 
( 2769) CALL HOST_TYPE_GFL_NAML (YD%YIMF_NL)
( 2770) 
( 2771) CALL HOST_TYPE_GFL_NAML (YD%YMXL_NL)
( 2772) 
( 2773) CALL HOST_TYPE_GFL_NAML (YD%YSHTUR_NL)
( 2774) 
( 2775) CALL HOST_TYPE_GFL_NAML (YD%YFQTUR_NL)
( 2776) 






NVFORTRAN (Version     24.5)          03/19/2025  06:54:44      page 49

( 2777) CALL HOST_TYPE_GFL_NAML (YD%YFSTUR_NL)
( 2778) 
( 2779) CALL HOST_TYPE_GFL_NAML (YD%YCPF_NL)
( 2780) 
( 2781) CALL HOST_TYPE_GFL_NAML (YD%YSPF_NL)
( 2782) 
( 2783) CALL HOST_TYPE_GFL_NAML (YD%YCVGQ_NL)
( 2784) 
( 2785) CALL HOST_TYPE_GFL_NAML (YD%YQVA_NL)
( 2786) 
( 2787) DO J1 = LBOUND (YD%YGHG_NL, 1), UBOUND (YD%YGHG_NL, 1)
( 2788)   CALL HOST_TYPE_GFL_NAML (YD%YGHG_NL (J1))
( 2789) ENDDO
( 2790) 
( 2791) DO J1 = LBOUND (YD%YCHEM_NL, 1), UBOUND (YD%YCHEM_NL, 1)
( 2792)   CALL HOST_TYPE_GFL_NAML (YD%YCHEM_NL (J1))
( 2793) ENDDO
( 2794) 
( 2795) DO J1 = LBOUND (YD%YAERO_NL, 1), UBOUND (YD%YAERO_NL, 1)
( 2796)   CALL HOST_TYPE_GFL_NAML (YD%YAERO_NL (J1))
( 2797) ENDDO
( 2798) 
( 2799) DO J1 = LBOUND (YD%YERA40_NL, 1), UBOUND (YD%YERA40_NL, 1)
( 2800)   CALL HOST_TYPE_GFL_NAML (YD%YERA40_NL (J1))
( 2801) ENDDO
( 2802) 
( 2803) DO J1 = LBOUND (YD%YNOGW_NL, 1), UBOUND (YD%YNOGW_NL, 1)
( 2804)   CALL HOST_TYPE_GFL_NAML (YD%YNOGW_NL (J1))
( 2805) ENDDO
( 2806) 
( 2807) DO J1 = LBOUND (YD%YEDRP_NL, 1), UBOUND (YD%YEDRP_NL, 1)
( 2808)   CALL HOST_TYPE_GFL_NAML (YD%YEDRP_NL (J1))
( 2809) ENDDO
( 2810) 
( 2811) DO J1 = LBOUND (YD%YSLDIA_NL, 1), UBOUND (YD%YSLDIA_NL, 1)
( 2812)   CALL HOST_TYPE_GFL_NAML (YD%YSLDIA_NL (J1))
( 2813) ENDDO
( 2814) 
( 2815) CALL HOST_TYPE_GFL_NAML (YD%YLRCH4_NL)
( 2816) 
( 2817) DO J1 = LBOUND (YD%YAERAOT_NL, 1), UBOUND (YD%YAERAOT_NL, 1)
( 2818)   CALL HOST_TYPE_GFL_NAML (YD%YAERAOT_NL (J1))
( 2819) ENDDO
( 2820) 
( 2821) DO J2 = LBOUND (YD%YAERLISI_NL, 2), UBOUND (YD%YAERLISI_NL, 2)
( 2822)   DO J1 = LBOUND (YD%YAERLISI_NL, 1), UBOUND (YD%YAERLISI_NL, 1)
( 2823)     CALL HOST_TYPE_GFL_NAML (YD%YAERLISI_NL (J1, J2))
( 2824)   ENDDO
( 2825) ENDDO
( 2826) 
( 2827) DO J1 = LBOUND (YD%YAEROUT_NL, 1), UBOUND (YD%YAEROUT_NL, 1)
( 2828)   CALL HOST_TYPE_GFL_NAML (YD%YAEROUT_NL (J1))
( 2829) ENDDO
( 2830) 
( 2831) DO J1 = LBOUND (YD%YAEROCLIM_NL, 1), UBOUND (YD%YAEROCLIM_NL, 1)
( 2832)   CALL HOST_TYPE_GFL_NAML (YD%YAEROCLIM_NL (J1))
( 2833) ENDDO
( 2834) 






NVFORTRAN (Version     24.5)          03/19/2025  06:54:44      page 50

( 2835) DO J1 = LBOUND (YD%YUVP_NL, 1), UBOUND (YD%YUVP_NL, 1)
( 2836)   CALL HOST_TYPE_GFL_NAML (YD%YUVP_NL (J1))
( 2837) ENDDO
( 2838) 
( 2839) CALL HOST_TYPE_GFL_NAML (YD%YRKTH_NL)
( 2840) 
( 2841) CALL HOST_TYPE_GFL_NAML (YD%YRKTQV_NL)
( 2842) 
( 2843) CALL HOST_TYPE_GFL_NAML (YD%YRKTQC_NL)
( 2844) 
( 2845) CALL HOST_TYPE_GFL_NAML (YD%YPHYCTY_NL)
( 2846) 
( 2847) CALL HOST_TYPE_GFL_NAML (YD%YFSD_NL)
( 2848) 
( 2849) CALL HOST_TYPE_GFL_NAML (YD%YRSPEC_NL)
( 2850) 
( 2851) CALL HOST_TYPE_GFL_NAML (YD%YSDSAT_NL)
( 2852) 
( 2853) CALL HOST_TYPE_GFL_NAML (YD%YCVV_NL)
( 2854) 
( 2855) DO J1 = LBOUND (YD%YFORC_NL, 1), UBOUND (YD%YFORC_NL, 1)
( 2856)   CALL HOST_TYPE_GFL_NAML (YD%YFORC_NL (J1))
( 2857) ENDDO
( 2858) 
( 2859) DO J1 = LBOUND (YD%YEZDIAG_NL, 1), UBOUND (YD%YEZDIAG_NL, 1)
( 2860)   CALL HOST_TYPE_GFL_NAML (YD%YEZDIAG_NL (J1))
( 2861) ENDDO
( 2862) 
( 2863) DO J1 = LBOUND (YD%YEXT_NL, 1), UBOUND (YD%YEXT_NL, 1)
( 2864)   CALL HOST_TYPE_GFL_NAML (YD%YEXT_NL (J1))
( 2865) ENDDO
( 2866) 
( 2867) CALL HOST_TYPE_GFL_NAML (YD%YUOM_NL)
( 2868) 
( 2869) CALL HOST_TYPE_GFL_NAML (YD%YUAL_NL)
( 2870) 
( 2871) CALL HOST_TYPE_GFL_NAML (YD%YDOM_NL)
( 2872) 
( 2873) CALL HOST_TYPE_GFL_NAML (YD%YDAL_NL)
( 2874) 
( 2875) CALL HOST_TYPE_GFL_NAML (YD%YUEN_NL)
( 2876) 
( 2877) CALL HOST_TYPE_GFL_NAML (YD%YUNEBH_NL)
( 2878) 
( 2879) DO J1 = LBOUND (YD%YAERO_WVL_DIAG_NL, 1), UBOUND (YD%YAERO_WVL_DIAG_NL, 1)
( 2880)   CALL HOST_TYPE_AERO_WVL_DIAG (YD%YAERO_WVL_DIAG_NL (J1))
( 2881) ENDDO
( 2882) 
( 2883) DO J1 = LBOUND (YD%YLIMA_NL, 1), UBOUND (YD%YLIMA_NL, 1)
( 2884)   CALL HOST_TYPE_GFL_NAML (YD%YLIMA_NL (J1))
( 2885) ENDDO
( 2886) 
( 2887) END SUBROUTINE
( 2888) 
( 2889) SUBROUTINE LEGACY_TYPE_GFLD (YD, KADDRL, KADDRU, KDIR)
( 2890) USE UTIL_TYPE_AERO_WVL_DIAG_MOD
( 2891) USE UTIL_TYPE_GFL_COMP_MOD
( 2892) USE UTIL_TYPE_GFL_NAML_MOD






NVFORTRAN (Version     24.5)          03/19/2025  06:54:44      page 51

( 2893) 
( 2894) IMPLICIT NONE
( 2895) TYPE (TYPE_GFLD), TARGET :: YD
( 2896) INTEGER*8, INTENT (IN) :: KADDRL
( 2897) INTEGER*8, INTENT (IN) :: KADDRU
( 2898) INTEGER, INTENT (IN) :: KDIR
( 2899) INTEGER :: J1, J2
( 2900) LOGICAL :: LYA, LYAERAOT, LYAERLISI, LYAERO, LYAEROCLIM, LYAEROUT, LYAMF, LYCHEM, LYCPF, LYCVGQ
( 2901) LOGICAL :: LYCVV, LYDAL, LYDOM, LYEDRP, LYEFB1, LYEFB2, LYEFB3, LYEMIS3D, LYERA40, LYEXT
( 2902) LOGICAL :: LYEZDIAG, LYFORC, LYFQTUR, LYFSD, LYFSTUR, LYG, LYGHG, LYH, LYI, LYICONV
( 2903) LOGICAL :: LYIMF, LYIRAD, LYL, LYLASTCOMP, LYLCONV, LYLIMA, LYLMF, LYLRAD, LYLRCH4, LYMXL
( 2904) LOGICAL :: LYNOGW, LYO3, LYPHYCTY, LYPHYS, LYQ, LYQVA, LYR, LYRCONV, LYRKTH, LYRKTQC
( 2905) LOGICAL :: LYRKTQV, LYRSPEC, LYS, LYSCONV, LYSDSAT, LYSHTUR, LYSLDIA, LYSPF, LYSRC, LYTKE
( 2906) LOGICAL :: LYTTE, LYUAL, LYUEN, LYUNEBH, LYUOM, LYUVP
( 2907) 
( 2908) 
( 2909) 
( 2910) 
( 2911) 
( 2912) 
( 2913) 
( 2914) 
( 2915) 
( 2916) 
( 2917) 
( 2918) 
( 2919) 
( 2920) 
( 2921) 
( 2922) 
( 2923) 
( 2924) 
( 2925) 
( 2926) 
( 2927) 
( 2928) 
( 2929) 
( 2930) 
( 2931) 
( 2932) 
( 2933) 
( 2934) 
( 2935) 
( 2936) 
( 2937) 
( 2938) 
( 2939) 
( 2940) 
( 2941) 
( 2942) 
( 2943) 
( 2944) 
( 2945) 
( 2946) 
( 2947) 
( 2948) 
( 2949) 
( 2950) 






NVFORTRAN (Version     24.5)          03/19/2025  06:54:44      page 52

( 2951) 
( 2952) 
( 2953) 
( 2954) 
( 2955) 
( 2956) 
( 2957) 
( 2958) 
( 2959) 
( 2960) 
( 2961) 
( 2962) 
( 2963) 
( 2964) 
( 2965) 
( 2966) 
( 2967) 
( 2968) 
( 2969) 
( 2970) 
( 2971) 
( 2972) 
( 2973) 
( 2974) 
( 2975) 
( 2976) 
( 2977) 
( 2978) 
( 2979) 
( 2980) 
( 2981) 
( 2982) 
( 2983) 
( 2984) 
( 2985) 
( 2986) 
( 2987) 
( 2988) 
( 2989) 
( 2990) 
( 2991) 
( 2992) 
( 2993) 
( 2994) 
( 2995) DO J1 = LBOUND (YD%YCOMP, 1), UBOUND (YD%YCOMP, 1)
( 2996)   CALL LEGACY_TYPE_GFL_COMP (YD%YCOMP (J1), KADDRL, KADDRU, KDIR=KDIR)
( 2997) ENDDO
( 2998) 
( 2999) LYLASTCOMP = ASSOCIATED (YD%YLASTCOMP)
( 3000) IF (LYLASTCOMP) THEN
( 3001)   CALL LEGACY_TYPE_GFL_COMP (YD%YLASTCOMP, KADDRL, KADDRU, KDIR=KDIR)
( 3002) ENDIF
( 3003) 
( 3004) LYQ = ASSOCIATED (YD%YQ)
( 3005) IF (LYQ) THEN
( 3006)   CALL LEGACY_TYPE_GFL_COMP (YD%YQ, KADDRL, KADDRU, KDIR=KDIR)
( 3007) ENDIF
( 3008) 






NVFORTRAN (Version     24.5)          03/19/2025  06:54:44      page 53

( 3009) LYI = ASSOCIATED (YD%YI)
( 3010) IF (LYI) THEN
( 3011)   CALL LEGACY_TYPE_GFL_COMP (YD%YI, KADDRL, KADDRU, KDIR=KDIR)
( 3012) ENDIF
( 3013) 
( 3014) LYL = ASSOCIATED (YD%YL)
( 3015) IF (LYL) THEN
( 3016)   CALL LEGACY_TYPE_GFL_COMP (YD%YL, KADDRL, KADDRU, KDIR=KDIR)
( 3017) ENDIF
( 3018) 
( 3019) LYLCONV = ASSOCIATED (YD%YLCONV)
( 3020) IF (LYLCONV) THEN
( 3021)   CALL LEGACY_TYPE_GFL_COMP (YD%YLCONV, KADDRL, KADDRU, KDIR=KDIR)
( 3022) ENDIF
( 3023) 
( 3024) LYICONV = ASSOCIATED (YD%YICONV)
( 3025) IF (LYICONV) THEN
( 3026)   CALL LEGACY_TYPE_GFL_COMP (YD%YICONV, KADDRL, KADDRU, KDIR=KDIR)
( 3027) ENDIF
( 3028) 
( 3029) LYRCONV = ASSOCIATED (YD%YRCONV)
( 3030) IF (LYRCONV) THEN
( 3031)   CALL LEGACY_TYPE_GFL_COMP (YD%YRCONV, KADDRL, KADDRU, KDIR=KDIR)
( 3032) ENDIF
( 3033) 
( 3034) LYSCONV = ASSOCIATED (YD%YSCONV)
( 3035) IF (LYSCONV) THEN
( 3036)   CALL LEGACY_TYPE_GFL_COMP (YD%YSCONV, KADDRL, KADDRU, KDIR=KDIR)
( 3037) ENDIF
( 3038) 
( 3039) LYIRAD = ASSOCIATED (YD%YIRAD)
( 3040) IF (LYIRAD) THEN
( 3041)   CALL LEGACY_TYPE_GFL_COMP (YD%YIRAD, KADDRL, KADDRU, KDIR=KDIR)
( 3042) ENDIF
( 3043) 
( 3044) LYLRAD = ASSOCIATED (YD%YLRAD)
( 3045) IF (LYLRAD) THEN
( 3046)   CALL LEGACY_TYPE_GFL_COMP (YD%YLRAD, KADDRL, KADDRU, KDIR=KDIR)
( 3047) ENDIF
( 3048) 
( 3049) LYS = ASSOCIATED (YD%YS)
( 3050) IF (LYS) THEN
( 3051)   CALL LEGACY_TYPE_GFL_COMP (YD%YS, KADDRL, KADDRU, KDIR=KDIR)
( 3052) ENDIF
( 3053) 
( 3054) LYR = ASSOCIATED (YD%YR)
( 3055) IF (LYR) THEN
( 3056)   CALL LEGACY_TYPE_GFL_COMP (YD%YR, KADDRL, KADDRU, KDIR=KDIR)
( 3057) ENDIF
( 3058) 
( 3059) LYG = ASSOCIATED (YD%YG)
( 3060) IF (LYG) THEN
( 3061)   CALL LEGACY_TYPE_GFL_COMP (YD%YG, KADDRL, KADDRU, KDIR=KDIR)
( 3062) ENDIF
( 3063) 
( 3064) LYH = ASSOCIATED (YD%YH)
( 3065) IF (LYH) THEN
( 3066)   CALL LEGACY_TYPE_GFL_COMP (YD%YH, KADDRL, KADDRU, KDIR=KDIR)






NVFORTRAN (Version     24.5)          03/19/2025  06:54:44      page 54

( 3067) ENDIF
( 3068) 
( 3069) LYTKE = ASSOCIATED (YD%YTKE)
( 3070) IF (LYTKE) THEN
( 3071)   CALL LEGACY_TYPE_GFL_COMP (YD%YTKE, KADDRL, KADDRU, KDIR=KDIR)
( 3072) ENDIF
( 3073) 
( 3074) LYTTE = ASSOCIATED (YD%YTTE)
( 3075) IF (LYTTE) THEN
( 3076)   CALL LEGACY_TYPE_GFL_COMP (YD%YTTE, KADDRL, KADDRU, KDIR=KDIR)
( 3077) ENDIF
( 3078) 
( 3079) LYEFB1 = ASSOCIATED (YD%YEFB1)
( 3080) IF (LYEFB1) THEN
( 3081)   CALL LEGACY_TYPE_GFL_COMP (YD%YEFB1, KADDRL, KADDRU, KDIR=KDIR)
( 3082) ENDIF
( 3083) 
( 3084) LYEFB2 = ASSOCIATED (YD%YEFB2)
( 3085) IF (LYEFB2) THEN
( 3086)   CALL LEGACY_TYPE_GFL_COMP (YD%YEFB2, KADDRL, KADDRU, KDIR=KDIR)
( 3087) ENDIF
( 3088) 
( 3089) LYEFB3 = ASSOCIATED (YD%YEFB3)
( 3090) IF (LYEFB3) THEN
( 3091)   CALL LEGACY_TYPE_GFL_COMP (YD%YEFB3, KADDRL, KADDRU, KDIR=KDIR)
( 3092) ENDIF
( 3093) 
( 3094) LYA = ASSOCIATED (YD%YA)
( 3095) IF (LYA) THEN
( 3096)   CALL LEGACY_TYPE_GFL_COMP (YD%YA, KADDRL, KADDRU, KDIR=KDIR)
( 3097) ENDIF
( 3098) 
( 3099) LYO3 = ASSOCIATED (YD%YO3)
( 3100) IF (LYO3) THEN
( 3101)   CALL LEGACY_TYPE_GFL_COMP (YD%YO3, KADDRL, KADDRU, KDIR=KDIR)
( 3102) ENDIF
( 3103) 
( 3104) LYSRC = ASSOCIATED (YD%YSRC)
( 3105) IF (LYSRC) THEN
( 3106)   CALL LEGACY_TYPE_GFL_COMP (YD%YSRC, KADDRL, KADDRU, KDIR=KDIR)
( 3107) ENDIF
( 3108) 
( 3109) LYLMF = ASSOCIATED (YD%YLMF)
( 3110) IF (LYLMF) THEN
( 3111)   CALL LEGACY_TYPE_GFL_COMP (YD%YLMF, KADDRL, KADDRU, KDIR=KDIR)
( 3112) ENDIF
( 3113) 
( 3114) LYIMF = ASSOCIATED (YD%YIMF)
( 3115) IF (LYIMF) THEN
( 3116)   CALL LEGACY_TYPE_GFL_COMP (YD%YIMF, KADDRL, KADDRU, KDIR=KDIR)
( 3117) ENDIF
( 3118) 
( 3119) LYAMF = ASSOCIATED (YD%YAMF)
( 3120) IF (LYAMF) THEN
( 3121)   CALL LEGACY_TYPE_GFL_COMP (YD%YAMF, KADDRL, KADDRU, KDIR=KDIR)
( 3122) ENDIF
( 3123) 
( 3124) LYMXL = ASSOCIATED (YD%YMXL)






NVFORTRAN (Version     24.5)          03/19/2025  06:54:44      page 55

( 3125) IF (LYMXL) THEN
( 3126)   CALL LEGACY_TYPE_GFL_COMP (YD%YMXL, KADDRL, KADDRU, KDIR=KDIR)
( 3127) ENDIF
( 3128) 
( 3129) LYSHTUR = ASSOCIATED (YD%YSHTUR)
( 3130) IF (LYSHTUR) THEN
( 3131)   CALL LEGACY_TYPE_GFL_COMP (YD%YSHTUR, KADDRL, KADDRU, KDIR=KDIR)
( 3132) ENDIF
( 3133) 
( 3134) LYFQTUR = ASSOCIATED (YD%YFQTUR)
( 3135) IF (LYFQTUR) THEN
( 3136)   CALL LEGACY_TYPE_GFL_COMP (YD%YFQTUR, KADDRL, KADDRU, KDIR=KDIR)
( 3137) ENDIF
( 3138) 
( 3139) LYFSTUR = ASSOCIATED (YD%YFSTUR)
( 3140) IF (LYFSTUR) THEN
( 3141)   CALL LEGACY_TYPE_GFL_COMP (YD%YFSTUR, KADDRL, KADDRU, KDIR=KDIR)
( 3142) ENDIF
( 3143) 
( 3144) LYCPF = ASSOCIATED (YD%YCPF)
( 3145) IF (LYCPF) THEN
( 3146)   CALL LEGACY_TYPE_GFL_COMP (YD%YCPF, KADDRL, KADDRU, KDIR=KDIR)
( 3147) ENDIF
( 3148) 
( 3149) LYSPF = ASSOCIATED (YD%YSPF)
( 3150) IF (LYSPF) THEN
( 3151)   CALL LEGACY_TYPE_GFL_COMP (YD%YSPF, KADDRL, KADDRU, KDIR=KDIR)
( 3152) ENDIF
( 3153) 
( 3154) LYCVGQ = ASSOCIATED (YD%YCVGQ)
( 3155) IF (LYCVGQ) THEN
( 3156)   CALL LEGACY_TYPE_GFL_COMP (YD%YCVGQ, KADDRL, KADDRU, KDIR=KDIR)
( 3157) ENDIF
( 3158) 
( 3159) LYQVA = ASSOCIATED (YD%YQVA)
( 3160) IF (LYQVA) THEN
( 3161)   CALL LEGACY_TYPE_GFL_COMP (YD%YQVA, KADDRL, KADDRU, KDIR=KDIR)
( 3162) ENDIF
( 3163) 
( 3164) LYGHG = ASSOCIATED (YD%YGHG)
( 3165) IF (LYGHG) THEN
( 3166)   DO J1 = LBOUND (YD%YGHG, 1), UBOUND (YD%YGHG, 1)
( 3167)     CALL LEGACY_TYPE_GFL_COMP (YD%YGHG (J1), KADDRL, KADDRU, KDIR=KDIR)
( 3168)   ENDDO
( 3169) ENDIF
( 3170) 
( 3171) LYCHEM = ASSOCIATED (YD%YCHEM)
( 3172) IF (LYCHEM) THEN
( 3173)   DO J1 = LBOUND (YD%YCHEM, 1), UBOUND (YD%YCHEM, 1)
( 3174)     CALL LEGACY_TYPE_GFL_COMP (YD%YCHEM (J1), KADDRL, KADDRU, KDIR=KDIR)
( 3175)   ENDDO
( 3176) ENDIF
( 3177) 
( 3178) LYAERO = ASSOCIATED (YD%YAERO)
( 3179) IF (LYAERO) THEN
( 3180)   DO J1 = LBOUND (YD%YAERO, 1), UBOUND (YD%YAERO, 1)
( 3181)     CALL LEGACY_TYPE_GFL_COMP (YD%YAERO (J1), KADDRL, KADDRU, KDIR=KDIR)
( 3182)   ENDDO






NVFORTRAN (Version     24.5)          03/19/2025  06:54:44      page 56

( 3183) ENDIF
( 3184) 
( 3185) LYLRCH4 = ASSOCIATED (YD%YLRCH4)
( 3186) IF (LYLRCH4) THEN
( 3187)   CALL LEGACY_TYPE_GFL_COMP (YD%YLRCH4, KADDRL, KADDRU, KDIR=KDIR)
( 3188) ENDIF
( 3189) 
( 3190) LYEMIS3D = ASSOCIATED (YD%YEMIS3D)
( 3191) IF (LYEMIS3D) THEN
( 3192)   DO J1 = LBOUND (YD%YEMIS3D, 1), UBOUND (YD%YEMIS3D, 1)
( 3193)     CALL LEGACY_TYPE_GFL_COMP (YD%YEMIS3D (J1), KADDRL, KADDRU, KDIR=KDIR)
( 3194)   ENDDO
( 3195) ENDIF
( 3196) 
( 3197) LYFORC = ASSOCIATED (YD%YFORC)
( 3198) IF (LYFORC) THEN
( 3199)   DO J1 = LBOUND (YD%YFORC, 1), UBOUND (YD%YFORC, 1)
( 3200)     CALL LEGACY_TYPE_GFL_COMP (YD%YFORC (J1), KADDRL, KADDRU, KDIR=KDIR)
( 3201)   ENDDO
( 3202) ENDIF
( 3203) 
( 3204) LYEZDIAG = ASSOCIATED (YD%YEZDIAG)
( 3205) IF (LYEZDIAG) THEN
( 3206)   DO J1 = LBOUND (YD%YEZDIAG, 1), UBOUND (YD%YEZDIAG, 1)
( 3207)     CALL LEGACY_TYPE_GFL_COMP (YD%YEZDIAG (J1), KADDRL, KADDRU, KDIR=KDIR)
( 3208)   ENDDO
( 3209) ENDIF
( 3210) 
( 3211) LYERA40 = ASSOCIATED (YD%YERA40)
( 3212) IF (LYERA40) THEN
( 3213)   DO J1 = LBOUND (YD%YERA40, 1), UBOUND (YD%YERA40, 1)
( 3214)     CALL LEGACY_TYPE_GFL_COMP (YD%YERA40 (J1), KADDRL, KADDRU, KDIR=KDIR)
( 3215)   ENDDO
( 3216) ENDIF
( 3217) 
( 3218) LYNOGW = ASSOCIATED (YD%YNOGW)
( 3219) IF (LYNOGW) THEN
( 3220)   DO J1 = LBOUND (YD%YNOGW, 1), UBOUND (YD%YNOGW, 1)
( 3221)     CALL LEGACY_TYPE_GFL_COMP (YD%YNOGW (J1), KADDRL, KADDRU, KDIR=KDIR)
( 3222)   ENDDO
( 3223) ENDIF
( 3224) 
( 3225) LYEDRP = ASSOCIATED (YD%YEDRP)
( 3226) IF (LYEDRP) THEN
( 3227)   DO J1 = LBOUND (YD%YEDRP, 1), UBOUND (YD%YEDRP, 1)
( 3228)     CALL LEGACY_TYPE_GFL_COMP (YD%YEDRP (J1), KADDRL, KADDRU, KDIR=KDIR)
( 3229)   ENDDO
( 3230) ENDIF
( 3231) 
( 3232) LYSLDIA = ASSOCIATED (YD%YSLDIA)
( 3233) IF (LYSLDIA) THEN
( 3234)   DO J1 = LBOUND (YD%YSLDIA, 1), UBOUND (YD%YSLDIA, 1)
( 3235)     CALL LEGACY_TYPE_GFL_COMP (YD%YSLDIA (J1), KADDRL, KADDRU, KDIR=KDIR)
( 3236)   ENDDO
( 3237) ENDIF
( 3238) 
( 3239) LYAERAOT = ASSOCIATED (YD%YAERAOT)
( 3240) IF (LYAERAOT) THEN






NVFORTRAN (Version     24.5)          03/19/2025  06:54:44      page 57

( 3241)   DO J1 = LBOUND (YD%YAERAOT, 1), UBOUND (YD%YAERAOT, 1)
( 3242)     CALL LEGACY_TYPE_GFL_COMP (YD%YAERAOT (J1), KADDRL, KADDRU, KDIR=KDIR)
( 3243)   ENDDO
( 3244) ENDIF
( 3245) 
( 3246) LYAERLISI = ASSOCIATED (YD%YAERLISI)
( 3247) IF (LYAERLISI) THEN
( 3248)   DO J1 = LBOUND (YD%YAERLISI, 1), UBOUND (YD%YAERLISI, 1)
( 3249)     CALL LEGACY_TYPE_GFL_COMP (YD%YAERLISI (J1), KADDRL, KADDRU, KDIR=KDIR)
( 3250)   ENDDO
( 3251) ENDIF
( 3252) 
( 3253) LYAEROUT = ASSOCIATED (YD%YAEROUT)
( 3254) IF (LYAEROUT) THEN
( 3255)   DO J1 = LBOUND (YD%YAEROUT, 1), UBOUND (YD%YAEROUT, 1)
( 3256)     CALL LEGACY_TYPE_GFL_COMP (YD%YAEROUT (J1), KADDRL, KADDRU, KDIR=KDIR)
( 3257)   ENDDO
( 3258) ENDIF
( 3259) 
( 3260) LYAEROCLIM = ASSOCIATED (YD%YAEROCLIM)
( 3261) IF (LYAEROCLIM) THEN
( 3262)   DO J1 = LBOUND (YD%YAEROCLIM, 1), UBOUND (YD%YAEROCLIM, 1)
( 3263)     CALL LEGACY_TYPE_GFL_COMP (YD%YAEROCLIM (J1), KADDRL, KADDRU, KDIR=KDIR)
( 3264)   ENDDO
( 3265) ENDIF
( 3266) 
( 3267) LYUVP = ASSOCIATED (YD%YUVP)
( 3268) IF (LYUVP) THEN
( 3269)   DO J1 = LBOUND (YD%YUVP, 1), UBOUND (YD%YUVP, 1)
( 3270)     CALL LEGACY_TYPE_GFL_COMP (YD%YUVP (J1), KADDRL, KADDRU, KDIR=KDIR)
( 3271)   ENDDO
( 3272) ENDIF
( 3273) 
( 3274) LYPHYS = ASSOCIATED (YD%YPHYS)
( 3275) IF (LYPHYS) THEN
( 3276)   DO J1 = LBOUND (YD%YPHYS, 1), UBOUND (YD%YPHYS, 1)
( 3277)     CALL LEGACY_TYPE_GFL_COMP (YD%YPHYS (J1), KADDRL, KADDRU, KDIR=KDIR)
( 3278)   ENDDO
( 3279) ENDIF
( 3280) 
( 3281) LYPHYCTY = ASSOCIATED (YD%YPHYCTY)
( 3282) IF (LYPHYCTY) THEN
( 3283)   CALL LEGACY_TYPE_GFL_COMP (YD%YPHYCTY, KADDRL, KADDRU, KDIR=KDIR)
( 3284) ENDIF
( 3285) 
( 3286) LYRSPEC = ASSOCIATED (YD%YRSPEC)
( 3287) IF (LYRSPEC) THEN
( 3288)   CALL LEGACY_TYPE_GFL_COMP (YD%YRSPEC, KADDRL, KADDRU, KDIR=KDIR)
( 3289) ENDIF
( 3290) 
( 3291) LYSDSAT = ASSOCIATED (YD%YSDSAT)
( 3292) IF (LYSDSAT) THEN
( 3293)   CALL LEGACY_TYPE_GFL_COMP (YD%YSDSAT, KADDRL, KADDRU, KDIR=KDIR)
( 3294) ENDIF
( 3295) 
( 3296) LYCVV = ASSOCIATED (YD%YCVV)
( 3297) IF (LYCVV) THEN
( 3298)   CALL LEGACY_TYPE_GFL_COMP (YD%YCVV, KADDRL, KADDRU, KDIR=KDIR)






NVFORTRAN (Version     24.5)          03/19/2025  06:54:44      page 58

( 3299) ENDIF
( 3300) 
( 3301) LYRKTH = ASSOCIATED (YD%YRKTH)
( 3302) IF (LYRKTH) THEN
( 3303)   CALL LEGACY_TYPE_GFL_COMP (YD%YRKTH, KADDRL, KADDRU, KDIR=KDIR)
( 3304) ENDIF
( 3305) 
( 3306) LYRKTQV = ASSOCIATED (YD%YRKTQV)
( 3307) IF (LYRKTQV) THEN
( 3308)   CALL LEGACY_TYPE_GFL_COMP (YD%YRKTQV, KADDRL, KADDRU, KDIR=KDIR)
( 3309) ENDIF
( 3310) 
( 3311) LYRKTQC = ASSOCIATED (YD%YRKTQC)
( 3312) IF (LYRKTQC) THEN
( 3313)   CALL LEGACY_TYPE_GFL_COMP (YD%YRKTQC, KADDRL, KADDRU, KDIR=KDIR)
( 3314) ENDIF
( 3315) 
( 3316) LYUOM = ASSOCIATED (YD%YUOM)
( 3317) IF (LYUOM) THEN
( 3318)   CALL LEGACY_TYPE_GFL_COMP (YD%YUOM, KADDRL, KADDRU, KDIR=KDIR)
( 3319) ENDIF
( 3320) 
( 3321) LYUAL = ASSOCIATED (YD%YUAL)
( 3322) IF (LYUAL) THEN
( 3323)   CALL LEGACY_TYPE_GFL_COMP (YD%YUAL, KADDRL, KADDRU, KDIR=KDIR)
( 3324) ENDIF
( 3325) 
( 3326) LYDOM = ASSOCIATED (YD%YDOM)
( 3327) IF (LYDOM) THEN
( 3328)   CALL LEGACY_TYPE_GFL_COMP (YD%YDOM, KADDRL, KADDRU, KDIR=KDIR)
( 3329) ENDIF
( 3330) 
( 3331) LYDAL = ASSOCIATED (YD%YDAL)
( 3332) IF (LYDAL) THEN
( 3333)   CALL LEGACY_TYPE_GFL_COMP (YD%YDAL, KADDRL, KADDRU, KDIR=KDIR)
( 3334) ENDIF
( 3335) 
( 3336) LYUEN = ASSOCIATED (YD%YUEN)
( 3337) IF (LYUEN) THEN
( 3338)   CALL LEGACY_TYPE_GFL_COMP (YD%YUEN, KADDRL, KADDRU, KDIR=KDIR)
( 3339) ENDIF
( 3340) 
( 3341) LYUNEBH = ASSOCIATED (YD%YUNEBH)
( 3342) IF (LYUNEBH) THEN
( 3343)   CALL LEGACY_TYPE_GFL_COMP (YD%YUNEBH, KADDRL, KADDRU, KDIR=KDIR)
( 3344) ENDIF
( 3345) 
( 3346) LYLIMA = ASSOCIATED (YD%YLIMA)
( 3347) IF (LYLIMA) THEN
( 3348)   DO J1 = LBOUND (YD%YLIMA, 1), UBOUND (YD%YLIMA, 1)
( 3349)     CALL LEGACY_TYPE_GFL_COMP (YD%YLIMA (J1), KADDRL, KADDRU, KDIR=KDIR)
( 3350)   ENDDO
( 3351) ENDIF
( 3352) 
( 3353) LYFSD = ASSOCIATED (YD%YFSD)
( 3354) IF (LYFSD) THEN
( 3355)   CALL LEGACY_TYPE_GFL_COMP (YD%YFSD, KADDRL, KADDRU, KDIR=KDIR)
( 3356) ENDIF






NVFORTRAN (Version     24.5)          03/19/2025  06:54:44      page 59

( 3357) 
( 3358) LYEXT = ASSOCIATED (YD%YEXT)
( 3359) IF (LYEXT) THEN
( 3360)   DO J1 = LBOUND (YD%YEXT, 1), UBOUND (YD%YEXT, 1)
( 3361)     CALL LEGACY_TYPE_GFL_COMP (YD%YEXT (J1), KADDRL, KADDRU, KDIR=KDIR)
( 3362)   ENDDO
( 3363) ENDIF
( 3364) 
( 3365) CALL LEGACY_TYPE_GFL_NAML (YD%YQ_NL, KADDRL, KADDRU, KDIR=KDIR)
( 3366) 
( 3367) CALL LEGACY_TYPE_GFL_NAML (YD%YI_NL, KADDRL, KADDRU, KDIR=KDIR)
( 3368) 
( 3369) CALL LEGACY_TYPE_GFL_NAML (YD%YL_NL, KADDRL, KADDRU, KDIR=KDIR)
( 3370) 
( 3371) CALL LEGACY_TYPE_GFL_NAML (YD%YLCONV_NL, KADDRL, KADDRU, KDIR=KDIR)
( 3372) 
( 3373) CALL LEGACY_TYPE_GFL_NAML (YD%YICONV_NL, KADDRL, KADDRU, KDIR=KDIR)
( 3374) 
( 3375) CALL LEGACY_TYPE_GFL_NAML (YD%YRCONV_NL, KADDRL, KADDRU, KDIR=KDIR)
( 3376) 
( 3377) CALL LEGACY_TYPE_GFL_NAML (YD%YSCONV_NL, KADDRL, KADDRU, KDIR=KDIR)
( 3378) 
( 3379) CALL LEGACY_TYPE_GFL_NAML (YD%YIRAD_NL, KADDRL, KADDRU, KDIR=KDIR)
( 3380) 
( 3381) CALL LEGACY_TYPE_GFL_NAML (YD%YLRAD_NL, KADDRL, KADDRU, KDIR=KDIR)
( 3382) 
( 3383) CALL LEGACY_TYPE_GFL_NAML (YD%YS_NL, KADDRL, KADDRU, KDIR=KDIR)
( 3384) 
( 3385) CALL LEGACY_TYPE_GFL_NAML (YD%YR_NL, KADDRL, KADDRU, KDIR=KDIR)
( 3386) 
( 3387) CALL LEGACY_TYPE_GFL_NAML (YD%YG_NL, KADDRL, KADDRU, KDIR=KDIR)
( 3388) 
( 3389) CALL LEGACY_TYPE_GFL_NAML (YD%YH_NL, KADDRL, KADDRU, KDIR=KDIR)
( 3390) 
( 3391) CALL LEGACY_TYPE_GFL_NAML (YD%YTKE_NL, KADDRL, KADDRU, KDIR=KDIR)
( 3392) 
( 3393) CALL LEGACY_TYPE_GFL_NAML (YD%YTTE_NL, KADDRL, KADDRU, KDIR=KDIR)
( 3394) 
( 3395) CALL LEGACY_TYPE_GFL_NAML (YD%YEFB1_NL, KADDRL, KADDRU, KDIR=KDIR)
( 3396) 
( 3397) CALL LEGACY_TYPE_GFL_NAML (YD%YEFB2_NL, KADDRL, KADDRU, KDIR=KDIR)
( 3398) 
( 3399) CALL LEGACY_TYPE_GFL_NAML (YD%YEFB3_NL, KADDRL, KADDRU, KDIR=KDIR)
( 3400) 
( 3401) CALL LEGACY_TYPE_GFL_NAML (YD%YA_NL, KADDRL, KADDRU, KDIR=KDIR)
( 3402) 
( 3403) CALL LEGACY_TYPE_GFL_NAML (YD%YO3_NL, KADDRL, KADDRU, KDIR=KDIR)
( 3404) 
( 3405) CALL LEGACY_TYPE_GFL_NAML (YD%YSRC_NL, KADDRL, KADDRU, KDIR=KDIR)
( 3406) 
( 3407) CALL LEGACY_TYPE_GFL_NAML (YD%YAMF_NL, KADDRL, KADDRU, KDIR=KDIR)
( 3408) 
( 3409) CALL LEGACY_TYPE_GFL_NAML (YD%YLMF_NL, KADDRL, KADDRU, KDIR=KDIR)
( 3410) 
( 3411) CALL LEGACY_TYPE_GFL_NAML (YD%YIMF_NL, KADDRL, KADDRU, KDIR=KDIR)
( 3412) 
( 3413) CALL LEGACY_TYPE_GFL_NAML (YD%YMXL_NL, KADDRL, KADDRU, KDIR=KDIR)
( 3414) 






NVFORTRAN (Version     24.5)          03/19/2025  06:54:44      page 60

( 3415) CALL LEGACY_TYPE_GFL_NAML (YD%YSHTUR_NL, KADDRL, KADDRU, KDIR=KDIR)
( 3416) 
( 3417) CALL LEGACY_TYPE_GFL_NAML (YD%YFQTUR_NL, KADDRL, KADDRU, KDIR=KDIR)
( 3418) 
( 3419) CALL LEGACY_TYPE_GFL_NAML (YD%YFSTUR_NL, KADDRL, KADDRU, KDIR=KDIR)
( 3420) 
( 3421) CALL LEGACY_TYPE_GFL_NAML (YD%YCPF_NL, KADDRL, KADDRU, KDIR=KDIR)
( 3422) 
( 3423) CALL LEGACY_TYPE_GFL_NAML (YD%YSPF_NL, KADDRL, KADDRU, KDIR=KDIR)
( 3424) 
( 3425) CALL LEGACY_TYPE_GFL_NAML (YD%YCVGQ_NL, KADDRL, KADDRU, KDIR=KDIR)
( 3426) 
( 3427) CALL LEGACY_TYPE_GFL_NAML (YD%YQVA_NL, KADDRL, KADDRU, KDIR=KDIR)
( 3428) 
( 3429) DO J1 = LBOUND (YD%YGHG_NL, 1), UBOUND (YD%YGHG_NL, 1)
( 3430)   CALL LEGACY_TYPE_GFL_NAML (YD%YGHG_NL (J1), KADDRL, KADDRU, KDIR=KDIR)
( 3431) ENDDO
( 3432) 
( 3433) DO J1 = LBOUND (YD%YCHEM_NL, 1), UBOUND (YD%YCHEM_NL, 1)
( 3434)   CALL LEGACY_TYPE_GFL_NAML (YD%YCHEM_NL (J1), KADDRL, KADDRU, KDIR=KDIR)
( 3435) ENDDO
( 3436) 
( 3437) DO J1 = LBOUND (YD%YAERO_NL, 1), UBOUND (YD%YAERO_NL, 1)
( 3438)   CALL LEGACY_TYPE_GFL_NAML (YD%YAERO_NL (J1), KADDRL, KADDRU, KDIR=KDIR)
( 3439) ENDDO
( 3440) 
( 3441) DO J1 = LBOUND (YD%YERA40_NL, 1), UBOUND (YD%YERA40_NL, 1)
( 3442)   CALL LEGACY_TYPE_GFL_NAML (YD%YERA40_NL (J1), KADDRL, KADDRU, KDIR=KDIR)
( 3443) ENDDO
( 3444) 
( 3445) DO J1 = LBOUND (YD%YNOGW_NL, 1), UBOUND (YD%YNOGW_NL, 1)
( 3446)   CALL LEGACY_TYPE_GFL_NAML (YD%YNOGW_NL (J1), KADDRL, KADDRU, KDIR=KDIR)
( 3447) ENDDO
( 3448) 
( 3449) DO J1 = LBOUND (YD%YEDRP_NL, 1), UBOUND (YD%YEDRP_NL, 1)
( 3450)   CALL LEGACY_TYPE_GFL_NAML (YD%YEDRP_NL (J1), KADDRL, KADDRU, KDIR=KDIR)
( 3451) ENDDO
( 3452) 
( 3453) DO J1 = LBOUND (YD%YSLDIA_NL, 1), UBOUND (YD%YSLDIA_NL, 1)
( 3454)   CALL LEGACY_TYPE_GFL_NAML (YD%YSLDIA_NL (J1), KADDRL, KADDRU, KDIR=KDIR)
( 3455) ENDDO
( 3456) 
( 3457) CALL LEGACY_TYPE_GFL_NAML (YD%YLRCH4_NL, KADDRL, KADDRU, KDIR=KDIR)
( 3458) 
( 3459) DO J1 = LBOUND (YD%YAERAOT_NL, 1), UBOUND (YD%YAERAOT_NL, 1)
( 3460)   CALL LEGACY_TYPE_GFL_NAML (YD%YAERAOT_NL (J1), KADDRL, KADDRU, KDIR=KDIR)
( 3461) ENDDO
( 3462) 
( 3463) DO J2 = LBOUND (YD%YAERLISI_NL, 2), UBOUND (YD%YAERLISI_NL, 2)
( 3464)   DO J1 = LBOUND (YD%YAERLISI_NL, 1), UBOUND (YD%YAERLISI_NL, 1)
( 3465)     CALL LEGACY_TYPE_GFL_NAML (YD%YAERLISI_NL (J1, J2), KADDRL, KADDRU, KDIR=KDIR)
( 3466)   ENDDO
( 3467) ENDDO
( 3468) 
( 3469) DO J1 = LBOUND (YD%YAEROUT_NL, 1), UBOUND (YD%YAEROUT_NL, 1)
( 3470)   CALL LEGACY_TYPE_GFL_NAML (YD%YAEROUT_NL (J1), KADDRL, KADDRU, KDIR=KDIR)
( 3471) ENDDO
( 3472) 






NVFORTRAN (Version     24.5)          03/19/2025  06:54:44      page 61

( 3473) DO J1 = LBOUND (YD%YAEROCLIM_NL, 1), UBOUND (YD%YAEROCLIM_NL, 1)
( 3474)   CALL LEGACY_TYPE_GFL_NAML (YD%YAEROCLIM_NL (J1), KADDRL, KADDRU, KDIR=KDIR)
( 3475) ENDDO
( 3476) 
( 3477) DO J1 = LBOUND (YD%YUVP_NL, 1), UBOUND (YD%YUVP_NL, 1)
( 3478)   CALL LEGACY_TYPE_GFL_NAML (YD%YUVP_NL (J1), KADDRL, KADDRU, KDIR=KDIR)
( 3479) ENDDO
( 3480) 
( 3481) CALL LEGACY_TYPE_GFL_NAML (YD%YRKTH_NL, KADDRL, KADDRU, KDIR=KDIR)
( 3482) 
( 3483) CALL LEGACY_TYPE_GFL_NAML (YD%YRKTQV_NL, KADDRL, KADDRU, KDIR=KDIR)
( 3484) 
( 3485) CALL LEGACY_TYPE_GFL_NAML (YD%YRKTQC_NL, KADDRL, KADDRU, KDIR=KDIR)
( 3486) 
( 3487) CALL LEGACY_TYPE_GFL_NAML (YD%YPHYCTY_NL, KADDRL, KADDRU, KDIR=KDIR)
( 3488) 
( 3489) CALL LEGACY_TYPE_GFL_NAML (YD%YFSD_NL, KADDRL, KADDRU, KDIR=KDIR)
( 3490) 
( 3491) CALL LEGACY_TYPE_GFL_NAML (YD%YRSPEC_NL, KADDRL, KADDRU, KDIR=KDIR)
( 3492) 
( 3493) CALL LEGACY_TYPE_GFL_NAML (YD%YSDSAT_NL, KADDRL, KADDRU, KDIR=KDIR)
( 3494) 
( 3495) CALL LEGACY_TYPE_GFL_NAML (YD%YCVV_NL, KADDRL, KADDRU, KDIR=KDIR)
( 3496) 
( 3497) DO J1 = LBOUND (YD%YFORC_NL, 1), UBOUND (YD%YFORC_NL, 1)
( 3498)   CALL LEGACY_TYPE_GFL_NAML (YD%YFORC_NL (J1), KADDRL, KADDRU, KDIR=KDIR)
( 3499) ENDDO
( 3500) 
( 3501) DO J1 = LBOUND (YD%YEZDIAG_NL, 1), UBOUND (YD%YEZDIAG_NL, 1)
( 3502)   CALL LEGACY_TYPE_GFL_NAML (YD%YEZDIAG_NL (J1), KADDRL, KADDRU, KDIR=KDIR)
( 3503) ENDDO
( 3504) 
( 3505) DO J1 = LBOUND (YD%YEXT_NL, 1), UBOUND (YD%YEXT_NL, 1)
( 3506)   CALL LEGACY_TYPE_GFL_NAML (YD%YEXT_NL (J1), KADDRL, KADDRU, KDIR=KDIR)
( 3507) ENDDO
( 3508) 
( 3509) CALL LEGACY_TYPE_GFL_NAML (YD%YUOM_NL, KADDRL, KADDRU, KDIR=KDIR)
( 3510) 
( 3511) CALL LEGACY_TYPE_GFL_NAML (YD%YUAL_NL, KADDRL, KADDRU, KDIR=KDIR)
( 3512) 
( 3513) CALL LEGACY_TYPE_GFL_NAML (YD%YDOM_NL, KADDRL, KADDRU, KDIR=KDIR)
( 3514) 
( 3515) CALL LEGACY_TYPE_GFL_NAML (YD%YDAL_NL, KADDRL, KADDRU, KDIR=KDIR)
( 3516) 
( 3517) CALL LEGACY_TYPE_GFL_NAML (YD%YUEN_NL, KADDRL, KADDRU, KDIR=KDIR)
( 3518) 
( 3519) CALL LEGACY_TYPE_GFL_NAML (YD%YUNEBH_NL, KADDRL, KADDRU, KDIR=KDIR)
( 3520) 
( 3521) DO J1 = LBOUND (YD%YAERO_WVL_DIAG_NL, 1), UBOUND (YD%YAERO_WVL_DIAG_NL, 1)
( 3522)   CALL LEGACY_TYPE_AERO_WVL_DIAG (YD%YAERO_WVL_DIAG_NL (J1), KADDRL, KADDRU, KDIR=KDIR)
( 3523) ENDDO
( 3524) 
( 3525) DO J1 = LBOUND (YD%YLIMA_NL, 1), UBOUND (YD%YLIMA_NL, 1)
( 3526)   CALL LEGACY_TYPE_GFL_NAML (YD%YLIMA_NL (J1), KADDRL, KADDRU, KDIR=KDIR)
( 3527) ENDDO
( 3528) 
( 3529) END SUBROUTINE     
( 3530) 






NVFORTRAN (Version     24.5)          03/19/2025  06:54:44      page 62

( 3531) SUBROUTINE CRC64_TYPE_GFLD (YD, KLUN, CDPATH)
( 3532) USE UTIL_TYPE_AERO_WVL_DIAG_MOD
( 3533) USE UTIL_TYPE_GFL_COMP_MOD
( 3534) USE UTIL_TYPE_GFL_NAML_MOD
( 3535) USE CRC64_INTRINSIC
( 3536) 
( 3537) IMPLICIT NONE
( 3538) TYPE (TYPE_GFLD), TARGET :: YD
( 3539) INTEGER, INTENT (IN) :: KLUN
( 3540) CHARACTER(LEN=*), INTENT (IN) :: CDPATH
( 3541) CHARACTER(LEN=128) :: CLIND
( 3542) INTEGER :: J1, J2
( 3543) LOGICAL :: LYA, LYAERAOT, LYAERLISI, LYAERO, LYAEROCLIM, LYAEROUT, LYAMF, LYCHEM, LYCPF, LYCVGQ
( 3544) LOGICAL :: LYCVV, LYDAL, LYDOM, LYEDRP, LYEFB1, LYEFB2, LYEFB3, LYEMIS3D, LYERA40, LYEXT
( 3545) LOGICAL :: LYEZDIAG, LYFORC, LYFQTUR, LYFSD, LYFSTUR, LYG, LYGHG, LYH, LYI, LYICONV
( 3546) LOGICAL :: LYIMF, LYIRAD, LYL, LYLASTCOMP, LYLCONV, LYLIMA, LYLMF, LYLRAD, LYLRCH4, LYMXL
( 3547) LOGICAL :: LYNOGW, LYO3, LYPHYCTY, LYPHYS, LYQ, LYQVA, LYR, LYRCONV, LYRKTH, LYRKTQC
( 3548) LOGICAL :: LYRKTQV, LYRSPEC, LYS, LYSCONV, LYSDSAT, LYSHTUR, LYSLDIA, LYSPF, LYSRC, LYTKE
( 3549) LOGICAL :: LYTTE, LYUAL, LYUEN, LYUNEBH, LYUOM, LYUVP
( 3550) WRITE (KLUN, '(Z16.16," ",A)') CRC64 (YD%NUMFLDS), CDPATH//'%NUMFLDS'
( 3551) 
( 3552) WRITE (KLUN, '(Z16.16," ",A)') CRC64 (YD%NDERS), CDPATH//'%NDERS'
( 3553) 
( 3554) WRITE (KLUN, '(Z16.16," ",A)') CRC64 (YD%NUMSPFLDS), CDPATH//'%NUMSPFLDS'
( 3555) 
( 3556) WRITE (KLUN, '(Z16.16," ",A)') CRC64 (YD%NUMGPFLDS), CDPATH//'%NUMGPFLDS'
( 3557) 
( 3558) WRITE (KLUN, '(Z16.16," ",A)') CRC64 (YD%NUMFLDS9), CDPATH//'%NUMFLDS9'
( 3559) 
( 3560) WRITE (KLUN, '(Z16.16," ",A)') CRC64 (YD%NUMFLDS1), CDPATH//'%NUMFLDS1'
( 3561) 
( 3562) WRITE (KLUN, '(Z16.16," ",A)') CRC64 (YD%NUMSPFLDS1), CDPATH//'%NUMSPFLDS1'
( 3563) 
( 3564) WRITE (KLUN, '(Z16.16," ",A)') CRC64 (YD%NUMFLDS5), CDPATH//'%NUMFLDS5'
( 3565) 
( 3566) WRITE (KLUN, '(Z16.16," ",A)') CRC64 (YD%NUMFLDSPHY), CDPATH//'%NUMFLDSPHY'
( 3567) 
( 3568) WRITE (KLUN, '(Z16.16," ",A)') CRC64 (YD%NUMFLDS_SPL), CDPATH//'%NUMFLDS_SPL'
( 3569) 
( 3570) WRITE (KLUN, '(Z16.16," ",A)') CRC64 (YD%NUMFLDS_SL1), CDPATH//'%NUMFLDS_SL1'
( 3571) 
( 3572) WRITE (KLUN, '(Z16.16," ",A)') CRC64 (YD%NUMFLDSPC), CDPATH//'%NUMFLDSPC'
( 3573) 
( 3574) WRITE (KLUN, '(Z16.16," ",A)') CRC64 (YD%NDIM), CDPATH//'%NDIM'
( 3575) 
( 3576) WRITE (KLUN, '(Z16.16," ",A)') CRC64 (YD%NUMFLDSPT), CDPATH//'%NUMFLDSPT'
( 3577) 
( 3578) WRITE (KLUN, '(Z16.16," ",A)') CRC64 (YD%NDIM0), CDPATH//'%NDIM0'
( 3579) 
( 3580) WRITE (KLUN, '(Z16.16," ",A)') CRC64 (YD%NDIM9), CDPATH//'%NDIM9'
( 3581) 
( 3582) WRITE (KLUN, '(Z16.16," ",A)') CRC64 (YD%NDIM1), CDPATH//'%NDIM1'
( 3583) 
( 3584) WRITE (KLUN, '(Z16.16," ",A)') CRC64 (YD%NDIM5), CDPATH//'%NDIM5'
( 3585) 
( 3586) WRITE (KLUN, '(Z16.16," ",A)') CRC64 (YD%NDIMSLP), CDPATH//'%NDIMSLP'
( 3587) 
( 3588) WRITE (KLUN, '(Z16.16," ",A)') CRC64 (YD%NDIM_SPL), CDPATH//'%NDIM_SPL'






NVFORTRAN (Version     24.5)          03/19/2025  06:54:44      page 63

( 3589) 
( 3590) WRITE (KLUN, '(Z16.16," ",A)') CRC64 (YD%NDIMPT), CDPATH//'%NDIMPT'
( 3591) 
( 3592) WRITE (KLUN, '(Z16.16," ",A)') CRC64 (YD%NDIMPC), CDPATH//'%NDIMPC'
( 3593) 
( 3594) WRITE (KLUN, '(Z16.16," ",A)') CRC64 (YD%NGFL_EXT), CDPATH//'%NGFL_EXT'
( 3595) 
( 3596) WRITE (KLUN, '(Z16.16," ",A)') CRC64 (YD%NGFL_FORC), CDPATH//'%NGFL_FORC'
( 3597) 
( 3598) WRITE (KLUN, '(Z16.16," ",A)') CRC64 (YD%NGFL_EZDIAG), CDPATH//'%NGFL_EZDIAG'
( 3599) 
( 3600) WRITE (KLUN, '(Z16.16," ",A)') CRC64 (YD%NGHG), CDPATH//'%NGHG'
( 3601) 
( 3602) WRITE (KLUN, '(Z16.16," ",A)') CRC64 (YD%NGHG_ASSIM), CDPATH//'%NGHG_ASSIM'
( 3603) 
( 3604) WRITE (KLUN, '(Z16.16," ",A)') CRC64 (YD%NAERO), CDPATH//'%NAERO'
( 3605) 
( 3606) WRITE (KLUN, '(Z16.16," ",A)') CRC64 (YD%NACTAERO), CDPATH//'%NACTAERO'
( 3607) 
( 3608) WRITE (KLUN, '(Z16.16," ",A)') CRC64 (YD%NDDHAERO), CDPATH//'%NDDHAERO'
( 3609) 
( 3610) WRITE (KLUN, '(Z16.16," ",A)') CRC64 (YD%NERA40), CDPATH//'%NERA40'
( 3611) 
( 3612) WRITE (KLUN, '(Z16.16," ",A)') CRC64 (YD%NNOGW), CDPATH//'%NNOGW'
( 3613) 
( 3614) WRITE (KLUN, '(Z16.16," ",A)') CRC64 (YD%NEDRP), CDPATH//'%NEDRP'
( 3615) 
( 3616) WRITE (KLUN, '(Z16.16," ",A)') CRC64 (YD%NAEROUT), CDPATH//'%NAEROUT'
( 3617) 
( 3618) WRITE (KLUN, '(Z16.16," ",A)') CRC64 (YD%NAEROCLIM), CDPATH//'%NAEROCLIM'
( 3619) 
( 3620) WRITE (KLUN, '(Z16.16," ",A)') CRC64 (YD%NUVP), CDPATH//'%NUVP'
( 3621) 
( 3622) WRITE (KLUN, '(Z16.16," ",A)') CRC64 (YD%NSLDIA), CDPATH//'%NSLDIA'
( 3623) 
( 3624) WRITE (KLUN, '(Z16.16," ",A)') CRC64 (YD%NSLDIAGP), CDPATH//'%NSLDIAGP'
( 3625) 
( 3626) WRITE (KLUN, '(Z16.16," ",A)') CRC64 (YD%NFSD), CDPATH//'%NFSD'
( 3627) 
( 3628) WRITE (KLUN, '(Z16.16," ",A)') CRC64 (YD%LAERCHEM), CDPATH//'%LAERCHEM'
( 3629) 
( 3630) WRITE (KLUN, '(Z16.16," ",A)') CRC64 (YD%LTRCMFIX), CDPATH//'%LTRCMFIX'
( 3631) 
( 3632) WRITE (KLUN, '(Z16.16," ",A)') CRC64 (YD%LTRCMFIX_PS), CDPATH//'%LTRCMFIX_PS'
( 3633) 
( 3634) WRITE (KLUN, '(Z16.16," ",A)') CRC64 (YD%LTRCMFQM), CDPATH//'%LTRCMFQM'
( 3635) 
( 3636) WRITE (KLUN, '(Z16.16," ",A)') CRC64 (YD%LAERAOT), CDPATH//'%LAERAOT'
( 3637) 
( 3638) WRITE (KLUN, '(Z16.16," ",A)') CRC64 (YD%LAERLISI), CDPATH//'%LAERLISI'
( 3639) 
( 3640) WRITE (KLUN, '(Z16.16," ",A)') CRC64 (YD%LAEROUT), CDPATH//'%LAEROUT'
( 3641) 
( 3642) WRITE (KLUN, '(Z16.16," ",A)') CRC64 (YD%LAEROCLIM), CDPATH//'%LAEROCLIM'
( 3643) 
( 3644) WRITE (KLUN, '(Z16.16," ",A)') CRC64 (YD%LUVPOUT), CDPATH//'%LUVPOUT'
( 3645) 
( 3646) WRITE (KLUN, '(Z16.16," ",A)') CRC64 (YD%LSPPTGFL), CDPATH//'%LSPPTGFL'






NVFORTRAN (Version     24.5)          03/19/2025  06:54:44      page 64

( 3647) 
( 3648) WRITE (KLUN, '(Z16.16," ",A)') CRC64 (YD%NGEMS), CDPATH//'%NGEMS'
( 3649) 
( 3650) WRITE (KLUN, '(Z16.16," ",A)') CRC64 (YD%NCHEM), CDPATH//'%NCHEM'
( 3651) 
( 3652) WRITE (KLUN, '(Z16.16," ",A)') CRC64 (YD%NCHEM_ASSIM), CDPATH//'%NCHEM_ASSIM'
( 3653) 
( 3654) WRITE (KLUN, '(Z16.16," ",A)') CRC64 (YD%NCHEM_FLXO), CDPATH//'%NCHEM_FLXO'
( 3655) 
( 3656) WRITE (KLUN, '(Z16.16," ",A)') CRC64 (YD%NCHEM_WDFLX), CDPATH//'%NCHEM_WDFLX'
( 3657) 
( 3658) WRITE (KLUN, '(Z16.16," ",A)') CRC64 (YD%NCHEM_DDFLX), CDPATH//'%NCHEM_DDFLX'
( 3659) 
( 3660) WRITE (KLUN, '(Z16.16," ",A)') CRC64 (YD%NCHEM_DV), CDPATH//'%NCHEM_DV'
( 3661) 
( 3662) WRITE (KLUN, '(Z16.16," ",A)') CRC64 (YD%NCHEM_TC), CDPATH//'%NCHEM_TC'
( 3663) 
( 3664) WRITE (KLUN, '(Z16.16," ",A)') CRC64 (YD%NCHEM_SCV), CDPATH//'%NCHEM_SCV'
( 3665) 
( 3666) WRITE (KLUN, '(Z16.16," ",A)') CRC64 (YD%NEMIS2D), CDPATH//'%NEMIS2D'
( 3667) 
( 3668) WRITE (KLUN, '(Z16.16," ",A)') CRC64 (YD%NEMIS2DAUX), CDPATH//'%NEMIS2DAUX'
( 3669) 
( 3670) WRITE (KLUN, '(Z16.16," ",A)') CRC64 (YD%NEMIS3D), CDPATH//'%NEMIS3D'
( 3671) 
( 3672) WRITE (KLUN, '(Z16.16," ",A)') CRC64 (YD%NLIMA), CDPATH//'%NLIMA'
( 3673) 
( 3674) WRITE (KLUN, '(Z16.16," ",A)') CRC64 (YD%NAERO_WVL_DIAG), CDPATH//'%NAERO_WVL_DIAG'
( 3675) 
( 3676) WRITE (KLUN, '(Z16.16," ",A)') CRC64 (YD%NAERO_WVL_DIAG_TYPES), CDPATH//'%NAERO_WVL_DIAG_TYPES'
( 3677) 
( 3678) WRITE (KLUN, '(Z16.16," ",A)') CRC64 (YD%NCHEMSULF1), CDPATH//'%NCHEMSULF1'
( 3679) 
( 3680) WRITE (KLUN, '(Z16.16," ",A)') CRC64 (YD%NCHEMHNO3), CDPATH//'%NCHEMHNO3'
( 3681) 
( 3682) WRITE (KLUN, '(Z16.16," ",A)') CRC64 (YD%NNEGAFIX), CDPATH//'%NNEGAFIX'
( 3683) 
( 3684) WRITE (KLUN, '(Z16.16," ",A)') CRC64 (YD%NOPTNEGFIX), CDPATH//'%NOPTNEGFIX'
( 3685) 
( 3686) WRITE (KLUN, '(Z16.16," ",A)') CRC64 (YD%LQM3DCONS), CDPATH//'%LQM3DCONS'
( 3687) 
( 3688) WRITE (KLUN, '(Z16.16," ",A)') CRC64 (YD%LADVNEGFIX), CDPATH//'%LADVNEGFIX'
( 3689) 
( 3690) WRITE (KLUN, '(Z16.16," ",A)') CRC64 (YD%LTRCMFBC), CDPATH//'%LTRCMFBC'
( 3691) 
( 3692) WRITE (KLUN, '(Z16.16," ",A)') CRC64 (YD%LTRCMFPR), CDPATH//'%LTRCMFPR'
( 3693) 
( 3694) WRITE (KLUN, '(Z16.16," ",A)') CRC64 (YD%LTRCMFMG), CDPATH//'%LTRCMFMG'
( 3695) 
( 3696) WRITE (KLUN, '(Z16.16," ",A)') CRC64 (YD%LTRCMFP), CDPATH//'%LTRCMFP'
( 3697) 
( 3698) WRITE (KLUN, '(Z16.16," ",A)') CRC64 (YD%LTRCMFA_DIF), CDPATH//'%LTRCMFA_DIF'
( 3699) 
( 3700) WRITE (KLUN, '(Z16.16," ",A)') CRC64 (YD%LTRCMFA_LAP), CDPATH//'%LTRCMFA_LAP'
( 3701) 
( 3702) WRITE (KLUN, '(Z16.16," ",A)') CRC64 (YD%LTRCMFA_VER), CDPATH//'%LTRCMFA_VER'
( 3703) 
( 3704) WRITE (KLUN, '(Z16.16," ",A)') CRC64 (YD%LEXTRADF), CDPATH//'%LEXTRADF'






NVFORTRAN (Version     24.5)          03/19/2025  06:54:44      page 65

( 3705) 
( 3706) WRITE (KLUN, '(Z16.16," ",A)') CRC64 (YD%NFLDSFIX), CDPATH//'%NFLDSFIX'
( 3707) 
( 3708) WRITE (KLUN, '(Z16.16," ",A)') CRC64 (YD%NOPTMFBC), CDPATH//'%NOPTMFBC'
( 3709) 
( 3710) WRITE (KLUN, '(Z16.16," ",A)') CRC64 (YD%NOPTMFPR), CDPATH//'%NOPTMFPR'
( 3711) 
( 3712) WRITE (KLUN, '(Z16.16," ",A)') CRC64 (YD%NOPTVFE), CDPATH//'%NOPTVFE'
( 3713) 
( 3714) WRITE (KLUN, '(Z16.16," ",A)') CRC64 (YD%NMFDIAGLEV), CDPATH//'%NMFDIAGLEV'
( 3715) 
( 3716) WRITE (KLUN, '(Z16.16," ",A)') CRC64 (YD%NMFIXFLDS), CDPATH//'%NMFIXFLDS'
( 3717) 
( 3718) WRITE (KLUN, '(Z16.16," ",A)') CRC64 (YD%NNEGFLDS), CDPATH//'%NNEGFLDS'
( 3719) 
( 3720) WRITE (KLUN, '(Z16.16," ",A)') CRC64 (YD%ZMFIXEPS), CDPATH//'%ZMFIXEPS'
( 3721) 
( 3722) WRITE (KLUN, '(Z16.16," ",A)') CRC64 (YD%NFMG), CDPATH//'%NFMG'
( 3723) 
( 3724) WRITE (KLUN, '(Z16.16," ",A)') CRC64 (YD%NMGFLDS), CDPATH//'%NMGFLDS'
( 3725) 
( 3726) DO J1 = LBOUND (YD%YCOMP, 1), UBOUND (YD%YCOMP, 1)
( 3727)   WRITE (CLIND, '("(",I0,")")') J1
( 3728)   CALL CRC64_TYPE_GFL_COMP (YD%YCOMP (J1), KLUN, CDPATH//'%YCOMP'//TRIM(CLIND))
( 3729) ENDDO
( 3730) 
( 3731) LYLASTCOMP = ASSOCIATED (YD%YLASTCOMP)
( 3732) IF (LYLASTCOMP) THEN
( 3733)   CLIND = ''
( 3734)   CALL CRC64_TYPE_GFL_COMP (YD%YLASTCOMP, KLUN, CDPATH//'%YLASTCOMP'//TRIM(CLIND))
( 3735) ENDIF
( 3736) 
( 3737) LYQ = ASSOCIATED (YD%YQ)
( 3738) IF (LYQ) THEN
( 3739)   CLIND = ''
( 3740)   CALL CRC64_TYPE_GFL_COMP (YD%YQ, KLUN, CDPATH//'%YQ'//TRIM(CLIND))
( 3741) ENDIF
( 3742) 
( 3743) LYI = ASSOCIATED (YD%YI)
( 3744) IF (LYI) THEN
( 3745)   CLIND = ''
( 3746)   CALL CRC64_TYPE_GFL_COMP (YD%YI, KLUN, CDPATH//'%YI'//TRIM(CLIND))
( 3747) ENDIF
( 3748) 
( 3749) LYL = ASSOCIATED (YD%YL)
( 3750) IF (LYL) THEN
( 3751)   CLIND = ''
( 3752)   CALL CRC64_TYPE_GFL_COMP (YD%YL, KLUN, CDPATH//'%YL'//TRIM(CLIND))
( 3753) ENDIF
( 3754) 
( 3755) LYLCONV = ASSOCIATED (YD%YLCONV)
( 3756) IF (LYLCONV) THEN
( 3757)   CLIND = ''
( 3758)   CALL CRC64_TYPE_GFL_COMP (YD%YLCONV, KLUN, CDPATH//'%YLCONV'//TRIM(CLIND))
( 3759) ENDIF
( 3760) 
( 3761) LYICONV = ASSOCIATED (YD%YICONV)
( 3762) IF (LYICONV) THEN






NVFORTRAN (Version     24.5)          03/19/2025  06:54:44      page 66

( 3763)   CLIND = ''
( 3764)   CALL CRC64_TYPE_GFL_COMP (YD%YICONV, KLUN, CDPATH//'%YICONV'//TRIM(CLIND))
( 3765) ENDIF
( 3766) 
( 3767) LYRCONV = ASSOCIATED (YD%YRCONV)
( 3768) IF (LYRCONV) THEN
( 3769)   CLIND = ''
( 3770)   CALL CRC64_TYPE_GFL_COMP (YD%YRCONV, KLUN, CDPATH//'%YRCONV'//TRIM(CLIND))
( 3771) ENDIF
( 3772) 
( 3773) LYSCONV = ASSOCIATED (YD%YSCONV)
( 3774) IF (LYSCONV) THEN
( 3775)   CLIND = ''
( 3776)   CALL CRC64_TYPE_GFL_COMP (YD%YSCONV, KLUN, CDPATH//'%YSCONV'//TRIM(CLIND))
( 3777) ENDIF
( 3778) 
( 3779) LYIRAD = ASSOCIATED (YD%YIRAD)
( 3780) IF (LYIRAD) THEN
( 3781)   CLIND = ''
( 3782)   CALL CRC64_TYPE_GFL_COMP (YD%YIRAD, KLUN, CDPATH//'%YIRAD'//TRIM(CLIND))
( 3783) ENDIF
( 3784) 
( 3785) LYLRAD = ASSOCIATED (YD%YLRAD)
( 3786) IF (LYLRAD) THEN
( 3787)   CLIND = ''
( 3788)   CALL CRC64_TYPE_GFL_COMP (YD%YLRAD, KLUN, CDPATH//'%YLRAD'//TRIM(CLIND))
( 3789) ENDIF
( 3790) 
( 3791) LYS = ASSOCIATED (YD%YS)
( 3792) IF (LYS) THEN
( 3793)   CLIND = ''
( 3794)   CALL CRC64_TYPE_GFL_COMP (YD%YS, KLUN, CDPATH//'%YS'//TRIM(CLIND))
( 3795) ENDIF
( 3796) 
( 3797) LYR = ASSOCIATED (YD%YR)
( 3798) IF (LYR) THEN
( 3799)   CLIND = ''
( 3800)   CALL CRC64_TYPE_GFL_COMP (YD%YR, KLUN, CDPATH//'%YR'//TRIM(CLIND))
( 3801) ENDIF
( 3802) 
( 3803) LYG = ASSOCIATED (YD%YG)
( 3804) IF (LYG) THEN
( 3805)   CLIND = ''
( 3806)   CALL CRC64_TYPE_GFL_COMP (YD%YG, KLUN, CDPATH//'%YG'//TRIM(CLIND))
( 3807) ENDIF
( 3808) 
( 3809) LYH = ASSOCIATED (YD%YH)
( 3810) IF (LYH) THEN
( 3811)   CLIND = ''
( 3812)   CALL CRC64_TYPE_GFL_COMP (YD%YH, KLUN, CDPATH//'%YH'//TRIM(CLIND))
( 3813) ENDIF
( 3814) 
( 3815) LYTKE = ASSOCIATED (YD%YTKE)
( 3816) IF (LYTKE) THEN
( 3817)   CLIND = ''
( 3818)   CALL CRC64_TYPE_GFL_COMP (YD%YTKE, KLUN, CDPATH//'%YTKE'//TRIM(CLIND))
( 3819) ENDIF
( 3820) 






NVFORTRAN (Version     24.5)          03/19/2025  06:54:44      page 67

( 3821) LYTTE = ASSOCIATED (YD%YTTE)
( 3822) IF (LYTTE) THEN
( 3823)   CLIND = ''
( 3824)   CALL CRC64_TYPE_GFL_COMP (YD%YTTE, KLUN, CDPATH//'%YTTE'//TRIM(CLIND))
( 3825) ENDIF
( 3826) 
( 3827) LYEFB1 = ASSOCIATED (YD%YEFB1)
( 3828) IF (LYEFB1) THEN
( 3829)   CLIND = ''
( 3830)   CALL CRC64_TYPE_GFL_COMP (YD%YEFB1, KLUN, CDPATH//'%YEFB1'//TRIM(CLIND))
( 3831) ENDIF
( 3832) 
( 3833) LYEFB2 = ASSOCIATED (YD%YEFB2)
( 3834) IF (LYEFB2) THEN
( 3835)   CLIND = ''
( 3836)   CALL CRC64_TYPE_GFL_COMP (YD%YEFB2, KLUN, CDPATH//'%YEFB2'//TRIM(CLIND))
( 3837) ENDIF
( 3838) 
( 3839) LYEFB3 = ASSOCIATED (YD%YEFB3)
( 3840) IF (LYEFB3) THEN
( 3841)   CLIND = ''
( 3842)   CALL CRC64_TYPE_GFL_COMP (YD%YEFB3, KLUN, CDPATH//'%YEFB3'//TRIM(CLIND))
( 3843) ENDIF
( 3844) 
( 3845) LYA = ASSOCIATED (YD%YA)
( 3846) IF (LYA) THEN
( 3847)   CLIND = ''
( 3848)   CALL CRC64_TYPE_GFL_COMP (YD%YA, KLUN, CDPATH//'%YA'//TRIM(CLIND))
( 3849) ENDIF
( 3850) 
( 3851) LYO3 = ASSOCIATED (YD%YO3)
( 3852) IF (LYO3) THEN
( 3853)   CLIND = ''
( 3854)   CALL CRC64_TYPE_GFL_COMP (YD%YO3, KLUN, CDPATH//'%YO3'//TRIM(CLIND))
( 3855) ENDIF
( 3856) 
( 3857) LYSRC = ASSOCIATED (YD%YSRC)
( 3858) IF (LYSRC) THEN
( 3859)   CLIND = ''
( 3860)   CALL CRC64_TYPE_GFL_COMP (YD%YSRC, KLUN, CDPATH//'%YSRC'//TRIM(CLIND))
( 3861) ENDIF
( 3862) 
( 3863) LYLMF = ASSOCIATED (YD%YLMF)
( 3864) IF (LYLMF) THEN
( 3865)   CLIND = ''
( 3866)   CALL CRC64_TYPE_GFL_COMP (YD%YLMF, KLUN, CDPATH//'%YLMF'//TRIM(CLIND))
( 3867) ENDIF
( 3868) 
( 3869) LYIMF = ASSOCIATED (YD%YIMF)
( 3870) IF (LYIMF) THEN
( 3871)   CLIND = ''
( 3872)   CALL CRC64_TYPE_GFL_COMP (YD%YIMF, KLUN, CDPATH//'%YIMF'//TRIM(CLIND))
( 3873) ENDIF
( 3874) 
( 3875) LYAMF = ASSOCIATED (YD%YAMF)
( 3876) IF (LYAMF) THEN
( 3877)   CLIND = ''
( 3878)   CALL CRC64_TYPE_GFL_COMP (YD%YAMF, KLUN, CDPATH//'%YAMF'//TRIM(CLIND))






NVFORTRAN (Version     24.5)          03/19/2025  06:54:44      page 68

( 3879) ENDIF
( 3880) 
( 3881) LYMXL = ASSOCIATED (YD%YMXL)
( 3882) IF (LYMXL) THEN
( 3883)   CLIND = ''
( 3884)   CALL CRC64_TYPE_GFL_COMP (YD%YMXL, KLUN, CDPATH//'%YMXL'//TRIM(CLIND))
( 3885) ENDIF
( 3886) 
( 3887) LYSHTUR = ASSOCIATED (YD%YSHTUR)
( 3888) IF (LYSHTUR) THEN
( 3889)   CLIND = ''
( 3890)   CALL CRC64_TYPE_GFL_COMP (YD%YSHTUR, KLUN, CDPATH//'%YSHTUR'//TRIM(CLIND))
( 3891) ENDIF
( 3892) 
( 3893) LYFQTUR = ASSOCIATED (YD%YFQTUR)
( 3894) IF (LYFQTUR) THEN
( 3895)   CLIND = ''
( 3896)   CALL CRC64_TYPE_GFL_COMP (YD%YFQTUR, KLUN, CDPATH//'%YFQTUR'//TRIM(CLIND))
( 3897) ENDIF
( 3898) 
( 3899) LYFSTUR = ASSOCIATED (YD%YFSTUR)
( 3900) IF (LYFSTUR) THEN
( 3901)   CLIND = ''
( 3902)   CALL CRC64_TYPE_GFL_COMP (YD%YFSTUR, KLUN, CDPATH//'%YFSTUR'//TRIM(CLIND))
( 3903) ENDIF
( 3904) 
( 3905) LYCPF = ASSOCIATED (YD%YCPF)
( 3906) IF (LYCPF) THEN
( 3907)   CLIND = ''
( 3908)   CALL CRC64_TYPE_GFL_COMP (YD%YCPF, KLUN, CDPATH//'%YCPF'//TRIM(CLIND))
( 3909) ENDIF
( 3910) 
( 3911) LYSPF = ASSOCIATED (YD%YSPF)
( 3912) IF (LYSPF) THEN
( 3913)   CLIND = ''
( 3914)   CALL CRC64_TYPE_GFL_COMP (YD%YSPF, KLUN, CDPATH//'%YSPF'//TRIM(CLIND))
( 3915) ENDIF
( 3916) 
( 3917) LYCVGQ = ASSOCIATED (YD%YCVGQ)
( 3918) IF (LYCVGQ) THEN
( 3919)   CLIND = ''
( 3920)   CALL CRC64_TYPE_GFL_COMP (YD%YCVGQ, KLUN, CDPATH//'%YCVGQ'//TRIM(CLIND))
( 3921) ENDIF
( 3922) 
( 3923) LYQVA = ASSOCIATED (YD%YQVA)
( 3924) IF (LYQVA) THEN
( 3925)   CLIND = ''
( 3926)   CALL CRC64_TYPE_GFL_COMP (YD%YQVA, KLUN, CDPATH//'%YQVA'//TRIM(CLIND))
( 3927) ENDIF
( 3928) 
( 3929) LYGHG = ASSOCIATED (YD%YGHG)
( 3930) IF (LYGHG) THEN
( 3931)   DO J1 = LBOUND (YD%YGHG, 1), UBOUND (YD%YGHG, 1)
( 3932)     WRITE (CLIND, '("(",I0,")")') J1
( 3933)     CALL CRC64_TYPE_GFL_COMP (YD%YGHG (J1), KLUN, CDPATH//'%YGHG'//TRIM(CLIND))
( 3934)   ENDDO
( 3935) ENDIF
( 3936) 






NVFORTRAN (Version     24.5)          03/19/2025  06:54:44      page 69

( 3937) LYCHEM = ASSOCIATED (YD%YCHEM)
( 3938) IF (LYCHEM) THEN
( 3939)   DO J1 = LBOUND (YD%YCHEM, 1), UBOUND (YD%YCHEM, 1)
( 3940)     WRITE (CLIND, '("(",I0,")")') J1
( 3941)     CALL CRC64_TYPE_GFL_COMP (YD%YCHEM (J1), KLUN, CDPATH//'%YCHEM'//TRIM(CLIND))
( 3942)   ENDDO
( 3943) ENDIF
( 3944) 
( 3945) LYAERO = ASSOCIATED (YD%YAERO)
( 3946) IF (LYAERO) THEN
( 3947)   DO J1 = LBOUND (YD%YAERO, 1), UBOUND (YD%YAERO, 1)
( 3948)     WRITE (CLIND, '("(",I0,")")') J1
( 3949)     CALL CRC64_TYPE_GFL_COMP (YD%YAERO (J1), KLUN, CDPATH//'%YAERO'//TRIM(CLIND))
( 3950)   ENDDO
( 3951) ENDIF
( 3952) 
( 3953) LYLRCH4 = ASSOCIATED (YD%YLRCH4)
( 3954) IF (LYLRCH4) THEN
( 3955)   CLIND = ''
( 3956)   CALL CRC64_TYPE_GFL_COMP (YD%YLRCH4, KLUN, CDPATH//'%YLRCH4'//TRIM(CLIND))
( 3957) ENDIF
( 3958) 
( 3959) LYEMIS3D = ASSOCIATED (YD%YEMIS3D)
( 3960) IF (LYEMIS3D) THEN
( 3961)   DO J1 = LBOUND (YD%YEMIS3D, 1), UBOUND (YD%YEMIS3D, 1)
( 3962)     WRITE (CLIND, '("(",I0,")")') J1
( 3963)     CALL CRC64_TYPE_GFL_COMP (YD%YEMIS3D (J1), KLUN, CDPATH//'%YEMIS3D'//TRIM(CLIND))
( 3964)   ENDDO
( 3965) ENDIF
( 3966) 
( 3967) LYFORC = ASSOCIATED (YD%YFORC)
( 3968) IF (LYFORC) THEN
( 3969)   DO J1 = LBOUND (YD%YFORC, 1), UBOUND (YD%YFORC, 1)
( 3970)     WRITE (CLIND, '("(",I0,")")') J1
( 3971)     CALL CRC64_TYPE_GFL_COMP (YD%YFORC (J1), KLUN, CDPATH//'%YFORC'//TRIM(CLIND))
( 3972)   ENDDO
( 3973) ENDIF
( 3974) 
( 3975) LYEZDIAG = ASSOCIATED (YD%YEZDIAG)
( 3976) IF (LYEZDIAG) THEN
( 3977)   DO J1 = LBOUND (YD%YEZDIAG, 1), UBOUND (YD%YEZDIAG, 1)
( 3978)     WRITE (CLIND, '("(",I0,")")') J1
( 3979)     CALL CRC64_TYPE_GFL_COMP (YD%YEZDIAG (J1), KLUN, CDPATH//'%YEZDIAG'//TRIM(CLIND))
( 3980)   ENDDO
( 3981) ENDIF
( 3982) 
( 3983) LYERA40 = ASSOCIATED (YD%YERA40)
( 3984) IF (LYERA40) THEN
( 3985)   DO J1 = LBOUND (YD%YERA40, 1), UBOUND (YD%YERA40, 1)
( 3986)     WRITE (CLIND, '("(",I0,")")') J1
( 3987)     CALL CRC64_TYPE_GFL_COMP (YD%YERA40 (J1), KLUN, CDPATH//'%YERA40'//TRIM(CLIND))
( 3988)   ENDDO
( 3989) ENDIF
( 3990) 
( 3991) LYNOGW = ASSOCIATED (YD%YNOGW)
( 3992) IF (LYNOGW) THEN
( 3993)   DO J1 = LBOUND (YD%YNOGW, 1), UBOUND (YD%YNOGW, 1)
( 3994)     WRITE (CLIND, '("(",I0,")")') J1






NVFORTRAN (Version     24.5)          03/19/2025  06:54:44      page 70

( 3995)     CALL CRC64_TYPE_GFL_COMP (YD%YNOGW (J1), KLUN, CDPATH//'%YNOGW'//TRIM(CLIND))
( 3996)   ENDDO
( 3997) ENDIF
( 3998) 
( 3999) LYEDRP = ASSOCIATED (YD%YEDRP)
( 4000) IF (LYEDRP) THEN
( 4001)   DO J1 = LBOUND (YD%YEDRP, 1), UBOUND (YD%YEDRP, 1)
( 4002)     WRITE (CLIND, '("(",I0,")")') J1
( 4003)     CALL CRC64_TYPE_GFL_COMP (YD%YEDRP (J1), KLUN, CDPATH//'%YEDRP'//TRIM(CLIND))
( 4004)   ENDDO
( 4005) ENDIF
( 4006) 
( 4007) LYSLDIA = ASSOCIATED (YD%YSLDIA)
( 4008) IF (LYSLDIA) THEN
( 4009)   DO J1 = LBOUND (YD%YSLDIA, 1), UBOUND (YD%YSLDIA, 1)
( 4010)     WRITE (CLIND, '("(",I0,")")') J1
( 4011)     CALL CRC64_TYPE_GFL_COMP (YD%YSLDIA (J1), KLUN, CDPATH//'%YSLDIA'//TRIM(CLIND))
( 4012)   ENDDO
( 4013) ENDIF
( 4014) 
( 4015) LYAERAOT = ASSOCIATED (YD%YAERAOT)
( 4016) IF (LYAERAOT) THEN
( 4017)   DO J1 = LBOUND (YD%YAERAOT, 1), UBOUND (YD%YAERAOT, 1)
( 4018)     WRITE (CLIND, '("(",I0,")")') J1
( 4019)     CALL CRC64_TYPE_GFL_COMP (YD%YAERAOT (J1), KLUN, CDPATH//'%YAERAOT'//TRIM(CLIND))
( 4020)   ENDDO
( 4021) ENDIF
( 4022) 
( 4023) LYAERLISI = ASSOCIATED (YD%YAERLISI)
( 4024) IF (LYAERLISI) THEN
( 4025)   DO J1 = LBOUND (YD%YAERLISI, 1), UBOUND (YD%YAERLISI, 1)
( 4026)     WRITE (CLIND, '("(",I0,")")') J1
( 4027)     CALL CRC64_TYPE_GFL_COMP (YD%YAERLISI (J1), KLUN, CDPATH//'%YAERLISI'//TRIM(CLIND))
( 4028)   ENDDO
( 4029) ENDIF
( 4030) 
( 4031) LYAEROUT = ASSOCIATED (YD%YAEROUT)
( 4032) IF (LYAEROUT) THEN
( 4033)   DO J1 = LBOUND (YD%YAEROUT, 1), UBOUND (YD%YAEROUT, 1)
( 4034)     WRITE (CLIND, '("(",I0,")")') J1
( 4035)     CALL CRC64_TYPE_GFL_COMP (YD%YAEROUT (J1), KLUN, CDPATH//'%YAEROUT'//TRIM(CLIND))
( 4036)   ENDDO
( 4037) ENDIF
( 4038) 
( 4039) LYAEROCLIM = ASSOCIATED (YD%YAEROCLIM)
( 4040) IF (LYAEROCLIM) THEN
( 4041)   DO J1 = LBOUND (YD%YAEROCLIM, 1), UBOUND (YD%YAEROCLIM, 1)
( 4042)     WRITE (CLIND, '("(",I0,")")') J1
( 4043)     CALL CRC64_TYPE_GFL_COMP (YD%YAEROCLIM (J1), KLUN, CDPATH//'%YAEROCLIM'//TRIM(CLIND))
( 4044)   ENDDO
( 4045) ENDIF
( 4046) 
( 4047) LYUVP = ASSOCIATED (YD%YUVP)
( 4048) IF (LYUVP) THEN
( 4049)   DO J1 = LBOUND (YD%YUVP, 1), UBOUND (YD%YUVP, 1)
( 4050)     WRITE (CLIND, '("(",I0,")")') J1
( 4051)     CALL CRC64_TYPE_GFL_COMP (YD%YUVP (J1), KLUN, CDPATH//'%YUVP'//TRIM(CLIND))
( 4052)   ENDDO






NVFORTRAN (Version     24.5)          03/19/2025  06:54:44      page 71

( 4053) ENDIF
( 4054) 
( 4055) LYPHYS = ASSOCIATED (YD%YPHYS)
( 4056) IF (LYPHYS) THEN
( 4057)   DO J1 = LBOUND (YD%YPHYS, 1), UBOUND (YD%YPHYS, 1)
( 4058)     WRITE (CLIND, '("(",I0,")")') J1
( 4059)     CALL CRC64_TYPE_GFL_COMP (YD%YPHYS (J1), KLUN, CDPATH//'%YPHYS'//TRIM(CLIND))
( 4060)   ENDDO
( 4061) ENDIF
( 4062) 
( 4063) LYPHYCTY = ASSOCIATED (YD%YPHYCTY)
( 4064) IF (LYPHYCTY) THEN
( 4065)   CLIND = ''
( 4066)   CALL CRC64_TYPE_GFL_COMP (YD%YPHYCTY, KLUN, CDPATH//'%YPHYCTY'//TRIM(CLIND))
( 4067) ENDIF
( 4068) 
( 4069) LYRSPEC = ASSOCIATED (YD%YRSPEC)
( 4070) IF (LYRSPEC) THEN
( 4071)   CLIND = ''
( 4072)   CALL CRC64_TYPE_GFL_COMP (YD%YRSPEC, KLUN, CDPATH//'%YRSPEC'//TRIM(CLIND))
( 4073) ENDIF
( 4074) 
( 4075) LYSDSAT = ASSOCIATED (YD%YSDSAT)
( 4076) IF (LYSDSAT) THEN
( 4077)   CLIND = ''
( 4078)   CALL CRC64_TYPE_GFL_COMP (YD%YSDSAT, KLUN, CDPATH//'%YSDSAT'//TRIM(CLIND))
( 4079) ENDIF
( 4080) 
( 4081) LYCVV = ASSOCIATED (YD%YCVV)
( 4082) IF (LYCVV) THEN
( 4083)   CLIND = ''
( 4084)   CALL CRC64_TYPE_GFL_COMP (YD%YCVV, KLUN, CDPATH//'%YCVV'//TRIM(CLIND))
( 4085) ENDIF
( 4086) 
( 4087) LYRKTH = ASSOCIATED (YD%YRKTH)
( 4088) IF (LYRKTH) THEN
( 4089)   CLIND = ''
( 4090)   CALL CRC64_TYPE_GFL_COMP (YD%YRKTH, KLUN, CDPATH//'%YRKTH'//TRIM(CLIND))
( 4091) ENDIF
( 4092) 
( 4093) LYRKTQV = ASSOCIATED (YD%YRKTQV)
( 4094) IF (LYRKTQV) THEN
( 4095)   CLIND = ''
( 4096)   CALL CRC64_TYPE_GFL_COMP (YD%YRKTQV, KLUN, CDPATH//'%YRKTQV'//TRIM(CLIND))
( 4097) ENDIF
( 4098) 
( 4099) LYRKTQC = ASSOCIATED (YD%YRKTQC)
( 4100) IF (LYRKTQC) THEN
( 4101)   CLIND = ''
( 4102)   CALL CRC64_TYPE_GFL_COMP (YD%YRKTQC, KLUN, CDPATH//'%YRKTQC'//TRIM(CLIND))
( 4103) ENDIF
( 4104) 
( 4105) LYUOM = ASSOCIATED (YD%YUOM)
( 4106) IF (LYUOM) THEN
( 4107)   CLIND = ''
( 4108)   CALL CRC64_TYPE_GFL_COMP (YD%YUOM, KLUN, CDPATH//'%YUOM'//TRIM(CLIND))
( 4109) ENDIF
( 4110) 






NVFORTRAN (Version     24.5)          03/19/2025  06:54:44      page 72

( 4111) LYUAL = ASSOCIATED (YD%YUAL)
( 4112) IF (LYUAL) THEN
( 4113)   CLIND = ''
( 4114)   CALL CRC64_TYPE_GFL_COMP (YD%YUAL, KLUN, CDPATH//'%YUAL'//TRIM(CLIND))
( 4115) ENDIF
( 4116) 
( 4117) LYDOM = ASSOCIATED (YD%YDOM)
( 4118) IF (LYDOM) THEN
( 4119)   CLIND = ''
( 4120)   CALL CRC64_TYPE_GFL_COMP (YD%YDOM, KLUN, CDPATH//'%YDOM'//TRIM(CLIND))
( 4121) ENDIF
( 4122) 
( 4123) LYDAL = ASSOCIATED (YD%YDAL)
( 4124) IF (LYDAL) THEN
( 4125)   CLIND = ''
( 4126)   CALL CRC64_TYPE_GFL_COMP (YD%YDAL, KLUN, CDPATH//'%YDAL'//TRIM(CLIND))
( 4127) ENDIF
( 4128) 
( 4129) LYUEN = ASSOCIATED (YD%YUEN)
( 4130) IF (LYUEN) THEN
( 4131)   CLIND = ''
( 4132)   CALL CRC64_TYPE_GFL_COMP (YD%YUEN, KLUN, CDPATH//'%YUEN'//TRIM(CLIND))
( 4133) ENDIF
( 4134) 
( 4135) LYUNEBH = ASSOCIATED (YD%YUNEBH)
( 4136) IF (LYUNEBH) THEN
( 4137)   CLIND = ''
( 4138)   CALL CRC64_TYPE_GFL_COMP (YD%YUNEBH, KLUN, CDPATH//'%YUNEBH'//TRIM(CLIND))
( 4139) ENDIF
( 4140) 
( 4141) LYLIMA = ASSOCIATED (YD%YLIMA)
( 4142) IF (LYLIMA) THEN
( 4143)   DO J1 = LBOUND (YD%YLIMA, 1), UBOUND (YD%YLIMA, 1)
( 4144)     WRITE (CLIND, '("(",I0,")")') J1
( 4145)     CALL CRC64_TYPE_GFL_COMP (YD%YLIMA (J1), KLUN, CDPATH//'%YLIMA'//TRIM(CLIND))
( 4146)   ENDDO
( 4147) ENDIF
( 4148) 
( 4149) LYFSD = ASSOCIATED (YD%YFSD)
( 4150) IF (LYFSD) THEN
( 4151)   CLIND = ''
( 4152)   CALL CRC64_TYPE_GFL_COMP (YD%YFSD, KLUN, CDPATH//'%YFSD'//TRIM(CLIND))
( 4153) ENDIF
( 4154) 
( 4155) LYEXT = ASSOCIATED (YD%YEXT)
( 4156) IF (LYEXT) THEN
( 4157)   DO J1 = LBOUND (YD%YEXT, 1), UBOUND (YD%YEXT, 1)
( 4158)     WRITE (CLIND, '("(",I0,")")') J1
( 4159)     CALL CRC64_TYPE_GFL_COMP (YD%YEXT (J1), KLUN, CDPATH//'%YEXT'//TRIM(CLIND))
( 4160)   ENDDO
( 4161) ENDIF
( 4162) 
( 4163) CLIND = ''
( 4164) CALL CRC64_TYPE_GFL_NAML (YD%YQ_NL, KLUN, CDPATH//'%YQ_NL'//TRIM(CLIND))
( 4165) 
( 4166) CLIND = ''
( 4167) CALL CRC64_TYPE_GFL_NAML (YD%YI_NL, KLUN, CDPATH//'%YI_NL'//TRIM(CLIND))
( 4168) 






NVFORTRAN (Version     24.5)          03/19/2025  06:54:44      page 73

( 4169) CLIND = ''
( 4170) CALL CRC64_TYPE_GFL_NAML (YD%YL_NL, KLUN, CDPATH//'%YL_NL'//TRIM(CLIND))
( 4171) 
( 4172) CLIND = ''
( 4173) CALL CRC64_TYPE_GFL_NAML (YD%YLCONV_NL, KLUN, CDPATH//'%YLCONV_NL'//TRIM(CLIND))
( 4174) 
( 4175) CLIND = ''
( 4176) CALL CRC64_TYPE_GFL_NAML (YD%YICONV_NL, KLUN, CDPATH//'%YICONV_NL'//TRIM(CLIND))
( 4177) 
( 4178) CLIND = ''
( 4179) CALL CRC64_TYPE_GFL_NAML (YD%YRCONV_NL, KLUN, CDPATH//'%YRCONV_NL'//TRIM(CLIND))
( 4180) 
( 4181) CLIND = ''
( 4182) CALL CRC64_TYPE_GFL_NAML (YD%YSCONV_NL, KLUN, CDPATH//'%YSCONV_NL'//TRIM(CLIND))
( 4183) 
( 4184) CLIND = ''
( 4185) CALL CRC64_TYPE_GFL_NAML (YD%YIRAD_NL, KLUN, CDPATH//'%YIRAD_NL'//TRIM(CLIND))
( 4186) 
( 4187) CLIND = ''
( 4188) CALL CRC64_TYPE_GFL_NAML (YD%YLRAD_NL, KLUN, CDPATH//'%YLRAD_NL'//TRIM(CLIND))
( 4189) 
( 4190) CLIND = ''
( 4191) CALL CRC64_TYPE_GFL_NAML (YD%YS_NL, KLUN, CDPATH//'%YS_NL'//TRIM(CLIND))
( 4192) 
( 4193) CLIND = ''
( 4194) CALL CRC64_TYPE_GFL_NAML (YD%YR_NL, KLUN, CDPATH//'%YR_NL'//TRIM(CLIND))
( 4195) 
( 4196) CLIND = ''
( 4197) CALL CRC64_TYPE_GFL_NAML (YD%YG_NL, KLUN, CDPATH//'%YG_NL'//TRIM(CLIND))
( 4198) 
( 4199) CLIND = ''
( 4200) CALL CRC64_TYPE_GFL_NAML (YD%YH_NL, KLUN, CDPATH//'%YH_NL'//TRIM(CLIND))
( 4201) 
( 4202) CLIND = ''
( 4203) CALL CRC64_TYPE_GFL_NAML (YD%YTKE_NL, KLUN, CDPATH//'%YTKE_NL'//TRIM(CLIND))
( 4204) 
( 4205) CLIND = ''
( 4206) CALL CRC64_TYPE_GFL_NAML (YD%YTTE_NL, KLUN, CDPATH//'%YTTE_NL'//TRIM(CLIND))
( 4207) 
( 4208) CLIND = ''
( 4209) CALL CRC64_TYPE_GFL_NAML (YD%YEFB1_NL, KLUN, CDPATH//'%YEFB1_NL'//TRIM(CLIND))
( 4210) 
( 4211) CLIND = ''
( 4212) CALL CRC64_TYPE_GFL_NAML (YD%YEFB2_NL, KLUN, CDPATH//'%YEFB2_NL'//TRIM(CLIND))
( 4213) 
( 4214) CLIND = ''
( 4215) CALL CRC64_TYPE_GFL_NAML (YD%YEFB3_NL, KLUN, CDPATH//'%YEFB3_NL'//TRIM(CLIND))
( 4216) 
( 4217) CLIND = ''
( 4218) CALL CRC64_TYPE_GFL_NAML (YD%YA_NL, KLUN, CDPATH//'%YA_NL'//TRIM(CLIND))
( 4219) 
( 4220) CLIND = ''
( 4221) CALL CRC64_TYPE_GFL_NAML (YD%YO3_NL, KLUN, CDPATH//'%YO3_NL'//TRIM(CLIND))
( 4222) 
( 4223) CLIND = ''
( 4224) CALL CRC64_TYPE_GFL_NAML (YD%YSRC_NL, KLUN, CDPATH//'%YSRC_NL'//TRIM(CLIND))
( 4225) 
( 4226) CLIND = ''






NVFORTRAN (Version     24.5)          03/19/2025  06:54:44      page 74

( 4227) CALL CRC64_TYPE_GFL_NAML (YD%YAMF_NL, KLUN, CDPATH//'%YAMF_NL'//TRIM(CLIND))
( 4228) 
( 4229) CLIND = ''
( 4230) CALL CRC64_TYPE_GFL_NAML (YD%YLMF_NL, KLUN, CDPATH//'%YLMF_NL'//TRIM(CLIND))
( 4231) 
( 4232) CLIND = ''
( 4233) CALL CRC64_TYPE_GFL_NAML (YD%YIMF_NL, KLUN, CDPATH//'%YIMF_NL'//TRIM(CLIND))
( 4234) 
( 4235) CLIND = ''
( 4236) CALL CRC64_TYPE_GFL_NAML (YD%YMXL_NL, KLUN, CDPATH//'%YMXL_NL'//TRIM(CLIND))
( 4237) 
( 4238) CLIND = ''
( 4239) CALL CRC64_TYPE_GFL_NAML (YD%YSHTUR_NL, KLUN, CDPATH//'%YSHTUR_NL'//TRIM(CLIND))
( 4240) 
( 4241) CLIND = ''
( 4242) CALL CRC64_TYPE_GFL_NAML (YD%YFQTUR_NL, KLUN, CDPATH//'%YFQTUR_NL'//TRIM(CLIND))
( 4243) 
( 4244) CLIND = ''
( 4245) CALL CRC64_TYPE_GFL_NAML (YD%YFSTUR_NL, KLUN, CDPATH//'%YFSTUR_NL'//TRIM(CLIND))
( 4246) 
( 4247) CLIND = ''
( 4248) CALL CRC64_TYPE_GFL_NAML (YD%YCPF_NL, KLUN, CDPATH//'%YCPF_NL'//TRIM(CLIND))
( 4249) 
( 4250) CLIND = ''
( 4251) CALL CRC64_TYPE_GFL_NAML (YD%YSPF_NL, KLUN, CDPATH//'%YSPF_NL'//TRIM(CLIND))
( 4252) 
( 4253) CLIND = ''
( 4254) CALL CRC64_TYPE_GFL_NAML (YD%YCVGQ_NL, KLUN, CDPATH//'%YCVGQ_NL'//TRIM(CLIND))
( 4255) 
( 4256) CLIND = ''
( 4257) CALL CRC64_TYPE_GFL_NAML (YD%YQVA_NL, KLUN, CDPATH//'%YQVA_NL'//TRIM(CLIND))
( 4258) 
( 4259) DO J1 = LBOUND (YD%YGHG_NL, 1), UBOUND (YD%YGHG_NL, 1)
( 4260)   WRITE (CLIND, '("(",I0,")")') J1
( 4261)   CALL CRC64_TYPE_GFL_NAML (YD%YGHG_NL (J1), KLUN, CDPATH//'%YGHG_NL'//TRIM(CLIND))
( 4262) ENDDO
( 4263) 
( 4264) DO J1 = LBOUND (YD%YCHEM_NL, 1), UBOUND (YD%YCHEM_NL, 1)
( 4265)   WRITE (CLIND, '("(",I0,")")') J1
( 4266)   CALL CRC64_TYPE_GFL_NAML (YD%YCHEM_NL (J1), KLUN, CDPATH//'%YCHEM_NL'//TRIM(CLIND))
( 4267) ENDDO
( 4268) 
( 4269) DO J1 = LBOUND (YD%YAERO_NL, 1), UBOUND (YD%YAERO_NL, 1)
( 4270)   WRITE (CLIND, '("(",I0,")")') J1
( 4271)   CALL CRC64_TYPE_GFL_NAML (YD%YAERO_NL (J1), KLUN, CDPATH//'%YAERO_NL'//TRIM(CLIND))
( 4272) ENDDO
( 4273) 
( 4274) DO J1 = LBOUND (YD%YERA40_NL, 1), UBOUND (YD%YERA40_NL, 1)
( 4275)   WRITE (CLIND, '("(",I0,")")') J1
( 4276)   CALL CRC64_TYPE_GFL_NAML (YD%YERA40_NL (J1), KLUN, CDPATH//'%YERA40_NL'//TRIM(CLIND))
( 4277) ENDDO
( 4278) 
( 4279) DO J1 = LBOUND (YD%YNOGW_NL, 1), UBOUND (YD%YNOGW_NL, 1)
( 4280)   WRITE (CLIND, '("(",I0,")")') J1
( 4281)   CALL CRC64_TYPE_GFL_NAML (YD%YNOGW_NL (J1), KLUN, CDPATH//'%YNOGW_NL'//TRIM(CLIND))
( 4282) ENDDO
( 4283) 
( 4284) DO J1 = LBOUND (YD%YEDRP_NL, 1), UBOUND (YD%YEDRP_NL, 1)






NVFORTRAN (Version     24.5)          03/19/2025  06:54:44      page 75

( 4285)   WRITE (CLIND, '("(",I0,")")') J1
( 4286)   CALL CRC64_TYPE_GFL_NAML (YD%YEDRP_NL (J1), KLUN, CDPATH//'%YEDRP_NL'//TRIM(CLIND))
( 4287) ENDDO
( 4288) 
( 4289) DO J1 = LBOUND (YD%YSLDIA_NL, 1), UBOUND (YD%YSLDIA_NL, 1)
( 4290)   WRITE (CLIND, '("(",I0,")")') J1
( 4291)   CALL CRC64_TYPE_GFL_NAML (YD%YSLDIA_NL (J1), KLUN, CDPATH//'%YSLDIA_NL'//TRIM(CLIND))
( 4292) ENDDO
( 4293) 
( 4294) CLIND = ''
( 4295) CALL CRC64_TYPE_GFL_NAML (YD%YLRCH4_NL, KLUN, CDPATH//'%YLRCH4_NL'//TRIM(CLIND))
( 4296) 
( 4297) DO J1 = LBOUND (YD%YAERAOT_NL, 1), UBOUND (YD%YAERAOT_NL, 1)
( 4298)   WRITE (CLIND, '("(",I0,")")') J1
( 4299)   CALL CRC64_TYPE_GFL_NAML (YD%YAERAOT_NL (J1), KLUN, CDPATH//'%YAERAOT_NL'//TRIM(CLIND))
( 4300) ENDDO
( 4301) 
( 4302) DO J2 = LBOUND (YD%YAERLISI_NL, 2), UBOUND (YD%YAERLISI_NL, 2)
( 4303)   DO J1 = LBOUND (YD%YAERLISI_NL, 1), UBOUND (YD%YAERLISI_NL, 1)
( 4304)     WRITE (CLIND, '("(",I0,",",I0,")")') J1, J2
( 4305)     CALL CRC64_TYPE_GFL_NAML (YD%YAERLISI_NL (J1, J2), KLUN, CDPATH//'%YAERLISI_NL'//TRIM(CLIND))
( 4306)   ENDDO
( 4307) ENDDO
( 4308) 
( 4309) DO J1 = LBOUND (YD%YAEROUT_NL, 1), UBOUND (YD%YAEROUT_NL, 1)
( 4310)   WRITE (CLIND, '("(",I0,")")') J1
( 4311)   CALL CRC64_TYPE_GFL_NAML (YD%YAEROUT_NL (J1), KLUN, CDPATH//'%YAEROUT_NL'//TRIM(CLIND))
( 4312) ENDDO
( 4313) 
( 4314) DO J1 = LBOUND (YD%YAEROCLIM_NL, 1), UBOUND (YD%YAEROCLIM_NL, 1)
( 4315)   WRITE (CLIND, '("(",I0,")")') J1
( 4316)   CALL CRC64_TYPE_GFL_NAML (YD%YAEROCLIM_NL (J1), KLUN, CDPATH//'%YAEROCLIM_NL'//TRIM(CLIND))
( 4317) ENDDO
( 4318) 
( 4319) DO J1 = LBOUND (YD%YUVP_NL, 1), UBOUND (YD%YUVP_NL, 1)
( 4320)   WRITE (CLIND, '("(",I0,")")') J1
( 4321)   CALL CRC64_TYPE_GFL_NAML (YD%YUVP_NL (J1), KLUN, CDPATH//'%YUVP_NL'//TRIM(CLIND))
( 4322) ENDDO
( 4323) 
( 4324) CLIND = ''
( 4325) CALL CRC64_TYPE_GFL_NAML (YD%YRKTH_NL, KLUN, CDPATH//'%YRKTH_NL'//TRIM(CLIND))
( 4326) 
( 4327) CLIND = ''
( 4328) CALL CRC64_TYPE_GFL_NAML (YD%YRKTQV_NL, KLUN, CDPATH//'%YRKTQV_NL'//TRIM(CLIND))
( 4329) 
( 4330) CLIND = ''
( 4331) CALL CRC64_TYPE_GFL_NAML (YD%YRKTQC_NL, KLUN, CDPATH//'%YRKTQC_NL'//TRIM(CLIND))
( 4332) 
( 4333) CLIND = ''
( 4334) CALL CRC64_TYPE_GFL_NAML (YD%YPHYCTY_NL, KLUN, CDPATH//'%YPHYCTY_NL'//TRIM(CLIND))
( 4335) 
( 4336) CLIND = ''
( 4337) CALL CRC64_TYPE_GFL_NAML (YD%YFSD_NL, KLUN, CDPATH//'%YFSD_NL'//TRIM(CLIND))
( 4338) 
( 4339) CLIND = ''
( 4340) CALL CRC64_TYPE_GFL_NAML (YD%YRSPEC_NL, KLUN, CDPATH//'%YRSPEC_NL'//TRIM(CLIND))
( 4341) 
( 4342) CLIND = ''






NVFORTRAN (Version     24.5)          03/19/2025  06:54:44      page 76

( 4343) CALL CRC64_TYPE_GFL_NAML (YD%YSDSAT_NL, KLUN, CDPATH//'%YSDSAT_NL'//TRIM(CLIND))
( 4344) 
( 4345) CLIND = ''
( 4346) CALL CRC64_TYPE_GFL_NAML (YD%YCVV_NL, KLUN, CDPATH//'%YCVV_NL'//TRIM(CLIND))
( 4347) 
( 4348) DO J1 = LBOUND (YD%YFORC_NL, 1), UBOUND (YD%YFORC_NL, 1)
( 4349)   WRITE (CLIND, '("(",I0,")")') J1
( 4350)   CALL CRC64_TYPE_GFL_NAML (YD%YFORC_NL (J1), KLUN, CDPATH//'%YFORC_NL'//TRIM(CLIND))
( 4351) ENDDO
( 4352) 
( 4353) DO J1 = LBOUND (YD%YEZDIAG_NL, 1), UBOUND (YD%YEZDIAG_NL, 1)
( 4354)   WRITE (CLIND, '("(",I0,")")') J1
( 4355)   CALL CRC64_TYPE_GFL_NAML (YD%YEZDIAG_NL (J1), KLUN, CDPATH//'%YEZDIAG_NL'//TRIM(CLIND))
( 4356) ENDDO
( 4357) 
( 4358) DO J1 = LBOUND (YD%YEXT_NL, 1), UBOUND (YD%YEXT_NL, 1)
( 4359)   WRITE (CLIND, '("(",I0,")")') J1
( 4360)   CALL CRC64_TYPE_GFL_NAML (YD%YEXT_NL (J1), KLUN, CDPATH//'%YEXT_NL'//TRIM(CLIND))
( 4361) ENDDO
( 4362) 
( 4363) CLIND = ''
( 4364) CALL CRC64_TYPE_GFL_NAML (YD%YUOM_NL, KLUN, CDPATH//'%YUOM_NL'//TRIM(CLIND))
( 4365) 
( 4366) CLIND = ''
( 4367) CALL CRC64_TYPE_GFL_NAML (YD%YUAL_NL, KLUN, CDPATH//'%YUAL_NL'//TRIM(CLIND))
( 4368) 
( 4369) CLIND = ''
( 4370) CALL CRC64_TYPE_GFL_NAML (YD%YDOM_NL, KLUN, CDPATH//'%YDOM_NL'//TRIM(CLIND))
( 4371) 
( 4372) CLIND = ''
( 4373) CALL CRC64_TYPE_GFL_NAML (YD%YDAL_NL, KLUN, CDPATH//'%YDAL_NL'//TRIM(CLIND))
( 4374) 
( 4375) CLIND = ''
( 4376) CALL CRC64_TYPE_GFL_NAML (YD%YUEN_NL, KLUN, CDPATH//'%YUEN_NL'//TRIM(CLIND))
( 4377) 
( 4378) CLIND = ''
( 4379) CALL CRC64_TYPE_GFL_NAML (YD%YUNEBH_NL, KLUN, CDPATH//'%YUNEBH_NL'//TRIM(CLIND))
( 4380) 
( 4381) DO J1 = LBOUND (YD%YAERO_WVL_DIAG_NL, 1), UBOUND (YD%YAERO_WVL_DIAG_NL, 1)
( 4382)   WRITE (CLIND, '("(",I0,")")') J1
( 4383)   CALL CRC64_TYPE_AERO_WVL_DIAG (YD%YAERO_WVL_DIAG_NL (J1), KLUN, CDPATH//'%YAERO_WVL_DIAG_NL'//TRIM(CLIND))
( 4384) ENDDO
( 4385) 
( 4386) DO J1 = LBOUND (YD%YLIMA_NL, 1), UBOUND (YD%YLIMA_NL, 1)
( 4387)   WRITE (CLIND, '("(",I0,")")') J1
( 4388)   CALL CRC64_TYPE_GFL_NAML (YD%YLIMA_NL (J1), KLUN, CDPATH//'%YLIMA_NL'//TRIM(CLIND))
( 4389) ENDDO
( 4390) 
( 4391) END SUBROUTINE
( 4392) 
( 4393) SUBROUTINE WIPE_TYPE_GFLD (YD, LDDELETED, LDFIELDAPI)
( 4394) USE UTIL_TYPE_AERO_WVL_DIAG_MOD
( 4395) USE UTIL_TYPE_GFL_COMP_MOD
( 4396) USE UTIL_TYPE_GFL_NAML_MOD
( 4397) IMPLICIT NONE
( 4398) TYPE (TYPE_GFLD), INTENT (IN), TARGET :: YD
( 4399) LOGICAL, OPTIONAL, INTENT (IN) :: LDDELETED, LDFIELDAPI
( 4400) LOGICAL :: LLDELETED






NVFORTRAN (Version     24.5)          03/19/2025  06:54:44      page 77

( 4401) LOGICAL :: LLFIELDAPI
( 4402) INTEGER :: J1, J2
( 4403) LOGICAL :: LYA, LYAERAOT, LYAERLISI, LYAERO, LYAEROCLIM, LYAEROUT, LYAMF, LYCHEM, LYCPF, LYCVGQ
( 4404) LOGICAL :: LYCVV, LYDAL, LYDOM, LYEDRP, LYEFB1, LYEFB2, LYEFB3, LYEMIS3D, LYERA40, LYEXT
( 4405) LOGICAL :: LYEZDIAG, LYFORC, LYFQTUR, LYFSD, LYFSTUR, LYG, LYGHG, LYH, LYI, LYICONV
( 4406) LOGICAL :: LYIMF, LYIRAD, LYL, LYLASTCOMP, LYLCONV, LYLIMA, LYLMF, LYLRAD, LYLRCH4, LYMXL
( 4407) LOGICAL :: LYNOGW, LYO3, LYPHYCTY, LYPHYS, LYQ, LYQVA, LYR, LYRCONV, LYRKTH, LYRKTQC
( 4408) LOGICAL :: LYRKTQV, LYRSPEC, LYS, LYSCONV, LYSDSAT, LYSHTUR, LYSLDIA, LYSPF, LYSRC, LYTKE
( 4409) LOGICAL :: LYTTE, LYUAL, LYUEN, LYUNEBH, LYUOM, LYUVP
( 4410) 
( 4411) LLFIELDAPI = .FALSE.
( 4412) IF (PRESENT (LDFIELDAPI)) THEN
( 4413)   LLFIELDAPI = LDFIELDAPI
( 4414) ENDIF
( 4415) 
( 4416) 
( 4417) 
( 4418) 
( 4419) 
( 4420) 
( 4421) 
( 4422) 
( 4423) 
( 4424) 
( 4425) 
( 4426) 
( 4427) 
( 4428) 
( 4429) 
( 4430) 
( 4431) 
( 4432) 
( 4433) 
( 4434) 
( 4435) 
( 4436) 
( 4437) 
( 4438) 
( 4439) 
( 4440) 
( 4441) 
( 4442) 
( 4443) 
( 4444) 
( 4445) 
( 4446) 
( 4447) 
( 4448) 
( 4449) 
( 4450) 
( 4451) 
( 4452) 
( 4453) 
( 4454) 
( 4455) 
( 4456) 
( 4457) 
( 4458) 






NVFORTRAN (Version     24.5)          03/19/2025  06:54:44      page 78

( 4459) 
( 4460) 
( 4461) 
( 4462) 
( 4463) 
( 4464) 
( 4465) 
( 4466) 
( 4467) 
( 4468) 
( 4469) 
( 4470) 
( 4471) 
( 4472) 
( 4473) 
( 4474) 
( 4475) 
( 4476) 
( 4477) 
( 4478) 
( 4479) 
( 4480) 
( 4481) 
( 4482) 
( 4483) 
( 4484) 
( 4485) 
( 4486) 
( 4487) 
( 4488) 
( 4489) 
( 4490) 
( 4491) 
( 4492) 
( 4493) 
( 4494) 
( 4495) 
( 4496) 
( 4497) 
( 4498) 
( 4499) 
( 4500) 
( 4501) 
( 4502) 
( 4503) DO J1 = LBOUND (YD%YCOMP, 1), UBOUND (YD%YCOMP, 1)
( 4504)   CALL WIPE_TYPE_GFL_COMP (YD%YCOMP (J1), LDDELETED=.TRUE., LDFIELDAPI=LDFIELDAPI)
( 4505) ENDDO
( 4506) 
( 4507) LYLASTCOMP = ASSOCIATED (YD%YLASTCOMP)
( 4508) IF (LYLASTCOMP) THEN
( 4509)   !$acc exit data detach (YD%YLASTCOMP)
( 4510)   CALL WIPE_TYPE_GFL_COMP (YD%YLASTCOMP, LDDELETED=.TRUE., LDFIELDAPI=LDFIELDAPI)
( 4511)   !$acc exit data delete (YD%YLASTCOMP)
( 4512) ENDIF
( 4513) 
( 4514) LYQ = ASSOCIATED (YD%YQ)
( 4515) IF (LYQ) THEN
( 4516)   !$acc exit data detach (YD%YQ)






NVFORTRAN (Version     24.5)          03/19/2025  06:54:44      page 79

( 4517)   CALL WIPE_TYPE_GFL_COMP (YD%YQ, LDDELETED=.TRUE., LDFIELDAPI=LDFIELDAPI)
( 4518)   !$acc exit data delete (YD%YQ)
( 4519) ENDIF
( 4520) 
( 4521) LYI = ASSOCIATED (YD%YI)
( 4522) IF (LYI) THEN
( 4523)   !$acc exit data detach (YD%YI)
( 4524)   CALL WIPE_TYPE_GFL_COMP (YD%YI, LDDELETED=.TRUE., LDFIELDAPI=LDFIELDAPI)
( 4525)   !$acc exit data delete (YD%YI)
( 4526) ENDIF
( 4527) 
( 4528) LYL = ASSOCIATED (YD%YL)
( 4529) IF (LYL) THEN
( 4530)   !$acc exit data detach (YD%YL)
( 4531)   CALL WIPE_TYPE_GFL_COMP (YD%YL, LDDELETED=.TRUE., LDFIELDAPI=LDFIELDAPI)
( 4532)   !$acc exit data delete (YD%YL)
( 4533) ENDIF
( 4534) 
( 4535) LYLCONV = ASSOCIATED (YD%YLCONV)
( 4536) IF (LYLCONV) THEN
( 4537)   !$acc exit data detach (YD%YLCONV)
( 4538)   CALL WIPE_TYPE_GFL_COMP (YD%YLCONV, LDDELETED=.TRUE., LDFIELDAPI=LDFIELDAPI)
( 4539)   !$acc exit data delete (YD%YLCONV)
( 4540) ENDIF
( 4541) 
( 4542) LYICONV = ASSOCIATED (YD%YICONV)
( 4543) IF (LYICONV) THEN
( 4544)   !$acc exit data detach (YD%YICONV)
( 4545)   CALL WIPE_TYPE_GFL_COMP (YD%YICONV, LDDELETED=.TRUE., LDFIELDAPI=LDFIELDAPI)
( 4546)   !$acc exit data delete (YD%YICONV)
( 4547) ENDIF
( 4548) 
( 4549) LYRCONV = ASSOCIATED (YD%YRCONV)
( 4550) IF (LYRCONV) THEN
( 4551)   !$acc exit data detach (YD%YRCONV)
( 4552)   CALL WIPE_TYPE_GFL_COMP (YD%YRCONV, LDDELETED=.TRUE., LDFIELDAPI=LDFIELDAPI)
( 4553)   !$acc exit data delete (YD%YRCONV)
( 4554) ENDIF
( 4555) 
( 4556) LYSCONV = ASSOCIATED (YD%YSCONV)
( 4557) IF (LYSCONV) THEN
( 4558)   !$acc exit data detach (YD%YSCONV)
( 4559)   CALL WIPE_TYPE_GFL_COMP (YD%YSCONV, LDDELETED=.TRUE., LDFIELDAPI=LDFIELDAPI)
( 4560)   !$acc exit data delete (YD%YSCONV)
( 4561) ENDIF
( 4562) 
( 4563) LYIRAD = ASSOCIATED (YD%YIRAD)
( 4564) IF (LYIRAD) THEN
( 4565)   !$acc exit data detach (YD%YIRAD)
( 4566)   CALL WIPE_TYPE_GFL_COMP (YD%YIRAD, LDDELETED=.TRUE., LDFIELDAPI=LDFIELDAPI)
( 4567)   !$acc exit data delete (YD%YIRAD)
( 4568) ENDIF
( 4569) 
( 4570) LYLRAD = ASSOCIATED (YD%YLRAD)
( 4571) IF (LYLRAD) THEN
( 4572)   !$acc exit data detach (YD%YLRAD)
( 4573)   CALL WIPE_TYPE_GFL_COMP (YD%YLRAD, LDDELETED=.TRUE., LDFIELDAPI=LDFIELDAPI)
( 4574)   !$acc exit data delete (YD%YLRAD)






NVFORTRAN (Version     24.5)          03/19/2025  06:54:44      page 80

( 4575) ENDIF
( 4576) 
( 4577) LYS = ASSOCIATED (YD%YS)
( 4578) IF (LYS) THEN
( 4579)   !$acc exit data detach (YD%YS)
( 4580)   CALL WIPE_TYPE_GFL_COMP (YD%YS, LDDELETED=.TRUE., LDFIELDAPI=LDFIELDAPI)
( 4581)   !$acc exit data delete (YD%YS)
( 4582) ENDIF
( 4583) 
( 4584) LYR = ASSOCIATED (YD%YR)
( 4585) IF (LYR) THEN
( 4586)   !$acc exit data detach (YD%YR)
( 4587)   CALL WIPE_TYPE_GFL_COMP (YD%YR, LDDELETED=.TRUE., LDFIELDAPI=LDFIELDAPI)
( 4588)   !$acc exit data delete (YD%YR)
( 4589) ENDIF
( 4590) 
( 4591) LYG = ASSOCIATED (YD%YG)
( 4592) IF (LYG) THEN
( 4593)   !$acc exit data detach (YD%YG)
( 4594)   CALL WIPE_TYPE_GFL_COMP (YD%YG, LDDELETED=.TRUE., LDFIELDAPI=LDFIELDAPI)
( 4595)   !$acc exit data delete (YD%YG)
( 4596) ENDIF
( 4597) 
( 4598) LYH = ASSOCIATED (YD%YH)
( 4599) IF (LYH) THEN
( 4600)   !$acc exit data detach (YD%YH)
( 4601)   CALL WIPE_TYPE_GFL_COMP (YD%YH, LDDELETED=.TRUE., LDFIELDAPI=LDFIELDAPI)
( 4602)   !$acc exit data delete (YD%YH)
( 4603) ENDIF
( 4604) 
( 4605) LYTKE = ASSOCIATED (YD%YTKE)
( 4606) IF (LYTKE) THEN
( 4607)   !$acc exit data detach (YD%YTKE)
( 4608)   CALL WIPE_TYPE_GFL_COMP (YD%YTKE, LDDELETED=.TRUE., LDFIELDAPI=LDFIELDAPI)
( 4609)   !$acc exit data delete (YD%YTKE)
( 4610) ENDIF
( 4611) 
( 4612) LYTTE = ASSOCIATED (YD%YTTE)
( 4613) IF (LYTTE) THEN
( 4614)   !$acc exit data detach (YD%YTTE)
( 4615)   CALL WIPE_TYPE_GFL_COMP (YD%YTTE, LDDELETED=.TRUE., LDFIELDAPI=LDFIELDAPI)
( 4616)   !$acc exit data delete (YD%YTTE)
( 4617) ENDIF
( 4618) 
( 4619) LYEFB1 = ASSOCIATED (YD%YEFB1)
( 4620) IF (LYEFB1) THEN
( 4621)   !$acc exit data detach (YD%YEFB1)
( 4622)   CALL WIPE_TYPE_GFL_COMP (YD%YEFB1, LDDELETED=.TRUE., LDFIELDAPI=LDFIELDAPI)
( 4623)   !$acc exit data delete (YD%YEFB1)
( 4624) ENDIF
( 4625) 
( 4626) LYEFB2 = ASSOCIATED (YD%YEFB2)
( 4627) IF (LYEFB2) THEN
( 4628)   !$acc exit data detach (YD%YEFB2)
( 4629)   CALL WIPE_TYPE_GFL_COMP (YD%YEFB2, LDDELETED=.TRUE., LDFIELDAPI=LDFIELDAPI)
( 4630)   !$acc exit data delete (YD%YEFB2)
( 4631) ENDIF
( 4632) 






NVFORTRAN (Version     24.5)          03/19/2025  06:54:44      page 81

( 4633) LYEFB3 = ASSOCIATED (YD%YEFB3)
( 4634) IF (LYEFB3) THEN
( 4635)   !$acc exit data detach (YD%YEFB3)
( 4636)   CALL WIPE_TYPE_GFL_COMP (YD%YEFB3, LDDELETED=.TRUE., LDFIELDAPI=LDFIELDAPI)
( 4637)   !$acc exit data delete (YD%YEFB3)
( 4638) ENDIF
( 4639) 
( 4640) LYA = ASSOCIATED (YD%YA)
( 4641) IF (LYA) THEN
( 4642)   !$acc exit data detach (YD%YA)
( 4643)   CALL WIPE_TYPE_GFL_COMP (YD%YA, LDDELETED=.TRUE., LDFIELDAPI=LDFIELDAPI)
( 4644)   !$acc exit data delete (YD%YA)
( 4645) ENDIF
( 4646) 
( 4647) LYO3 = ASSOCIATED (YD%YO3)
( 4648) IF (LYO3) THEN
( 4649)   !$acc exit data detach (YD%YO3)
( 4650)   CALL WIPE_TYPE_GFL_COMP (YD%YO3, LDDELETED=.TRUE., LDFIELDAPI=LDFIELDAPI)
( 4651)   !$acc exit data delete (YD%YO3)
( 4652) ENDIF
( 4653) 
( 4654) LYSRC = ASSOCIATED (YD%YSRC)
( 4655) IF (LYSRC) THEN
( 4656)   !$acc exit data detach (YD%YSRC)
( 4657)   CALL WIPE_TYPE_GFL_COMP (YD%YSRC, LDDELETED=.TRUE., LDFIELDAPI=LDFIELDAPI)
( 4658)   !$acc exit data delete (YD%YSRC)
( 4659) ENDIF
( 4660) 
( 4661) LYLMF = ASSOCIATED (YD%YLMF)
( 4662) IF (LYLMF) THEN
( 4663)   !$acc exit data detach (YD%YLMF)
( 4664)   CALL WIPE_TYPE_GFL_COMP (YD%YLMF, LDDELETED=.TRUE., LDFIELDAPI=LDFIELDAPI)
( 4665)   !$acc exit data delete (YD%YLMF)
( 4666) ENDIF
( 4667) 
( 4668) LYIMF = ASSOCIATED (YD%YIMF)
( 4669) IF (LYIMF) THEN
( 4670)   !$acc exit data detach (YD%YIMF)
( 4671)   CALL WIPE_TYPE_GFL_COMP (YD%YIMF, LDDELETED=.TRUE., LDFIELDAPI=LDFIELDAPI)
( 4672)   !$acc exit data delete (YD%YIMF)
( 4673) ENDIF
( 4674) 
( 4675) LYAMF = ASSOCIATED (YD%YAMF)
( 4676) IF (LYAMF) THEN
( 4677)   !$acc exit data detach (YD%YAMF)
( 4678)   CALL WIPE_TYPE_GFL_COMP (YD%YAMF, LDDELETED=.TRUE., LDFIELDAPI=LDFIELDAPI)
( 4679)   !$acc exit data delete (YD%YAMF)
( 4680) ENDIF
( 4681) 
( 4682) LYMXL = ASSOCIATED (YD%YMXL)
( 4683) IF (LYMXL) THEN
( 4684)   !$acc exit data detach (YD%YMXL)
( 4685)   CALL WIPE_TYPE_GFL_COMP (YD%YMXL, LDDELETED=.TRUE., LDFIELDAPI=LDFIELDAPI)
( 4686)   !$acc exit data delete (YD%YMXL)
( 4687) ENDIF
( 4688) 
( 4689) LYSHTUR = ASSOCIATED (YD%YSHTUR)
( 4690) IF (LYSHTUR) THEN






NVFORTRAN (Version     24.5)          03/19/2025  06:54:44      page 82

( 4691)   !$acc exit data detach (YD%YSHTUR)
( 4692)   CALL WIPE_TYPE_GFL_COMP (YD%YSHTUR, LDDELETED=.TRUE., LDFIELDAPI=LDFIELDAPI)
( 4693)   !$acc exit data delete (YD%YSHTUR)
( 4694) ENDIF
( 4695) 
( 4696) LYFQTUR = ASSOCIATED (YD%YFQTUR)
( 4697) IF (LYFQTUR) THEN
( 4698)   !$acc exit data detach (YD%YFQTUR)
( 4699)   CALL WIPE_TYPE_GFL_COMP (YD%YFQTUR, LDDELETED=.TRUE., LDFIELDAPI=LDFIELDAPI)
( 4700)   !$acc exit data delete (YD%YFQTUR)
( 4701) ENDIF
( 4702) 
( 4703) LYFSTUR = ASSOCIATED (YD%YFSTUR)
( 4704) IF (LYFSTUR) THEN
( 4705)   !$acc exit data detach (YD%YFSTUR)
( 4706)   CALL WIPE_TYPE_GFL_COMP (YD%YFSTUR, LDDELETED=.TRUE., LDFIELDAPI=LDFIELDAPI)
( 4707)   !$acc exit data delete (YD%YFSTUR)
( 4708) ENDIF
( 4709) 
( 4710) LYCPF = ASSOCIATED (YD%YCPF)
( 4711) IF (LYCPF) THEN
( 4712)   !$acc exit data detach (YD%YCPF)
( 4713)   CALL WIPE_TYPE_GFL_COMP (YD%YCPF, LDDELETED=.TRUE., LDFIELDAPI=LDFIELDAPI)
( 4714)   !$acc exit data delete (YD%YCPF)
( 4715) ENDIF
( 4716) 
( 4717) LYSPF = ASSOCIATED (YD%YSPF)
( 4718) IF (LYSPF) THEN
( 4719)   !$acc exit data detach (YD%YSPF)
( 4720)   CALL WIPE_TYPE_GFL_COMP (YD%YSPF, LDDELETED=.TRUE., LDFIELDAPI=LDFIELDAPI)
( 4721)   !$acc exit data delete (YD%YSPF)
( 4722) ENDIF
( 4723) 
( 4724) LYCVGQ = ASSOCIATED (YD%YCVGQ)
( 4725) IF (LYCVGQ) THEN
( 4726)   !$acc exit data detach (YD%YCVGQ)
( 4727)   CALL WIPE_TYPE_GFL_COMP (YD%YCVGQ, LDDELETED=.TRUE., LDFIELDAPI=LDFIELDAPI)
( 4728)   !$acc exit data delete (YD%YCVGQ)
( 4729) ENDIF
( 4730) 
( 4731) LYQVA = ASSOCIATED (YD%YQVA)
( 4732) IF (LYQVA) THEN
( 4733)   !$acc exit data detach (YD%YQVA)
( 4734)   CALL WIPE_TYPE_GFL_COMP (YD%YQVA, LDDELETED=.TRUE., LDFIELDAPI=LDFIELDAPI)
( 4735)   !$acc exit data delete (YD%YQVA)
( 4736) ENDIF
( 4737) 
( 4738) LYGHG = ASSOCIATED (YD%YGHG)
( 4739) IF (LYGHG) THEN
( 4740)   !$acc exit data detach (YD%YGHG)
( 4741)   DO J1 = LBOUND (YD%YGHG, 1), UBOUND (YD%YGHG, 1)
( 4742)     CALL WIPE_TYPE_GFL_COMP (YD%YGHG (J1), LDDELETED=.TRUE., LDFIELDAPI=LDFIELDAPI)
( 4743)   ENDDO
( 4744)   !$acc exit data delete (YD%YGHG)
( 4745) ENDIF
( 4746) 
( 4747) LYCHEM = ASSOCIATED (YD%YCHEM)
( 4748) IF (LYCHEM) THEN






NVFORTRAN (Version     24.5)          03/19/2025  06:54:44      page 83

( 4749)   !$acc exit data detach (YD%YCHEM)
( 4750)   DO J1 = LBOUND (YD%YCHEM, 1), UBOUND (YD%YCHEM, 1)
( 4751)     CALL WIPE_TYPE_GFL_COMP (YD%YCHEM (J1), LDDELETED=.TRUE., LDFIELDAPI=LDFIELDAPI)
( 4752)   ENDDO
( 4753)   !$acc exit data delete (YD%YCHEM)
( 4754) ENDIF
( 4755) 
( 4756) LYAERO = ASSOCIATED (YD%YAERO)
( 4757) IF (LYAERO) THEN
( 4758)   !$acc exit data detach (YD%YAERO)
( 4759)   DO J1 = LBOUND (YD%YAERO, 1), UBOUND (YD%YAERO, 1)
( 4760)     CALL WIPE_TYPE_GFL_COMP (YD%YAERO (J1), LDDELETED=.TRUE., LDFIELDAPI=LDFIELDAPI)
( 4761)   ENDDO
( 4762)   !$acc exit data delete (YD%YAERO)
( 4763) ENDIF
( 4764) 
( 4765) LYLRCH4 = ASSOCIATED (YD%YLRCH4)
( 4766) IF (LYLRCH4) THEN
( 4767)   !$acc exit data detach (YD%YLRCH4)
( 4768)   CALL WIPE_TYPE_GFL_COMP (YD%YLRCH4, LDDELETED=.TRUE., LDFIELDAPI=LDFIELDAPI)
( 4769)   !$acc exit data delete (YD%YLRCH4)
( 4770) ENDIF
( 4771) 
( 4772) LYEMIS3D = ASSOCIATED (YD%YEMIS3D)
( 4773) IF (LYEMIS3D) THEN
( 4774)   !$acc exit data detach (YD%YEMIS3D)
( 4775)   DO J1 = LBOUND (YD%YEMIS3D, 1), UBOUND (YD%YEMIS3D, 1)
( 4776)     CALL WIPE_TYPE_GFL_COMP (YD%YEMIS3D (J1), LDDELETED=.TRUE., LDFIELDAPI=LDFIELDAPI)
( 4777)   ENDDO
( 4778)   !$acc exit data delete (YD%YEMIS3D)
( 4779) ENDIF
( 4780) 
( 4781) LYFORC = ASSOCIATED (YD%YFORC)
( 4782) IF (LYFORC) THEN
( 4783)   !$acc exit data detach (YD%YFORC)
( 4784)   DO J1 = LBOUND (YD%YFORC, 1), UBOUND (YD%YFORC, 1)
( 4785)     CALL WIPE_TYPE_GFL_COMP (YD%YFORC (J1), LDDELETED=.TRUE., LDFIELDAPI=LDFIELDAPI)
( 4786)   ENDDO
( 4787)   !$acc exit data delete (YD%YFORC)
( 4788) ENDIF
( 4789) 
( 4790) LYEZDIAG = ASSOCIATED (YD%YEZDIAG)
( 4791) IF (LYEZDIAG) THEN
( 4792)   !$acc exit data detach (YD%YEZDIAG)
( 4793)   DO J1 = LBOUND (YD%YEZDIAG, 1), UBOUND (YD%YEZDIAG, 1)
( 4794)     CALL WIPE_TYPE_GFL_COMP (YD%YEZDIAG (J1), LDDELETED=.TRUE., LDFIELDAPI=LDFIELDAPI)
( 4795)   ENDDO
( 4796)   !$acc exit data delete (YD%YEZDIAG)
( 4797) ENDIF
( 4798) 
( 4799) LYERA40 = ASSOCIATED (YD%YERA40)
( 4800) IF (LYERA40) THEN
( 4801)   !$acc exit data detach (YD%YERA40)
( 4802)   DO J1 = LBOUND (YD%YERA40, 1), UBOUND (YD%YERA40, 1)
( 4803)     CALL WIPE_TYPE_GFL_COMP (YD%YERA40 (J1), LDDELETED=.TRUE., LDFIELDAPI=LDFIELDAPI)
( 4804)   ENDDO
( 4805)   !$acc exit data delete (YD%YERA40)
( 4806) ENDIF






NVFORTRAN (Version     24.5)          03/19/2025  06:54:44      page 84

( 4807) 
( 4808) LYNOGW = ASSOCIATED (YD%YNOGW)
( 4809) IF (LYNOGW) THEN
( 4810)   !$acc exit data detach (YD%YNOGW)
( 4811)   DO J1 = LBOUND (YD%YNOGW, 1), UBOUND (YD%YNOGW, 1)
( 4812)     CALL WIPE_TYPE_GFL_COMP (YD%YNOGW (J1), LDDELETED=.TRUE., LDFIELDAPI=LDFIELDAPI)
( 4813)   ENDDO
( 4814)   !$acc exit data delete (YD%YNOGW)
( 4815) ENDIF
( 4816) 
( 4817) LYEDRP = ASSOCIATED (YD%YEDRP)
( 4818) IF (LYEDRP) THEN
( 4819)   !$acc exit data detach (YD%YEDRP)
( 4820)   DO J1 = LBOUND (YD%YEDRP, 1), UBOUND (YD%YEDRP, 1)
( 4821)     CALL WIPE_TYPE_GFL_COMP (YD%YEDRP (J1), LDDELETED=.TRUE., LDFIELDAPI=LDFIELDAPI)
( 4822)   ENDDO
( 4823)   !$acc exit data delete (YD%YEDRP)
( 4824) ENDIF
( 4825) 
( 4826) LYSLDIA = ASSOCIATED (YD%YSLDIA)
( 4827) IF (LYSLDIA) THEN
( 4828)   !$acc exit data detach (YD%YSLDIA)
( 4829)   DO J1 = LBOUND (YD%YSLDIA, 1), UBOUND (YD%YSLDIA, 1)
( 4830)     CALL WIPE_TYPE_GFL_COMP (YD%YSLDIA (J1), LDDELETED=.TRUE., LDFIELDAPI=LDFIELDAPI)
( 4831)   ENDDO
( 4832)   !$acc exit data delete (YD%YSLDIA)
( 4833) ENDIF
( 4834) 
( 4835) LYAERAOT = ASSOCIATED (YD%YAERAOT)
( 4836) IF (LYAERAOT) THEN
( 4837)   !$acc exit data detach (YD%YAERAOT)
( 4838)   DO J1 = LBOUND (YD%YAERAOT, 1), UBOUND (YD%YAERAOT, 1)
( 4839)     CALL WIPE_TYPE_GFL_COMP (YD%YAERAOT (J1), LDDELETED=.TRUE., LDFIELDAPI=LDFIELDAPI)
( 4840)   ENDDO
( 4841)   !$acc exit data delete (YD%YAERAOT)
( 4842) ENDIF
( 4843) 
( 4844) LYAERLISI = ASSOCIATED (YD%YAERLISI)
( 4845) IF (LYAERLISI) THEN
( 4846)   !$acc exit data detach (YD%YAERLISI)
( 4847)   DO J1 = LBOUND (YD%YAERLISI, 1), UBOUND (YD%YAERLISI, 1)
( 4848)     CALL WIPE_TYPE_GFL_COMP (YD%YAERLISI (J1), LDDELETED=.TRUE., LDFIELDAPI=LDFIELDAPI)
( 4849)   ENDDO
( 4850)   !$acc exit data delete (YD%YAERLISI)
( 4851) ENDIF
( 4852) 
( 4853) LYAEROUT = ASSOCIATED (YD%YAEROUT)
( 4854) IF (LYAEROUT) THEN
( 4855)   !$acc exit data detach (YD%YAEROUT)
( 4856)   DO J1 = LBOUND (YD%YAEROUT, 1), UBOUND (YD%YAEROUT, 1)
( 4857)     CALL WIPE_TYPE_GFL_COMP (YD%YAEROUT (J1), LDDELETED=.TRUE., LDFIELDAPI=LDFIELDAPI)
( 4858)   ENDDO
( 4859)   !$acc exit data delete (YD%YAEROUT)
( 4860) ENDIF
( 4861) 
( 4862) LYAEROCLIM = ASSOCIATED (YD%YAEROCLIM)
( 4863) IF (LYAEROCLIM) THEN
( 4864)   !$acc exit data detach (YD%YAEROCLIM)






NVFORTRAN (Version     24.5)          03/19/2025  06:54:44      page 85

( 4865)   DO J1 = LBOUND (YD%YAEROCLIM, 1), UBOUND (YD%YAEROCLIM, 1)
( 4866)     CALL WIPE_TYPE_GFL_COMP (YD%YAEROCLIM (J1), LDDELETED=.TRUE., LDFIELDAPI=LDFIELDAPI)
( 4867)   ENDDO
( 4868)   !$acc exit data delete (YD%YAEROCLIM)
( 4869) ENDIF
( 4870) 
( 4871) LYUVP = ASSOCIATED (YD%YUVP)
( 4872) IF (LYUVP) THEN
( 4873)   !$acc exit data detach (YD%YUVP)
( 4874)   DO J1 = LBOUND (YD%YUVP, 1), UBOUND (YD%YUVP, 1)
( 4875)     CALL WIPE_TYPE_GFL_COMP (YD%YUVP (J1), LDDELETED=.TRUE., LDFIELDAPI=LDFIELDAPI)
( 4876)   ENDDO
( 4877)   !$acc exit data delete (YD%YUVP)
( 4878) ENDIF
( 4879) 
( 4880) LYPHYS = ASSOCIATED (YD%YPHYS)
( 4881) IF (LYPHYS) THEN
( 4882)   !$acc exit data detach (YD%YPHYS)
( 4883)   DO J1 = LBOUND (YD%YPHYS, 1), UBOUND (YD%YPHYS, 1)
( 4884)     CALL WIPE_TYPE_GFL_COMP (YD%YPHYS (J1), LDDELETED=.TRUE., LDFIELDAPI=LDFIELDAPI)
( 4885)   ENDDO
( 4886)   !$acc exit data delete (YD%YPHYS)
( 4887) ENDIF
( 4888) 
( 4889) LYPHYCTY = ASSOCIATED (YD%YPHYCTY)
( 4890) IF (LYPHYCTY) THEN
( 4891)   !$acc exit data detach (YD%YPHYCTY)
( 4892)   CALL WIPE_TYPE_GFL_COMP (YD%YPHYCTY, LDDELETED=.TRUE., LDFIELDAPI=LDFIELDAPI)
( 4893)   !$acc exit data delete (YD%YPHYCTY)
( 4894) ENDIF
( 4895) 
( 4896) LYRSPEC = ASSOCIATED (YD%YRSPEC)
( 4897) IF (LYRSPEC) THEN
( 4898)   !$acc exit data detach (YD%YRSPEC)
( 4899)   CALL WIPE_TYPE_GFL_COMP (YD%YRSPEC, LDDELETED=.TRUE., LDFIELDAPI=LDFIELDAPI)
( 4900)   !$acc exit data delete (YD%YRSPEC)
( 4901) ENDIF
( 4902) 
( 4903) LYSDSAT = ASSOCIATED (YD%YSDSAT)
( 4904) IF (LYSDSAT) THEN
( 4905)   !$acc exit data detach (YD%YSDSAT)
( 4906)   CALL WIPE_TYPE_GFL_COMP (YD%YSDSAT, LDDELETED=.TRUE., LDFIELDAPI=LDFIELDAPI)
( 4907)   !$acc exit data delete (YD%YSDSAT)
( 4908) ENDIF
( 4909) 
( 4910) LYCVV = ASSOCIATED (YD%YCVV)
( 4911) IF (LYCVV) THEN
( 4912)   !$acc exit data detach (YD%YCVV)
( 4913)   CALL WIPE_TYPE_GFL_COMP (YD%YCVV, LDDELETED=.TRUE., LDFIELDAPI=LDFIELDAPI)
( 4914)   !$acc exit data delete (YD%YCVV)
( 4915) ENDIF
( 4916) 
( 4917) LYRKTH = ASSOCIATED (YD%YRKTH)
( 4918) IF (LYRKTH) THEN
( 4919)   !$acc exit data detach (YD%YRKTH)
( 4920)   CALL WIPE_TYPE_GFL_COMP (YD%YRKTH, LDDELETED=.TRUE., LDFIELDAPI=LDFIELDAPI)
( 4921)   !$acc exit data delete (YD%YRKTH)
( 4922) ENDIF






NVFORTRAN (Version     24.5)          03/19/2025  06:54:44      page 86

( 4923) 
( 4924) LYRKTQV = ASSOCIATED (YD%YRKTQV)
( 4925) IF (LYRKTQV) THEN
( 4926)   !$acc exit data detach (YD%YRKTQV)
( 4927)   CALL WIPE_TYPE_GFL_COMP (YD%YRKTQV, LDDELETED=.TRUE., LDFIELDAPI=LDFIELDAPI)
( 4928)   !$acc exit data delete (YD%YRKTQV)
( 4929) ENDIF
( 4930) 
( 4931) LYRKTQC = ASSOCIATED (YD%YRKTQC)
( 4932) IF (LYRKTQC) THEN
( 4933)   !$acc exit data detach (YD%YRKTQC)
( 4934)   CALL WIPE_TYPE_GFL_COMP (YD%YRKTQC, LDDELETED=.TRUE., LDFIELDAPI=LDFIELDAPI)
( 4935)   !$acc exit data delete (YD%YRKTQC)
( 4936) ENDIF
( 4937) 
( 4938) LYUOM = ASSOCIATED (YD%YUOM)
( 4939) IF (LYUOM) THEN
( 4940)   !$acc exit data detach (YD%YUOM)
( 4941)   CALL WIPE_TYPE_GFL_COMP (YD%YUOM, LDDELETED=.TRUE., LDFIELDAPI=LDFIELDAPI)
( 4942)   !$acc exit data delete (YD%YUOM)
( 4943) ENDIF
( 4944) 
( 4945) LYUAL = ASSOCIATED (YD%YUAL)
( 4946) IF (LYUAL) THEN
( 4947)   !$acc exit data detach (YD%YUAL)
( 4948)   CALL WIPE_TYPE_GFL_COMP (YD%YUAL, LDDELETED=.TRUE., LDFIELDAPI=LDFIELDAPI)
( 4949)   !$acc exit data delete (YD%YUAL)
( 4950) ENDIF
( 4951) 
( 4952) LYDOM = ASSOCIATED (YD%YDOM)
( 4953) IF (LYDOM) THEN
( 4954)   !$acc exit data detach (YD%YDOM)
( 4955)   CALL WIPE_TYPE_GFL_COMP (YD%YDOM, LDDELETED=.TRUE., LDFIELDAPI=LDFIELDAPI)
( 4956)   !$acc exit data delete (YD%YDOM)
( 4957) ENDIF
( 4958) 
( 4959) LYDAL = ASSOCIATED (YD%YDAL)
( 4960) IF (LYDAL) THEN
( 4961)   !$acc exit data detach (YD%YDAL)
( 4962)   CALL WIPE_TYPE_GFL_COMP (YD%YDAL, LDDELETED=.TRUE., LDFIELDAPI=LDFIELDAPI)
( 4963)   !$acc exit data delete (YD%YDAL)
( 4964) ENDIF
( 4965) 
( 4966) LYUEN = ASSOCIATED (YD%YUEN)
( 4967) IF (LYUEN) THEN
( 4968)   !$acc exit data detach (YD%YUEN)
( 4969)   CALL WIPE_TYPE_GFL_COMP (YD%YUEN, LDDELETED=.TRUE., LDFIELDAPI=LDFIELDAPI)
( 4970)   !$acc exit data delete (YD%YUEN)
( 4971) ENDIF
( 4972) 
( 4973) LYUNEBH = ASSOCIATED (YD%YUNEBH)
( 4974) IF (LYUNEBH) THEN
( 4975)   !$acc exit data detach (YD%YUNEBH)
( 4976)   CALL WIPE_TYPE_GFL_COMP (YD%YUNEBH, LDDELETED=.TRUE., LDFIELDAPI=LDFIELDAPI)
( 4977)   !$acc exit data delete (YD%YUNEBH)
( 4978) ENDIF
( 4979) 
( 4980) LYLIMA = ASSOCIATED (YD%YLIMA)






NVFORTRAN (Version     24.5)          03/19/2025  06:54:44      page 87

( 4981) IF (LYLIMA) THEN
( 4982)   !$acc exit data detach (YD%YLIMA)
( 4983)   DO J1 = LBOUND (YD%YLIMA, 1), UBOUND (YD%YLIMA, 1)
( 4984)     CALL WIPE_TYPE_GFL_COMP (YD%YLIMA (J1), LDDELETED=.TRUE., LDFIELDAPI=LDFIELDAPI)
( 4985)   ENDDO
( 4986)   !$acc exit data delete (YD%YLIMA)
( 4987) ENDIF
( 4988) 
( 4989) LYFSD = ASSOCIATED (YD%YFSD)
( 4990) IF (LYFSD) THEN
( 4991)   !$acc exit data detach (YD%YFSD)
( 4992)   CALL WIPE_TYPE_GFL_COMP (YD%YFSD, LDDELETED=.TRUE., LDFIELDAPI=LDFIELDAPI)
( 4993)   !$acc exit data delete (YD%YFSD)
( 4994) ENDIF
( 4995) 
( 4996) LYEXT = ASSOCIATED (YD%YEXT)
( 4997) IF (LYEXT) THEN
( 4998)   !$acc exit data detach (YD%YEXT)
( 4999)   DO J1 = LBOUND (YD%YEXT, 1), UBOUND (YD%YEXT, 1)
( 5000)     CALL WIPE_TYPE_GFL_COMP (YD%YEXT (J1), LDDELETED=.TRUE., LDFIELDAPI=LDFIELDAPI)
( 5001)   ENDDO
( 5002)   !$acc exit data delete (YD%YEXT)
( 5003) ENDIF
( 5004) 
( 5005) CALL WIPE_TYPE_GFL_NAML (YD%YQ_NL, LDDELETED=.TRUE., LDFIELDAPI=LDFIELDAPI)
( 5006) 
( 5007) CALL WIPE_TYPE_GFL_NAML (YD%YI_NL, LDDELETED=.TRUE., LDFIELDAPI=LDFIELDAPI)
( 5008) 
( 5009) CALL WIPE_TYPE_GFL_NAML (YD%YL_NL, LDDELETED=.TRUE., LDFIELDAPI=LDFIELDAPI)
( 5010) 
( 5011) CALL WIPE_TYPE_GFL_NAML (YD%YLCONV_NL, LDDELETED=.TRUE., LDFIELDAPI=LDFIELDAPI)
( 5012) 
( 5013) CALL WIPE_TYPE_GFL_NAML (YD%YICONV_NL, LDDELETED=.TRUE., LDFIELDAPI=LDFIELDAPI)
( 5014) 
( 5015) CALL WIPE_TYPE_GFL_NAML (YD%YRCONV_NL, LDDELETED=.TRUE., LDFIELDAPI=LDFIELDAPI)
( 5016) 
( 5017) CALL WIPE_TYPE_GFL_NAML (YD%YSCONV_NL, LDDELETED=.TRUE., LDFIELDAPI=LDFIELDAPI)
( 5018) 
( 5019) CALL WIPE_TYPE_GFL_NAML (YD%YIRAD_NL, LDDELETED=.TRUE., LDFIELDAPI=LDFIELDAPI)
( 5020) 
( 5021) CALL WIPE_TYPE_GFL_NAML (YD%YLRAD_NL, LDDELETED=.TRUE., LDFIELDAPI=LDFIELDAPI)
( 5022) 
( 5023) CALL WIPE_TYPE_GFL_NAML (YD%YS_NL, LDDELETED=.TRUE., LDFIELDAPI=LDFIELDAPI)
( 5024) 
( 5025) CALL WIPE_TYPE_GFL_NAML (YD%YR_NL, LDDELETED=.TRUE., LDFIELDAPI=LDFIELDAPI)
( 5026) 
( 5027) CALL WIPE_TYPE_GFL_NAML (YD%YG_NL, LDDELETED=.TRUE., LDFIELDAPI=LDFIELDAPI)
( 5028) 
( 5029) CALL WIPE_TYPE_GFL_NAML (YD%YH_NL, LDDELETED=.TRUE., LDFIELDAPI=LDFIELDAPI)
( 5030) 
( 5031) CALL WIPE_TYPE_GFL_NAML (YD%YTKE_NL, LDDELETED=.TRUE., LDFIELDAPI=LDFIELDAPI)
( 5032) 
( 5033) CALL WIPE_TYPE_GFL_NAML (YD%YTTE_NL, LDDELETED=.TRUE., LDFIELDAPI=LDFIELDAPI)
( 5034) 
( 5035) CALL WIPE_TYPE_GFL_NAML (YD%YEFB1_NL, LDDELETED=.TRUE., LDFIELDAPI=LDFIELDAPI)
( 5036) 
( 5037) CALL WIPE_TYPE_GFL_NAML (YD%YEFB2_NL, LDDELETED=.TRUE., LDFIELDAPI=LDFIELDAPI)
( 5038) 






NVFORTRAN (Version     24.5)          03/19/2025  06:54:44      page 88

( 5039) CALL WIPE_TYPE_GFL_NAML (YD%YEFB3_NL, LDDELETED=.TRUE., LDFIELDAPI=LDFIELDAPI)
( 5040) 
( 5041) CALL WIPE_TYPE_GFL_NAML (YD%YA_NL, LDDELETED=.TRUE., LDFIELDAPI=LDFIELDAPI)
( 5042) 
( 5043) CALL WIPE_TYPE_GFL_NAML (YD%YO3_NL, LDDELETED=.TRUE., LDFIELDAPI=LDFIELDAPI)
( 5044) 
( 5045) CALL WIPE_TYPE_GFL_NAML (YD%YSRC_NL, LDDELETED=.TRUE., LDFIELDAPI=LDFIELDAPI)
( 5046) 
( 5047) CALL WIPE_TYPE_GFL_NAML (YD%YAMF_NL, LDDELETED=.TRUE., LDFIELDAPI=LDFIELDAPI)
( 5048) 
( 5049) CALL WIPE_TYPE_GFL_NAML (YD%YLMF_NL, LDDELETED=.TRUE., LDFIELDAPI=LDFIELDAPI)
( 5050) 
( 5051) CALL WIPE_TYPE_GFL_NAML (YD%YIMF_NL, LDDELETED=.TRUE., LDFIELDAPI=LDFIELDAPI)
( 5052) 
( 5053) CALL WIPE_TYPE_GFL_NAML (YD%YMXL_NL, LDDELETED=.TRUE., LDFIELDAPI=LDFIELDAPI)
( 5054) 
( 5055) CALL WIPE_TYPE_GFL_NAML (YD%YSHTUR_NL, LDDELETED=.TRUE., LDFIELDAPI=LDFIELDAPI)
( 5056) 
( 5057) CALL WIPE_TYPE_GFL_NAML (YD%YFQTUR_NL, LDDELETED=.TRUE., LDFIELDAPI=LDFIELDAPI)
( 5058) 
( 5059) CALL WIPE_TYPE_GFL_NAML (YD%YFSTUR_NL, LDDELETED=.TRUE., LDFIELDAPI=LDFIELDAPI)
( 5060) 
( 5061) CALL WIPE_TYPE_GFL_NAML (YD%YCPF_NL, LDDELETED=.TRUE., LDFIELDAPI=LDFIELDAPI)
( 5062) 
( 5063) CALL WIPE_TYPE_GFL_NAML (YD%YSPF_NL, LDDELETED=.TRUE., LDFIELDAPI=LDFIELDAPI)
( 5064) 
( 5065) CALL WIPE_TYPE_GFL_NAML (YD%YCVGQ_NL, LDDELETED=.TRUE., LDFIELDAPI=LDFIELDAPI)
( 5066) 
( 5067) CALL WIPE_TYPE_GFL_NAML (YD%YQVA_NL, LDDELETED=.TRUE., LDFIELDAPI=LDFIELDAPI)
( 5068) 
( 5069) DO J1 = LBOUND (YD%YGHG_NL, 1), UBOUND (YD%YGHG_NL, 1)
( 5070)   CALL WIPE_TYPE_GFL_NAML (YD%YGHG_NL (J1), LDDELETED=.TRUE., LDFIELDAPI=LDFIELDAPI)
( 5071) ENDDO
( 5072) 
( 5073) DO J1 = LBOUND (YD%YCHEM_NL, 1), UBOUND (YD%YCHEM_NL, 1)
( 5074)   CALL WIPE_TYPE_GFL_NAML (YD%YCHEM_NL (J1), LDDELETED=.TRUE., LDFIELDAPI=LDFIELDAPI)
( 5075) ENDDO
( 5076) 
( 5077) DO J1 = LBOUND (YD%YAERO_NL, 1), UBOUND (YD%YAERO_NL, 1)
( 5078)   CALL WIPE_TYPE_GFL_NAML (YD%YAERO_NL (J1), LDDELETED=.TRUE., LDFIELDAPI=LDFIELDAPI)
( 5079) ENDDO
( 5080) 
( 5081) DO J1 = LBOUND (YD%YERA40_NL, 1), UBOUND (YD%YERA40_NL, 1)
( 5082)   CALL WIPE_TYPE_GFL_NAML (YD%YERA40_NL (J1), LDDELETED=.TRUE., LDFIELDAPI=LDFIELDAPI)
( 5083) ENDDO
( 5084) 
( 5085) DO J1 = LBOUND (YD%YNOGW_NL, 1), UBOUND (YD%YNOGW_NL, 1)
( 5086)   CALL WIPE_TYPE_GFL_NAML (YD%YNOGW_NL (J1), LDDELETED=.TRUE., LDFIELDAPI=LDFIELDAPI)
( 5087) ENDDO
( 5088) 
( 5089) DO J1 = LBOUND (YD%YEDRP_NL, 1), UBOUND (YD%YEDRP_NL, 1)
( 5090)   CALL WIPE_TYPE_GFL_NAML (YD%YEDRP_NL (J1), LDDELETED=.TRUE., LDFIELDAPI=LDFIELDAPI)
( 5091) ENDDO
( 5092) 
( 5093) DO J1 = LBOUND (YD%YSLDIA_NL, 1), UBOUND (YD%YSLDIA_NL, 1)
( 5094)   CALL WIPE_TYPE_GFL_NAML (YD%YSLDIA_NL (J1), LDDELETED=.TRUE., LDFIELDAPI=LDFIELDAPI)
( 5095) ENDDO
( 5096) 






NVFORTRAN (Version     24.5)          03/19/2025  06:54:44      page 89

( 5097) CALL WIPE_TYPE_GFL_NAML (YD%YLRCH4_NL, LDDELETED=.TRUE., LDFIELDAPI=LDFIELDAPI)
( 5098) 
( 5099) DO J1 = LBOUND (YD%YAERAOT_NL, 1), UBOUND (YD%YAERAOT_NL, 1)
( 5100)   CALL WIPE_TYPE_GFL_NAML (YD%YAERAOT_NL (J1), LDDELETED=.TRUE., LDFIELDAPI=LDFIELDAPI)
( 5101) ENDDO
( 5102) 
( 5103) DO J2 = LBOUND (YD%YAERLISI_NL, 2), UBOUND (YD%YAERLISI_NL, 2)
( 5104)   DO J1 = LBOUND (YD%YAERLISI_NL, 1), UBOUND (YD%YAERLISI_NL, 1)
( 5105)     CALL WIPE_TYPE_GFL_NAML (YD%YAERLISI_NL (J1, J2), LDDELETED=.TRUE., LDFIELDAPI=LDFIELDAPI)
( 5106)   ENDDO
( 5107) ENDDO
( 5108) 
( 5109) DO J1 = LBOUND (YD%YAEROUT_NL, 1), UBOUND (YD%YAEROUT_NL, 1)
( 5110)   CALL WIPE_TYPE_GFL_NAML (YD%YAEROUT_NL (J1), LDDELETED=.TRUE., LDFIELDAPI=LDFIELDAPI)
( 5111) ENDDO
( 5112) 
( 5113) DO J1 = LBOUND (YD%YAEROCLIM_NL, 1), UBOUND (YD%YAEROCLIM_NL, 1)
( 5114)   CALL WIPE_TYPE_GFL_NAML (YD%YAEROCLIM_NL (J1), LDDELETED=.TRUE., LDFIELDAPI=LDFIELDAPI)
( 5115) ENDDO
( 5116) 
( 5117) DO J1 = LBOUND (YD%YUVP_NL, 1), UBOUND (YD%YUVP_NL, 1)
( 5118)   CALL WIPE_TYPE_GFL_NAML (YD%YUVP_NL (J1), LDDELETED=.TRUE., LDFIELDAPI=LDFIELDAPI)
( 5119) ENDDO
( 5120) 
( 5121) CALL WIPE_TYPE_GFL_NAML (YD%YRKTH_NL, LDDELETED=.TRUE., LDFIELDAPI=LDFIELDAPI)
( 5122) 
( 5123) CALL WIPE_TYPE_GFL_NAML (YD%YRKTQV_NL, LDDELETED=.TRUE., LDFIELDAPI=LDFIELDAPI)
( 5124) 
( 5125) CALL WIPE_TYPE_GFL_NAML (YD%YRKTQC_NL, LDDELETED=.TRUE., LDFIELDAPI=LDFIELDAPI)
( 5126) 
( 5127) CALL WIPE_TYPE_GFL_NAML (YD%YPHYCTY_NL, LDDELETED=.TRUE., LDFIELDAPI=LDFIELDAPI)
( 5128) 
( 5129) CALL WIPE_TYPE_GFL_NAML (YD%YFSD_NL, LDDELETED=.TRUE., LDFIELDAPI=LDFIELDAPI)
( 5130) 
( 5131) CALL WIPE_TYPE_GFL_NAML (YD%YRSPEC_NL, LDDELETED=.TRUE., LDFIELDAPI=LDFIELDAPI)
( 5132) 
( 5133) CALL WIPE_TYPE_GFL_NAML (YD%YSDSAT_NL, LDDELETED=.TRUE., LDFIELDAPI=LDFIELDAPI)
( 5134) 
( 5135) CALL WIPE_TYPE_GFL_NAML (YD%YCVV_NL, LDDELETED=.TRUE., LDFIELDAPI=LDFIELDAPI)
( 5136) 
( 5137) DO J1 = LBOUND (YD%YFORC_NL, 1), UBOUND (YD%YFORC_NL, 1)
( 5138)   CALL WIPE_TYPE_GFL_NAML (YD%YFORC_NL (J1), LDDELETED=.TRUE., LDFIELDAPI=LDFIELDAPI)
( 5139) ENDDO
( 5140) 
( 5141) DO J1 = LBOUND (YD%YEZDIAG_NL, 1), UBOUND (YD%YEZDIAG_NL, 1)
( 5142)   CALL WIPE_TYPE_GFL_NAML (YD%YEZDIAG_NL (J1), LDDELETED=.TRUE., LDFIELDAPI=LDFIELDAPI)
( 5143) ENDDO
( 5144) 
( 5145) DO J1 = LBOUND (YD%YEXT_NL, 1), UBOUND (YD%YEXT_NL, 1)
( 5146)   CALL WIPE_TYPE_GFL_NAML (YD%YEXT_NL (J1), LDDELETED=.TRUE., LDFIELDAPI=LDFIELDAPI)
( 5147) ENDDO
( 5148) 
( 5149) CALL WIPE_TYPE_GFL_NAML (YD%YUOM_NL, LDDELETED=.TRUE., LDFIELDAPI=LDFIELDAPI)
( 5150) 
( 5151) CALL WIPE_TYPE_GFL_NAML (YD%YUAL_NL, LDDELETED=.TRUE., LDFIELDAPI=LDFIELDAPI)
( 5152) 
( 5153) CALL WIPE_TYPE_GFL_NAML (YD%YDOM_NL, LDDELETED=.TRUE., LDFIELDAPI=LDFIELDAPI)
( 5154) 






NVFORTRAN (Version     24.5)          03/19/2025  06:54:44      page 90

( 5155) CALL WIPE_TYPE_GFL_NAML (YD%YDAL_NL, LDDELETED=.TRUE., LDFIELDAPI=LDFIELDAPI)
( 5156) 
( 5157) CALL WIPE_TYPE_GFL_NAML (YD%YUEN_NL, LDDELETED=.TRUE., LDFIELDAPI=LDFIELDAPI)
( 5158) 
( 5159) CALL WIPE_TYPE_GFL_NAML (YD%YUNEBH_NL, LDDELETED=.TRUE., LDFIELDAPI=LDFIELDAPI)
( 5160) 
( 5161) DO J1 = LBOUND (YD%YAERO_WVL_DIAG_NL, 1), UBOUND (YD%YAERO_WVL_DIAG_NL, 1)
( 5162)   CALL WIPE_TYPE_AERO_WVL_DIAG (YD%YAERO_WVL_DIAG_NL (J1), LDDELETED=.TRUE., LDFIELDAPI=LDFIELDAPI)
( 5163) ENDDO
( 5164) 
( 5165) DO J1 = LBOUND (YD%YLIMA_NL, 1), UBOUND (YD%YLIMA_NL, 1)
( 5166)   CALL WIPE_TYPE_GFL_NAML (YD%YLIMA_NL (J1), LDDELETED=.TRUE., LDFIELDAPI=LDFIELDAPI)
( 5167) ENDDO
( 5168) 
( 5169) LLDELETED = .FALSE.
( 5170) IF (PRESENT (LDDELETED)) THEN
( 5171)   LLDELETED = LDDELETED
( 5172) ENDIF
( 5173) IF (.NOT. LLDELETED) THEN
( 5174)   !$acc exit data delete (YD)
( 5175) ENDIF
( 5176) END SUBROUTINE
( 5177) 
( 5178) INTEGER*8 FUNCTION SIZE_TYPE_GFLD (YD, CDPATH, LDPRINT) RESULT (KSIZE)
( 5179) USE UTIL_TYPE_AERO_WVL_DIAG_MOD
( 5180) USE UTIL_TYPE_GFL_COMP_MOD
( 5181) USE UTIL_TYPE_GFL_NAML_MOD
( 5182) IMPLICIT NONE
( 5183) TYPE (TYPE_GFLD),     INTENT (IN), TARGET :: YD
( 5184) CHARACTER(LEN=*), INTENT (IN), OPTIONAL :: CDPATH
( 5185) LOGICAL,          INTENT (IN), OPTIONAL :: LDPRINT
( 5186) INTEGER*8 :: ISIZE, JSIZE
( 5187) LOGICAL :: LLPRINT
( 5188) CHARACTER(LEN=128) :: CLPATH
( 5189) INTEGER :: J1, J2
( 5190) LOGICAL :: LYA, LYAERAOT, LYAERLISI, LYAERO, LYAEROCLIM, LYAEROUT, LYAMF, LYCHEM, LYCPF, LYCVGQ
( 5191) LOGICAL :: LYCVV, LYDAL, LYDOM, LYEDRP, LYEFB1, LYEFB2, LYEFB3, LYEMIS3D, LYERA40, LYEXT
( 5192) LOGICAL :: LYEZDIAG, LYFORC, LYFQTUR, LYFSD, LYFSTUR, LYG, LYGHG, LYH, LYI, LYICONV
( 5193) LOGICAL :: LYIMF, LYIRAD, LYL, LYLASTCOMP, LYLCONV, LYLIMA, LYLMF, LYLRAD, LYLRCH4, LYMXL
( 5194) LOGICAL :: LYNOGW, LYO3, LYPHYCTY, LYPHYS, LYQ, LYQVA, LYR, LYRCONV, LYRKTH, LYRKTQC
( 5195) LOGICAL :: LYRKTQV, LYRSPEC, LYS, LYSCONV, LYSDSAT, LYSHTUR, LYSLDIA, LYSPF, LYSRC, LYTKE
( 5196) LOGICAL :: LYTTE, LYUAL, LYUEN, LYUNEBH, LYUOM, LYUVP
( 5197) 
( 5198) LLPRINT = .FALSE.
( 5199) IF (PRESENT (LDPRINT)) THEN
( 5200)   LLPRINT = LDPRINT
( 5201) ENDIF
( 5202) CLPATH=''
( 5203) IF (PRESENT (CDPATH)) THEN
( 5204)   CLPATH = CDPATH
( 5205) ENDIF
( 5206) KSIZE = 0
( 5207) ISIZE = KIND (YD%NUMFLDS)
( 5208) IF (LLPRINT) THEN
( 5209)   WRITE (*, '(I10," ")', ADVANCE='NO') ISIZE
( 5210)   WRITE (*, *) TRIM (CLPATH)//'%NUMFLDS'
( 5211) ENDIF
( 5212) KSIZE = KSIZE + ISIZE






NVFORTRAN (Version     24.5)          03/19/2025  06:54:44      page 91

( 5213) ISIZE = KIND (YD%NDERS)
( 5214) IF (LLPRINT) THEN
( 5215)   WRITE (*, '(I10," ")', ADVANCE='NO') ISIZE
( 5216)   WRITE (*, *) TRIM (CLPATH)//'%NDERS'
( 5217) ENDIF
( 5218) KSIZE = KSIZE + ISIZE
( 5219) ISIZE = KIND (YD%NUMSPFLDS)
( 5220) IF (LLPRINT) THEN
( 5221)   WRITE (*, '(I10," ")', ADVANCE='NO') ISIZE
( 5222)   WRITE (*, *) TRIM (CLPATH)//'%NUMSPFLDS'
( 5223) ENDIF
( 5224) KSIZE = KSIZE + ISIZE
( 5225) ISIZE = KIND (YD%NUMGPFLDS)
( 5226) IF (LLPRINT) THEN
( 5227)   WRITE (*, '(I10," ")', ADVANCE='NO') ISIZE
( 5228)   WRITE (*, *) TRIM (CLPATH)//'%NUMGPFLDS'
( 5229) ENDIF
( 5230) KSIZE = KSIZE + ISIZE
( 5231) ISIZE = KIND (YD%NUMFLDS9)
( 5232) IF (LLPRINT) THEN
( 5233)   WRITE (*, '(I10," ")', ADVANCE='NO') ISIZE
( 5234)   WRITE (*, *) TRIM (CLPATH)//'%NUMFLDS9'
( 5235) ENDIF
( 5236) KSIZE = KSIZE + ISIZE
( 5237) ISIZE = KIND (YD%NUMFLDS1)
( 5238) IF (LLPRINT) THEN
( 5239)   WRITE (*, '(I10," ")', ADVANCE='NO') ISIZE
( 5240)   WRITE (*, *) TRIM (CLPATH)//'%NUMFLDS1'
( 5241) ENDIF
( 5242) KSIZE = KSIZE + ISIZE
( 5243) ISIZE = KIND (YD%NUMSPFLDS1)
( 5244) IF (LLPRINT) THEN
( 5245)   WRITE (*, '(I10," ")', ADVANCE='NO') ISIZE
( 5246)   WRITE (*, *) TRIM (CLPATH)//'%NUMSPFLDS1'
( 5247) ENDIF
( 5248) KSIZE = KSIZE + ISIZE
( 5249) ISIZE = KIND (YD%NUMFLDS5)
( 5250) IF (LLPRINT) THEN
( 5251)   WRITE (*, '(I10," ")', ADVANCE='NO') ISIZE
( 5252)   WRITE (*, *) TRIM (CLPATH)//'%NUMFLDS5'
( 5253) ENDIF
( 5254) KSIZE = KSIZE + ISIZE
( 5255) ISIZE = KIND (YD%NUMFLDSPHY)
( 5256) IF (LLPRINT) THEN
( 5257)   WRITE (*, '(I10," ")', ADVANCE='NO') ISIZE
( 5258)   WRITE (*, *) TRIM (CLPATH)//'%NUMFLDSPHY'
( 5259) ENDIF
( 5260) KSIZE = KSIZE + ISIZE
( 5261) ISIZE = KIND (YD%NUMFLDS_SPL)
( 5262) IF (LLPRINT) THEN
( 5263)   WRITE (*, '(I10," ")', ADVANCE='NO') ISIZE
( 5264)   WRITE (*, *) TRIM (CLPATH)//'%NUMFLDS_SPL'
( 5265) ENDIF
( 5266) KSIZE = KSIZE + ISIZE
( 5267) ISIZE = KIND (YD%NUMFLDS_SL1)
( 5268) IF (LLPRINT) THEN
( 5269)   WRITE (*, '(I10," ")', ADVANCE='NO') ISIZE
( 5270)   WRITE (*, *) TRIM (CLPATH)//'%NUMFLDS_SL1'






NVFORTRAN (Version     24.5)          03/19/2025  06:54:44      page 92

( 5271) ENDIF
( 5272) KSIZE = KSIZE + ISIZE
( 5273) ISIZE = KIND (YD%NUMFLDSPC)
( 5274) IF (LLPRINT) THEN
( 5275)   WRITE (*, '(I10," ")', ADVANCE='NO') ISIZE
( 5276)   WRITE (*, *) TRIM (CLPATH)//'%NUMFLDSPC'
( 5277) ENDIF
( 5278) KSIZE = KSIZE + ISIZE
( 5279) ISIZE = KIND (YD%NDIM)
( 5280) IF (LLPRINT) THEN
( 5281)   WRITE (*, '(I10," ")', ADVANCE='NO') ISIZE
( 5282)   WRITE (*, *) TRIM (CLPATH)//'%NDIM'
( 5283) ENDIF
( 5284) KSIZE = KSIZE + ISIZE
( 5285) ISIZE = KIND (YD%NUMFLDSPT)
( 5286) IF (LLPRINT) THEN
( 5287)   WRITE (*, '(I10," ")', ADVANCE='NO') ISIZE
( 5288)   WRITE (*, *) TRIM (CLPATH)//'%NUMFLDSPT'
( 5289) ENDIF
( 5290) KSIZE = KSIZE + ISIZE
( 5291) ISIZE = KIND (YD%NDIM0)
( 5292) IF (LLPRINT) THEN
( 5293)   WRITE (*, '(I10," ")', ADVANCE='NO') ISIZE
( 5294)   WRITE (*, *) TRIM (CLPATH)//'%NDIM0'
( 5295) ENDIF
( 5296) KSIZE = KSIZE + ISIZE
( 5297) ISIZE = KIND (YD%NDIM9)
( 5298) IF (LLPRINT) THEN
( 5299)   WRITE (*, '(I10," ")', ADVANCE='NO') ISIZE
( 5300)   WRITE (*, *) TRIM (CLPATH)//'%NDIM9'
( 5301) ENDIF
( 5302) KSIZE = KSIZE + ISIZE
( 5303) ISIZE = KIND (YD%NDIM1)
( 5304) IF (LLPRINT) THEN
( 5305)   WRITE (*, '(I10," ")', ADVANCE='NO') ISIZE
( 5306)   WRITE (*, *) TRIM (CLPATH)//'%NDIM1'
( 5307) ENDIF
( 5308) KSIZE = KSIZE + ISIZE
( 5309) ISIZE = KIND (YD%NDIM5)
( 5310) IF (LLPRINT) THEN
( 5311)   WRITE (*, '(I10," ")', ADVANCE='NO') ISIZE
( 5312)   WRITE (*, *) TRIM (CLPATH)//'%NDIM5'
( 5313) ENDIF
( 5314) KSIZE = KSIZE + ISIZE
( 5315) ISIZE = KIND (YD%NDIMSLP)
( 5316) IF (LLPRINT) THEN
( 5317)   WRITE (*, '(I10," ")', ADVANCE='NO') ISIZE
( 5318)   WRITE (*, *) TRIM (CLPATH)//'%NDIMSLP'
( 5319) ENDIF
( 5320) KSIZE = KSIZE + ISIZE
( 5321) ISIZE = KIND (YD%NDIM_SPL)
( 5322) IF (LLPRINT) THEN
( 5323)   WRITE (*, '(I10," ")', ADVANCE='NO') ISIZE
( 5324)   WRITE (*, *) TRIM (CLPATH)//'%NDIM_SPL'
( 5325) ENDIF
( 5326) KSIZE = KSIZE + ISIZE
( 5327) ISIZE = KIND (YD%NDIMPT)
( 5328) IF (LLPRINT) THEN






NVFORTRAN (Version     24.5)          03/19/2025  06:54:44      page 93

( 5329)   WRITE (*, '(I10," ")', ADVANCE='NO') ISIZE
( 5330)   WRITE (*, *) TRIM (CLPATH)//'%NDIMPT'
( 5331) ENDIF
( 5332) KSIZE = KSIZE + ISIZE
( 5333) ISIZE = KIND (YD%NDIMPC)
( 5334) IF (LLPRINT) THEN
( 5335)   WRITE (*, '(I10," ")', ADVANCE='NO') ISIZE
( 5336)   WRITE (*, *) TRIM (CLPATH)//'%NDIMPC'
( 5337) ENDIF
( 5338) KSIZE = KSIZE + ISIZE
( 5339) ISIZE = KIND (YD%NGFL_EXT)
( 5340) IF (LLPRINT) THEN
( 5341)   WRITE (*, '(I10," ")', ADVANCE='NO') ISIZE
( 5342)   WRITE (*, *) TRIM (CLPATH)//'%NGFL_EXT'
( 5343) ENDIF
( 5344) KSIZE = KSIZE + ISIZE
( 5345) ISIZE = KIND (YD%NGFL_FORC)
( 5346) IF (LLPRINT) THEN
( 5347)   WRITE (*, '(I10," ")', ADVANCE='NO') ISIZE
( 5348)   WRITE (*, *) TRIM (CLPATH)//'%NGFL_FORC'
( 5349) ENDIF
( 5350) KSIZE = KSIZE + ISIZE
( 5351) ISIZE = KIND (YD%NGFL_EZDIAG)
( 5352) IF (LLPRINT) THEN
( 5353)   WRITE (*, '(I10," ")', ADVANCE='NO') ISIZE
( 5354)   WRITE (*, *) TRIM (CLPATH)//'%NGFL_EZDIAG'
( 5355) ENDIF
( 5356) KSIZE = KSIZE + ISIZE
( 5357) ISIZE = KIND (YD%NGHG)
( 5358) IF (LLPRINT) THEN
( 5359)   WRITE (*, '(I10," ")', ADVANCE='NO') ISIZE
( 5360)   WRITE (*, *) TRIM (CLPATH)//'%NGHG'
( 5361) ENDIF
( 5362) KSIZE = KSIZE + ISIZE
( 5363) ISIZE = KIND (YD%NGHG_ASSIM)
( 5364) IF (LLPRINT) THEN
( 5365)   WRITE (*, '(I10," ")', ADVANCE='NO') ISIZE
( 5366)   WRITE (*, *) TRIM (CLPATH)//'%NGHG_ASSIM'
( 5367) ENDIF
( 5368) KSIZE = KSIZE + ISIZE
( 5369) ISIZE = KIND (YD%NAERO)
( 5370) IF (LLPRINT) THEN
( 5371)   WRITE (*, '(I10," ")', ADVANCE='NO') ISIZE
( 5372)   WRITE (*, *) TRIM (CLPATH)//'%NAERO'
( 5373) ENDIF
( 5374) KSIZE = KSIZE + ISIZE
( 5375) ISIZE = KIND (YD%NACTAERO)
( 5376) IF (LLPRINT) THEN
( 5377)   WRITE (*, '(I10," ")', ADVANCE='NO') ISIZE
( 5378)   WRITE (*, *) TRIM (CLPATH)//'%NACTAERO'
( 5379) ENDIF
( 5380) KSIZE = KSIZE + ISIZE
( 5381) ISIZE = KIND (YD%NDDHAERO)
( 5382) IF (LLPRINT) THEN
( 5383)   WRITE (*, '(I10," ")', ADVANCE='NO') ISIZE
( 5384)   WRITE (*, *) TRIM (CLPATH)//'%NDDHAERO'
( 5385) ENDIF
( 5386) KSIZE = KSIZE + ISIZE






NVFORTRAN (Version     24.5)          03/19/2025  06:54:44      page 94

( 5387) ISIZE = KIND (YD%NERA40)
( 5388) IF (LLPRINT) THEN
( 5389)   WRITE (*, '(I10," ")', ADVANCE='NO') ISIZE
( 5390)   WRITE (*, *) TRIM (CLPATH)//'%NERA40'
( 5391) ENDIF
( 5392) KSIZE = KSIZE + ISIZE
( 5393) ISIZE = KIND (YD%NNOGW)
( 5394) IF (LLPRINT) THEN
( 5395)   WRITE (*, '(I10," ")', ADVANCE='NO') ISIZE
( 5396)   WRITE (*, *) TRIM (CLPATH)//'%NNOGW'
( 5397) ENDIF
( 5398) KSIZE = KSIZE + ISIZE
( 5399) ISIZE = KIND (YD%NEDRP)
( 5400) IF (LLPRINT) THEN
( 5401)   WRITE (*, '(I10," ")', ADVANCE='NO') ISIZE
( 5402)   WRITE (*, *) TRIM (CLPATH)//'%NEDRP'
( 5403) ENDIF
( 5404) KSIZE = KSIZE + ISIZE
( 5405) ISIZE = KIND (YD%NAEROUT)
( 5406) IF (LLPRINT) THEN
( 5407)   WRITE (*, '(I10," ")', ADVANCE='NO') ISIZE
( 5408)   WRITE (*, *) TRIM (CLPATH)//'%NAEROUT'
( 5409) ENDIF
( 5410) KSIZE = KSIZE + ISIZE
( 5411) ISIZE = KIND (YD%NAEROCLIM)
( 5412) IF (LLPRINT) THEN
( 5413)   WRITE (*, '(I10," ")', ADVANCE='NO') ISIZE
( 5414)   WRITE (*, *) TRIM (CLPATH)//'%NAEROCLIM'
( 5415) ENDIF
( 5416) KSIZE = KSIZE + ISIZE
( 5417) ISIZE = KIND (YD%NUVP)
( 5418) IF (LLPRINT) THEN
( 5419)   WRITE (*, '(I10," ")', ADVANCE='NO') ISIZE
( 5420)   WRITE (*, *) TRIM (CLPATH)//'%NUVP'
( 5421) ENDIF
( 5422) KSIZE = KSIZE + ISIZE
( 5423) ISIZE = KIND (YD%NSLDIA)
( 5424) IF (LLPRINT) THEN
( 5425)   WRITE (*, '(I10," ")', ADVANCE='NO') ISIZE
( 5426)   WRITE (*, *) TRIM (CLPATH)//'%NSLDIA'
( 5427) ENDIF
( 5428) KSIZE = KSIZE + ISIZE
( 5429) ISIZE = KIND (YD%NSLDIAGP)
( 5430) IF (LLPRINT) THEN
( 5431)   WRITE (*, '(I10," ")', ADVANCE='NO') ISIZE
( 5432)   WRITE (*, *) TRIM (CLPATH)//'%NSLDIAGP'
( 5433) ENDIF
( 5434) KSIZE = KSIZE + ISIZE
( 5435) ISIZE = KIND (YD%NFSD)
( 5436) IF (LLPRINT) THEN
( 5437)   WRITE (*, '(I10," ")', ADVANCE='NO') ISIZE
( 5438)   WRITE (*, *) TRIM (CLPATH)//'%NFSD'
( 5439) ENDIF
( 5440) KSIZE = KSIZE + ISIZE
( 5441) ISIZE = KIND (YD%LAERCHEM)
( 5442) IF (LLPRINT) THEN
( 5443)   WRITE (*, '(I10," ")', ADVANCE='NO') ISIZE
( 5444)   WRITE (*, *) TRIM (CLPATH)//'%LAERCHEM'






NVFORTRAN (Version     24.5)          03/19/2025  06:54:44      page 95

( 5445) ENDIF
( 5446) KSIZE = KSIZE + ISIZE
( 5447) ISIZE = KIND (YD%LTRCMFIX)
( 5448) IF (LLPRINT) THEN
( 5449)   WRITE (*, '(I10," ")', ADVANCE='NO') ISIZE
( 5450)   WRITE (*, *) TRIM (CLPATH)//'%LTRCMFIX'
( 5451) ENDIF
( 5452) KSIZE = KSIZE + ISIZE
( 5453) ISIZE = KIND (YD%LTRCMFIX_PS)
( 5454) IF (LLPRINT) THEN
( 5455)   WRITE (*, '(I10," ")', ADVANCE='NO') ISIZE
( 5456)   WRITE (*, *) TRIM (CLPATH)//'%LTRCMFIX_PS'
( 5457) ENDIF
( 5458) KSIZE = KSIZE + ISIZE
( 5459) ISIZE = KIND (YD%LTRCMFQM)
( 5460) IF (LLPRINT) THEN
( 5461)   WRITE (*, '(I10," ")', ADVANCE='NO') ISIZE
( 5462)   WRITE (*, *) TRIM (CLPATH)//'%LTRCMFQM'
( 5463) ENDIF
( 5464) KSIZE = KSIZE + ISIZE
( 5465) ISIZE = KIND (YD%LAERAOT)
( 5466) IF (LLPRINT) THEN
( 5467)   WRITE (*, '(I10," ")', ADVANCE='NO') ISIZE
( 5468)   WRITE (*, *) TRIM (CLPATH)//'%LAERAOT'
( 5469) ENDIF
( 5470) KSIZE = KSIZE + ISIZE
( 5471) ISIZE = KIND (YD%LAERLISI)
( 5472) IF (LLPRINT) THEN
( 5473)   WRITE (*, '(I10," ")', ADVANCE='NO') ISIZE
( 5474)   WRITE (*, *) TRIM (CLPATH)//'%LAERLISI'
( 5475) ENDIF
( 5476) KSIZE = KSIZE + ISIZE
( 5477) ISIZE = KIND (YD%LAEROUT)
( 5478) IF (LLPRINT) THEN
( 5479)   WRITE (*, '(I10," ")', ADVANCE='NO') ISIZE
( 5480)   WRITE (*, *) TRIM (CLPATH)//'%LAEROUT'
( 5481) ENDIF
( 5482) KSIZE = KSIZE + ISIZE
( 5483) ISIZE = KIND (YD%LAEROCLIM)
( 5484) IF (LLPRINT) THEN
( 5485)   WRITE (*, '(I10," ")', ADVANCE='NO') ISIZE
( 5486)   WRITE (*, *) TRIM (CLPATH)//'%LAEROCLIM'
( 5487) ENDIF
( 5488) KSIZE = KSIZE + ISIZE
( 5489) ISIZE = KIND (YD%LUVPOUT)
( 5490) IF (LLPRINT) THEN
( 5491)   WRITE (*, '(I10," ")', ADVANCE='NO') ISIZE
( 5492)   WRITE (*, *) TRIM (CLPATH)//'%LUVPOUT'
( 5493) ENDIF
( 5494) KSIZE = KSIZE + ISIZE
( 5495) ISIZE = KIND (YD%LSPPTGFL)
( 5496) IF (LLPRINT) THEN
( 5497)   WRITE (*, '(I10," ")', ADVANCE='NO') ISIZE
( 5498)   WRITE (*, *) TRIM (CLPATH)//'%LSPPTGFL'
( 5499) ENDIF
( 5500) KSIZE = KSIZE + ISIZE
( 5501) ISIZE = KIND (YD%NGEMS)
( 5502) IF (LLPRINT) THEN






NVFORTRAN (Version     24.5)          03/19/2025  06:54:44      page 96

( 5503)   WRITE (*, '(I10," ")', ADVANCE='NO') ISIZE
( 5504)   WRITE (*, *) TRIM (CLPATH)//'%NGEMS'
( 5505) ENDIF
( 5506) KSIZE = KSIZE + ISIZE
( 5507) ISIZE = KIND (YD%NCHEM)
( 5508) IF (LLPRINT) THEN
( 5509)   WRITE (*, '(I10," ")', ADVANCE='NO') ISIZE
( 5510)   WRITE (*, *) TRIM (CLPATH)//'%NCHEM'
( 5511) ENDIF
( 5512) KSIZE = KSIZE + ISIZE
( 5513) ISIZE = KIND (YD%NCHEM_ASSIM)
( 5514) IF (LLPRINT) THEN
( 5515)   WRITE (*, '(I10," ")', ADVANCE='NO') ISIZE
( 5516)   WRITE (*, *) TRIM (CLPATH)//'%NCHEM_ASSIM'
( 5517) ENDIF
( 5518) KSIZE = KSIZE + ISIZE
( 5519) ISIZE = KIND (YD%NCHEM_FLXO)
( 5520) IF (LLPRINT) THEN
( 5521)   WRITE (*, '(I10," ")', ADVANCE='NO') ISIZE
( 5522)   WRITE (*, *) TRIM (CLPATH)//'%NCHEM_FLXO'
( 5523) ENDIF
( 5524) KSIZE = KSIZE + ISIZE
( 5525) ISIZE = KIND (YD%NCHEM_WDFLX)
( 5526) IF (LLPRINT) THEN
( 5527)   WRITE (*, '(I10," ")', ADVANCE='NO') ISIZE
( 5528)   WRITE (*, *) TRIM (CLPATH)//'%NCHEM_WDFLX'
( 5529) ENDIF
( 5530) KSIZE = KSIZE + ISIZE
( 5531) ISIZE = KIND (YD%NCHEM_DDFLX)
( 5532) IF (LLPRINT) THEN
( 5533)   WRITE (*, '(I10," ")', ADVANCE='NO') ISIZE
( 5534)   WRITE (*, *) TRIM (CLPATH)//'%NCHEM_DDFLX'
( 5535) ENDIF
( 5536) KSIZE = KSIZE + ISIZE
( 5537) ISIZE = KIND (YD%NCHEM_DV)
( 5538) IF (LLPRINT) THEN
( 5539)   WRITE (*, '(I10," ")', ADVANCE='NO') ISIZE
( 5540)   WRITE (*, *) TRIM (CLPATH)//'%NCHEM_DV'
( 5541) ENDIF
( 5542) KSIZE = KSIZE + ISIZE
( 5543) ISIZE = KIND (YD%NCHEM_TC)
( 5544) IF (LLPRINT) THEN
( 5545)   WRITE (*, '(I10," ")', ADVANCE='NO') ISIZE
( 5546)   WRITE (*, *) TRIM (CLPATH)//'%NCHEM_TC'
( 5547) ENDIF
( 5548) KSIZE = KSIZE + ISIZE
( 5549) ISIZE = KIND (YD%NCHEM_SCV)
( 5550) IF (LLPRINT) THEN
( 5551)   WRITE (*, '(I10," ")', ADVANCE='NO') ISIZE
( 5552)   WRITE (*, *) TRIM (CLPATH)//'%NCHEM_SCV'
( 5553) ENDIF
( 5554) KSIZE = KSIZE + ISIZE
( 5555) ISIZE = KIND (YD%NEMIS2D)
( 5556) IF (LLPRINT) THEN
( 5557)   WRITE (*, '(I10," ")', ADVANCE='NO') ISIZE
( 5558)   WRITE (*, *) TRIM (CLPATH)//'%NEMIS2D'
( 5559) ENDIF
( 5560) KSIZE = KSIZE + ISIZE






NVFORTRAN (Version     24.5)          03/19/2025  06:54:44      page 97

( 5561) ISIZE = KIND (YD%NEMIS2DAUX)
( 5562) IF (LLPRINT) THEN
( 5563)   WRITE (*, '(I10," ")', ADVANCE='NO') ISIZE
( 5564)   WRITE (*, *) TRIM (CLPATH)//'%NEMIS2DAUX'
( 5565) ENDIF
( 5566) KSIZE = KSIZE + ISIZE
( 5567) ISIZE = KIND (YD%NEMIS3D)
( 5568) IF (LLPRINT) THEN
( 5569)   WRITE (*, '(I10," ")', ADVANCE='NO') ISIZE
( 5570)   WRITE (*, *) TRIM (CLPATH)//'%NEMIS3D'
( 5571) ENDIF
( 5572) KSIZE = KSIZE + ISIZE
( 5573) ISIZE = KIND (YD%NLIMA)
( 5574) IF (LLPRINT) THEN
( 5575)   WRITE (*, '(I10," ")', ADVANCE='NO') ISIZE
( 5576)   WRITE (*, *) TRIM (CLPATH)//'%NLIMA'
( 5577) ENDIF
( 5578) KSIZE = KSIZE + ISIZE
( 5579) ISIZE = KIND (YD%NAERO_WVL_DIAG)
( 5580) IF (LLPRINT) THEN
( 5581)   WRITE (*, '(I10," ")', ADVANCE='NO') ISIZE
( 5582)   WRITE (*, *) TRIM (CLPATH)//'%NAERO_WVL_DIAG'
( 5583) ENDIF
( 5584) KSIZE = KSIZE + ISIZE
( 5585) ISIZE = KIND (YD%NAERO_WVL_DIAG_TYPES)
( 5586) IF (LLPRINT) THEN
( 5587)   WRITE (*, '(I10," ")', ADVANCE='NO') ISIZE
( 5588)   WRITE (*, *) TRIM (CLPATH)//'%NAERO_WVL_DIAG_TYPES'
( 5589) ENDIF
( 5590) KSIZE = KSIZE + ISIZE
( 5591) ISIZE = KIND (YD%NCHEMSULF1)
( 5592) IF (LLPRINT) THEN
( 5593)   WRITE (*, '(I10," ")', ADVANCE='NO') ISIZE
( 5594)   WRITE (*, *) TRIM (CLPATH)//'%NCHEMSULF1'
( 5595) ENDIF
( 5596) KSIZE = KSIZE + ISIZE
( 5597) ISIZE = KIND (YD%NCHEMHNO3)
( 5598) IF (LLPRINT) THEN
( 5599)   WRITE (*, '(I10," ")', ADVANCE='NO') ISIZE
( 5600)   WRITE (*, *) TRIM (CLPATH)//'%NCHEMHNO3'
( 5601) ENDIF
( 5602) KSIZE = KSIZE + ISIZE
( 5603) ISIZE = KIND (YD%NNEGAFIX)
( 5604) IF (LLPRINT) THEN
( 5605)   WRITE (*, '(I10," ")', ADVANCE='NO') ISIZE
( 5606)   WRITE (*, *) TRIM (CLPATH)//'%NNEGAFIX'
( 5607) ENDIF
( 5608) KSIZE = KSIZE + ISIZE
( 5609) ISIZE = KIND (YD%NOPTNEGFIX)
( 5610) IF (LLPRINT) THEN
( 5611)   WRITE (*, '(I10," ")', ADVANCE='NO') ISIZE
( 5612)   WRITE (*, *) TRIM (CLPATH)//'%NOPTNEGFIX'
( 5613) ENDIF
( 5614) KSIZE = KSIZE + ISIZE
( 5615) ISIZE = KIND (YD%LQM3DCONS)
( 5616) IF (LLPRINT) THEN
( 5617)   WRITE (*, '(I10," ")', ADVANCE='NO') ISIZE
( 5618)   WRITE (*, *) TRIM (CLPATH)//'%LQM3DCONS'






NVFORTRAN (Version     24.5)          03/19/2025  06:54:44      page 98

( 5619) ENDIF
( 5620) KSIZE = KSIZE + ISIZE
( 5621) ISIZE = KIND (YD%LADVNEGFIX)
( 5622) IF (LLPRINT) THEN
( 5623)   WRITE (*, '(I10," ")', ADVANCE='NO') ISIZE
( 5624)   WRITE (*, *) TRIM (CLPATH)//'%LADVNEGFIX'
( 5625) ENDIF
( 5626) KSIZE = KSIZE + ISIZE
( 5627) ISIZE = KIND (YD%LTRCMFBC)
( 5628) IF (LLPRINT) THEN
( 5629)   WRITE (*, '(I10," ")', ADVANCE='NO') ISIZE
( 5630)   WRITE (*, *) TRIM (CLPATH)//'%LTRCMFBC'
( 5631) ENDIF
( 5632) KSIZE = KSIZE + ISIZE
( 5633) ISIZE = KIND (YD%LTRCMFPR)
( 5634) IF (LLPRINT) THEN
( 5635)   WRITE (*, '(I10," ")', ADVANCE='NO') ISIZE
( 5636)   WRITE (*, *) TRIM (CLPATH)//'%LTRCMFPR'
( 5637) ENDIF
( 5638) KSIZE = KSIZE + ISIZE
( 5639) ISIZE = KIND (YD%LTRCMFMG)
( 5640) IF (LLPRINT) THEN
( 5641)   WRITE (*, '(I10," ")', ADVANCE='NO') ISIZE
( 5642)   WRITE (*, *) TRIM (CLPATH)//'%LTRCMFMG'
( 5643) ENDIF
( 5644) KSIZE = KSIZE + ISIZE
( 5645) ISIZE = KIND (YD%LTRCMFP)
( 5646) IF (LLPRINT) THEN
( 5647)   WRITE (*, '(I10," ")', ADVANCE='NO') ISIZE
( 5648)   WRITE (*, *) TRIM (CLPATH)//'%LTRCMFP'
( 5649) ENDIF
( 5650) KSIZE = KSIZE + ISIZE
( 5651) ISIZE = KIND (YD%LTRCMFA_DIF)
( 5652) IF (LLPRINT) THEN
( 5653)   WRITE (*, '(I10," ")', ADVANCE='NO') ISIZE
( 5654)   WRITE (*, *) TRIM (CLPATH)//'%LTRCMFA_DIF'
( 5655) ENDIF
( 5656) KSIZE = KSIZE + ISIZE
( 5657) ISIZE = KIND (YD%LTRCMFA_LAP)
( 5658) IF (LLPRINT) THEN
( 5659)   WRITE (*, '(I10," ")', ADVANCE='NO') ISIZE
( 5660)   WRITE (*, *) TRIM (CLPATH)//'%LTRCMFA_LAP'
( 5661) ENDIF
( 5662) KSIZE = KSIZE + ISIZE
( 5663) ISIZE = KIND (YD%LTRCMFA_VER)
( 5664) IF (LLPRINT) THEN
( 5665)   WRITE (*, '(I10," ")', ADVANCE='NO') ISIZE
( 5666)   WRITE (*, *) TRIM (CLPATH)//'%LTRCMFA_VER'
( 5667) ENDIF
( 5668) KSIZE = KSIZE + ISIZE
( 5669) ISIZE = KIND (YD%LEXTRADF)
( 5670) IF (LLPRINT) THEN
( 5671)   WRITE (*, '(I10," ")', ADVANCE='NO') ISIZE
( 5672)   WRITE (*, *) TRIM (CLPATH)//'%LEXTRADF'
( 5673) ENDIF
( 5674) KSIZE = KSIZE + ISIZE
( 5675) ISIZE = KIND (YD%NFLDSFIX)
( 5676) IF (LLPRINT) THEN






NVFORTRAN (Version     24.5)          03/19/2025  06:54:44      page 99

( 5677)   WRITE (*, '(I10," ")', ADVANCE='NO') ISIZE
( 5678)   WRITE (*, *) TRIM (CLPATH)//'%NFLDSFIX'
( 5679) ENDIF
( 5680) KSIZE = KSIZE + ISIZE
( 5681) ISIZE = KIND (YD%NOPTMFBC)
( 5682) IF (LLPRINT) THEN
( 5683)   WRITE (*, '(I10," ")', ADVANCE='NO') ISIZE
( 5684)   WRITE (*, *) TRIM (CLPATH)//'%NOPTMFBC'
( 5685) ENDIF
( 5686) KSIZE = KSIZE + ISIZE
( 5687) ISIZE = KIND (YD%NOPTMFPR)
( 5688) IF (LLPRINT) THEN
( 5689)   WRITE (*, '(I10," ")', ADVANCE='NO') ISIZE
( 5690)   WRITE (*, *) TRIM (CLPATH)//'%NOPTMFPR'
( 5691) ENDIF
( 5692) KSIZE = KSIZE + ISIZE
( 5693) ISIZE = KIND (YD%NOPTVFE)
( 5694) IF (LLPRINT) THEN
( 5695)   WRITE (*, '(I10," ")', ADVANCE='NO') ISIZE
( 5696)   WRITE (*, *) TRIM (CLPATH)//'%NOPTVFE'
( 5697) ENDIF
( 5698) KSIZE = KSIZE + ISIZE
( 5699) ISIZE = KIND (YD%NMFDIAGLEV)
( 5700) IF (LLPRINT) THEN
( 5701)   WRITE (*, '(I10," ")', ADVANCE='NO') ISIZE
( 5702)   WRITE (*, *) TRIM (CLPATH)//'%NMFDIAGLEV'
( 5703) ENDIF
( 5704) KSIZE = KSIZE + ISIZE
( 5705) ISIZE = KIND (YD%NMFIXFLDS) * SIZE (YD%NMFIXFLDS)
( 5706) IF (LLPRINT) THEN
( 5707)   WRITE (*, '(I10," ")', ADVANCE='NO') ISIZE
( 5708)   WRITE (*, *) TRIM (CLPATH)//'%NMFIXFLDS'
( 5709) ENDIF
( 5710) KSIZE = KSIZE + ISIZE
( 5711) ISIZE = KIND (YD%NNEGFLDS) * SIZE (YD%NNEGFLDS)
( 5712) IF (LLPRINT) THEN
( 5713)   WRITE (*, '(I10," ")', ADVANCE='NO') ISIZE
( 5714)   WRITE (*, *) TRIM (CLPATH)//'%NNEGFLDS'
( 5715) ENDIF
( 5716) KSIZE = KSIZE + ISIZE
( 5717) ISIZE = KIND (YD%ZMFIXEPS)
( 5718) IF (LLPRINT) THEN
( 5719)   WRITE (*, '(I10," ")', ADVANCE='NO') ISIZE
( 5720)   WRITE (*, *) TRIM (CLPATH)//'%ZMFIXEPS'
( 5721) ENDIF
( 5722) KSIZE = KSIZE + ISIZE
( 5723) ISIZE = KIND (YD%NFMG)
( 5724) IF (LLPRINT) THEN
( 5725)   WRITE (*, '(I10," ")', ADVANCE='NO') ISIZE
( 5726)   WRITE (*, *) TRIM (CLPATH)//'%NFMG'
( 5727) ENDIF
( 5728) KSIZE = KSIZE + ISIZE
( 5729) ISIZE = KIND (YD%NMGFLDS) * SIZE (YD%NMGFLDS)
( 5730) IF (LLPRINT) THEN
( 5731)   WRITE (*, '(I10," ")', ADVANCE='NO') ISIZE
( 5732)   WRITE (*, *) TRIM (CLPATH)//'%NMGFLDS'
( 5733) ENDIF
( 5734) KSIZE = KSIZE + ISIZE






NVFORTRAN (Version     24.5)          03/19/2025  06:54:44      page 100

( 5735) JSIZE = 0
( 5736) DO J1 = LBOUND (YD%YCOMP, 1), UBOUND (YD%YCOMP, 1)
( 5737)   ISIZE = SIZE_TYPE_GFL_COMP (YD%YCOMP (J1), CLPATH//'%YCOMP', .FALSE.)
( 5738)   JSIZE = JSIZE + ISIZE
( 5739)   KSIZE = KSIZE + ISIZE
( 5740) ENDDO
( 5741) IF (LLPRINT) THEN
( 5742)   WRITE (*, '(I10," ")', ADVANCE='NO') JSIZE
( 5743)   WRITE (*, *) TRIM (CLPATH)//'%YCOMP'
( 5744) ENDIF
( 5745) LYLASTCOMP = ASSOCIATED (YD%YLASTCOMP)
( 5746) IF (LYLASTCOMP) THEN
( 5747)   JSIZE = 0
( 5748)   ISIZE = SIZE_TYPE_GFL_COMP (YD%YLASTCOMP, CLPATH//'%YLASTCOMP', .FALSE.)
( 5749)   JSIZE = JSIZE + ISIZE
( 5750)   KSIZE = KSIZE + ISIZE
( 5751)   IF (LLPRINT) THEN
( 5752)     WRITE (*, '(I10," ")', ADVANCE='NO') JSIZE
( 5753)     WRITE (*, *) TRIM (CLPATH)//'%YLASTCOMP'
( 5754)   ENDIF
( 5755) ENDIF
( 5756) LYQ = ASSOCIATED (YD%YQ)
( 5757) IF (LYQ) THEN
( 5758)   JSIZE = 0
( 5759)   ISIZE = SIZE_TYPE_GFL_COMP (YD%YQ, CLPATH//'%YQ', .FALSE.)
( 5760)   JSIZE = JSIZE + ISIZE
( 5761)   KSIZE = KSIZE + ISIZE
( 5762)   IF (LLPRINT) THEN
( 5763)     WRITE (*, '(I10," ")', ADVANCE='NO') JSIZE
( 5764)     WRITE (*, *) TRIM (CLPATH)//'%YQ'
( 5765)   ENDIF
( 5766) ENDIF
( 5767) LYI = ASSOCIATED (YD%YI)
( 5768) IF (LYI) THEN
( 5769)   JSIZE = 0
( 5770)   ISIZE = SIZE_TYPE_GFL_COMP (YD%YI, CLPATH//'%YI', .FALSE.)
( 5771)   JSIZE = JSIZE + ISIZE
( 5772)   KSIZE = KSIZE + ISIZE
( 5773)   IF (LLPRINT) THEN
( 5774)     WRITE (*, '(I10," ")', ADVANCE='NO') JSIZE
( 5775)     WRITE (*, *) TRIM (CLPATH)//'%YI'
( 5776)   ENDIF
( 5777) ENDIF
( 5778) LYL = ASSOCIATED (YD%YL)
( 5779) IF (LYL) THEN
( 5780)   JSIZE = 0
( 5781)   ISIZE = SIZE_TYPE_GFL_COMP (YD%YL, CLPATH//'%YL', .FALSE.)
( 5782)   JSIZE = JSIZE + ISIZE
( 5783)   KSIZE = KSIZE + ISIZE
( 5784)   IF (LLPRINT) THEN
( 5785)     WRITE (*, '(I10," ")', ADVANCE='NO') JSIZE
( 5786)     WRITE (*, *) TRIM (CLPATH)//'%YL'
( 5787)   ENDIF
( 5788) ENDIF
( 5789) LYLCONV = ASSOCIATED (YD%YLCONV)
( 5790) IF (LYLCONV) THEN
( 5791)   JSIZE = 0
( 5792)   ISIZE = SIZE_TYPE_GFL_COMP (YD%YLCONV, CLPATH//'%YLCONV', .FALSE.)






NVFORTRAN (Version     24.5)          03/19/2025  06:54:44      page 101

( 5793)   JSIZE = JSIZE + ISIZE
( 5794)   KSIZE = KSIZE + ISIZE
( 5795)   IF (LLPRINT) THEN
( 5796)     WRITE (*, '(I10," ")', ADVANCE='NO') JSIZE
( 5797)     WRITE (*, *) TRIM (CLPATH)//'%YLCONV'
( 5798)   ENDIF
( 5799) ENDIF
( 5800) LYICONV = ASSOCIATED (YD%YICONV)
( 5801) IF (LYICONV) THEN
( 5802)   JSIZE = 0
( 5803)   ISIZE = SIZE_TYPE_GFL_COMP (YD%YICONV, CLPATH//'%YICONV', .FALSE.)
( 5804)   JSIZE = JSIZE + ISIZE
( 5805)   KSIZE = KSIZE + ISIZE
( 5806)   IF (LLPRINT) THEN
( 5807)     WRITE (*, '(I10," ")', ADVANCE='NO') JSIZE
( 5808)     WRITE (*, *) TRIM (CLPATH)//'%YICONV'
( 5809)   ENDIF
( 5810) ENDIF
( 5811) LYRCONV = ASSOCIATED (YD%YRCONV)
( 5812) IF (LYRCONV) THEN
( 5813)   JSIZE = 0
( 5814)   ISIZE = SIZE_TYPE_GFL_COMP (YD%YRCONV, CLPATH//'%YRCONV', .FALSE.)
( 5815)   JSIZE = JSIZE + ISIZE
( 5816)   KSIZE = KSIZE + ISIZE
( 5817)   IF (LLPRINT) THEN
( 5818)     WRITE (*, '(I10," ")', ADVANCE='NO') JSIZE
( 5819)     WRITE (*, *) TRIM (CLPATH)//'%YRCONV'
( 5820)   ENDIF
( 5821) ENDIF
( 5822) LYSCONV = ASSOCIATED (YD%YSCONV)
( 5823) IF (LYSCONV) THEN
( 5824)   JSIZE = 0
( 5825)   ISIZE = SIZE_TYPE_GFL_COMP (YD%YSCONV, CLPATH//'%YSCONV', .FALSE.)
( 5826)   JSIZE = JSIZE + ISIZE
( 5827)   KSIZE = KSIZE + ISIZE
( 5828)   IF (LLPRINT) THEN
( 5829)     WRITE (*, '(I10," ")', ADVANCE='NO') JSIZE
( 5830)     WRITE (*, *) TRIM (CLPATH)//'%YSCONV'
( 5831)   ENDIF
( 5832) ENDIF
( 5833) LYIRAD = ASSOCIATED (YD%YIRAD)
( 5834) IF (LYIRAD) THEN
( 5835)   JSIZE = 0
( 5836)   ISIZE = SIZE_TYPE_GFL_COMP (YD%YIRAD, CLPATH//'%YIRAD', .FALSE.)
( 5837)   JSIZE = JSIZE + ISIZE
( 5838)   KSIZE = KSIZE + ISIZE
( 5839)   IF (LLPRINT) THEN
( 5840)     WRITE (*, '(I10," ")', ADVANCE='NO') JSIZE
( 5841)     WRITE (*, *) TRIM (CLPATH)//'%YIRAD'
( 5842)   ENDIF
( 5843) ENDIF
( 5844) LYLRAD = ASSOCIATED (YD%YLRAD)
( 5845) IF (LYLRAD) THEN
( 5846)   JSIZE = 0
( 5847)   ISIZE = SIZE_TYPE_GFL_COMP (YD%YLRAD, CLPATH//'%YLRAD', .FALSE.)
( 5848)   JSIZE = JSIZE + ISIZE
( 5849)   KSIZE = KSIZE + ISIZE
( 5850)   IF (LLPRINT) THEN






NVFORTRAN (Version     24.5)          03/19/2025  06:54:44      page 102

( 5851)     WRITE (*, '(I10," ")', ADVANCE='NO') JSIZE
( 5852)     WRITE (*, *) TRIM (CLPATH)//'%YLRAD'
( 5853)   ENDIF
( 5854) ENDIF
( 5855) LYS = ASSOCIATED (YD%YS)
( 5856) IF (LYS) THEN
( 5857)   JSIZE = 0
( 5858)   ISIZE = SIZE_TYPE_GFL_COMP (YD%YS, CLPATH//'%YS', .FALSE.)
( 5859)   JSIZE = JSIZE + ISIZE
( 5860)   KSIZE = KSIZE + ISIZE
( 5861)   IF (LLPRINT) THEN
( 5862)     WRITE (*, '(I10," ")', ADVANCE='NO') JSIZE
( 5863)     WRITE (*, *) TRIM (CLPATH)//'%YS'
( 5864)   ENDIF
( 5865) ENDIF
( 5866) LYR = ASSOCIATED (YD%YR)
( 5867) IF (LYR) THEN
( 5868)   JSIZE = 0
( 5869)   ISIZE = SIZE_TYPE_GFL_COMP (YD%YR, CLPATH//'%YR', .FALSE.)
( 5870)   JSIZE = JSIZE + ISIZE
( 5871)   KSIZE = KSIZE + ISIZE
( 5872)   IF (LLPRINT) THEN
( 5873)     WRITE (*, '(I10," ")', ADVANCE='NO') JSIZE
( 5874)     WRITE (*, *) TRIM (CLPATH)//'%YR'
( 5875)   ENDIF
( 5876) ENDIF
( 5877) LYG = ASSOCIATED (YD%YG)
( 5878) IF (LYG) THEN
( 5879)   JSIZE = 0
( 5880)   ISIZE = SIZE_TYPE_GFL_COMP (YD%YG, CLPATH//'%YG', .FALSE.)
( 5881)   JSIZE = JSIZE + ISIZE
( 5882)   KSIZE = KSIZE + ISIZE
( 5883)   IF (LLPRINT) THEN
( 5884)     WRITE (*, '(I10," ")', ADVANCE='NO') JSIZE
( 5885)     WRITE (*, *) TRIM (CLPATH)//'%YG'
( 5886)   ENDIF
( 5887) ENDIF
( 5888) LYH = ASSOCIATED (YD%YH)
( 5889) IF (LYH) THEN
( 5890)   JSIZE = 0
( 5891)   ISIZE = SIZE_TYPE_GFL_COMP (YD%YH, CLPATH//'%YH', .FALSE.)
( 5892)   JSIZE = JSIZE + ISIZE
( 5893)   KSIZE = KSIZE + ISIZE
( 5894)   IF (LLPRINT) THEN
( 5895)     WRITE (*, '(I10," ")', ADVANCE='NO') JSIZE
( 5896)     WRITE (*, *) TRIM (CLPATH)//'%YH'
( 5897)   ENDIF
( 5898) ENDIF
( 5899) LYTKE = ASSOCIATED (YD%YTKE)
( 5900) IF (LYTKE) THEN
( 5901)   JSIZE = 0
( 5902)   ISIZE = SIZE_TYPE_GFL_COMP (YD%YTKE, CLPATH//'%YTKE', .FALSE.)
( 5903)   JSIZE = JSIZE + ISIZE
( 5904)   KSIZE = KSIZE + ISIZE
( 5905)   IF (LLPRINT) THEN
( 5906)     WRITE (*, '(I10," ")', ADVANCE='NO') JSIZE
( 5907)     WRITE (*, *) TRIM (CLPATH)//'%YTKE'
( 5908)   ENDIF






NVFORTRAN (Version     24.5)          03/19/2025  06:54:44      page 103

( 5909) ENDIF
( 5910) LYTTE = ASSOCIATED (YD%YTTE)
( 5911) IF (LYTTE) THEN
( 5912)   JSIZE = 0
( 5913)   ISIZE = SIZE_TYPE_GFL_COMP (YD%YTTE, CLPATH//'%YTTE', .FALSE.)
( 5914)   JSIZE = JSIZE + ISIZE
( 5915)   KSIZE = KSIZE + ISIZE
( 5916)   IF (LLPRINT) THEN
( 5917)     WRITE (*, '(I10," ")', ADVANCE='NO') JSIZE
( 5918)     WRITE (*, *) TRIM (CLPATH)//'%YTTE'
( 5919)   ENDIF
( 5920) ENDIF
( 5921) LYEFB1 = ASSOCIATED (YD%YEFB1)
( 5922) IF (LYEFB1) THEN
( 5923)   JSIZE = 0
( 5924)   ISIZE = SIZE_TYPE_GFL_COMP (YD%YEFB1, CLPATH//'%YEFB1', .FALSE.)
( 5925)   JSIZE = JSIZE + ISIZE
( 5926)   KSIZE = KSIZE + ISIZE
( 5927)   IF (LLPRINT) THEN
( 5928)     WRITE (*, '(I10," ")', ADVANCE='NO') JSIZE
( 5929)     WRITE (*, *) TRIM (CLPATH)//'%YEFB1'
( 5930)   ENDIF
( 5931) ENDIF
( 5932) LYEFB2 = ASSOCIATED (YD%YEFB2)
( 5933) IF (LYEFB2) THEN
( 5934)   JSIZE = 0
( 5935)   ISIZE = SIZE_TYPE_GFL_COMP (YD%YEFB2, CLPATH//'%YEFB2', .FALSE.)
( 5936)   JSIZE = JSIZE + ISIZE
( 5937)   KSIZE = KSIZE + ISIZE
( 5938)   IF (LLPRINT) THEN
( 5939)     WRITE (*, '(I10," ")', ADVANCE='NO') JSIZE
( 5940)     WRITE (*, *) TRIM (CLPATH)//'%YEFB2'
( 5941)   ENDIF
( 5942) ENDIF
( 5943) LYEFB3 = ASSOCIATED (YD%YEFB3)
( 5944) IF (LYEFB3) THEN
( 5945)   JSIZE = 0
( 5946)   ISIZE = SIZE_TYPE_GFL_COMP (YD%YEFB3, CLPATH//'%YEFB3', .FALSE.)
( 5947)   JSIZE = JSIZE + ISIZE
( 5948)   KSIZE = KSIZE + ISIZE
( 5949)   IF (LLPRINT) THEN
( 5950)     WRITE (*, '(I10," ")', ADVANCE='NO') JSIZE
( 5951)     WRITE (*, *) TRIM (CLPATH)//'%YEFB3'
( 5952)   ENDIF
( 5953) ENDIF
( 5954) LYA = ASSOCIATED (YD%YA)
( 5955) IF (LYA) THEN
( 5956)   JSIZE = 0
( 5957)   ISIZE = SIZE_TYPE_GFL_COMP (YD%YA, CLPATH//'%YA', .FALSE.)
( 5958)   JSIZE = JSIZE + ISIZE
( 5959)   KSIZE = KSIZE + ISIZE
( 5960)   IF (LLPRINT) THEN
( 5961)     WRITE (*, '(I10," ")', ADVANCE='NO') JSIZE
( 5962)     WRITE (*, *) TRIM (CLPATH)//'%YA'
( 5963)   ENDIF
( 5964) ENDIF
( 5965) LYO3 = ASSOCIATED (YD%YO3)
( 5966) IF (LYO3) THEN






NVFORTRAN (Version     24.5)          03/19/2025  06:54:44      page 104

( 5967)   JSIZE = 0
( 5968)   ISIZE = SIZE_TYPE_GFL_COMP (YD%YO3, CLPATH//'%YO3', .FALSE.)
( 5969)   JSIZE = JSIZE + ISIZE
( 5970)   KSIZE = KSIZE + ISIZE
( 5971)   IF (LLPRINT) THEN
( 5972)     WRITE (*, '(I10," ")', ADVANCE='NO') JSIZE
( 5973)     WRITE (*, *) TRIM (CLPATH)//'%YO3'
( 5974)   ENDIF
( 5975) ENDIF
( 5976) LYSRC = ASSOCIATED (YD%YSRC)
( 5977) IF (LYSRC) THEN
( 5978)   JSIZE = 0
( 5979)   ISIZE = SIZE_TYPE_GFL_COMP (YD%YSRC, CLPATH//'%YSRC', .FALSE.)
( 5980)   JSIZE = JSIZE + ISIZE
( 5981)   KSIZE = KSIZE + ISIZE
( 5982)   IF (LLPRINT) THEN
( 5983)     WRITE (*, '(I10," ")', ADVANCE='NO') JSIZE
( 5984)     WRITE (*, *) TRIM (CLPATH)//'%YSRC'
( 5985)   ENDIF
( 5986) ENDIF
( 5987) LYLMF = ASSOCIATED (YD%YLMF)
( 5988) IF (LYLMF) THEN
( 5989)   JSIZE = 0
( 5990)   ISIZE = SIZE_TYPE_GFL_COMP (YD%YLMF, CLPATH//'%YLMF', .FALSE.)
( 5991)   JSIZE = JSIZE + ISIZE
( 5992)   KSIZE = KSIZE + ISIZE
( 5993)   IF (LLPRINT) THEN
( 5994)     WRITE (*, '(I10," ")', ADVANCE='NO') JSIZE
( 5995)     WRITE (*, *) TRIM (CLPATH)//'%YLMF'
( 5996)   ENDIF
( 5997) ENDIF
( 5998) LYIMF = ASSOCIATED (YD%YIMF)
( 5999) IF (LYIMF) THEN
( 6000)   JSIZE = 0
( 6001)   ISIZE = SIZE_TYPE_GFL_COMP (YD%YIMF, CLPATH//'%YIMF', .FALSE.)
( 6002)   JSIZE = JSIZE + ISIZE
( 6003)   KSIZE = KSIZE + ISIZE
( 6004)   IF (LLPRINT) THEN
( 6005)     WRITE (*, '(I10," ")', ADVANCE='NO') JSIZE
( 6006)     WRITE (*, *) TRIM (CLPATH)//'%YIMF'
( 6007)   ENDIF
( 6008) ENDIF
( 6009) LYAMF = ASSOCIATED (YD%YAMF)
( 6010) IF (LYAMF) THEN
( 6011)   JSIZE = 0
( 6012)   ISIZE = SIZE_TYPE_GFL_COMP (YD%YAMF, CLPATH//'%YAMF', .FALSE.)
( 6013)   JSIZE = JSIZE + ISIZE
( 6014)   KSIZE = KSIZE + ISIZE
( 6015)   IF (LLPRINT) THEN
( 6016)     WRITE (*, '(I10," ")', ADVANCE='NO') JSIZE
( 6017)     WRITE (*, *) TRIM (CLPATH)//'%YAMF'
( 6018)   ENDIF
( 6019) ENDIF
( 6020) LYMXL = ASSOCIATED (YD%YMXL)
( 6021) IF (LYMXL) THEN
( 6022)   JSIZE = 0
( 6023)   ISIZE = SIZE_TYPE_GFL_COMP (YD%YMXL, CLPATH//'%YMXL', .FALSE.)
( 6024)   JSIZE = JSIZE + ISIZE






NVFORTRAN (Version     24.5)          03/19/2025  06:54:44      page 105

( 6025)   KSIZE = KSIZE + ISIZE
( 6026)   IF (LLPRINT) THEN
( 6027)     WRITE (*, '(I10," ")', ADVANCE='NO') JSIZE
( 6028)     WRITE (*, *) TRIM (CLPATH)//'%YMXL'
( 6029)   ENDIF
( 6030) ENDIF
( 6031) LYSHTUR = ASSOCIATED (YD%YSHTUR)
( 6032) IF (LYSHTUR) THEN
( 6033)   JSIZE = 0
( 6034)   ISIZE = SIZE_TYPE_GFL_COMP (YD%YSHTUR, CLPATH//'%YSHTUR', .FALSE.)
( 6035)   JSIZE = JSIZE + ISIZE
( 6036)   KSIZE = KSIZE + ISIZE
( 6037)   IF (LLPRINT) THEN
( 6038)     WRITE (*, '(I10," ")', ADVANCE='NO') JSIZE
( 6039)     WRITE (*, *) TRIM (CLPATH)//'%YSHTUR'
( 6040)   ENDIF
( 6041) ENDIF
( 6042) LYFQTUR = ASSOCIATED (YD%YFQTUR)
( 6043) IF (LYFQTUR) THEN
( 6044)   JSIZE = 0
( 6045)   ISIZE = SIZE_TYPE_GFL_COMP (YD%YFQTUR, CLPATH//'%YFQTUR', .FALSE.)
( 6046)   JSIZE = JSIZE + ISIZE
( 6047)   KSIZE = KSIZE + ISIZE
( 6048)   IF (LLPRINT) THEN
( 6049)     WRITE (*, '(I10," ")', ADVANCE='NO') JSIZE
( 6050)     WRITE (*, *) TRIM (CLPATH)//'%YFQTUR'
( 6051)   ENDIF
( 6052) ENDIF
( 6053) LYFSTUR = ASSOCIATED (YD%YFSTUR)
( 6054) IF (LYFSTUR) THEN
( 6055)   JSIZE = 0
( 6056)   ISIZE = SIZE_TYPE_GFL_COMP (YD%YFSTUR, CLPATH//'%YFSTUR', .FALSE.)
( 6057)   JSIZE = JSIZE + ISIZE
( 6058)   KSIZE = KSIZE + ISIZE
( 6059)   IF (LLPRINT) THEN
( 6060)     WRITE (*, '(I10," ")', ADVANCE='NO') JSIZE
( 6061)     WRITE (*, *) TRIM (CLPATH)//'%YFSTUR'
( 6062)   ENDIF
( 6063) ENDIF
( 6064) LYCPF = ASSOCIATED (YD%YCPF)
( 6065) IF (LYCPF) THEN
( 6066)   JSIZE = 0
( 6067)   ISIZE = SIZE_TYPE_GFL_COMP (YD%YCPF, CLPATH//'%YCPF', .FALSE.)
( 6068)   JSIZE = JSIZE + ISIZE
( 6069)   KSIZE = KSIZE + ISIZE
( 6070)   IF (LLPRINT) THEN
( 6071)     WRITE (*, '(I10," ")', ADVANCE='NO') JSIZE
( 6072)     WRITE (*, *) TRIM (CLPATH)//'%YCPF'
( 6073)   ENDIF
( 6074) ENDIF
( 6075) LYSPF = ASSOCIATED (YD%YSPF)
( 6076) IF (LYSPF) THEN
( 6077)   JSIZE = 0
( 6078)   ISIZE = SIZE_TYPE_GFL_COMP (YD%YSPF, CLPATH//'%YSPF', .FALSE.)
( 6079)   JSIZE = JSIZE + ISIZE
( 6080)   KSIZE = KSIZE + ISIZE
( 6081)   IF (LLPRINT) THEN
( 6082)     WRITE (*, '(I10," ")', ADVANCE='NO') JSIZE






NVFORTRAN (Version     24.5)          03/19/2025  06:54:44      page 106

( 6083)     WRITE (*, *) TRIM (CLPATH)//'%YSPF'
( 6084)   ENDIF
( 6085) ENDIF
( 6086) LYCVGQ = ASSOCIATED (YD%YCVGQ)
( 6087) IF (LYCVGQ) THEN
( 6088)   JSIZE = 0
( 6089)   ISIZE = SIZE_TYPE_GFL_COMP (YD%YCVGQ, CLPATH//'%YCVGQ', .FALSE.)
( 6090)   JSIZE = JSIZE + ISIZE
( 6091)   KSIZE = KSIZE + ISIZE
( 6092)   IF (LLPRINT) THEN
( 6093)     WRITE (*, '(I10," ")', ADVANCE='NO') JSIZE
( 6094)     WRITE (*, *) TRIM (CLPATH)//'%YCVGQ'
( 6095)   ENDIF
( 6096) ENDIF
( 6097) LYQVA = ASSOCIATED (YD%YQVA)
( 6098) IF (LYQVA) THEN
( 6099)   JSIZE = 0
( 6100)   ISIZE = SIZE_TYPE_GFL_COMP (YD%YQVA, CLPATH//'%YQVA', .FALSE.)
( 6101)   JSIZE = JSIZE + ISIZE
( 6102)   KSIZE = KSIZE + ISIZE
( 6103)   IF (LLPRINT) THEN
( 6104)     WRITE (*, '(I10," ")', ADVANCE='NO') JSIZE
( 6105)     WRITE (*, *) TRIM (CLPATH)//'%YQVA'
( 6106)   ENDIF
( 6107) ENDIF
( 6108) LYGHG = ASSOCIATED (YD%YGHG)
( 6109) IF (LYGHG) THEN
( 6110)   JSIZE = 0
( 6111)   DO J1 = LBOUND (YD%YGHG, 1), UBOUND (YD%YGHG, 1)
( 6112)     ISIZE = SIZE_TYPE_GFL_COMP (YD%YGHG (J1), CLPATH//'%YGHG', .FALSE.)
( 6113)     JSIZE = JSIZE + ISIZE
( 6114)     KSIZE = KSIZE + ISIZE
( 6115)   ENDDO
( 6116)   IF (LLPRINT) THEN
( 6117)     WRITE (*, '(I10," ")', ADVANCE='NO') JSIZE
( 6118)     WRITE (*, *) TRIM (CLPATH)//'%YGHG'
( 6119)   ENDIF
( 6120) ENDIF
( 6121) LYCHEM = ASSOCIATED (YD%YCHEM)
( 6122) IF (LYCHEM) THEN
( 6123)   JSIZE = 0
( 6124)   DO J1 = LBOUND (YD%YCHEM, 1), UBOUND (YD%YCHEM, 1)
( 6125)     ISIZE = SIZE_TYPE_GFL_COMP (YD%YCHEM (J1), CLPATH//'%YCHEM', .FALSE.)
( 6126)     JSIZE = JSIZE + ISIZE
( 6127)     KSIZE = KSIZE + ISIZE
( 6128)   ENDDO
( 6129)   IF (LLPRINT) THEN
( 6130)     WRITE (*, '(I10," ")', ADVANCE='NO') JSIZE
( 6131)     WRITE (*, *) TRIM (CLPATH)//'%YCHEM'
( 6132)   ENDIF
( 6133) ENDIF
( 6134) LYAERO = ASSOCIATED (YD%YAERO)
( 6135) IF (LYAERO) THEN
( 6136)   JSIZE = 0
( 6137)   DO J1 = LBOUND (YD%YAERO, 1), UBOUND (YD%YAERO, 1)
( 6138)     ISIZE = SIZE_TYPE_GFL_COMP (YD%YAERO (J1), CLPATH//'%YAERO', .FALSE.)
( 6139)     JSIZE = JSIZE + ISIZE
( 6140)     KSIZE = KSIZE + ISIZE






NVFORTRAN (Version     24.5)          03/19/2025  06:54:44      page 107

( 6141)   ENDDO
( 6142)   IF (LLPRINT) THEN
( 6143)     WRITE (*, '(I10," ")', ADVANCE='NO') JSIZE
( 6144)     WRITE (*, *) TRIM (CLPATH)//'%YAERO'
( 6145)   ENDIF
( 6146) ENDIF
( 6147) LYLRCH4 = ASSOCIATED (YD%YLRCH4)
( 6148) IF (LYLRCH4) THEN
( 6149)   JSIZE = 0
( 6150)   ISIZE = SIZE_TYPE_GFL_COMP (YD%YLRCH4, CLPATH//'%YLRCH4', .FALSE.)
( 6151)   JSIZE = JSIZE + ISIZE
( 6152)   KSIZE = KSIZE + ISIZE
( 6153)   IF (LLPRINT) THEN
( 6154)     WRITE (*, '(I10," ")', ADVANCE='NO') JSIZE
( 6155)     WRITE (*, *) TRIM (CLPATH)//'%YLRCH4'
( 6156)   ENDIF
( 6157) ENDIF
( 6158) LYEMIS3D = ASSOCIATED (YD%YEMIS3D)
( 6159) IF (LYEMIS3D) THEN
( 6160)   JSIZE = 0
( 6161)   DO J1 = LBOUND (YD%YEMIS3D, 1), UBOUND (YD%YEMIS3D, 1)
( 6162)     ISIZE = SIZE_TYPE_GFL_COMP (YD%YEMIS3D (J1), CLPATH//'%YEMIS3D', .FALSE.)
( 6163)     JSIZE = JSIZE + ISIZE
( 6164)     KSIZE = KSIZE + ISIZE
( 6165)   ENDDO
( 6166)   IF (LLPRINT) THEN
( 6167)     WRITE (*, '(I10," ")', ADVANCE='NO') JSIZE
( 6168)     WRITE (*, *) TRIM (CLPATH)//'%YEMIS3D'
( 6169)   ENDIF
( 6170) ENDIF
( 6171) LYFORC = ASSOCIATED (YD%YFORC)
( 6172) IF (LYFORC) THEN
( 6173)   JSIZE = 0
( 6174)   DO J1 = LBOUND (YD%YFORC, 1), UBOUND (YD%YFORC, 1)
( 6175)     ISIZE = SIZE_TYPE_GFL_COMP (YD%YFORC (J1), CLPATH//'%YFORC', .FALSE.)
( 6176)     JSIZE = JSIZE + ISIZE
( 6177)     KSIZE = KSIZE + ISIZE
( 6178)   ENDDO
( 6179)   IF (LLPRINT) THEN
( 6180)     WRITE (*, '(I10," ")', ADVANCE='NO') JSIZE
( 6181)     WRITE (*, *) TRIM (CLPATH)//'%YFORC'
( 6182)   ENDIF
( 6183) ENDIF
( 6184) LYEZDIAG = ASSOCIATED (YD%YEZDIAG)
( 6185) IF (LYEZDIAG) THEN
( 6186)   JSIZE = 0
( 6187)   DO J1 = LBOUND (YD%YEZDIAG, 1), UBOUND (YD%YEZDIAG, 1)
( 6188)     ISIZE = SIZE_TYPE_GFL_COMP (YD%YEZDIAG (J1), CLPATH//'%YEZDIAG', .FALSE.)
( 6189)     JSIZE = JSIZE + ISIZE
( 6190)     KSIZE = KSIZE + ISIZE
( 6191)   ENDDO
( 6192)   IF (LLPRINT) THEN
( 6193)     WRITE (*, '(I10," ")', ADVANCE='NO') JSIZE
( 6194)     WRITE (*, *) TRIM (CLPATH)//'%YEZDIAG'
( 6195)   ENDIF
( 6196) ENDIF
( 6197) LYERA40 = ASSOCIATED (YD%YERA40)
( 6198) IF (LYERA40) THEN






NVFORTRAN (Version     24.5)          03/19/2025  06:54:44      page 108

( 6199)   JSIZE = 0
( 6200)   DO J1 = LBOUND (YD%YERA40, 1), UBOUND (YD%YERA40, 1)
( 6201)     ISIZE = SIZE_TYPE_GFL_COMP (YD%YERA40 (J1), CLPATH//'%YERA40', .FALSE.)
( 6202)     JSIZE = JSIZE + ISIZE
( 6203)     KSIZE = KSIZE + ISIZE
( 6204)   ENDDO
( 6205)   IF (LLPRINT) THEN
( 6206)     WRITE (*, '(I10," ")', ADVANCE='NO') JSIZE
( 6207)     WRITE (*, *) TRIM (CLPATH)//'%YERA40'
( 6208)   ENDIF
( 6209) ENDIF
( 6210) LYNOGW = ASSOCIATED (YD%YNOGW)
( 6211) IF (LYNOGW) THEN
( 6212)   JSIZE = 0
( 6213)   DO J1 = LBOUND (YD%YNOGW, 1), UBOUND (YD%YNOGW, 1)
( 6214)     ISIZE = SIZE_TYPE_GFL_COMP (YD%YNOGW (J1), CLPATH//'%YNOGW', .FALSE.)
( 6215)     JSIZE = JSIZE + ISIZE
( 6216)     KSIZE = KSIZE + ISIZE
( 6217)   ENDDO
( 6218)   IF (LLPRINT) THEN
( 6219)     WRITE (*, '(I10," ")', ADVANCE='NO') JSIZE
( 6220)     WRITE (*, *) TRIM (CLPATH)//'%YNOGW'
( 6221)   ENDIF
( 6222) ENDIF
( 6223) LYEDRP = ASSOCIATED (YD%YEDRP)
( 6224) IF (LYEDRP) THEN
( 6225)   JSIZE = 0
( 6226)   DO J1 = LBOUND (YD%YEDRP, 1), UBOUND (YD%YEDRP, 1)
( 6227)     ISIZE = SIZE_TYPE_GFL_COMP (YD%YEDRP (J1), CLPATH//'%YEDRP', .FALSE.)
( 6228)     JSIZE = JSIZE + ISIZE
( 6229)     KSIZE = KSIZE + ISIZE
( 6230)   ENDDO
( 6231)   IF (LLPRINT) THEN
( 6232)     WRITE (*, '(I10," ")', ADVANCE='NO') JSIZE
( 6233)     WRITE (*, *) TRIM (CLPATH)//'%YEDRP'
( 6234)   ENDIF
( 6235) ENDIF
( 6236) LYSLDIA = ASSOCIATED (YD%YSLDIA)
( 6237) IF (LYSLDIA) THEN
( 6238)   JSIZE = 0
( 6239)   DO J1 = LBOUND (YD%YSLDIA, 1), UBOUND (YD%YSLDIA, 1)
( 6240)     ISIZE = SIZE_TYPE_GFL_COMP (YD%YSLDIA (J1), CLPATH//'%YSLDIA', .FALSE.)
( 6241)     JSIZE = JSIZE + ISIZE
( 6242)     KSIZE = KSIZE + ISIZE
( 6243)   ENDDO
( 6244)   IF (LLPRINT) THEN
( 6245)     WRITE (*, '(I10," ")', ADVANCE='NO') JSIZE
( 6246)     WRITE (*, *) TRIM (CLPATH)//'%YSLDIA'
( 6247)   ENDIF
( 6248) ENDIF
( 6249) LYAERAOT = ASSOCIATED (YD%YAERAOT)
( 6250) IF (LYAERAOT) THEN
( 6251)   JSIZE = 0
( 6252)   DO J1 = LBOUND (YD%YAERAOT, 1), UBOUND (YD%YAERAOT, 1)
( 6253)     ISIZE = SIZE_TYPE_GFL_COMP (YD%YAERAOT (J1), CLPATH//'%YAERAOT', .FALSE.)
( 6254)     JSIZE = JSIZE + ISIZE
( 6255)     KSIZE = KSIZE + ISIZE
( 6256)   ENDDO






NVFORTRAN (Version     24.5)          03/19/2025  06:54:44      page 109

( 6257)   IF (LLPRINT) THEN
( 6258)     WRITE (*, '(I10," ")', ADVANCE='NO') JSIZE
( 6259)     WRITE (*, *) TRIM (CLPATH)//'%YAERAOT'
( 6260)   ENDIF
( 6261) ENDIF
( 6262) LYAERLISI = ASSOCIATED (YD%YAERLISI)
( 6263) IF (LYAERLISI) THEN
( 6264)   JSIZE = 0
( 6265)   DO J1 = LBOUND (YD%YAERLISI, 1), UBOUND (YD%YAERLISI, 1)
( 6266)     ISIZE = SIZE_TYPE_GFL_COMP (YD%YAERLISI (J1), CLPATH//'%YAERLISI', .FALSE.)
( 6267)     JSIZE = JSIZE + ISIZE
( 6268)     KSIZE = KSIZE + ISIZE
( 6269)   ENDDO
( 6270)   IF (LLPRINT) THEN
( 6271)     WRITE (*, '(I10," ")', ADVANCE='NO') JSIZE
( 6272)     WRITE (*, *) TRIM (CLPATH)//'%YAERLISI'
( 6273)   ENDIF
( 6274) ENDIF
( 6275) LYAEROUT = ASSOCIATED (YD%YAEROUT)
( 6276) IF (LYAEROUT) THEN
( 6277)   JSIZE = 0
( 6278)   DO J1 = LBOUND (YD%YAEROUT, 1), UBOUND (YD%YAEROUT, 1)
( 6279)     ISIZE = SIZE_TYPE_GFL_COMP (YD%YAEROUT (J1), CLPATH//'%YAEROUT', .FALSE.)
( 6280)     JSIZE = JSIZE + ISIZE
( 6281)     KSIZE = KSIZE + ISIZE
( 6282)   ENDDO
( 6283)   IF (LLPRINT) THEN
( 6284)     WRITE (*, '(I10," ")', ADVANCE='NO') JSIZE
( 6285)     WRITE (*, *) TRIM (CLPATH)//'%YAEROUT'
( 6286)   ENDIF
( 6287) ENDIF
( 6288) LYAEROCLIM = ASSOCIATED (YD%YAEROCLIM)
( 6289) IF (LYAEROCLIM) THEN
( 6290)   JSIZE = 0
( 6291)   DO J1 = LBOUND (YD%YAEROCLIM, 1), UBOUND (YD%YAEROCLIM, 1)
( 6292)     ISIZE = SIZE_TYPE_GFL_COMP (YD%YAEROCLIM (J1), CLPATH//'%YAEROCLIM', .FALSE.)
( 6293)     JSIZE = JSIZE + ISIZE
( 6294)     KSIZE = KSIZE + ISIZE
( 6295)   ENDDO
( 6296)   IF (LLPRINT) THEN
( 6297)     WRITE (*, '(I10," ")', ADVANCE='NO') JSIZE
( 6298)     WRITE (*, *) TRIM (CLPATH)//'%YAEROCLIM'
( 6299)   ENDIF
( 6300) ENDIF
( 6301) LYUVP = ASSOCIATED (YD%YUVP)
( 6302) IF (LYUVP) THEN
( 6303)   JSIZE = 0
( 6304)   DO J1 = LBOUND (YD%YUVP, 1), UBOUND (YD%YUVP, 1)
( 6305)     ISIZE = SIZE_TYPE_GFL_COMP (YD%YUVP (J1), CLPATH//'%YUVP', .FALSE.)
( 6306)     JSIZE = JSIZE + ISIZE
( 6307)     KSIZE = KSIZE + ISIZE
( 6308)   ENDDO
( 6309)   IF (LLPRINT) THEN
( 6310)     WRITE (*, '(I10," ")', ADVANCE='NO') JSIZE
( 6311)     WRITE (*, *) TRIM (CLPATH)//'%YUVP'
( 6312)   ENDIF
( 6313) ENDIF
( 6314) LYPHYS = ASSOCIATED (YD%YPHYS)






NVFORTRAN (Version     24.5)          03/19/2025  06:54:44      page 110

( 6315) IF (LYPHYS) THEN
( 6316)   JSIZE = 0
( 6317)   DO J1 = LBOUND (YD%YPHYS, 1), UBOUND (YD%YPHYS, 1)
( 6318)     ISIZE = SIZE_TYPE_GFL_COMP (YD%YPHYS (J1), CLPATH//'%YPHYS', .FALSE.)
( 6319)     JSIZE = JSIZE + ISIZE
( 6320)     KSIZE = KSIZE + ISIZE
( 6321)   ENDDO
( 6322)   IF (LLPRINT) THEN
( 6323)     WRITE (*, '(I10," ")', ADVANCE='NO') JSIZE
( 6324)     WRITE (*, *) TRIM (CLPATH)//'%YPHYS'
( 6325)   ENDIF
( 6326) ENDIF
( 6327) LYPHYCTY = ASSOCIATED (YD%YPHYCTY)
( 6328) IF (LYPHYCTY) THEN
( 6329)   JSIZE = 0
( 6330)   ISIZE = SIZE_TYPE_GFL_COMP (YD%YPHYCTY, CLPATH//'%YPHYCTY', .FALSE.)
( 6331)   JSIZE = JSIZE + ISIZE
( 6332)   KSIZE = KSIZE + ISIZE
( 6333)   IF (LLPRINT) THEN
( 6334)     WRITE (*, '(I10," ")', ADVANCE='NO') JSIZE
( 6335)     WRITE (*, *) TRIM (CLPATH)//'%YPHYCTY'
( 6336)   ENDIF
( 6337) ENDIF
( 6338) LYRSPEC = ASSOCIATED (YD%YRSPEC)
( 6339) IF (LYRSPEC) THEN
( 6340)   JSIZE = 0
( 6341)   ISIZE = SIZE_TYPE_GFL_COMP (YD%YRSPEC, CLPATH//'%YRSPEC', .FALSE.)
( 6342)   JSIZE = JSIZE + ISIZE
( 6343)   KSIZE = KSIZE + ISIZE
( 6344)   IF (LLPRINT) THEN
( 6345)     WRITE (*, '(I10," ")', ADVANCE='NO') JSIZE
( 6346)     WRITE (*, *) TRIM (CLPATH)//'%YRSPEC'
( 6347)   ENDIF
( 6348) ENDIF
( 6349) LYSDSAT = ASSOCIATED (YD%YSDSAT)
( 6350) IF (LYSDSAT) THEN
( 6351)   JSIZE = 0
( 6352)   ISIZE = SIZE_TYPE_GFL_COMP (YD%YSDSAT, CLPATH//'%YSDSAT', .FALSE.)
( 6353)   JSIZE = JSIZE + ISIZE
( 6354)   KSIZE = KSIZE + ISIZE
( 6355)   IF (LLPRINT) THEN
( 6356)     WRITE (*, '(I10," ")', ADVANCE='NO') JSIZE
( 6357)     WRITE (*, *) TRIM (CLPATH)//'%YSDSAT'
( 6358)   ENDIF
( 6359) ENDIF
( 6360) LYCVV = ASSOCIATED (YD%YCVV)
( 6361) IF (LYCVV) THEN
( 6362)   JSIZE = 0
( 6363)   ISIZE = SIZE_TYPE_GFL_COMP (YD%YCVV, CLPATH//'%YCVV', .FALSE.)
( 6364)   JSIZE = JSIZE + ISIZE
( 6365)   KSIZE = KSIZE + ISIZE
( 6366)   IF (LLPRINT) THEN
( 6367)     WRITE (*, '(I10," ")', ADVANCE='NO') JSIZE
( 6368)     WRITE (*, *) TRIM (CLPATH)//'%YCVV'
( 6369)   ENDIF
( 6370) ENDIF
( 6371) LYRKTH = ASSOCIATED (YD%YRKTH)
( 6372) IF (LYRKTH) THEN






NVFORTRAN (Version     24.5)          03/19/2025  06:54:44      page 111

( 6373)   JSIZE = 0
( 6374)   ISIZE = SIZE_TYPE_GFL_COMP (YD%YRKTH, CLPATH//'%YRKTH', .FALSE.)
( 6375)   JSIZE = JSIZE + ISIZE
( 6376)   KSIZE = KSIZE + ISIZE
( 6377)   IF (LLPRINT) THEN
( 6378)     WRITE (*, '(I10," ")', ADVANCE='NO') JSIZE
( 6379)     WRITE (*, *) TRIM (CLPATH)//'%YRKTH'
( 6380)   ENDIF
( 6381) ENDIF
( 6382) LYRKTQV = ASSOCIATED (YD%YRKTQV)
( 6383) IF (LYRKTQV) THEN
( 6384)   JSIZE = 0
( 6385)   ISIZE = SIZE_TYPE_GFL_COMP (YD%YRKTQV, CLPATH//'%YRKTQV', .FALSE.)
( 6386)   JSIZE = JSIZE + ISIZE
( 6387)   KSIZE = KSIZE + ISIZE
( 6388)   IF (LLPRINT) THEN
( 6389)     WRITE (*, '(I10," ")', ADVANCE='NO') JSIZE
( 6390)     WRITE (*, *) TRIM (CLPATH)//'%YRKTQV'
( 6391)   ENDIF
( 6392) ENDIF
( 6393) LYRKTQC = ASSOCIATED (YD%YRKTQC)
( 6394) IF (LYRKTQC) THEN
( 6395)   JSIZE = 0
( 6396)   ISIZE = SIZE_TYPE_GFL_COMP (YD%YRKTQC, CLPATH//'%YRKTQC', .FALSE.)
( 6397)   JSIZE = JSIZE + ISIZE
( 6398)   KSIZE = KSIZE + ISIZE
( 6399)   IF (LLPRINT) THEN
( 6400)     WRITE (*, '(I10," ")', ADVANCE='NO') JSIZE
( 6401)     WRITE (*, *) TRIM (CLPATH)//'%YRKTQC'
( 6402)   ENDIF
( 6403) ENDIF
( 6404) LYUOM = ASSOCIATED (YD%YUOM)
( 6405) IF (LYUOM) THEN
( 6406)   JSIZE = 0
( 6407)   ISIZE = SIZE_TYPE_GFL_COMP (YD%YUOM, CLPATH//'%YUOM', .FALSE.)
( 6408)   JSIZE = JSIZE + ISIZE
( 6409)   KSIZE = KSIZE + ISIZE
( 6410)   IF (LLPRINT) THEN
( 6411)     WRITE (*, '(I10," ")', ADVANCE='NO') JSIZE
( 6412)     WRITE (*, *) TRIM (CLPATH)//'%YUOM'
( 6413)   ENDIF
( 6414) ENDIF
( 6415) LYUAL = ASSOCIATED (YD%YUAL)
( 6416) IF (LYUAL) THEN
( 6417)   JSIZE = 0
( 6418)   ISIZE = SIZE_TYPE_GFL_COMP (YD%YUAL, CLPATH//'%YUAL', .FALSE.)
( 6419)   JSIZE = JSIZE + ISIZE
( 6420)   KSIZE = KSIZE + ISIZE
( 6421)   IF (LLPRINT) THEN
( 6422)     WRITE (*, '(I10," ")', ADVANCE='NO') JSIZE
( 6423)     WRITE (*, *) TRIM (CLPATH)//'%YUAL'
( 6424)   ENDIF
( 6425) ENDIF
( 6426) LYDOM = ASSOCIATED (YD%YDOM)
( 6427) IF (LYDOM) THEN
( 6428)   JSIZE = 0
( 6429)   ISIZE = SIZE_TYPE_GFL_COMP (YD%YDOM, CLPATH//'%YDOM', .FALSE.)
( 6430)   JSIZE = JSIZE + ISIZE






NVFORTRAN (Version     24.5)          03/19/2025  06:54:44      page 112

( 6431)   KSIZE = KSIZE + ISIZE
( 6432)   IF (LLPRINT) THEN
( 6433)     WRITE (*, '(I10," ")', ADVANCE='NO') JSIZE
( 6434)     WRITE (*, *) TRIM (CLPATH)//'%YDOM'
( 6435)   ENDIF
( 6436) ENDIF
( 6437) LYDAL = ASSOCIATED (YD%YDAL)
( 6438) IF (LYDAL) THEN
( 6439)   JSIZE = 0
( 6440)   ISIZE = SIZE_TYPE_GFL_COMP (YD%YDAL, CLPATH//'%YDAL', .FALSE.)
( 6441)   JSIZE = JSIZE + ISIZE
( 6442)   KSIZE = KSIZE + ISIZE
( 6443)   IF (LLPRINT) THEN
( 6444)     WRITE (*, '(I10," ")', ADVANCE='NO') JSIZE
( 6445)     WRITE (*, *) TRIM (CLPATH)//'%YDAL'
( 6446)   ENDIF
( 6447) ENDIF
( 6448) LYUEN = ASSOCIATED (YD%YUEN)
( 6449) IF (LYUEN) THEN
( 6450)   JSIZE = 0
( 6451)   ISIZE = SIZE_TYPE_GFL_COMP (YD%YUEN, CLPATH//'%YUEN', .FALSE.)
( 6452)   JSIZE = JSIZE + ISIZE
( 6453)   KSIZE = KSIZE + ISIZE
( 6454)   IF (LLPRINT) THEN
( 6455)     WRITE (*, '(I10," ")', ADVANCE='NO') JSIZE
( 6456)     WRITE (*, *) TRIM (CLPATH)//'%YUEN'
( 6457)   ENDIF
( 6458) ENDIF
( 6459) LYUNEBH = ASSOCIATED (YD%YUNEBH)
( 6460) IF (LYUNEBH) THEN
( 6461)   JSIZE = 0
( 6462)   ISIZE = SIZE_TYPE_GFL_COMP (YD%YUNEBH, CLPATH//'%YUNEBH', .FALSE.)
( 6463)   JSIZE = JSIZE + ISIZE
( 6464)   KSIZE = KSIZE + ISIZE
( 6465)   IF (LLPRINT) THEN
( 6466)     WRITE (*, '(I10," ")', ADVANCE='NO') JSIZE
( 6467)     WRITE (*, *) TRIM (CLPATH)//'%YUNEBH'
( 6468)   ENDIF
( 6469) ENDIF
( 6470) LYLIMA = ASSOCIATED (YD%YLIMA)
( 6471) IF (LYLIMA) THEN
( 6472)   JSIZE = 0
( 6473)   DO J1 = LBOUND (YD%YLIMA, 1), UBOUND (YD%YLIMA, 1)
( 6474)     ISIZE = SIZE_TYPE_GFL_COMP (YD%YLIMA (J1), CLPATH//'%YLIMA', .FALSE.)
( 6475)     JSIZE = JSIZE + ISIZE
( 6476)     KSIZE = KSIZE + ISIZE
( 6477)   ENDDO
( 6478)   IF (LLPRINT) THEN
( 6479)     WRITE (*, '(I10," ")', ADVANCE='NO') JSIZE
( 6480)     WRITE (*, *) TRIM (CLPATH)//'%YLIMA'
( 6481)   ENDIF
( 6482) ENDIF
( 6483) LYFSD = ASSOCIATED (YD%YFSD)
( 6484) IF (LYFSD) THEN
( 6485)   JSIZE = 0
( 6486)   ISIZE = SIZE_TYPE_GFL_COMP (YD%YFSD, CLPATH//'%YFSD', .FALSE.)
( 6487)   JSIZE = JSIZE + ISIZE
( 6488)   KSIZE = KSIZE + ISIZE






NVFORTRAN (Version     24.5)          03/19/2025  06:54:44      page 113

( 6489)   IF (LLPRINT) THEN
( 6490)     WRITE (*, '(I10," ")', ADVANCE='NO') JSIZE
( 6491)     WRITE (*, *) TRIM (CLPATH)//'%YFSD'
( 6492)   ENDIF
( 6493) ENDIF
( 6494) LYEXT = ASSOCIATED (YD%YEXT)
( 6495) IF (LYEXT) THEN
( 6496)   JSIZE = 0
( 6497)   DO J1 = LBOUND (YD%YEXT, 1), UBOUND (YD%YEXT, 1)
( 6498)     ISIZE = SIZE_TYPE_GFL_COMP (YD%YEXT (J1), CLPATH//'%YEXT', .FALSE.)
( 6499)     JSIZE = JSIZE + ISIZE
( 6500)     KSIZE = KSIZE + ISIZE
( 6501)   ENDDO
( 6502)   IF (LLPRINT) THEN
( 6503)     WRITE (*, '(I10," ")', ADVANCE='NO') JSIZE
( 6504)     WRITE (*, *) TRIM (CLPATH)//'%YEXT'
( 6505)   ENDIF
( 6506) ENDIF
( 6507) JSIZE = 0
( 6508) ISIZE = SIZE_TYPE_GFL_NAML (YD%YQ_NL, CLPATH//'%YQ_NL', .FALSE.)
( 6509) JSIZE = JSIZE + ISIZE
( 6510) KSIZE = KSIZE + ISIZE
( 6511) IF (LLPRINT) THEN
( 6512)   WRITE (*, '(I10," ")', ADVANCE='NO') JSIZE
( 6513)   WRITE (*, *) TRIM (CLPATH)//'%YQ_NL'
( 6514) ENDIF
( 6515) JSIZE = 0
( 6516) ISIZE = SIZE_TYPE_GFL_NAML (YD%YI_NL, CLPATH//'%YI_NL', .FALSE.)
( 6517) JSIZE = JSIZE + ISIZE
( 6518) KSIZE = KSIZE + ISIZE
( 6519) IF (LLPRINT) THEN
( 6520)   WRITE (*, '(I10," ")', ADVANCE='NO') JSIZE
( 6521)   WRITE (*, *) TRIM (CLPATH)//'%YI_NL'
( 6522) ENDIF
( 6523) JSIZE = 0
( 6524) ISIZE = SIZE_TYPE_GFL_NAML (YD%YL_NL, CLPATH//'%YL_NL', .FALSE.)
( 6525) JSIZE = JSIZE + ISIZE
( 6526) KSIZE = KSIZE + ISIZE
( 6527) IF (LLPRINT) THEN
( 6528)   WRITE (*, '(I10," ")', ADVANCE='NO') JSIZE
( 6529)   WRITE (*, *) TRIM (CLPATH)//'%YL_NL'
( 6530) ENDIF
( 6531) JSIZE = 0
( 6532) ISIZE = SIZE_TYPE_GFL_NAML (YD%YLCONV_NL, CLPATH//'%YLCONV_NL', .FALSE.)
( 6533) JSIZE = JSIZE + ISIZE
( 6534) KSIZE = KSIZE + ISIZE
( 6535) IF (LLPRINT) THEN
( 6536)   WRITE (*, '(I10," ")', ADVANCE='NO') JSIZE
( 6537)   WRITE (*, *) TRIM (CLPATH)//'%YLCONV_NL'
( 6538) ENDIF
( 6539) JSIZE = 0
( 6540) ISIZE = SIZE_TYPE_GFL_NAML (YD%YICONV_NL, CLPATH//'%YICONV_NL', .FALSE.)
( 6541) JSIZE = JSIZE + ISIZE
( 6542) KSIZE = KSIZE + ISIZE
( 6543) IF (LLPRINT) THEN
( 6544)   WRITE (*, '(I10," ")', ADVANCE='NO') JSIZE
( 6545)   WRITE (*, *) TRIM (CLPATH)//'%YICONV_NL'
( 6546) ENDIF






NVFORTRAN (Version     24.5)          03/19/2025  06:54:44      page 114

( 6547) JSIZE = 0
( 6548) ISIZE = SIZE_TYPE_GFL_NAML (YD%YRCONV_NL, CLPATH//'%YRCONV_NL', .FALSE.)
( 6549) JSIZE = JSIZE + ISIZE
( 6550) KSIZE = KSIZE + ISIZE
( 6551) IF (LLPRINT) THEN
( 6552)   WRITE (*, '(I10," ")', ADVANCE='NO') JSIZE
( 6553)   WRITE (*, *) TRIM (CLPATH)//'%YRCONV_NL'
( 6554) ENDIF
( 6555) JSIZE = 0
( 6556) ISIZE = SIZE_TYPE_GFL_NAML (YD%YSCONV_NL, CLPATH//'%YSCONV_NL', .FALSE.)
( 6557) JSIZE = JSIZE + ISIZE
( 6558) KSIZE = KSIZE + ISIZE
( 6559) IF (LLPRINT) THEN
( 6560)   WRITE (*, '(I10," ")', ADVANCE='NO') JSIZE
( 6561)   WRITE (*, *) TRIM (CLPATH)//'%YSCONV_NL'
( 6562) ENDIF
( 6563) JSIZE = 0
( 6564) ISIZE = SIZE_TYPE_GFL_NAML (YD%YIRAD_NL, CLPATH//'%YIRAD_NL', .FALSE.)
( 6565) JSIZE = JSIZE + ISIZE
( 6566) KSIZE = KSIZE + ISIZE
( 6567) IF (LLPRINT) THEN
( 6568)   WRITE (*, '(I10," ")', ADVANCE='NO') JSIZE
( 6569)   WRITE (*, *) TRIM (CLPATH)//'%YIRAD_NL'
( 6570) ENDIF
( 6571) JSIZE = 0
( 6572) ISIZE = SIZE_TYPE_GFL_NAML (YD%YLRAD_NL, CLPATH//'%YLRAD_NL', .FALSE.)
( 6573) JSIZE = JSIZE + ISIZE
( 6574) KSIZE = KSIZE + ISIZE
( 6575) IF (LLPRINT) THEN
( 6576)   WRITE (*, '(I10," ")', ADVANCE='NO') JSIZE
( 6577)   WRITE (*, *) TRIM (CLPATH)//'%YLRAD_NL'
( 6578) ENDIF
( 6579) JSIZE = 0
( 6580) ISIZE = SIZE_TYPE_GFL_NAML (YD%YS_NL, CLPATH//'%YS_NL', .FALSE.)
( 6581) JSIZE = JSIZE + ISIZE
( 6582) KSIZE = KSIZE + ISIZE
( 6583) IF (LLPRINT) THEN
( 6584)   WRITE (*, '(I10," ")', ADVANCE='NO') JSIZE
( 6585)   WRITE (*, *) TRIM (CLPATH)//'%YS_NL'
( 6586) ENDIF
( 6587) JSIZE = 0
( 6588) ISIZE = SIZE_TYPE_GFL_NAML (YD%YR_NL, CLPATH//'%YR_NL', .FALSE.)
( 6589) JSIZE = JSIZE + ISIZE
( 6590) KSIZE = KSIZE + ISIZE
( 6591) IF (LLPRINT) THEN
( 6592)   WRITE (*, '(I10," ")', ADVANCE='NO') JSIZE
( 6593)   WRITE (*, *) TRIM (CLPATH)//'%YR_NL'
( 6594) ENDIF
( 6595) JSIZE = 0
( 6596) ISIZE = SIZE_TYPE_GFL_NAML (YD%YG_NL, CLPATH//'%YG_NL', .FALSE.)
( 6597) JSIZE = JSIZE + ISIZE
( 6598) KSIZE = KSIZE + ISIZE
( 6599) IF (LLPRINT) THEN
( 6600)   WRITE (*, '(I10," ")', ADVANCE='NO') JSIZE
( 6601)   WRITE (*, *) TRIM (CLPATH)//'%YG_NL'
( 6602) ENDIF
( 6603) JSIZE = 0
( 6604) ISIZE = SIZE_TYPE_GFL_NAML (YD%YH_NL, CLPATH//'%YH_NL', .FALSE.)






NVFORTRAN (Version     24.5)          03/19/2025  06:54:44      page 115

( 6605) JSIZE = JSIZE + ISIZE
( 6606) KSIZE = KSIZE + ISIZE
( 6607) IF (LLPRINT) THEN
( 6608)   WRITE (*, '(I10," ")', ADVANCE='NO') JSIZE
( 6609)   WRITE (*, *) TRIM (CLPATH)//'%YH_NL'
( 6610) ENDIF
( 6611) JSIZE = 0
( 6612) ISIZE = SIZE_TYPE_GFL_NAML (YD%YTKE_NL, CLPATH//'%YTKE_NL', .FALSE.)
( 6613) JSIZE = JSIZE + ISIZE
( 6614) KSIZE = KSIZE + ISIZE
( 6615) IF (LLPRINT) THEN
( 6616)   WRITE (*, '(I10," ")', ADVANCE='NO') JSIZE
( 6617)   WRITE (*, *) TRIM (CLPATH)//'%YTKE_NL'
( 6618) ENDIF
( 6619) JSIZE = 0
( 6620) ISIZE = SIZE_TYPE_GFL_NAML (YD%YTTE_NL, CLPATH//'%YTTE_NL', .FALSE.)
( 6621) JSIZE = JSIZE + ISIZE
( 6622) KSIZE = KSIZE + ISIZE
( 6623) IF (LLPRINT) THEN
( 6624)   WRITE (*, '(I10," ")', ADVANCE='NO') JSIZE
( 6625)   WRITE (*, *) TRIM (CLPATH)//'%YTTE_NL'
( 6626) ENDIF
( 6627) JSIZE = 0
( 6628) ISIZE = SIZE_TYPE_GFL_NAML (YD%YEFB1_NL, CLPATH//'%YEFB1_NL', .FALSE.)
( 6629) JSIZE = JSIZE + ISIZE
( 6630) KSIZE = KSIZE + ISIZE
( 6631) IF (LLPRINT) THEN
( 6632)   WRITE (*, '(I10," ")', ADVANCE='NO') JSIZE
( 6633)   WRITE (*, *) TRIM (CLPATH)//'%YEFB1_NL'
( 6634) ENDIF
( 6635) JSIZE = 0
( 6636) ISIZE = SIZE_TYPE_GFL_NAML (YD%YEFB2_NL, CLPATH//'%YEFB2_NL', .FALSE.)
( 6637) JSIZE = JSIZE + ISIZE
( 6638) KSIZE = KSIZE + ISIZE
( 6639) IF (LLPRINT) THEN
( 6640)   WRITE (*, '(I10," ")', ADVANCE='NO') JSIZE
( 6641)   WRITE (*, *) TRIM (CLPATH)//'%YEFB2_NL'
( 6642) ENDIF
( 6643) JSIZE = 0
( 6644) ISIZE = SIZE_TYPE_GFL_NAML (YD%YEFB3_NL, CLPATH//'%YEFB3_NL', .FALSE.)
( 6645) JSIZE = JSIZE + ISIZE
( 6646) KSIZE = KSIZE + ISIZE
( 6647) IF (LLPRINT) THEN
( 6648)   WRITE (*, '(I10," ")', ADVANCE='NO') JSIZE
( 6649)   WRITE (*, *) TRIM (CLPATH)//'%YEFB3_NL'
( 6650) ENDIF
( 6651) JSIZE = 0
( 6652) ISIZE = SIZE_TYPE_GFL_NAML (YD%YA_NL, CLPATH//'%YA_NL', .FALSE.)
( 6653) JSIZE = JSIZE + ISIZE
( 6654) KSIZE = KSIZE + ISIZE
( 6655) IF (LLPRINT) THEN
( 6656)   WRITE (*, '(I10," ")', ADVANCE='NO') JSIZE
( 6657)   WRITE (*, *) TRIM (CLPATH)//'%YA_NL'
( 6658) ENDIF
( 6659) JSIZE = 0
( 6660) ISIZE = SIZE_TYPE_GFL_NAML (YD%YO3_NL, CLPATH//'%YO3_NL', .FALSE.)
( 6661) JSIZE = JSIZE + ISIZE
( 6662) KSIZE = KSIZE + ISIZE






NVFORTRAN (Version     24.5)          03/19/2025  06:54:44      page 116

( 6663) IF (LLPRINT) THEN
( 6664)   WRITE (*, '(I10," ")', ADVANCE='NO') JSIZE
( 6665)   WRITE (*, *) TRIM (CLPATH)//'%YO3_NL'
( 6666) ENDIF
( 6667) JSIZE = 0
( 6668) ISIZE = SIZE_TYPE_GFL_NAML (YD%YSRC_NL, CLPATH//'%YSRC_NL', .FALSE.)
( 6669) JSIZE = JSIZE + ISIZE
( 6670) KSIZE = KSIZE + ISIZE
( 6671) IF (LLPRINT) THEN
( 6672)   WRITE (*, '(I10," ")', ADVANCE='NO') JSIZE
( 6673)   WRITE (*, *) TRIM (CLPATH)//'%YSRC_NL'
( 6674) ENDIF
( 6675) JSIZE = 0
( 6676) ISIZE = SIZE_TYPE_GFL_NAML (YD%YAMF_NL, CLPATH//'%YAMF_NL', .FALSE.)
( 6677) JSIZE = JSIZE + ISIZE
( 6678) KSIZE = KSIZE + ISIZE
( 6679) IF (LLPRINT) THEN
( 6680)   WRITE (*, '(I10," ")', ADVANCE='NO') JSIZE
( 6681)   WRITE (*, *) TRIM (CLPATH)//'%YAMF_NL'
( 6682) ENDIF
( 6683) JSIZE = 0
( 6684) ISIZE = SIZE_TYPE_GFL_NAML (YD%YLMF_NL, CLPATH//'%YLMF_NL', .FALSE.)
( 6685) JSIZE = JSIZE + ISIZE
( 6686) KSIZE = KSIZE + ISIZE
( 6687) IF (LLPRINT) THEN
( 6688)   WRITE (*, '(I10," ")', ADVANCE='NO') JSIZE
( 6689)   WRITE (*, *) TRIM (CLPATH)//'%YLMF_NL'
( 6690) ENDIF
( 6691) JSIZE = 0
( 6692) ISIZE = SIZE_TYPE_GFL_NAML (YD%YIMF_NL, CLPATH//'%YIMF_NL', .FALSE.)
( 6693) JSIZE = JSIZE + ISIZE
( 6694) KSIZE = KSIZE + ISIZE
( 6695) IF (LLPRINT) THEN
( 6696)   WRITE (*, '(I10," ")', ADVANCE='NO') JSIZE
( 6697)   WRITE (*, *) TRIM (CLPATH)//'%YIMF_NL'
( 6698) ENDIF
( 6699) JSIZE = 0
( 6700) ISIZE = SIZE_TYPE_GFL_NAML (YD%YMXL_NL, CLPATH//'%YMXL_NL', .FALSE.)
( 6701) JSIZE = JSIZE + ISIZE
( 6702) KSIZE = KSIZE + ISIZE
( 6703) IF (LLPRINT) THEN
( 6704)   WRITE (*, '(I10," ")', ADVANCE='NO') JSIZE
( 6705)   WRITE (*, *) TRIM (CLPATH)//'%YMXL_NL'
( 6706) ENDIF
( 6707) JSIZE = 0
( 6708) ISIZE = SIZE_TYPE_GFL_NAML (YD%YSHTUR_NL, CLPATH//'%YSHTUR_NL', .FALSE.)
( 6709) JSIZE = JSIZE + ISIZE
( 6710) KSIZE = KSIZE + ISIZE
( 6711) IF (LLPRINT) THEN
( 6712)   WRITE (*, '(I10," ")', ADVANCE='NO') JSIZE
( 6713)   WRITE (*, *) TRIM (CLPATH)//'%YSHTUR_NL'
( 6714) ENDIF
( 6715) JSIZE = 0
( 6716) ISIZE = SIZE_TYPE_GFL_NAML (YD%YFQTUR_NL, CLPATH//'%YFQTUR_NL', .FALSE.)
( 6717) JSIZE = JSIZE + ISIZE
( 6718) KSIZE = KSIZE + ISIZE
( 6719) IF (LLPRINT) THEN
( 6720)   WRITE (*, '(I10," ")', ADVANCE='NO') JSIZE






NVFORTRAN (Version     24.5)          03/19/2025  06:54:44      page 117

( 6721)   WRITE (*, *) TRIM (CLPATH)//'%YFQTUR_NL'
( 6722) ENDIF
( 6723) JSIZE = 0
( 6724) ISIZE = SIZE_TYPE_GFL_NAML (YD%YFSTUR_NL, CLPATH//'%YFSTUR_NL', .FALSE.)
( 6725) JSIZE = JSIZE + ISIZE
( 6726) KSIZE = KSIZE + ISIZE
( 6727) IF (LLPRINT) THEN
( 6728)   WRITE (*, '(I10," ")', ADVANCE='NO') JSIZE
( 6729)   WRITE (*, *) TRIM (CLPATH)//'%YFSTUR_NL'
( 6730) ENDIF
( 6731) JSIZE = 0
( 6732) ISIZE = SIZE_TYPE_GFL_NAML (YD%YCPF_NL, CLPATH//'%YCPF_NL', .FALSE.)
( 6733) JSIZE = JSIZE + ISIZE
( 6734) KSIZE = KSIZE + ISIZE
( 6735) IF (LLPRINT) THEN
( 6736)   WRITE (*, '(I10," ")', ADVANCE='NO') JSIZE
( 6737)   WRITE (*, *) TRIM (CLPATH)//'%YCPF_NL'
( 6738) ENDIF
( 6739) JSIZE = 0
( 6740) ISIZE = SIZE_TYPE_GFL_NAML (YD%YSPF_NL, CLPATH//'%YSPF_NL', .FALSE.)
( 6741) JSIZE = JSIZE + ISIZE
( 6742) KSIZE = KSIZE + ISIZE
( 6743) IF (LLPRINT) THEN
( 6744)   WRITE (*, '(I10," ")', ADVANCE='NO') JSIZE
( 6745)   WRITE (*, *) TRIM (CLPATH)//'%YSPF_NL'
( 6746) ENDIF
( 6747) JSIZE = 0
( 6748) ISIZE = SIZE_TYPE_GFL_NAML (YD%YCVGQ_NL, CLPATH//'%YCVGQ_NL', .FALSE.)
( 6749) JSIZE = JSIZE + ISIZE
( 6750) KSIZE = KSIZE + ISIZE
( 6751) IF (LLPRINT) THEN
( 6752)   WRITE (*, '(I10," ")', ADVANCE='NO') JSIZE
( 6753)   WRITE (*, *) TRIM (CLPATH)//'%YCVGQ_NL'
( 6754) ENDIF
( 6755) JSIZE = 0
( 6756) ISIZE = SIZE_TYPE_GFL_NAML (YD%YQVA_NL, CLPATH//'%YQVA_NL', .FALSE.)
( 6757) JSIZE = JSIZE + ISIZE
( 6758) KSIZE = KSIZE + ISIZE
( 6759) IF (LLPRINT) THEN
( 6760)   WRITE (*, '(I10," ")', ADVANCE='NO') JSIZE
( 6761)   WRITE (*, *) TRIM (CLPATH)//'%YQVA_NL'
( 6762) ENDIF
( 6763) JSIZE = 0
( 6764) DO J1 = LBOUND (YD%YGHG_NL, 1), UBOUND (YD%YGHG_NL, 1)
( 6765)   ISIZE = SIZE_TYPE_GFL_NAML (YD%YGHG_NL (J1), CLPATH//'%YGHG_NL', .FALSE.)
( 6766)   JSIZE = JSIZE + ISIZE
( 6767)   KSIZE = KSIZE + ISIZE
( 6768) ENDDO
( 6769) IF (LLPRINT) THEN
( 6770)   WRITE (*, '(I10," ")', ADVANCE='NO') JSIZE
( 6771)   WRITE (*, *) TRIM (CLPATH)//'%YGHG_NL'
( 6772) ENDIF
( 6773) JSIZE = 0
( 6774) DO J1 = LBOUND (YD%YCHEM_NL, 1), UBOUND (YD%YCHEM_NL, 1)
( 6775)   ISIZE = SIZE_TYPE_GFL_NAML (YD%YCHEM_NL (J1), CLPATH//'%YCHEM_NL', .FALSE.)
( 6776)   JSIZE = JSIZE + ISIZE
( 6777)   KSIZE = KSIZE + ISIZE
( 6778) ENDDO






NVFORTRAN (Version     24.5)          03/19/2025  06:54:44      page 118

( 6779) IF (LLPRINT) THEN
( 6780)   WRITE (*, '(I10," ")', ADVANCE='NO') JSIZE
( 6781)   WRITE (*, *) TRIM (CLPATH)//'%YCHEM_NL'
( 6782) ENDIF
( 6783) JSIZE = 0
( 6784) DO J1 = LBOUND (YD%YAERO_NL, 1), UBOUND (YD%YAERO_NL, 1)
( 6785)   ISIZE = SIZE_TYPE_GFL_NAML (YD%YAERO_NL (J1), CLPATH//'%YAERO_NL', .FALSE.)
( 6786)   JSIZE = JSIZE + ISIZE
( 6787)   KSIZE = KSIZE + ISIZE
( 6788) ENDDO
( 6789) IF (LLPRINT) THEN
( 6790)   WRITE (*, '(I10," ")', ADVANCE='NO') JSIZE
( 6791)   WRITE (*, *) TRIM (CLPATH)//'%YAERO_NL'
( 6792) ENDIF
( 6793) JSIZE = 0
( 6794) DO J1 = LBOUND (YD%YERA40_NL, 1), UBOUND (YD%YERA40_NL, 1)
( 6795)   ISIZE = SIZE_TYPE_GFL_NAML (YD%YERA40_NL (J1), CLPATH//'%YERA40_NL', .FALSE.)
( 6796)   JSIZE = JSIZE + ISIZE
( 6797)   KSIZE = KSIZE + ISIZE
( 6798) ENDDO
( 6799) IF (LLPRINT) THEN
( 6800)   WRITE (*, '(I10," ")', ADVANCE='NO') JSIZE
( 6801)   WRITE (*, *) TRIM (CLPATH)//'%YERA40_NL'
( 6802) ENDIF
( 6803) JSIZE = 0
( 6804) DO J1 = LBOUND (YD%YNOGW_NL, 1), UBOUND (YD%YNOGW_NL, 1)
( 6805)   ISIZE = SIZE_TYPE_GFL_NAML (YD%YNOGW_NL (J1), CLPATH//'%YNOGW_NL', .FALSE.)
( 6806)   JSIZE = JSIZE + ISIZE
( 6807)   KSIZE = KSIZE + ISIZE
( 6808) ENDDO
( 6809) IF (LLPRINT) THEN
( 6810)   WRITE (*, '(I10," ")', ADVANCE='NO') JSIZE
( 6811)   WRITE (*, *) TRIM (CLPATH)//'%YNOGW_NL'
( 6812) ENDIF
( 6813) JSIZE = 0
( 6814) DO J1 = LBOUND (YD%YEDRP_NL, 1), UBOUND (YD%YEDRP_NL, 1)
( 6815)   ISIZE = SIZE_TYPE_GFL_NAML (YD%YEDRP_NL (J1), CLPATH//'%YEDRP_NL', .FALSE.)
( 6816)   JSIZE = JSIZE + ISIZE
( 6817)   KSIZE = KSIZE + ISIZE
( 6818) ENDDO
( 6819) IF (LLPRINT) THEN
( 6820)   WRITE (*, '(I10," ")', ADVANCE='NO') JSIZE
( 6821)   WRITE (*, *) TRIM (CLPATH)//'%YEDRP_NL'
( 6822) ENDIF
( 6823) JSIZE = 0
( 6824) DO J1 = LBOUND (YD%YSLDIA_NL, 1), UBOUND (YD%YSLDIA_NL, 1)
( 6825)   ISIZE = SIZE_TYPE_GFL_NAML (YD%YSLDIA_NL (J1), CLPATH//'%YSLDIA_NL', .FALSE.)
( 6826)   JSIZE = JSIZE + ISIZE
( 6827)   KSIZE = KSIZE + ISIZE
( 6828) ENDDO
( 6829) IF (LLPRINT) THEN
( 6830)   WRITE (*, '(I10," ")', ADVANCE='NO') JSIZE
( 6831)   WRITE (*, *) TRIM (CLPATH)//'%YSLDIA_NL'
( 6832) ENDIF
( 6833) JSIZE = 0
( 6834) ISIZE = SIZE_TYPE_GFL_NAML (YD%YLRCH4_NL, CLPATH//'%YLRCH4_NL', .FALSE.)
( 6835) JSIZE = JSIZE + ISIZE
( 6836) KSIZE = KSIZE + ISIZE






NVFORTRAN (Version     24.5)          03/19/2025  06:54:44      page 119

( 6837) IF (LLPRINT) THEN
( 6838)   WRITE (*, '(I10," ")', ADVANCE='NO') JSIZE
( 6839)   WRITE (*, *) TRIM (CLPATH)//'%YLRCH4_NL'
( 6840) ENDIF
( 6841) JSIZE = 0
( 6842) DO J1 = LBOUND (YD%YAERAOT_NL, 1), UBOUND (YD%YAERAOT_NL, 1)
( 6843)   ISIZE = SIZE_TYPE_GFL_NAML (YD%YAERAOT_NL (J1), CLPATH//'%YAERAOT_NL', .FALSE.)
( 6844)   JSIZE = JSIZE + ISIZE
( 6845)   KSIZE = KSIZE + ISIZE
( 6846) ENDDO
( 6847) IF (LLPRINT) THEN
( 6848)   WRITE (*, '(I10," ")', ADVANCE='NO') JSIZE
( 6849)   WRITE (*, *) TRIM (CLPATH)//'%YAERAOT_NL'
( 6850) ENDIF
( 6851) JSIZE = 0
( 6852) DO J2 = LBOUND (YD%YAERLISI_NL, 2), UBOUND (YD%YAERLISI_NL, 2)
( 6853)   DO J1 = LBOUND (YD%YAERLISI_NL, 1), UBOUND (YD%YAERLISI_NL, 1)
( 6854)     ISIZE = SIZE_TYPE_GFL_NAML (YD%YAERLISI_NL (J1, J2), CLPATH//'%YAERLISI_NL', .FALSE.)
( 6855)     JSIZE = JSIZE + ISIZE
( 6856)     KSIZE = KSIZE + ISIZE
( 6857)   ENDDO
( 6858) ENDDO
( 6859) IF (LLPRINT) THEN
( 6860)   WRITE (*, '(I10," ")', ADVANCE='NO') JSIZE
( 6861)   WRITE (*, *) TRIM (CLPATH)//'%YAERLISI_NL'
( 6862) ENDIF
( 6863) JSIZE = 0
( 6864) DO J1 = LBOUND (YD%YAEROUT_NL, 1), UBOUND (YD%YAEROUT_NL, 1)
( 6865)   ISIZE = SIZE_TYPE_GFL_NAML (YD%YAEROUT_NL (J1), CLPATH//'%YAEROUT_NL', .FALSE.)
( 6866)   JSIZE = JSIZE + ISIZE
( 6867)   KSIZE = KSIZE + ISIZE
( 6868) ENDDO
( 6869) IF (LLPRINT) THEN
( 6870)   WRITE (*, '(I10," ")', ADVANCE='NO') JSIZE
( 6871)   WRITE (*, *) TRIM (CLPATH)//'%YAEROUT_NL'
( 6872) ENDIF
( 6873) JSIZE = 0
( 6874) DO J1 = LBOUND (YD%YAEROCLIM_NL, 1), UBOUND (YD%YAEROCLIM_NL, 1)
( 6875)   ISIZE = SIZE_TYPE_GFL_NAML (YD%YAEROCLIM_NL (J1), CLPATH//'%YAEROCLIM_NL', .FALSE.)
( 6876)   JSIZE = JSIZE + ISIZE
( 6877)   KSIZE = KSIZE + ISIZE
( 6878) ENDDO
( 6879) IF (LLPRINT) THEN
( 6880)   WRITE (*, '(I10," ")', ADVANCE='NO') JSIZE
( 6881)   WRITE (*, *) TRIM (CLPATH)//'%YAEROCLIM_NL'
( 6882) ENDIF
( 6883) JSIZE = 0
( 6884) DO J1 = LBOUND (YD%YUVP_NL, 1), UBOUND (YD%YUVP_NL, 1)
( 6885)   ISIZE = SIZE_TYPE_GFL_NAML (YD%YUVP_NL (J1), CLPATH//'%YUVP_NL', .FALSE.)
( 6886)   JSIZE = JSIZE + ISIZE
( 6887)   KSIZE = KSIZE + ISIZE
( 6888) ENDDO
( 6889) IF (LLPRINT) THEN
( 6890)   WRITE (*, '(I10," ")', ADVANCE='NO') JSIZE
( 6891)   WRITE (*, *) TRIM (CLPATH)//'%YUVP_NL'
( 6892) ENDIF
( 6893) JSIZE = 0
( 6894) ISIZE = SIZE_TYPE_GFL_NAML (YD%YRKTH_NL, CLPATH//'%YRKTH_NL', .FALSE.)






NVFORTRAN (Version     24.5)          03/19/2025  06:54:44      page 120

( 6895) JSIZE = JSIZE + ISIZE
( 6896) KSIZE = KSIZE + ISIZE
( 6897) IF (LLPRINT) THEN
( 6898)   WRITE (*, '(I10," ")', ADVANCE='NO') JSIZE
( 6899)   WRITE (*, *) TRIM (CLPATH)//'%YRKTH_NL'
( 6900) ENDIF
( 6901) JSIZE = 0
( 6902) ISIZE = SIZE_TYPE_GFL_NAML (YD%YRKTQV_NL, CLPATH//'%YRKTQV_NL', .FALSE.)
( 6903) JSIZE = JSIZE + ISIZE
( 6904) KSIZE = KSIZE + ISIZE
( 6905) IF (LLPRINT) THEN
( 6906)   WRITE (*, '(I10," ")', ADVANCE='NO') JSIZE
( 6907)   WRITE (*, *) TRIM (CLPATH)//'%YRKTQV_NL'
( 6908) ENDIF
( 6909) JSIZE = 0
( 6910) ISIZE = SIZE_TYPE_GFL_NAML (YD%YRKTQC_NL, CLPATH//'%YRKTQC_NL', .FALSE.)
( 6911) JSIZE = JSIZE + ISIZE
( 6912) KSIZE = KSIZE + ISIZE
( 6913) IF (LLPRINT) THEN
( 6914)   WRITE (*, '(I10," ")', ADVANCE='NO') JSIZE
( 6915)   WRITE (*, *) TRIM (CLPATH)//'%YRKTQC_NL'
( 6916) ENDIF
( 6917) JSIZE = 0
( 6918) ISIZE = SIZE_TYPE_GFL_NAML (YD%YPHYCTY_NL, CLPATH//'%YPHYCTY_NL', .FALSE.)
( 6919) JSIZE = JSIZE + ISIZE
( 6920) KSIZE = KSIZE + ISIZE
( 6921) IF (LLPRINT) THEN
( 6922)   WRITE (*, '(I10," ")', ADVANCE='NO') JSIZE
( 6923)   WRITE (*, *) TRIM (CLPATH)//'%YPHYCTY_NL'
( 6924) ENDIF
( 6925) JSIZE = 0
( 6926) ISIZE = SIZE_TYPE_GFL_NAML (YD%YFSD_NL, CLPATH//'%YFSD_NL', .FALSE.)
( 6927) JSIZE = JSIZE + ISIZE
( 6928) KSIZE = KSIZE + ISIZE
( 6929) IF (LLPRINT) THEN
( 6930)   WRITE (*, '(I10," ")', ADVANCE='NO') JSIZE
( 6931)   WRITE (*, *) TRIM (CLPATH)//'%YFSD_NL'
( 6932) ENDIF
( 6933) JSIZE = 0
( 6934) ISIZE = SIZE_TYPE_GFL_NAML (YD%YRSPEC_NL, CLPATH//'%YRSPEC_NL', .FALSE.)
( 6935) JSIZE = JSIZE + ISIZE
( 6936) KSIZE = KSIZE + ISIZE
( 6937) IF (LLPRINT) THEN
( 6938)   WRITE (*, '(I10," ")', ADVANCE='NO') JSIZE
( 6939)   WRITE (*, *) TRIM (CLPATH)//'%YRSPEC_NL'
( 6940) ENDIF
( 6941) JSIZE = 0
( 6942) ISIZE = SIZE_TYPE_GFL_NAML (YD%YSDSAT_NL, CLPATH//'%YSDSAT_NL', .FALSE.)
( 6943) JSIZE = JSIZE + ISIZE
( 6944) KSIZE = KSIZE + ISIZE
( 6945) IF (LLPRINT) THEN
( 6946)   WRITE (*, '(I10," ")', ADVANCE='NO') JSIZE
( 6947)   WRITE (*, *) TRIM (CLPATH)//'%YSDSAT_NL'
( 6948) ENDIF
( 6949) JSIZE = 0
( 6950) ISIZE = SIZE_TYPE_GFL_NAML (YD%YCVV_NL, CLPATH//'%YCVV_NL', .FALSE.)
( 6951) JSIZE = JSIZE + ISIZE
( 6952) KSIZE = KSIZE + ISIZE






NVFORTRAN (Version     24.5)          03/19/2025  06:54:44      page 121

( 6953) IF (LLPRINT) THEN
( 6954)   WRITE (*, '(I10," ")', ADVANCE='NO') JSIZE
( 6955)   WRITE (*, *) TRIM (CLPATH)//'%YCVV_NL'
( 6956) ENDIF
( 6957) JSIZE = 0
( 6958) DO J1 = LBOUND (YD%YFORC_NL, 1), UBOUND (YD%YFORC_NL, 1)
( 6959)   ISIZE = SIZE_TYPE_GFL_NAML (YD%YFORC_NL (J1), CLPATH//'%YFORC_NL', .FALSE.)
( 6960)   JSIZE = JSIZE + ISIZE
( 6961)   KSIZE = KSIZE + ISIZE
( 6962) ENDDO
( 6963) IF (LLPRINT) THEN
( 6964)   WRITE (*, '(I10," ")', ADVANCE='NO') JSIZE
( 6965)   WRITE (*, *) TRIM (CLPATH)//'%YFORC_NL'
( 6966) ENDIF
( 6967) JSIZE = 0
( 6968) DO J1 = LBOUND (YD%YEZDIAG_NL, 1), UBOUND (YD%YEZDIAG_NL, 1)
( 6969)   ISIZE = SIZE_TYPE_GFL_NAML (YD%YEZDIAG_NL (J1), CLPATH//'%YEZDIAG_NL', .FALSE.)
( 6970)   JSIZE = JSIZE + ISIZE
( 6971)   KSIZE = KSIZE + ISIZE
( 6972) ENDDO
( 6973) IF (LLPRINT) THEN
( 6974)   WRITE (*, '(I10," ")', ADVANCE='NO') JSIZE
( 6975)   WRITE (*, *) TRIM (CLPATH)//'%YEZDIAG_NL'
( 6976) ENDIF
( 6977) JSIZE = 0
( 6978) DO J1 = LBOUND (YD%YEXT_NL, 1), UBOUND (YD%YEXT_NL, 1)
( 6979)   ISIZE = SIZE_TYPE_GFL_NAML (YD%YEXT_NL (J1), CLPATH//'%YEXT_NL', .FALSE.)
( 6980)   JSIZE = JSIZE + ISIZE
( 6981)   KSIZE = KSIZE + ISIZE
( 6982) ENDDO
( 6983) IF (LLPRINT) THEN
( 6984)   WRITE (*, '(I10," ")', ADVANCE='NO') JSIZE
( 6985)   WRITE (*, *) TRIM (CLPATH)//'%YEXT_NL'
( 6986) ENDIF
( 6987) JSIZE = 0
( 6988) ISIZE = SIZE_TYPE_GFL_NAML (YD%YUOM_NL, CLPATH//'%YUOM_NL', .FALSE.)
( 6989) JSIZE = JSIZE + ISIZE
( 6990) KSIZE = KSIZE + ISIZE
( 6991) IF (LLPRINT) THEN
( 6992)   WRITE (*, '(I10," ")', ADVANCE='NO') JSIZE
( 6993)   WRITE (*, *) TRIM (CLPATH)//'%YUOM_NL'
( 6994) ENDIF
( 6995) JSIZE = 0
( 6996) ISIZE = SIZE_TYPE_GFL_NAML (YD%YUAL_NL, CLPATH//'%YUAL_NL', .FALSE.)
( 6997) JSIZE = JSIZE + ISIZE
( 6998) KSIZE = KSIZE + ISIZE
( 6999) IF (LLPRINT) THEN
( 7000)   WRITE (*, '(I10," ")', ADVANCE='NO') JSIZE
( 7001)   WRITE (*, *) TRIM (CLPATH)//'%YUAL_NL'
( 7002) ENDIF
( 7003) JSIZE = 0
( 7004) ISIZE = SIZE_TYPE_GFL_NAML (YD%YDOM_NL, CLPATH//'%YDOM_NL', .FALSE.)
( 7005) JSIZE = JSIZE + ISIZE
( 7006) KSIZE = KSIZE + ISIZE
( 7007) IF (LLPRINT) THEN
( 7008)   WRITE (*, '(I10," ")', ADVANCE='NO') JSIZE
( 7009)   WRITE (*, *) TRIM (CLPATH)//'%YDOM_NL'
( 7010) ENDIF






NVFORTRAN (Version     24.5)          03/19/2025  06:54:44      page 122

( 7011) JSIZE = 0
( 7012) ISIZE = SIZE_TYPE_GFL_NAML (YD%YDAL_NL, CLPATH//'%YDAL_NL', .FALSE.)
( 7013) JSIZE = JSIZE + ISIZE
( 7014) KSIZE = KSIZE + ISIZE
( 7015) IF (LLPRINT) THEN
( 7016)   WRITE (*, '(I10," ")', ADVANCE='NO') JSIZE
( 7017)   WRITE (*, *) TRIM (CLPATH)//'%YDAL_NL'
( 7018) ENDIF
( 7019) JSIZE = 0
( 7020) ISIZE = SIZE_TYPE_GFL_NAML (YD%YUEN_NL, CLPATH//'%YUEN_NL', .FALSE.)
( 7021) JSIZE = JSIZE + ISIZE
( 7022) KSIZE = KSIZE + ISIZE
( 7023) IF (LLPRINT) THEN
( 7024)   WRITE (*, '(I10," ")', ADVANCE='NO') JSIZE
( 7025)   WRITE (*, *) TRIM (CLPATH)//'%YUEN_NL'
( 7026) ENDIF
( 7027) JSIZE = 0
( 7028) ISIZE = SIZE_TYPE_GFL_NAML (YD%YUNEBH_NL, CLPATH//'%YUNEBH_NL', .FALSE.)
( 7029) JSIZE = JSIZE + ISIZE
( 7030) KSIZE = KSIZE + ISIZE
( 7031) IF (LLPRINT) THEN
( 7032)   WRITE (*, '(I10," ")', ADVANCE='NO') JSIZE
( 7033)   WRITE (*, *) TRIM (CLPATH)//'%YUNEBH_NL'
( 7034) ENDIF
( 7035) JSIZE = 0
( 7036) DO J1 = LBOUND (YD%YAERO_WVL_DIAG_NL, 1), UBOUND (YD%YAERO_WVL_DIAG_NL, 1)
( 7037)   ISIZE = SIZE_TYPE_AERO_WVL_DIAG (YD%YAERO_WVL_DIAG_NL (J1), CLPATH//'%YAERO_WVL_DIAG_NL', .FALSE.)
( 7038)   JSIZE = JSIZE + ISIZE
( 7039)   KSIZE = KSIZE + ISIZE
( 7040) ENDDO
( 7041) IF (LLPRINT) THEN
( 7042)   WRITE (*, '(I10," ")', ADVANCE='NO') JSIZE
( 7043)   WRITE (*, *) TRIM (CLPATH)//'%YAERO_WVL_DIAG_NL'
( 7044) ENDIF
( 7045) JSIZE = 0
( 7046) DO J1 = LBOUND (YD%YLIMA_NL, 1), UBOUND (YD%YLIMA_NL, 1)
( 7047)   ISIZE = SIZE_TYPE_GFL_NAML (YD%YLIMA_NL (J1), CLPATH//'%YLIMA_NL', .FALSE.)
( 7048)   JSIZE = JSIZE + ISIZE
( 7049)   KSIZE = KSIZE + ISIZE
( 7050) ENDDO
( 7051) IF (LLPRINT) THEN
( 7052)   WRITE (*, '(I10," ")', ADVANCE='NO') JSIZE
( 7053)   WRITE (*, *) TRIM (CLPATH)//'%YLIMA_NL'
( 7054) ENDIF
( 7055) END FUNCTION
( 7056) 
( 7057) END MODULE

















NVFORTRAN (Version     24.5)          03/19/2025  06:54:44      page 123

(    1) # 1 "./util_type_gfld_mod.F90"
(    1) MODULE UTIL_TYPE_GFLD_MOD
(    2) # 3 "./util_type_gfld_mod.F90"
(    3) USE YOM_YGFL, ONLY : TYPE_GFLD
(    4) # 5 "./util_type_gfld_mod.F90"
(    5) INTERFACE SAVE
(    6) MODULE PROCEDURE SAVE_TYPE_GFLD
(    7) END INTERFACE
(    8) # 9 "./util_type_gfld_mod.F90"
(    9) INTERFACE LOAD
(   10) MODULE PROCEDURE LOAD_TYPE_GFLD
(   11) END INTERFACE
(   12) # 13 "./util_type_gfld_mod.F90"
(   13) INTERFACE COPY
(   14) MODULE PROCEDURE COPY_TYPE_GFLD
(   15) END INTERFACE
(   16) # 17 "./util_type_gfld_mod.F90"
(   17) INTERFACE HOST
(   18) MODULE PROCEDURE HOST_TYPE_GFLD
(   19) END INTERFACE
(   20) # 21 "./util_type_gfld_mod.F90"
(   21) INTERFACE LEGACY
(   22) MODULE PROCEDURE LEGACY_TYPE_GFLD
(   23) END INTERFACE
(   24)      
(   25) INTERFACE CRC64
(   26) MODULE PROCEDURE CRC64_TYPE_GFLD
(   27) END INTERFACE
(   28) # 29 "./util_type_gfld_mod.F90"
(   29) INTERFACE WIPE
(   30) MODULE PROCEDURE WIPE_TYPE_GFLD
(   31) END INTERFACE
(   32) # 33 "./util_type_gfld_mod.F90"
(   33) INTERFACE SIZE
(   34) MODULE PROCEDURE SIZE_TYPE_GFLD
(   35) END INTERFACE
(   36) # 38 "./util_type_gfld_mod.F90"
(   38) CONTAINS
(   39) # 40 "./util_type_gfld_mod.F90"
(   40) SUBROUTINE SAVE_TYPE_GFLD (KLUN, YD)
(   41) USE UTIL_TYPE_AERO_WVL_DIAG_MOD
(   42) USE UTIL_TYPE_GFL_COMP_MOD
(   43) USE UTIL_TYPE_GFL_NAML_MOD
(   44) IMPLICIT NONE
(   45) INTEGER, INTENT (IN) :: KLUN
(   46) TYPE (TYPE_GFLD), INTENT (IN), TARGET :: YD
(   47) INTEGER :: J1, J2
(   48) LOGICAL :: LYA, LYAERAOT, LYAERLISI, LYAERO, LYAEROCLIM, LYAEROUT, LYAMF, LYCHEM, LYCPF, LYCVGQ
(   49) LOGICAL :: LYCVV, LYDAL, LYDOM, LYEDRP, LYEFB1, LYEFB2, LYEFB3, LYEMIS3D, LYERA40, LYEXT
(   50) LOGICAL :: LYEZDIAG, LYFORC, LYFQTUR, LYFSD, LYFSTUR, LYG, LYGHG, LYH, LYI, LYICONV
(   51) LOGICAL :: LYIMF, LYIRAD, LYL, LYLASTCOMP, LYLCONV, LYLIMA, LYLMF, LYLRAD, LYLRCH4, LYMXL
(   52) LOGICAL :: LYNOGW, LYO3, LYPHYCTY, LYPHYS, LYQ, LYQVA, LYR, LYRCONV, LYRKTH, LYRKTQC
(   53) LOGICAL :: LYRKTQV, LYRSPEC, LYS, LYSCONV, LYSDSAT, LYSHTUR, LYSLDIA, LYSPF, LYSRC, LYTKE
(   54) LOGICAL :: LYTTE, LYUAL, LYUEN, LYUNEBH, LYUOM, LYUVP
(   55) WRITE (KLUN) YD%NUMFLDS
(   56) WRITE (KLUN) YD%NDERS
(   57) WRITE (KLUN) YD%NUMSPFLDS
(   58) WRITE (KLUN) YD%NUMGPFLDS






NVFORTRAN (Version     24.5)          03/19/2025  06:54:44      page 124

(   59) WRITE (KLUN) YD%NUMFLDS9
(   60) WRITE (KLUN) YD%NUMFLDS1
(   61) WRITE (KLUN) YD%NUMSPFLDS1
(   62) WRITE (KLUN) YD%NUMFLDS5
(   63) WRITE (KLUN) YD%NUMFLDSPHY
(   64) WRITE (KLUN) YD%NUMFLDS_SPL
(   65) WRITE (KLUN) YD%NUMFLDS_SL1
(   66) WRITE (KLUN) YD%NUMFLDSPC
(   67) WRITE (KLUN) YD%NDIM
(   68) WRITE (KLUN) YD%NUMFLDSPT
(   69) WRITE (KLUN) YD%NDIM0
(   70) WRITE (KLUN) YD%NDIM9
(   71) WRITE (KLUN) YD%NDIM1
(   72) WRITE (KLUN) YD%NDIM5
(   73) WRITE (KLUN) YD%NDIMSLP
(   74) WRITE (KLUN) YD%NDIM_SPL
(   75) WRITE (KLUN) YD%NDIMPT
(   76) WRITE (KLUN) YD%NDIMPC
(   77) WRITE (KLUN) YD%NGFL_EXT
(   78) WRITE (KLUN) YD%NGFL_FORC
(   79) WRITE (KLUN) YD%NGFL_EZDIAG
(   80) WRITE (KLUN) YD%NGHG
(   81) WRITE (KLUN) YD%NGHG_ASSIM
(   82) WRITE (KLUN) YD%NAERO
(   83) WRITE (KLUN) YD%NACTAERO
(   84) WRITE (KLUN) YD%NDDHAERO
(   85) WRITE (KLUN) YD%NERA40
(   86) WRITE (KLUN) YD%NNOGW
(   87) WRITE (KLUN) YD%NEDRP
(   88) WRITE (KLUN) YD%NAEROUT
(   89) WRITE (KLUN) YD%NAEROCLIM
(   90) WRITE (KLUN) YD%NUVP
(   91) WRITE (KLUN) YD%NSLDIA
(   92) WRITE (KLUN) YD%NSLDIAGP
(   93) WRITE (KLUN) YD%NFSD
(   94) WRITE (KLUN) YD%LAERCHEM
(   95) WRITE (KLUN) YD%LTRCMFIX
(   96) WRITE (KLUN) YD%LTRCMFIX_PS
(   97) WRITE (KLUN) YD%LTRCMFQM
(   98) WRITE (KLUN) YD%LAERAOT
(   99) WRITE (KLUN) YD%LAERLISI
(  100) WRITE (KLUN) YD%LAEROUT
(  101) WRITE (KLUN) YD%LAEROCLIM
(  102) WRITE (KLUN) YD%LUVPOUT
(  103) WRITE (KLUN) YD%LSPPTGFL
(  104) WRITE (KLUN) YD%NGEMS
(  105) WRITE (KLUN) YD%NCHEM
(  106) WRITE (KLUN) YD%NCHEM_ASSIM
(  107) WRITE (KLUN) YD%NCHEM_FLXO
(  108) WRITE (KLUN) YD%NCHEM_WDFLX
(  109) WRITE (KLUN) YD%NCHEM_DDFLX
(  110) WRITE (KLUN) YD%NCHEM_DV
(  111) WRITE (KLUN) YD%NCHEM_TC
(  112) WRITE (KLUN) YD%NCHEM_SCV
(  113) WRITE (KLUN) YD%NEMIS2D
(  114) WRITE (KLUN) YD%NEMIS2DAUX
(  115) WRITE (KLUN) YD%NEMIS3D
(  116) WRITE (KLUN) YD%NLIMA






NVFORTRAN (Version     24.5)          03/19/2025  06:54:44      page 125

(  117) WRITE (KLUN) YD%NAERO_WVL_DIAG
(  118) WRITE (KLUN) YD%NAERO_WVL_DIAG_TYPES
(  119) WRITE (KLUN) YD%NCHEMSULF1
(  120) WRITE (KLUN) YD%NCHEMHNO3
(  121) WRITE (KLUN) YD%NNEGAFIX
(  122) WRITE (KLUN) YD%NOPTNEGFIX
(  123) WRITE (KLUN) YD%LQM3DCONS
(  124) WRITE (KLUN) YD%LADVNEGFIX
(  125) WRITE (KLUN) YD%LTRCMFBC
(  126) WRITE (KLUN) YD%LTRCMFPR
(  127) WRITE (KLUN) YD%LTRCMFMG
(  128) WRITE (KLUN) YD%LTRCMFP
(  129) WRITE (KLUN) YD%LTRCMFA_DIF
(  130) WRITE (KLUN) YD%LTRCMFA_LAP
(  131) WRITE (KLUN) YD%LTRCMFA_VER
(  132) WRITE (KLUN) YD%LEXTRADF
(  133) WRITE (KLUN) YD%NFLDSFIX
(  134) WRITE (KLUN) YD%NOPTMFBC
(  135) WRITE (KLUN) YD%NOPTMFPR
(  136) WRITE (KLUN) YD%NOPTVFE
(  137) WRITE (KLUN) YD%NMFDIAGLEV
(  138) WRITE (KLUN) YD%NMFIXFLDS
(  139) WRITE (KLUN) YD%NNEGFLDS
(  140) WRITE (KLUN) YD%ZMFIXEPS
(  141) WRITE (KLUN) YD%NFMG
(  142) WRITE (KLUN) YD%NMGFLDS
(  143) DO J1 = LBOUND (YD%YCOMP, 1), UBOUND (YD%YCOMP, 1)
(  144)   CALL SAVE_TYPE_GFL_COMP (KLUN, YD%YCOMP (J1))
(  145) ENDDO
(  146) LYLASTCOMP = ASSOCIATED (YD%YLASTCOMP)
(  147) WRITE (KLUN) LYLASTCOMP
(  148) IF (LYLASTCOMP) THEN
(  149)   CALL SAVE_TYPE_GFL_COMP (KLUN, YD%YLASTCOMP)
(  150) ENDIF
(  151) LYQ = ASSOCIATED (YD%YQ)
(  152) WRITE (KLUN) LYQ
(  153) IF (LYQ) THEN
(  154)   CALL SAVE_TYPE_GFL_COMP (KLUN, YD%YQ)
(  155) ENDIF
(  156) LYI = ASSOCIATED (YD%YI)
(  157) WRITE (KLUN) LYI
(  158) IF (LYI) THEN
(  159)   CALL SAVE_TYPE_GFL_COMP (KLUN, YD%YI)
(  160) ENDIF
(  161) LYL = ASSOCIATED (YD%YL)
(  162) WRITE (KLUN) LYL
(  163) IF (LYL) THEN
(  164)   CALL SAVE_TYPE_GFL_COMP (KLUN, YD%YL)
(  165) ENDIF
(  166) LYLCONV = ASSOCIATED (YD%YLCONV)
(  167) WRITE (KLUN) LYLCONV
(  168) IF (LYLCONV) THEN
(  169)   CALL SAVE_TYPE_GFL_COMP (KLUN, YD%YLCONV)
(  170) ENDIF
(  171) LYICONV = ASSOCIATED (YD%YICONV)
(  172) WRITE (KLUN) LYICONV
(  173) IF (LYICONV) THEN
(  174)   CALL SAVE_TYPE_GFL_COMP (KLUN, YD%YICONV)






NVFORTRAN (Version     24.5)          03/19/2025  06:54:44      page 126

(  175) ENDIF
(  176) LYRCONV = ASSOCIATED (YD%YRCONV)
(  177) WRITE (KLUN) LYRCONV
(  178) IF (LYRCONV) THEN
(  179)   CALL SAVE_TYPE_GFL_COMP (KLUN, YD%YRCONV)
(  180) ENDIF
(  181) LYSCONV = ASSOCIATED (YD%YSCONV)
(  182) WRITE (KLUN) LYSCONV
(  183) IF (LYSCONV) THEN
(  184)   CALL SAVE_TYPE_GFL_COMP (KLUN, YD%YSCONV)
(  185) ENDIF
(  186) LYIRAD = ASSOCIATED (YD%YIRAD)
(  187) WRITE (KLUN) LYIRAD
(  188) IF (LYIRAD) THEN
(  189)   CALL SAVE_TYPE_GFL_COMP (KLUN, YD%YIRAD)
(  190) ENDIF
(  191) LYLRAD = ASSOCIATED (YD%YLRAD)
(  192) WRITE (KLUN) LYLRAD
(  193) IF (LYLRAD) THEN
(  194)   CALL SAVE_TYPE_GFL_COMP (KLUN, YD%YLRAD)
(  195) ENDIF
(  196) LYS = ASSOCIATED (YD%YS)
(  197) WRITE (KLUN) LYS
(  198) IF (LYS) THEN
(  199)   CALL SAVE_TYPE_GFL_COMP (KLUN, YD%YS)
(  200) ENDIF
(  201) LYR = ASSOCIATED (YD%YR)
(  202) WRITE (KLUN) LYR
(  203) IF (LYR) THEN
(  204)   CALL SAVE_TYPE_GFL_COMP (KLUN, YD%YR)
(  205) ENDIF
(  206) LYG = ASSOCIATED (YD%YG)
(  207) WRITE (KLUN) LYG
(  208) IF (LYG) THEN
(  209)   CALL SAVE_TYPE_GFL_COMP (KLUN, YD%YG)
(  210) ENDIF
(  211) LYH = ASSOCIATED (YD%YH)
(  212) WRITE (KLUN) LYH
(  213) IF (LYH) THEN
(  214)   CALL SAVE_TYPE_GFL_COMP (KLUN, YD%YH)
(  215) ENDIF
(  216) LYTKE = ASSOCIATED (YD%YTKE)
(  217) WRITE (KLUN) LYTKE
(  218) IF (LYTKE) THEN
(  219)   CALL SAVE_TYPE_GFL_COMP (KLUN, YD%YTKE)
(  220) ENDIF
(  221) LYTTE = ASSOCIATED (YD%YTTE)
(  222) WRITE (KLUN) LYTTE
(  223) IF (LYTTE) THEN
(  224)   CALL SAVE_TYPE_GFL_COMP (KLUN, YD%YTTE)
(  225) ENDIF
(  226) LYEFB1 = ASSOCIATED (YD%YEFB1)
(  227) WRITE (KLUN) LYEFB1
(  228) IF (LYEFB1) THEN
(  229)   CALL SAVE_TYPE_GFL_COMP (KLUN, YD%YEFB1)
(  230) ENDIF
(  231) LYEFB2 = ASSOCIATED (YD%YEFB2)
(  232) WRITE (KLUN) LYEFB2






NVFORTRAN (Version     24.5)          03/19/2025  06:54:44      page 127

(  233) IF (LYEFB2) THEN
(  234)   CALL SAVE_TYPE_GFL_COMP (KLUN, YD%YEFB2)
(  235) ENDIF
(  236) LYEFB3 = ASSOCIATED (YD%YEFB3)
(  237) WRITE (KLUN) LYEFB3
(  238) IF (LYEFB3) THEN
(  239)   CALL SAVE_TYPE_GFL_COMP (KLUN, YD%YEFB3)
(  240) ENDIF
(  241) LYA = ASSOCIATED (YD%YA)
(  242) WRITE (KLUN) LYA
(  243) IF (LYA) THEN
(  244)   CALL SAVE_TYPE_GFL_COMP (KLUN, YD%YA)
(  245) ENDIF
(  246) LYO3 = ASSOCIATED (YD%YO3)
(  247) WRITE (KLUN) LYO3
(  248) IF (LYO3) THEN
(  249)   CALL SAVE_TYPE_GFL_COMP (KLUN, YD%YO3)
(  250) ENDIF
(  251) LYSRC = ASSOCIATED (YD%YSRC)
(  252) WRITE (KLUN) LYSRC
(  253) IF (LYSRC) THEN
(  254)   CALL SAVE_TYPE_GFL_COMP (KLUN, YD%YSRC)
(  255) ENDIF
(  256) LYLMF = ASSOCIATED (YD%YLMF)
(  257) WRITE (KLUN) LYLMF
(  258) IF (LYLMF) THEN
(  259)   CALL SAVE_TYPE_GFL_COMP (KLUN, YD%YLMF)
(  260) ENDIF
(  261) LYIMF = ASSOCIATED (YD%YIMF)
(  262) WRITE (KLUN) LYIMF
(  263) IF (LYIMF) THEN
(  264)   CALL SAVE_TYPE_GFL_COMP (KLUN, YD%YIMF)
(  265) ENDIF
(  266) LYAMF = ASSOCIATED (YD%YAMF)
(  267) WRITE (KLUN) LYAMF
(  268) IF (LYAMF) THEN
(  269)   CALL SAVE_TYPE_GFL_COMP (KLUN, YD%YAMF)
(  270) ENDIF
(  271) LYMXL = ASSOCIATED (YD%YMXL)
(  272) WRITE (KLUN) LYMXL
(  273) IF (LYMXL) THEN
(  274)   CALL SAVE_TYPE_GFL_COMP (KLUN, YD%YMXL)
(  275) ENDIF
(  276) LYSHTUR = ASSOCIATED (YD%YSHTUR)
(  277) WRITE (KLUN) LYSHTUR
(  278) IF (LYSHTUR) THEN
(  279)   CALL SAVE_TYPE_GFL_COMP (KLUN, YD%YSHTUR)
(  280) ENDIF
(  281) LYFQTUR = ASSOCIATED (YD%YFQTUR)
(  282) WRITE (KLUN) LYFQTUR
(  283) IF (LYFQTUR) THEN
(  284)   CALL SAVE_TYPE_GFL_COMP (KLUN, YD%YFQTUR)
(  285) ENDIF
(  286) LYFSTUR = ASSOCIATED (YD%YFSTUR)
(  287) WRITE (KLUN) LYFSTUR
(  288) IF (LYFSTUR) THEN
(  289)   CALL SAVE_TYPE_GFL_COMP (KLUN, YD%YFSTUR)
(  290) ENDIF






NVFORTRAN (Version     24.5)          03/19/2025  06:54:44      page 128

(  291) LYCPF = ASSOCIATED (YD%YCPF)
(  292) WRITE (KLUN) LYCPF
(  293) IF (LYCPF) THEN
(  294)   CALL SAVE_TYPE_GFL_COMP (KLUN, YD%YCPF)
(  295) ENDIF
(  296) LYSPF = ASSOCIATED (YD%YSPF)
(  297) WRITE (KLUN) LYSPF
(  298) IF (LYSPF) THEN
(  299)   CALL SAVE_TYPE_GFL_COMP (KLUN, YD%YSPF)
(  300) ENDIF
(  301) LYCVGQ = ASSOCIATED (YD%YCVGQ)
(  302) WRITE (KLUN) LYCVGQ
(  303) IF (LYCVGQ) THEN
(  304)   CALL SAVE_TYPE_GFL_COMP (KLUN, YD%YCVGQ)
(  305) ENDIF
(  306) LYQVA = ASSOCIATED (YD%YQVA)
(  307) WRITE (KLUN) LYQVA
(  308) IF (LYQVA) THEN
(  309)   CALL SAVE_TYPE_GFL_COMP (KLUN, YD%YQVA)
(  310) ENDIF
(  311) LYGHG = ASSOCIATED (YD%YGHG)
(  312) WRITE (KLUN) LYGHG
(  313) IF (LYGHG) THEN
(  314)   WRITE (KLUN) LBOUND (YD%YGHG)
(  315)   WRITE (KLUN) UBOUND (YD%YGHG)
(  316)   DO J1 = LBOUND (YD%YGHG, 1), UBOUND (YD%YGHG, 1)
(  317)     CALL SAVE_TYPE_GFL_COMP (KLUN, YD%YGHG (J1))
(  318)   ENDDO
(  319) ENDIF
(  320) LYCHEM = ASSOCIATED (YD%YCHEM)
(  321) WRITE (KLUN) LYCHEM
(  322) IF (LYCHEM) THEN
(  323)   WRITE (KLUN) LBOUND (YD%YCHEM)
(  324)   WRITE (KLUN) UBOUND (YD%YCHEM)
(  325)   DO J1 = LBOUND (YD%YCHEM, 1), UBOUND (YD%YCHEM, 1)
(  326)     CALL SAVE_TYPE_GFL_COMP (KLUN, YD%YCHEM (J1))
(  327)   ENDDO
(  328) ENDIF
(  329) LYAERO = ASSOCIATED (YD%YAERO)
(  330) WRITE (KLUN) LYAERO
(  331) IF (LYAERO) THEN
(  332)   WRITE (KLUN) LBOUND (YD%YAERO)
(  333)   WRITE (KLUN) UBOUND (YD%YAERO)
(  334)   DO J1 = LBOUND (YD%YAERO, 1), UBOUND (YD%YAERO, 1)
(  335)     CALL SAVE_TYPE_GFL_COMP (KLUN, YD%YAERO (J1))
(  336)   ENDDO
(  337) ENDIF
(  338) LYLRCH4 = ASSOCIATED (YD%YLRCH4)
(  339) WRITE (KLUN) LYLRCH4
(  340) IF (LYLRCH4) THEN
(  341)   CALL SAVE_TYPE_GFL_COMP (KLUN, YD%YLRCH4)
(  342) ENDIF
(  343) LYEMIS3D = ASSOCIATED (YD%YEMIS3D)
(  344) WRITE (KLUN) LYEMIS3D
(  345) IF (LYEMIS3D) THEN
(  346)   WRITE (KLUN) LBOUND (YD%YEMIS3D)
(  347)   WRITE (KLUN) UBOUND (YD%YEMIS3D)
(  348)   DO J1 = LBOUND (YD%YEMIS3D, 1), UBOUND (YD%YEMIS3D, 1)






NVFORTRAN (Version     24.5)          03/19/2025  06:54:44      page 129

(  349)     CALL SAVE_TYPE_GFL_COMP (KLUN, YD%YEMIS3D (J1))
(  350)   ENDDO
(  351) ENDIF
(  352) LYFORC = ASSOCIATED (YD%YFORC)
(  353) WRITE (KLUN) LYFORC
(  354) IF (LYFORC) THEN
(  355)   WRITE (KLUN) LBOUND (YD%YFORC)
(  356)   WRITE (KLUN) UBOUND (YD%YFORC)
(  357)   DO J1 = LBOUND (YD%YFORC, 1), UBOUND (YD%YFORC, 1)
(  358)     CALL SAVE_TYPE_GFL_COMP (KLUN, YD%YFORC (J1))
(  359)   ENDDO
(  360) ENDIF
(  361) LYEZDIAG = ASSOCIATED (YD%YEZDIAG)
(  362) WRITE (KLUN) LYEZDIAG
(  363) IF (LYEZDIAG) THEN
(  364)   WRITE (KLUN) LBOUND (YD%YEZDIAG)
(  365)   WRITE (KLUN) UBOUND (YD%YEZDIAG)
(  366)   DO J1 = LBOUND (YD%YEZDIAG, 1), UBOUND (YD%YEZDIAG, 1)
(  367)     CALL SAVE_TYPE_GFL_COMP (KLUN, YD%YEZDIAG (J1))
(  368)   ENDDO
(  369) ENDIF
(  370) LYERA40 = ASSOCIATED (YD%YERA40)
(  371) WRITE (KLUN) LYERA40
(  372) IF (LYERA40) THEN
(  373)   WRITE (KLUN) LBOUND (YD%YERA40)
(  374)   WRITE (KLUN) UBOUND (YD%YERA40)
(  375)   DO J1 = LBOUND (YD%YERA40, 1), UBOUND (YD%YERA40, 1)
(  376)     CALL SAVE_TYPE_GFL_COMP (KLUN, YD%YERA40 (J1))
(  377)   ENDDO
(  378) ENDIF
(  379) LYNOGW = ASSOCIATED (YD%YNOGW)
(  380) WRITE (KLUN) LYNOGW
(  381) IF (LYNOGW) THEN
(  382)   WRITE (KLUN) LBOUND (YD%YNOGW)
(  383)   WRITE (KLUN) UBOUND (YD%YNOGW)
(  384)   DO J1 = LBOUND (YD%YNOGW, 1), UBOUND (YD%YNOGW, 1)
(  385)     CALL SAVE_TYPE_GFL_COMP (KLUN, YD%YNOGW (J1))
(  386)   ENDDO
(  387) ENDIF
(  388) LYEDRP = ASSOCIATED (YD%YEDRP)
(  389) WRITE (KLUN) LYEDRP
(  390) IF (LYEDRP) THEN
(  391)   WRITE (KLUN) LBOUND (YD%YEDRP)
(  392)   WRITE (KLUN) UBOUND (YD%YEDRP)
(  393)   DO J1 = LBOUND (YD%YEDRP, 1), UBOUND (YD%YEDRP, 1)
(  394)     CALL SAVE_TYPE_GFL_COMP (KLUN, YD%YEDRP (J1))
(  395)   ENDDO
(  396) ENDIF
(  397) LYSLDIA = ASSOCIATED (YD%YSLDIA)
(  398) WRITE (KLUN) LYSLDIA
(  399) IF (LYSLDIA) THEN
(  400)   WRITE (KLUN) LBOUND (YD%YSLDIA)
(  401)   WRITE (KLUN) UBOUND (YD%YSLDIA)
(  402)   DO J1 = LBOUND (YD%YSLDIA, 1), UBOUND (YD%YSLDIA, 1)
(  403)     CALL SAVE_TYPE_GFL_COMP (KLUN, YD%YSLDIA (J1))
(  404)   ENDDO
(  405) ENDIF
(  406) LYAERAOT = ASSOCIATED (YD%YAERAOT)






NVFORTRAN (Version     24.5)          03/19/2025  06:54:44      page 130

(  407) WRITE (KLUN) LYAERAOT
(  408) IF (LYAERAOT) THEN
(  409)   WRITE (KLUN) LBOUND (YD%YAERAOT)
(  410)   WRITE (KLUN) UBOUND (YD%YAERAOT)
(  411)   DO J1 = LBOUND (YD%YAERAOT, 1), UBOUND (YD%YAERAOT, 1)
(  412)     CALL SAVE_TYPE_GFL_COMP (KLUN, YD%YAERAOT (J1))
(  413)   ENDDO
(  414) ENDIF
(  415) LYAERLISI = ASSOCIATED (YD%YAERLISI)
(  416) WRITE (KLUN) LYAERLISI
(  417) IF (LYAERLISI) THEN
(  418)   WRITE (KLUN) LBOUND (YD%YAERLISI)
(  419)   WRITE (KLUN) UBOUND (YD%YAERLISI)
(  420)   DO J1 = LBOUND (YD%YAERLISI, 1), UBOUND (YD%YAERLISI, 1)
(  421)     CALL SAVE_TYPE_GFL_COMP (KLUN, YD%YAERLISI (J1))
(  422)   ENDDO
(  423) ENDIF
(  424) LYAEROUT = ASSOCIATED (YD%YAEROUT)
(  425) WRITE (KLUN) LYAEROUT
(  426) IF (LYAEROUT) THEN
(  427)   WRITE (KLUN) LBOUND (YD%YAEROUT)
(  428)   WRITE (KLUN) UBOUND (YD%YAEROUT)
(  429)   DO J1 = LBOUND (YD%YAEROUT, 1), UBOUND (YD%YAEROUT, 1)
(  430)     CALL SAVE_TYPE_GFL_COMP (KLUN, YD%YAEROUT (J1))
(  431)   ENDDO
(  432) ENDIF
(  433) LYAEROCLIM = ASSOCIATED (YD%YAEROCLIM)
(  434) WRITE (KLUN) LYAEROCLIM
(  435) IF (LYAEROCLIM) THEN
(  436)   WRITE (KLUN) LBOUND (YD%YAEROCLIM)
(  437)   WRITE (KLUN) UBOUND (YD%YAEROCLIM)
(  438)   DO J1 = LBOUND (YD%YAEROCLIM, 1), UBOUND (YD%YAEROCLIM, 1)
(  439)     CALL SAVE_TYPE_GFL_COMP (KLUN, YD%YAEROCLIM (J1))
(  440)   ENDDO
(  441) ENDIF
(  442) LYUVP = ASSOCIATED (YD%YUVP)
(  443) WRITE (KLUN) LYUVP
(  444) IF (LYUVP) THEN
(  445)   WRITE (KLUN) LBOUND (YD%YUVP)
(  446)   WRITE (KLUN) UBOUND (YD%YUVP)
(  447)   DO J1 = LBOUND (YD%YUVP, 1), UBOUND (YD%YUVP, 1)
(  448)     CALL SAVE_TYPE_GFL_COMP (KLUN, YD%YUVP (J1))
(  449)   ENDDO
(  450) ENDIF
(  451) LYPHYS = ASSOCIATED (YD%YPHYS)
(  452) WRITE (KLUN) LYPHYS
(  453) IF (LYPHYS) THEN
(  454)   WRITE (KLUN) LBOUND (YD%YPHYS)
(  455)   WRITE (KLUN) UBOUND (YD%YPHYS)
(  456)   DO J1 = LBOUND (YD%YPHYS, 1), UBOUND (YD%YPHYS, 1)
(  457)     CALL SAVE_TYPE_GFL_COMP (KLUN, YD%YPHYS (J1))
(  458)   ENDDO
(  459) ENDIF
(  460) LYPHYCTY = ASSOCIATED (YD%YPHYCTY)
(  461) WRITE (KLUN) LYPHYCTY
(  462) IF (LYPHYCTY) THEN
(  463)   CALL SAVE_TYPE_GFL_COMP (KLUN, YD%YPHYCTY)
(  464) ENDIF






NVFORTRAN (Version     24.5)          03/19/2025  06:54:44      page 131

(  465) LYRSPEC = ASSOCIATED (YD%YRSPEC)
(  466) WRITE (KLUN) LYRSPEC
(  467) IF (LYRSPEC) THEN
(  468)   CALL SAVE_TYPE_GFL_COMP (KLUN, YD%YRSPEC)
(  469) ENDIF
(  470) LYSDSAT = ASSOCIATED (YD%YSDSAT)
(  471) WRITE (KLUN) LYSDSAT
(  472) IF (LYSDSAT) THEN
(  473)   CALL SAVE_TYPE_GFL_COMP (KLUN, YD%YSDSAT)
(  474) ENDIF
(  475) LYCVV = ASSOCIATED (YD%YCVV)
(  476) WRITE (KLUN) LYCVV
(  477) IF (LYCVV) THEN
(  478)   CALL SAVE_TYPE_GFL_COMP (KLUN, YD%YCVV)
(  479) ENDIF
(  480) LYRKTH = ASSOCIATED (YD%YRKTH)
(  481) WRITE (KLUN) LYRKTH
(  482) IF (LYRKTH) THEN
(  483)   CALL SAVE_TYPE_GFL_COMP (KLUN, YD%YRKTH)
(  484) ENDIF
(  485) LYRKTQV = ASSOCIATED (YD%YRKTQV)
(  486) WRITE (KLUN) LYRKTQV
(  487) IF (LYRKTQV) THEN
(  488)   CALL SAVE_TYPE_GFL_COMP (KLUN, YD%YRKTQV)
(  489) ENDIF
(  490) LYRKTQC = ASSOCIATED (YD%YRKTQC)
(  491) WRITE (KLUN) LYRKTQC
(  492) IF (LYRKTQC) THEN
(  493)   CALL SAVE_TYPE_GFL_COMP (KLUN, YD%YRKTQC)
(  494) ENDIF
(  495) LYUOM = ASSOCIATED (YD%YUOM)
(  496) WRITE (KLUN) LYUOM
(  497) IF (LYUOM) THEN
(  498)   CALL SAVE_TYPE_GFL_COMP (KLUN, YD%YUOM)
(  499) ENDIF
(  500) LYUAL = ASSOCIATED (YD%YUAL)
(  501) WRITE (KLUN) LYUAL
(  502) IF (LYUAL) THEN
(  503)   CALL SAVE_TYPE_GFL_COMP (KLUN, YD%YUAL)
(  504) ENDIF
(  505) LYDOM = ASSOCIATED (YD%YDOM)
(  506) WRITE (KLUN) LYDOM
(  507) IF (LYDOM) THEN
(  508)   CALL SAVE_TYPE_GFL_COMP (KLUN, YD%YDOM)
(  509) ENDIF
(  510) LYDAL = ASSOCIATED (YD%YDAL)
(  511) WRITE (KLUN) LYDAL
(  512) IF (LYDAL) THEN
(  513)   CALL SAVE_TYPE_GFL_COMP (KLUN, YD%YDAL)
(  514) ENDIF
(  515) LYUEN = ASSOCIATED (YD%YUEN)
(  516) WRITE (KLUN) LYUEN
(  517) IF (LYUEN) THEN
(  518)   CALL SAVE_TYPE_GFL_COMP (KLUN, YD%YUEN)
(  519) ENDIF
(  520) LYUNEBH = ASSOCIATED (YD%YUNEBH)
(  521) WRITE (KLUN) LYUNEBH
(  522) IF (LYUNEBH) THEN






NVFORTRAN (Version     24.5)          03/19/2025  06:54:44      page 132

(  523)   CALL SAVE_TYPE_GFL_COMP (KLUN, YD%YUNEBH)
(  524) ENDIF
(  525) LYLIMA = ASSOCIATED (YD%YLIMA)
(  526) WRITE (KLUN) LYLIMA
(  527) IF (LYLIMA) THEN
(  528)   WRITE (KLUN) LBOUND (YD%YLIMA)
(  529)   WRITE (KLUN) UBOUND (YD%YLIMA)
(  530)   DO J1 = LBOUND (YD%YLIMA, 1), UBOUND (YD%YLIMA, 1)
(  531)     CALL SAVE_TYPE_GFL_COMP (KLUN, YD%YLIMA (J1))
(  532)   ENDDO
(  533) ENDIF
(  534) LYFSD = ASSOCIATED (YD%YFSD)
(  535) WRITE (KLUN) LYFSD
(  536) IF (LYFSD) THEN
(  537)   CALL SAVE_TYPE_GFL_COMP (KLUN, YD%YFSD)
(  538) ENDIF
(  539) LYEXT = ASSOCIATED (YD%YEXT)
(  540) WRITE (KLUN) LYEXT
(  541) IF (LYEXT) THEN
(  542)   WRITE (KLUN) LBOUND (YD%YEXT)
(  543)   WRITE (KLUN) UBOUND (YD%YEXT)
(  544)   DO J1 = LBOUND (YD%YEXT, 1), UBOUND (YD%YEXT, 1)
(  545)     CALL SAVE_TYPE_GFL_COMP (KLUN, YD%YEXT (J1))
(  546)   ENDDO
(  547) ENDIF
(  548) CALL SAVE_TYPE_GFL_NAML (KLUN, YD%YQ_NL)
(  549) CALL SAVE_TYPE_GFL_NAML (KLUN, YD%YI_NL)
(  550) CALL SAVE_TYPE_GFL_NAML (KLUN, YD%YL_NL)
(  551) CALL SAVE_TYPE_GFL_NAML (KLUN, YD%YLCONV_NL)
(  552) CALL SAVE_TYPE_GFL_NAML (KLUN, YD%YICONV_NL)
(  553) CALL SAVE_TYPE_GFL_NAML (KLUN, YD%YRCONV_NL)
(  554) CALL SAVE_TYPE_GFL_NAML (KLUN, YD%YSCONV_NL)
(  555) CALL SAVE_TYPE_GFL_NAML (KLUN, YD%YIRAD_NL)
(  556) CALL SAVE_TYPE_GFL_NAML (KLUN, YD%YLRAD_NL)
(  557) CALL SAVE_TYPE_GFL_NAML (KLUN, YD%YS_NL)
(  558) CALL SAVE_TYPE_GFL_NAML (KLUN, YD%YR_NL)
(  559) CALL SAVE_TYPE_GFL_NAML (KLUN, YD%YG_NL)
(  560) CALL SAVE_TYPE_GFL_NAML (KLUN, YD%YH_NL)
(  561) CALL SAVE_TYPE_GFL_NAML (KLUN, YD%YTKE_NL)
(  562) CALL SAVE_TYPE_GFL_NAML (KLUN, YD%YTTE_NL)
(  563) CALL SAVE_TYPE_GFL_NAML (KLUN, YD%YEFB1_NL)
(  564) CALL SAVE_TYPE_GFL_NAML (KLUN, YD%YEFB2_NL)
(  565) CALL SAVE_TYPE_GFL_NAML (KLUN, YD%YEFB3_NL)
(  566) CALL SAVE_TYPE_GFL_NAML (KLUN, YD%YA_NL)
(  567) CALL SAVE_TYPE_GFL_NAML (KLUN, YD%YO3_NL)
(  568) CALL SAVE_TYPE_GFL_NAML (KLUN, YD%YSRC_NL)
(  569) CALL SAVE_TYPE_GFL_NAML (KLUN, YD%YAMF_NL)
(  570) CALL SAVE_TYPE_GFL_NAML (KLUN, YD%YLMF_NL)
(  571) CALL SAVE_TYPE_GFL_NAML (KLUN, YD%YIMF_NL)
(  572) CALL SAVE_TYPE_GFL_NAML (KLUN, YD%YMXL_NL)
(  573) CALL SAVE_TYPE_GFL_NAML (KLUN, YD%YSHTUR_NL)
(  574) CALL SAVE_TYPE_GFL_NAML (KLUN, YD%YFQTUR_NL)
(  575) CALL SAVE_TYPE_GFL_NAML (KLUN, YD%YFSTUR_NL)
(  576) CALL SAVE_TYPE_GFL_NAML (KLUN, YD%YCPF_NL)
(  577) CALL SAVE_TYPE_GFL_NAML (KLUN, YD%YSPF_NL)
(  578) CALL SAVE_TYPE_GFL_NAML (KLUN, YD%YCVGQ_NL)
(  579) CALL SAVE_TYPE_GFL_NAML (KLUN, YD%YQVA_NL)
(  580) DO J1 = LBOUND (YD%YGHG_NL, 1), UBOUND (YD%YGHG_NL, 1)






NVFORTRAN (Version     24.5)          03/19/2025  06:54:44      page 133

(  581)   CALL SAVE_TYPE_GFL_NAML (KLUN, YD%YGHG_NL (J1))
(  582) ENDDO
(  583) DO J1 = LBOUND (YD%YCHEM_NL, 1), UBOUND (YD%YCHEM_NL, 1)
(  584)   CALL SAVE_TYPE_GFL_NAML (KLUN, YD%YCHEM_NL (J1))
(  585) ENDDO
(  586) DO J1 = LBOUND (YD%YAERO_NL, 1), UBOUND (YD%YAERO_NL, 1)
(  587)   CALL SAVE_TYPE_GFL_NAML (KLUN, YD%YAERO_NL (J1))
(  588) ENDDO
(  589) DO J1 = LBOUND (YD%YERA40_NL, 1), UBOUND (YD%YERA40_NL, 1)
(  590)   CALL SAVE_TYPE_GFL_NAML (KLUN, YD%YERA40_NL (J1))
(  591) ENDDO
(  592) DO J1 = LBOUND (YD%YNOGW_NL, 1), UBOUND (YD%YNOGW_NL, 1)
(  593)   CALL SAVE_TYPE_GFL_NAML (KLUN, YD%YNOGW_NL (J1))
(  594) ENDDO
(  595) DO J1 = LBOUND (YD%YEDRP_NL, 1), UBOUND (YD%YEDRP_NL, 1)
(  596)   CALL SAVE_TYPE_GFL_NAML (KLUN, YD%YEDRP_NL (J1))
(  597) ENDDO
(  598) DO J1 = LBOUND (YD%YSLDIA_NL, 1), UBOUND (YD%YSLDIA_NL, 1)
(  599)   CALL SAVE_TYPE_GFL_NAML (KLUN, YD%YSLDIA_NL (J1))
(  600) ENDDO
(  601) CALL SAVE_TYPE_GFL_NAML (KLUN, YD%YLRCH4_NL)
(  602) DO J1 = LBOUND (YD%YAERAOT_NL, 1), UBOUND (YD%YAERAOT_NL, 1)
(  603)   CALL SAVE_TYPE_GFL_NAML (KLUN, YD%YAERAOT_NL (J1))
(  604) ENDDO
(  605) DO J2 = LBOUND (YD%YAERLISI_NL, 2), UBOUND (YD%YAERLISI_NL, 2)
(  606)   DO J1 = LBOUND (YD%YAERLISI_NL, 1), UBOUND (YD%YAERLISI_NL, 1)
(  607)     CALL SAVE_TYPE_GFL_NAML (KLUN, YD%YAERLISI_NL (J1, J2))
(  608)   ENDDO
(  609) ENDDO
(  610) DO J1 = LBOUND (YD%YAEROUT_NL, 1), UBOUND (YD%YAEROUT_NL, 1)
(  611)   CALL SAVE_TYPE_GFL_NAML (KLUN, YD%YAEROUT_NL (J1))
(  612) ENDDO
(  613) DO J1 = LBOUND (YD%YAEROCLIM_NL, 1), UBOUND (YD%YAEROCLIM_NL, 1)
(  614)   CALL SAVE_TYPE_GFL_NAML (KLUN, YD%YAEROCLIM_NL (J1))
(  615) ENDDO
(  616) DO J1 = LBOUND (YD%YUVP_NL, 1), UBOUND (YD%YUVP_NL, 1)
(  617)   CALL SAVE_TYPE_GFL_NAML (KLUN, YD%YUVP_NL (J1))
(  618) ENDDO
(  619) CALL SAVE_TYPE_GFL_NAML (KLUN, YD%YRKTH_NL)
(  620) CALL SAVE_TYPE_GFL_NAML (KLUN, YD%YRKTQV_NL)
(  621) CALL SAVE_TYPE_GFL_NAML (KLUN, YD%YRKTQC_NL)
(  622) CALL SAVE_TYPE_GFL_NAML (KLUN, YD%YPHYCTY_NL)
(  623) CALL SAVE_TYPE_GFL_NAML (KLUN, YD%YFSD_NL)
(  624) CALL SAVE_TYPE_GFL_NAML (KLUN, YD%YRSPEC_NL)
(  625) CALL SAVE_TYPE_GFL_NAML (KLUN, YD%YSDSAT_NL)
(  626) CALL SAVE_TYPE_GFL_NAML (KLUN, YD%YCVV_NL)
(  627) DO J1 = LBOUND (YD%YFORC_NL, 1), UBOUND (YD%YFORC_NL, 1)
(  628)   CALL SAVE_TYPE_GFL_NAML (KLUN, YD%YFORC_NL (J1))
(  629) ENDDO
(  630) DO J1 = LBOUND (YD%YEZDIAG_NL, 1), UBOUND (YD%YEZDIAG_NL, 1)
(  631)   CALL SAVE_TYPE_GFL_NAML (KLUN, YD%YEZDIAG_NL (J1))
(  632) ENDDO
(  633) DO J1 = LBOUND (YD%YEXT_NL, 1), UBOUND (YD%YEXT_NL, 1)
(  634)   CALL SAVE_TYPE_GFL_NAML (KLUN, YD%YEXT_NL (J1))
(  635) ENDDO
(  636) CALL SAVE_TYPE_GFL_NAML (KLUN, YD%YUOM_NL)
(  637) CALL SAVE_TYPE_GFL_NAML (KLUN, YD%YUAL_NL)
(  638) CALL SAVE_TYPE_GFL_NAML (KLUN, YD%YDOM_NL)






NVFORTRAN (Version     24.5)          03/19/2025  06:54:44      page 134

(  639) CALL SAVE_TYPE_GFL_NAML (KLUN, YD%YDAL_NL)
(  640) CALL SAVE_TYPE_GFL_NAML (KLUN, YD%YUEN_NL)
(  641) CALL SAVE_TYPE_GFL_NAML (KLUN, YD%YUNEBH_NL)
(  642) DO J1 = LBOUND (YD%YAERO_WVL_DIAG_NL, 1), UBOUND (YD%YAERO_WVL_DIAG_NL, 1)
(  643)   CALL SAVE_TYPE_AERO_WVL_DIAG (KLUN, YD%YAERO_WVL_DIAG_NL (J1))
(  644) ENDDO
(  645) DO J1 = LBOUND (YD%YLIMA_NL, 1), UBOUND (YD%YLIMA_NL, 1)
(  646)   CALL SAVE_TYPE_GFL_NAML (KLUN, YD%YLIMA_NL (J1))
(  647) ENDDO
(  648) END SUBROUTINE
(  649) # 650 "./util_type_gfld_mod.F90"
(  650) SUBROUTINE LOAD_TYPE_GFLD (KLUN, YD)
(  651) USE UTIL_TYPE_AERO_WVL_DIAG_MOD
(  652) USE UTIL_TYPE_GFL_COMP_MOD
(  653) USE UTIL_TYPE_GFL_NAML_MOD
(  654) USE PARKIND1, ONLY : JPRD
(  655) # 656 "./util_type_gfld_mod.F90"
(  656) IMPLICIT NONE
(  657) INTEGER, INTENT (IN) :: KLUN
(  658) TYPE (TYPE_GFLD), INTENT (OUT), TARGET :: YD
(  659) INTEGER :: J1, J2
(  660) INTEGER :: IL1(1), IU1(1)
(  661) LOGICAL :: LYA, LYAERAOT, LYAERLISI, LYAERO, LYAEROCLIM, LYAEROUT, LYAMF, LYCHEM, LYCPF, LYCVGQ
(  662) LOGICAL :: LYCVV, LYDAL, LYDOM, LYEDRP, LYEFB1, LYEFB2, LYEFB3, LYEMIS3D, LYERA40, LYEXT
(  663) LOGICAL :: LYEZDIAG, LYFORC, LYFQTUR, LYFSD, LYFSTUR, LYG, LYGHG, LYH, LYI, LYICONV
(  664) LOGICAL :: LYIMF, LYIRAD, LYL, LYLASTCOMP, LYLCONV, LYLIMA, LYLMF, LYLRAD, LYLRCH4, LYMXL
(  665) LOGICAL :: LYNOGW, LYO3, LYPHYCTY, LYPHYS, LYQ, LYQVA, LYR, LYRCONV, LYRKTH, LYRKTQC
(  666) LOGICAL :: LYRKTQV, LYRSPEC, LYS, LYSCONV, LYSDSAT, LYSHTUR, LYSLDIA, LYSPF, LYSRC, LYTKE
(  667) LOGICAL :: LYTTE, LYUAL, LYUEN, LYUNEBH, LYUOM, LYUVP
(  668) REAL(KIND=JPRD) :: ZTMP0
(  669) READ (KLUN) YD%NUMFLDS
(  670) READ (KLUN) YD%NDERS
(  671) READ (KLUN) YD%NUMSPFLDS
(  672) READ (KLUN) YD%NUMGPFLDS
(  673) READ (KLUN) YD%NUMFLDS9
(  674) READ (KLUN) YD%NUMFLDS1
(  675) READ (KLUN) YD%NUMSPFLDS1
(  676) READ (KLUN) YD%NUMFLDS5
(  677) READ (KLUN) YD%NUMFLDSPHY
(  678) READ (KLUN) YD%NUMFLDS_SPL
(  679) READ (KLUN) YD%NUMFLDS_SL1
(  680) READ (KLUN) YD%NUMFLDSPC
(  681) READ (KLUN) YD%NDIM
(  682) READ (KLUN) YD%NUMFLDSPT
(  683) READ (KLUN) YD%NDIM0
(  684) READ (KLUN) YD%NDIM9
(  685) READ (KLUN) YD%NDIM1
(  686) READ (KLUN) YD%NDIM5
(  687) READ (KLUN) YD%NDIMSLP
(  688) READ (KLUN) YD%NDIM_SPL
(  689) READ (KLUN) YD%NDIMPT
(  690) READ (KLUN) YD%NDIMPC
(  691) READ (KLUN) YD%NGFL_EXT
(  692) READ (KLUN) YD%NGFL_FORC
(  693) READ (KLUN) YD%NGFL_EZDIAG
(  694) READ (KLUN) YD%NGHG
(  695) READ (KLUN) YD%NGHG_ASSIM
(  696) READ (KLUN) YD%NAERO






NVFORTRAN (Version     24.5)          03/19/2025  06:54:44      page 135

(  697) READ (KLUN) YD%NACTAERO
(  698) READ (KLUN) YD%NDDHAERO
(  699) READ (KLUN) YD%NERA40
(  700) READ (KLUN) YD%NNOGW
(  701) READ (KLUN) YD%NEDRP
(  702) READ (KLUN) YD%NAEROUT
(  703) READ (KLUN) YD%NAEROCLIM
(  704) READ (KLUN) YD%NUVP
(  705) READ (KLUN) YD%NSLDIA
(  706) READ (KLUN) YD%NSLDIAGP
(  707) READ (KLUN) YD%NFSD
(  708) READ (KLUN) YD%LAERCHEM
(  709) READ (KLUN) YD%LTRCMFIX
(  710) READ (KLUN) YD%LTRCMFIX_PS
(  711) READ (KLUN) YD%LTRCMFQM
(  712) READ (KLUN) YD%LAERAOT
(  713) READ (KLUN) YD%LAERLISI
(  714) READ (KLUN) YD%LAEROUT
(  715) READ (KLUN) YD%LAEROCLIM
(  716) READ (KLUN) YD%LUVPOUT
(  717) READ (KLUN) YD%LSPPTGFL
(  718) READ (KLUN) YD%NGEMS
(  719) READ (KLUN) YD%NCHEM
(  720) READ (KLUN) YD%NCHEM_ASSIM
(  721) READ (KLUN) YD%NCHEM_FLXO
(  722) READ (KLUN) YD%NCHEM_WDFLX
(  723) READ (KLUN) YD%NCHEM_DDFLX
(  724) READ (KLUN) YD%NCHEM_DV
(  725) READ (KLUN) YD%NCHEM_TC
(  726) READ (KLUN) YD%NCHEM_SCV
(  727) READ (KLUN) YD%NEMIS2D
(  728) READ (KLUN) YD%NEMIS2DAUX
(  729) READ (KLUN) YD%NEMIS3D
(  730) READ (KLUN) YD%NLIMA
(  731) READ (KLUN) YD%NAERO_WVL_DIAG
(  732) READ (KLUN) YD%NAERO_WVL_DIAG_TYPES
(  733) READ (KLUN) YD%NCHEMSULF1
(  734) READ (KLUN) YD%NCHEMHNO3
(  735) READ (KLUN) YD%NNEGAFIX
(  736) READ (KLUN) YD%NOPTNEGFIX
(  737) READ (KLUN) YD%LQM3DCONS
(  738) READ (KLUN) YD%LADVNEGFIX
(  739) READ (KLUN) YD%LTRCMFBC
(  740) READ (KLUN) YD%LTRCMFPR
(  741) READ (KLUN) YD%LTRCMFMG
(  742) READ (KLUN) YD%LTRCMFP
(  743) READ (KLUN) YD%LTRCMFA_DIF
(  744) READ (KLUN) YD%LTRCMFA_LAP
(  745) READ (KLUN) YD%LTRCMFA_VER
(  746) READ (KLUN) YD%LEXTRADF
(  747) READ (KLUN) YD%NFLDSFIX
(  748) READ (KLUN) YD%NOPTMFBC
(  749) READ (KLUN) YD%NOPTMFPR
(  750) READ (KLUN) YD%NOPTVFE
(  751) READ (KLUN) YD%NMFDIAGLEV
(  752) READ (KLUN) YD%NMFIXFLDS
(  753) READ (KLUN) YD%NNEGFLDS
(  754) READ (KLUN) ZTMP0






NVFORTRAN (Version     24.5)          03/19/2025  06:54:44      page 136

(  755) YD%ZMFIXEPS = ZTMP0
(  756) READ (KLUN) YD%NFMG
(  757) READ (KLUN) YD%NMGFLDS
(  758) DO J1 = LBOUND (YD%YCOMP, 1), UBOUND (YD%YCOMP, 1)
(  759)   CALL LOAD_TYPE_GFL_COMP (KLUN, YD%YCOMP (J1))
(  760) ENDDO
(  761) READ (KLUN) LYLASTCOMP
(  762) IF (LYLASTCOMP) THEN
(  763)   ALLOCATE (YD%YLASTCOMP)
(  764)   CALL LOAD_TYPE_GFL_COMP (KLUN, YD%YLASTCOMP)
(  765) ELSE
(  766)   NULLIFY (YD%YLASTCOMP)
(  767) ENDIF
(  768) READ (KLUN) LYQ
(  769) IF (LYQ) THEN
(  770)   ALLOCATE (YD%YQ)
(  771)   CALL LOAD_TYPE_GFL_COMP (KLUN, YD%YQ)
(  772) ELSE
(  773)   NULLIFY (YD%YQ)
(  774) ENDIF
(  775) READ (KLUN) LYI
(  776) IF (LYI) THEN
(  777)   ALLOCATE (YD%YI)
(  778)   CALL LOAD_TYPE_GFL_COMP (KLUN, YD%YI)
(  779) ELSE
(  780)   NULLIFY (YD%YI)
(  781) ENDIF
(  782) READ (KLUN) LYL
(  783) IF (LYL) THEN
(  784)   ALLOCATE (YD%YL)
(  785)   CALL LOAD_TYPE_GFL_COMP (KLUN, YD%YL)
(  786) ELSE
(  787)   NULLIFY (YD%YL)
(  788) ENDIF
(  789) READ (KLUN) LYLCONV
(  790) IF (LYLCONV) THEN
(  791)   ALLOCATE (YD%YLCONV)
(  792)   CALL LOAD_TYPE_GFL_COMP (KLUN, YD%YLCONV)
(  793) ELSE
(  794)   NULLIFY (YD%YLCONV)
(  795) ENDIF
(  796) READ (KLUN) LYICONV
(  797) IF (LYICONV) THEN
(  798)   ALLOCATE (YD%YICONV)
(  799)   CALL LOAD_TYPE_GFL_COMP (KLUN, YD%YICONV)
(  800) ELSE
(  801)   NULLIFY (YD%YICONV)
(  802) ENDIF
(  803) READ (KLUN) LYRCONV
(  804) IF (LYRCONV) THEN
(  805)   ALLOCATE (YD%YRCONV)
(  806)   CALL LOAD_TYPE_GFL_COMP (KLUN, YD%YRCONV)
(  807) ELSE
(  808)   NULLIFY (YD%YRCONV)
(  809) ENDIF
(  810) READ (KLUN) LYSCONV
(  811) IF (LYSCONV) THEN
(  812)   ALLOCATE (YD%YSCONV)






NVFORTRAN (Version     24.5)          03/19/2025  06:54:44      page 137

(  813)   CALL LOAD_TYPE_GFL_COMP (KLUN, YD%YSCONV)
(  814) ELSE
(  815)   NULLIFY (YD%YSCONV)
(  816) ENDIF
(  817) READ (KLUN) LYIRAD
(  818) IF (LYIRAD) THEN
(  819)   ALLOCATE (YD%YIRAD)
(  820)   CALL LOAD_TYPE_GFL_COMP (KLUN, YD%YIRAD)
(  821) ELSE
(  822)   NULLIFY (YD%YIRAD)
(  823) ENDIF
(  824) READ (KLUN) LYLRAD
(  825) IF (LYLRAD) THEN
(  826)   ALLOCATE (YD%YLRAD)
(  827)   CALL LOAD_TYPE_GFL_COMP (KLUN, YD%YLRAD)
(  828) ELSE
(  829)   NULLIFY (YD%YLRAD)
(  830) ENDIF
(  831) READ (KLUN) LYS
(  832) IF (LYS) THEN
(  833)   ALLOCATE (YD%YS)
(  834)   CALL LOAD_TYPE_GFL_COMP (KLUN, YD%YS)
(  835) ELSE
(  836)   NULLIFY (YD%YS)
(  837) ENDIF
(  838) READ (KLUN) LYR
(  839) IF (LYR) THEN
(  840)   ALLOCATE (YD%YR)
(  841)   CALL LOAD_TYPE_GFL_COMP (KLUN, YD%YR)
(  842) ELSE
(  843)   NULLIFY (YD%YR)
(  844) ENDIF
(  845) READ (KLUN) LYG
(  846) IF (LYG) THEN
(  847)   ALLOCATE (YD%YG)
(  848)   CALL LOAD_TYPE_GFL_COMP (KLUN, YD%YG)
(  849) ELSE
(  850)   NULLIFY (YD%YG)
(  851) ENDIF
(  852) READ (KLUN) LYH
(  853) IF (LYH) THEN
(  854)   ALLOCATE (YD%YH)
(  855)   CALL LOAD_TYPE_GFL_COMP (KLUN, YD%YH)
(  856) ELSE
(  857)   NULLIFY (YD%YH)
(  858) ENDIF
(  859) READ (KLUN) LYTKE
(  860) IF (LYTKE) THEN
(  861)   ALLOCATE (YD%YTKE)
(  862)   CALL LOAD_TYPE_GFL_COMP (KLUN, YD%YTKE)
(  863) ELSE
(  864)   NULLIFY (YD%YTKE)
(  865) ENDIF
(  866) READ (KLUN) LYTTE
(  867) IF (LYTTE) THEN
(  868)   ALLOCATE (YD%YTTE)
(  869)   CALL LOAD_TYPE_GFL_COMP (KLUN, YD%YTTE)
(  870) ELSE






NVFORTRAN (Version     24.5)          03/19/2025  06:54:44      page 138

(  871)   NULLIFY (YD%YTTE)
(  872) ENDIF
(  873) READ (KLUN) LYEFB1
(  874) IF (LYEFB1) THEN
(  875)   ALLOCATE (YD%YEFB1)
(  876)   CALL LOAD_TYPE_GFL_COMP (KLUN, YD%YEFB1)
(  877) ELSE
(  878)   NULLIFY (YD%YEFB1)
(  879) ENDIF
(  880) READ (KLUN) LYEFB2
(  881) IF (LYEFB2) THEN
(  882)   ALLOCATE (YD%YEFB2)
(  883)   CALL LOAD_TYPE_GFL_COMP (KLUN, YD%YEFB2)
(  884) ELSE
(  885)   NULLIFY (YD%YEFB2)
(  886) ENDIF
(  887) READ (KLUN) LYEFB3
(  888) IF (LYEFB3) THEN
(  889)   ALLOCATE (YD%YEFB3)
(  890)   CALL LOAD_TYPE_GFL_COMP (KLUN, YD%YEFB3)
(  891) ELSE
(  892)   NULLIFY (YD%YEFB3)
(  893) ENDIF
(  894) READ (KLUN) LYA
(  895) IF (LYA) THEN
(  896)   ALLOCATE (YD%YA)
(  897)   CALL LOAD_TYPE_GFL_COMP (KLUN, YD%YA)
(  898) ELSE
(  899)   NULLIFY (YD%YA)
(  900) ENDIF
(  901) READ (KLUN) LYO3
(  902) IF (LYO3) THEN
(  903)   ALLOCATE (YD%YO3)
(  904)   CALL LOAD_TYPE_GFL_COMP (KLUN, YD%YO3)
(  905) ELSE
(  906)   NULLIFY (YD%YO3)
(  907) ENDIF
(  908) READ (KLUN) LYSRC
(  909) IF (LYSRC) THEN
(  910)   ALLOCATE (YD%YSRC)
(  911)   CALL LOAD_TYPE_GFL_COMP (KLUN, YD%YSRC)
(  912) ELSE
(  913)   NULLIFY (YD%YSRC)
(  914) ENDIF
(  915) READ (KLUN) LYLMF
(  916) IF (LYLMF) THEN
(  917)   ALLOCATE (YD%YLMF)
(  918)   CALL LOAD_TYPE_GFL_COMP (KLUN, YD%YLMF)
(  919) ELSE
(  920)   NULLIFY (YD%YLMF)
(  921) ENDIF
(  922) READ (KLUN) LYIMF
(  923) IF (LYIMF) THEN
(  924)   ALLOCATE (YD%YIMF)
(  925)   CALL LOAD_TYPE_GFL_COMP (KLUN, YD%YIMF)
(  926) ELSE
(  927)   NULLIFY (YD%YIMF)
(  928) ENDIF






NVFORTRAN (Version     24.5)          03/19/2025  06:54:44      page 139

(  929) READ (KLUN) LYAMF
(  930) IF (LYAMF) THEN
(  931)   ALLOCATE (YD%YAMF)
(  932)   CALL LOAD_TYPE_GFL_COMP (KLUN, YD%YAMF)
(  933) ELSE
(  934)   NULLIFY (YD%YAMF)
(  935) ENDIF
(  936) READ (KLUN) LYMXL
(  937) IF (LYMXL) THEN
(  938)   ALLOCATE (YD%YMXL)
(  939)   CALL LOAD_TYPE_GFL_COMP (KLUN, YD%YMXL)
(  940) ELSE
(  941)   NULLIFY (YD%YMXL)
(  942) ENDIF
(  943) READ (KLUN) LYSHTUR
(  944) IF (LYSHTUR) THEN
(  945)   ALLOCATE (YD%YSHTUR)
(  946)   CALL LOAD_TYPE_GFL_COMP (KLUN, YD%YSHTUR)
(  947) ELSE
(  948)   NULLIFY (YD%YSHTUR)
(  949) ENDIF
(  950) READ (KLUN) LYFQTUR
(  951) IF (LYFQTUR) THEN
(  952)   ALLOCATE (YD%YFQTUR)
(  953)   CALL LOAD_TYPE_GFL_COMP (KLUN, YD%YFQTUR)
(  954) ELSE
(  955)   NULLIFY (YD%YFQTUR)
(  956) ENDIF
(  957) READ (KLUN) LYFSTUR
(  958) IF (LYFSTUR) THEN
(  959)   ALLOCATE (YD%YFSTUR)
(  960)   CALL LOAD_TYPE_GFL_COMP (KLUN, YD%YFSTUR)
(  961) ELSE
(  962)   NULLIFY (YD%YFSTUR)
(  963) ENDIF
(  964) READ (KLUN) LYCPF
(  965) IF (LYCPF) THEN
(  966)   ALLOCATE (YD%YCPF)
(  967)   CALL LOAD_TYPE_GFL_COMP (KLUN, YD%YCPF)
(  968) ELSE
(  969)   NULLIFY (YD%YCPF)
(  970) ENDIF
(  971) READ (KLUN) LYSPF
(  972) IF (LYSPF) THEN
(  973)   ALLOCATE (YD%YSPF)
(  974)   CALL LOAD_TYPE_GFL_COMP (KLUN, YD%YSPF)
(  975) ELSE
(  976)   NULLIFY (YD%YSPF)
(  977) ENDIF
(  978) READ (KLUN) LYCVGQ
(  979) IF (LYCVGQ) THEN
(  980)   ALLOCATE (YD%YCVGQ)
(  981)   CALL LOAD_TYPE_GFL_COMP (KLUN, YD%YCVGQ)
(  982) ELSE
(  983)   NULLIFY (YD%YCVGQ)
(  984) ENDIF
(  985) READ (KLUN) LYQVA
(  986) IF (LYQVA) THEN






NVFORTRAN (Version     24.5)          03/19/2025  06:54:44      page 140

(  987)   ALLOCATE (YD%YQVA)
(  988)   CALL LOAD_TYPE_GFL_COMP (KLUN, YD%YQVA)
(  989) ELSE
(  990)   NULLIFY (YD%YQVA)
(  991) ENDIF
(  992) READ (KLUN) LYGHG
(  993) IF (LYGHG) THEN
(  994)   READ (KLUN) IL1
(  995)   READ (KLUN) IU1
(  996)   ALLOCATE (YD%YGHG (IL1(1):IU1(1)))
(  997)   DO J1 = LBOUND (YD%YGHG, 1), UBOUND (YD%YGHG, 1)
(  998)     CALL LOAD_TYPE_GFL_COMP (KLUN, YD%YGHG (J1))
(  999)   ENDDO
( 1000) ELSE
( 1001)   NULLIFY (YD%YGHG)
( 1002) ENDIF
( 1003) READ (KLUN) LYCHEM
( 1004) IF (LYCHEM) THEN
( 1005)   READ (KLUN) IL1
( 1006)   READ (KLUN) IU1
( 1007)   ALLOCATE (YD%YCHEM (IL1(1):IU1(1)))
( 1008)   DO J1 = LBOUND (YD%YCHEM, 1), UBOUND (YD%YCHEM, 1)
( 1009)     CALL LOAD_TYPE_GFL_COMP (KLUN, YD%YCHEM (J1))
( 1010)   ENDDO
( 1011) ELSE
( 1012)   NULLIFY (YD%YCHEM)
( 1013) ENDIF
( 1014) READ (KLUN) LYAERO
( 1015) IF (LYAERO) THEN
( 1016)   READ (KLUN) IL1
( 1017)   READ (KLUN) IU1
( 1018)   ALLOCATE (YD%YAERO (IL1(1):IU1(1)))
( 1019)   DO J1 = LBOUND (YD%YAERO, 1), UBOUND (YD%YAERO, 1)
( 1020)     CALL LOAD_TYPE_GFL_COMP (KLUN, YD%YAERO (J1))
( 1021)   ENDDO
( 1022) ELSE
( 1023)   NULLIFY (YD%YAERO)
( 1024) ENDIF
( 1025) READ (KLUN) LYLRCH4
( 1026) IF (LYLRCH4) THEN
( 1027)   ALLOCATE (YD%YLRCH4)
( 1028)   CALL LOAD_TYPE_GFL_COMP (KLUN, YD%YLRCH4)
( 1029) ELSE
( 1030)   NULLIFY (YD%YLRCH4)
( 1031) ENDIF
( 1032) READ (KLUN) LYEMIS3D
( 1033) IF (LYEMIS3D) THEN
( 1034)   READ (KLUN) IL1
( 1035)   READ (KLUN) IU1
( 1036)   ALLOCATE (YD%YEMIS3D (IL1(1):IU1(1)))
( 1037)   DO J1 = LBOUND (YD%YEMIS3D, 1), UBOUND (YD%YEMIS3D, 1)
( 1038)     CALL LOAD_TYPE_GFL_COMP (KLUN, YD%YEMIS3D (J1))
( 1039)   ENDDO
( 1040) ELSE
( 1041)   NULLIFY (YD%YEMIS3D)
( 1042) ENDIF
( 1043) READ (KLUN) LYFORC
( 1044) IF (LYFORC) THEN






NVFORTRAN (Version     24.5)          03/19/2025  06:54:44      page 141

( 1045)   READ (KLUN) IL1
( 1046)   READ (KLUN) IU1
( 1047)   ALLOCATE (YD%YFORC (IL1(1):IU1(1)))
( 1048)   DO J1 = LBOUND (YD%YFORC, 1), UBOUND (YD%YFORC, 1)
( 1049)     CALL LOAD_TYPE_GFL_COMP (KLUN, YD%YFORC (J1))
( 1050)   ENDDO
( 1051) ELSE
( 1052)   NULLIFY (YD%YFORC)
( 1053) ENDIF
( 1054) READ (KLUN) LYEZDIAG
( 1055) IF (LYEZDIAG) THEN
( 1056)   READ (KLUN) IL1
( 1057)   READ (KLUN) IU1
( 1058)   ALLOCATE (YD%YEZDIAG (IL1(1):IU1(1)))
( 1059)   DO J1 = LBOUND (YD%YEZDIAG, 1), UBOUND (YD%YEZDIAG, 1)
( 1060)     CALL LOAD_TYPE_GFL_COMP (KLUN, YD%YEZDIAG (J1))
( 1061)   ENDDO
( 1062) ELSE
( 1063)   NULLIFY (YD%YEZDIAG)
( 1064) ENDIF
( 1065) READ (KLUN) LYERA40
( 1066) IF (LYERA40) THEN
( 1067)   READ (KLUN) IL1
( 1068)   READ (KLUN) IU1
( 1069)   ALLOCATE (YD%YERA40 (IL1(1):IU1(1)))
( 1070)   DO J1 = LBOUND (YD%YERA40, 1), UBOUND (YD%YERA40, 1)
( 1071)     CALL LOAD_TYPE_GFL_COMP (KLUN, YD%YERA40 (J1))
( 1072)   ENDDO
( 1073) ELSE
( 1074)   NULLIFY (YD%YERA40)
( 1075) ENDIF
( 1076) READ (KLUN) LYNOGW
( 1077) IF (LYNOGW) THEN
( 1078)   READ (KLUN) IL1
( 1079)   READ (KLUN) IU1
( 1080)   ALLOCATE (YD%YNOGW (IL1(1):IU1(1)))
( 1081)   DO J1 = LBOUND (YD%YNOGW, 1), UBOUND (YD%YNOGW, 1)
( 1082)     CALL LOAD_TYPE_GFL_COMP (KLUN, YD%YNOGW (J1))
( 1083)   ENDDO
( 1084) ELSE
( 1085)   NULLIFY (YD%YNOGW)
( 1086) ENDIF
( 1087) READ (KLUN) LYEDRP
( 1088) IF (LYEDRP) THEN
( 1089)   READ (KLUN) IL1
( 1090)   READ (KLUN) IU1
( 1091)   ALLOCATE (YD%YEDRP (IL1(1):IU1(1)))
( 1092)   DO J1 = LBOUND (YD%YEDRP, 1), UBOUND (YD%YEDRP, 1)
( 1093)     CALL LOAD_TYPE_GFL_COMP (KLUN, YD%YEDRP (J1))
( 1094)   ENDDO
( 1095) ELSE
( 1096)   NULLIFY (YD%YEDRP)
( 1097) ENDIF
( 1098) READ (KLUN) LYSLDIA
( 1099) IF (LYSLDIA) THEN
( 1100)   READ (KLUN) IL1
( 1101)   READ (KLUN) IU1
( 1102)   ALLOCATE (YD%YSLDIA (IL1(1):IU1(1)))






NVFORTRAN (Version     24.5)          03/19/2025  06:54:44      page 142

( 1103)   DO J1 = LBOUND (YD%YSLDIA, 1), UBOUND (YD%YSLDIA, 1)
( 1104)     CALL LOAD_TYPE_GFL_COMP (KLUN, YD%YSLDIA (J1))
( 1105)   ENDDO
( 1106) ELSE
( 1107)   NULLIFY (YD%YSLDIA)
( 1108) ENDIF
( 1109) READ (KLUN) LYAERAOT
( 1110) IF (LYAERAOT) THEN
( 1111)   READ (KLUN) IL1
( 1112)   READ (KLUN) IU1
( 1113)   ALLOCATE (YD%YAERAOT (IL1(1):IU1(1)))
( 1114)   DO J1 = LBOUND (YD%YAERAOT, 1), UBOUND (YD%YAERAOT, 1)
( 1115)     CALL LOAD_TYPE_GFL_COMP (KLUN, YD%YAERAOT (J1))
( 1116)   ENDDO
( 1117) ELSE
( 1118)   NULLIFY (YD%YAERAOT)
( 1119) ENDIF
( 1120) READ (KLUN) LYAERLISI
( 1121) IF (LYAERLISI) THEN
( 1122)   READ (KLUN) IL1
( 1123)   READ (KLUN) IU1
( 1124)   ALLOCATE (YD%YAERLISI (IL1(1):IU1(1)))
( 1125)   DO J1 = LBOUND (YD%YAERLISI, 1), UBOUND (YD%YAERLISI, 1)
( 1126)     CALL LOAD_TYPE_GFL_COMP (KLUN, YD%YAERLISI (J1))
( 1127)   ENDDO
( 1128) ELSE
( 1129)   NULLIFY (YD%YAERLISI)
( 1130) ENDIF
( 1131) READ (KLUN) LYAEROUT
( 1132) IF (LYAEROUT) THEN
( 1133)   READ (KLUN) IL1
( 1134)   READ (KLUN) IU1
( 1135)   ALLOCATE (YD%YAEROUT (IL1(1):IU1(1)))
( 1136)   DO J1 = LBOUND (YD%YAEROUT, 1), UBOUND (YD%YAEROUT, 1)
( 1137)     CALL LOAD_TYPE_GFL_COMP (KLUN, YD%YAEROUT (J1))
( 1138)   ENDDO
( 1139) ELSE
( 1140)   NULLIFY (YD%YAEROUT)
( 1141) ENDIF
( 1142) READ (KLUN) LYAEROCLIM
( 1143) IF (LYAEROCLIM) THEN
( 1144)   READ (KLUN) IL1
( 1145)   READ (KLUN) IU1
( 1146)   ALLOCATE (YD%YAEROCLIM (IL1(1):IU1(1)))
( 1147)   DO J1 = LBOUND (YD%YAEROCLIM, 1), UBOUND (YD%YAEROCLIM, 1)
( 1148)     CALL LOAD_TYPE_GFL_COMP (KLUN, YD%YAEROCLIM (J1))
( 1149)   ENDDO
( 1150) ELSE
( 1151)   NULLIFY (YD%YAEROCLIM)
( 1152) ENDIF
( 1153) READ (KLUN) LYUVP
( 1154) IF (LYUVP) THEN
( 1155)   READ (KLUN) IL1
( 1156)   READ (KLUN) IU1
( 1157)   ALLOCATE (YD%YUVP (IL1(1):IU1(1)))
( 1158)   DO J1 = LBOUND (YD%YUVP, 1), UBOUND (YD%YUVP, 1)
( 1159)     CALL LOAD_TYPE_GFL_COMP (KLUN, YD%YUVP (J1))
( 1160)   ENDDO






NVFORTRAN (Version     24.5)          03/19/2025  06:54:44      page 143

( 1161) ELSE
( 1162)   NULLIFY (YD%YUVP)
( 1163) ENDIF
( 1164) READ (KLUN) LYPHYS
( 1165) IF (LYPHYS) THEN
( 1166)   READ (KLUN) IL1
( 1167)   READ (KLUN) IU1
( 1168)   ALLOCATE (YD%YPHYS (IL1(1):IU1(1)))
( 1169)   DO J1 = LBOUND (YD%YPHYS, 1), UBOUND (YD%YPHYS, 1)
( 1170)     CALL LOAD_TYPE_GFL_COMP (KLUN, YD%YPHYS (J1))
( 1171)   ENDDO
( 1172) ELSE
( 1173)   NULLIFY (YD%YPHYS)
( 1174) ENDIF
( 1175) READ (KLUN) LYPHYCTY
( 1176) IF (LYPHYCTY) THEN
( 1177)   ALLOCATE (YD%YPHYCTY)
( 1178)   CALL LOAD_TYPE_GFL_COMP (KLUN, YD%YPHYCTY)
( 1179) ELSE
( 1180)   NULLIFY (YD%YPHYCTY)
( 1181) ENDIF
( 1182) READ (KLUN) LYRSPEC
( 1183) IF (LYRSPEC) THEN
( 1184)   ALLOCATE (YD%YRSPEC)
( 1185)   CALL LOAD_TYPE_GFL_COMP (KLUN, YD%YRSPEC)
( 1186) ELSE
( 1187)   NULLIFY (YD%YRSPEC)
( 1188) ENDIF
( 1189) READ (KLUN) LYSDSAT
( 1190) IF (LYSDSAT) THEN
( 1191)   ALLOCATE (YD%YSDSAT)
( 1192)   CALL LOAD_TYPE_GFL_COMP (KLUN, YD%YSDSAT)
( 1193) ELSE
( 1194)   NULLIFY (YD%YSDSAT)
( 1195) ENDIF
( 1196) READ (KLUN) LYCVV
( 1197) IF (LYCVV) THEN
( 1198)   ALLOCATE (YD%YCVV)
( 1199)   CALL LOAD_TYPE_GFL_COMP (KLUN, YD%YCVV)
( 1200) ELSE
( 1201)   NULLIFY (YD%YCVV)
( 1202) ENDIF
( 1203) READ (KLUN) LYRKTH
( 1204) IF (LYRKTH) THEN
( 1205)   ALLOCATE (YD%YRKTH)
( 1206)   CALL LOAD_TYPE_GFL_COMP (KLUN, YD%YRKTH)
( 1207) ELSE
( 1208)   NULLIFY (YD%YRKTH)
( 1209) ENDIF
( 1210) READ (KLUN) LYRKTQV
( 1211) IF (LYRKTQV) THEN
( 1212)   ALLOCATE (YD%YRKTQV)
( 1213)   CALL LOAD_TYPE_GFL_COMP (KLUN, YD%YRKTQV)
( 1214) ELSE
( 1215)   NULLIFY (YD%YRKTQV)
( 1216) ENDIF
( 1217) READ (KLUN) LYRKTQC
( 1218) IF (LYRKTQC) THEN






NVFORTRAN (Version     24.5)          03/19/2025  06:54:44      page 144

( 1219)   ALLOCATE (YD%YRKTQC)
( 1220)   CALL LOAD_TYPE_GFL_COMP (KLUN, YD%YRKTQC)
( 1221) ELSE
( 1222)   NULLIFY (YD%YRKTQC)
( 1223) ENDIF
( 1224) READ (KLUN) LYUOM
( 1225) IF (LYUOM) THEN
( 1226)   ALLOCATE (YD%YUOM)
( 1227)   CALL LOAD_TYPE_GFL_COMP (KLUN, YD%YUOM)
( 1228) ELSE
( 1229)   NULLIFY (YD%YUOM)
( 1230) ENDIF
( 1231) READ (KLUN) LYUAL
( 1232) IF (LYUAL) THEN
( 1233)   ALLOCATE (YD%YUAL)
( 1234)   CALL LOAD_TYPE_GFL_COMP (KLUN, YD%YUAL)
( 1235) ELSE
( 1236)   NULLIFY (YD%YUAL)
( 1237) ENDIF
( 1238) READ (KLUN) LYDOM
( 1239) IF (LYDOM) THEN
( 1240)   ALLOCATE (YD%YDOM)
( 1241)   CALL LOAD_TYPE_GFL_COMP (KLUN, YD%YDOM)
( 1242) ELSE
( 1243)   NULLIFY (YD%YDOM)
( 1244) ENDIF
( 1245) READ (KLUN) LYDAL
( 1246) IF (LYDAL) THEN
( 1247)   ALLOCATE (YD%YDAL)
( 1248)   CALL LOAD_TYPE_GFL_COMP (KLUN, YD%YDAL)
( 1249) ELSE
( 1250)   NULLIFY (YD%YDAL)
( 1251) ENDIF
( 1252) READ (KLUN) LYUEN
( 1253) IF (LYUEN) THEN
( 1254)   ALLOCATE (YD%YUEN)
( 1255)   CALL LOAD_TYPE_GFL_COMP (KLUN, YD%YUEN)
( 1256) ELSE
( 1257)   NULLIFY (YD%YUEN)
( 1258) ENDIF
( 1259) READ (KLUN) LYUNEBH
( 1260) IF (LYUNEBH) THEN
( 1261)   ALLOCATE (YD%YUNEBH)
( 1262)   CALL LOAD_TYPE_GFL_COMP (KLUN, YD%YUNEBH)
( 1263) ELSE
( 1264)   NULLIFY (YD%YUNEBH)
( 1265) ENDIF
( 1266) READ (KLUN) LYLIMA
( 1267) IF (LYLIMA) THEN
( 1268)   READ (KLUN) IL1
( 1269)   READ (KLUN) IU1
( 1270)   ALLOCATE (YD%YLIMA (IL1(1):IU1(1)))
( 1271)   DO J1 = LBOUND (YD%YLIMA, 1), UBOUND (YD%YLIMA, 1)
( 1272)     CALL LOAD_TYPE_GFL_COMP (KLUN, YD%YLIMA (J1))
( 1273)   ENDDO
( 1274) ELSE
( 1275)   NULLIFY (YD%YLIMA)
( 1276) ENDIF






NVFORTRAN (Version     24.5)          03/19/2025  06:54:44      page 145

( 1277) READ (KLUN) LYFSD
( 1278) IF (LYFSD) THEN
( 1279)   ALLOCATE (YD%YFSD)
( 1280)   CALL LOAD_TYPE_GFL_COMP (KLUN, YD%YFSD)
( 1281) ELSE
( 1282)   NULLIFY (YD%YFSD)
( 1283) ENDIF
( 1284) READ (KLUN) LYEXT
( 1285) IF (LYEXT) THEN
( 1286)   READ (KLUN) IL1
( 1287)   READ (KLUN) IU1
( 1288)   ALLOCATE (YD%YEXT (IL1(1):IU1(1)))
( 1289)   DO J1 = LBOUND (YD%YEXT, 1), UBOUND (YD%YEXT, 1)
( 1290)     CALL LOAD_TYPE_GFL_COMP (KLUN, YD%YEXT (J1))
( 1291)   ENDDO
( 1292) ELSE
( 1293)   NULLIFY (YD%YEXT)
( 1294) ENDIF
( 1295) CALL LOAD_TYPE_GFL_NAML (KLUN, YD%YQ_NL)
( 1296) CALL LOAD_TYPE_GFL_NAML (KLUN, YD%YI_NL)
( 1297) CALL LOAD_TYPE_GFL_NAML (KLUN, YD%YL_NL)
( 1298) CALL LOAD_TYPE_GFL_NAML (KLUN, YD%YLCONV_NL)
( 1299) CALL LOAD_TYPE_GFL_NAML (KLUN, YD%YICONV_NL)
( 1300) CALL LOAD_TYPE_GFL_NAML (KLUN, YD%YRCONV_NL)
( 1301) CALL LOAD_TYPE_GFL_NAML (KLUN, YD%YSCONV_NL)
( 1302) CALL LOAD_TYPE_GFL_NAML (KLUN, YD%YIRAD_NL)
( 1303) CALL LOAD_TYPE_GFL_NAML (KLUN, YD%YLRAD_NL)
( 1304) CALL LOAD_TYPE_GFL_NAML (KLUN, YD%YS_NL)
( 1305) CALL LOAD_TYPE_GFL_NAML (KLUN, YD%YR_NL)
( 1306) CALL LOAD_TYPE_GFL_NAML (KLUN, YD%YG_NL)
( 1307) CALL LOAD_TYPE_GFL_NAML (KLUN, YD%YH_NL)
( 1308) CALL LOAD_TYPE_GFL_NAML (KLUN, YD%YTKE_NL)
( 1309) CALL LOAD_TYPE_GFL_NAML (KLUN, YD%YTTE_NL)
( 1310) CALL LOAD_TYPE_GFL_NAML (KLUN, YD%YEFB1_NL)
( 1311) CALL LOAD_TYPE_GFL_NAML (KLUN, YD%YEFB2_NL)
( 1312) CALL LOAD_TYPE_GFL_NAML (KLUN, YD%YEFB3_NL)
( 1313) CALL LOAD_TYPE_GFL_NAML (KLUN, YD%YA_NL)
( 1314) CALL LOAD_TYPE_GFL_NAML (KLUN, YD%YO3_NL)
( 1315) CALL LOAD_TYPE_GFL_NAML (KLUN, YD%YSRC_NL)
( 1316) CALL LOAD_TYPE_GFL_NAML (KLUN, YD%YAMF_NL)
( 1317) CALL LOAD_TYPE_GFL_NAML (KLUN, YD%YLMF_NL)
( 1318) CALL LOAD_TYPE_GFL_NAML (KLUN, YD%YIMF_NL)
( 1319) CALL LOAD_TYPE_GFL_NAML (KLUN, YD%YMXL_NL)
( 1320) CALL LOAD_TYPE_GFL_NAML (KLUN, YD%YSHTUR_NL)
( 1321) CALL LOAD_TYPE_GFL_NAML (KLUN, YD%YFQTUR_NL)
( 1322) CALL LOAD_TYPE_GFL_NAML (KLUN, YD%YFSTUR_NL)
( 1323) CALL LOAD_TYPE_GFL_NAML (KLUN, YD%YCPF_NL)
( 1324) CALL LOAD_TYPE_GFL_NAML (KLUN, YD%YSPF_NL)
( 1325) CALL LOAD_TYPE_GFL_NAML (KLUN, YD%YCVGQ_NL)
( 1326) CALL LOAD_TYPE_GFL_NAML (KLUN, YD%YQVA_NL)
( 1327) DO J1 = LBOUND (YD%YGHG_NL, 1), UBOUND (YD%YGHG_NL, 1)
( 1328)   CALL LOAD_TYPE_GFL_NAML (KLUN, YD%YGHG_NL (J1))
( 1329) ENDDO
( 1330) DO J1 = LBOUND (YD%YCHEM_NL, 1), UBOUND (YD%YCHEM_NL, 1)
( 1331)   CALL LOAD_TYPE_GFL_NAML (KLUN, YD%YCHEM_NL (J1))
( 1332) ENDDO
( 1333) DO J1 = LBOUND (YD%YAERO_NL, 1), UBOUND (YD%YAERO_NL, 1)
( 1334)   CALL LOAD_TYPE_GFL_NAML (KLUN, YD%YAERO_NL (J1))






NVFORTRAN (Version     24.5)          03/19/2025  06:54:44      page 146

( 1335) ENDDO
( 1336) DO J1 = LBOUND (YD%YERA40_NL, 1), UBOUND (YD%YERA40_NL, 1)
( 1337)   CALL LOAD_TYPE_GFL_NAML (KLUN, YD%YERA40_NL (J1))
( 1338) ENDDO
( 1339) DO J1 = LBOUND (YD%YNOGW_NL, 1), UBOUND (YD%YNOGW_NL, 1)
( 1340)   CALL LOAD_TYPE_GFL_NAML (KLUN, YD%YNOGW_NL (J1))
( 1341) ENDDO
( 1342) DO J1 = LBOUND (YD%YEDRP_NL, 1), UBOUND (YD%YEDRP_NL, 1)
( 1343)   CALL LOAD_TYPE_GFL_NAML (KLUN, YD%YEDRP_NL (J1))
( 1344) ENDDO
( 1345) DO J1 = LBOUND (YD%YSLDIA_NL, 1), UBOUND (YD%YSLDIA_NL, 1)
( 1346)   CALL LOAD_TYPE_GFL_NAML (KLUN, YD%YSLDIA_NL (J1))
( 1347) ENDDO
( 1348) CALL LOAD_TYPE_GFL_NAML (KLUN, YD%YLRCH4_NL)
( 1349) DO J1 = LBOUND (YD%YAERAOT_NL, 1), UBOUND (YD%YAERAOT_NL, 1)
( 1350)   CALL LOAD_TYPE_GFL_NAML (KLUN, YD%YAERAOT_NL (J1))
( 1351) ENDDO
( 1352) DO J2 = LBOUND (YD%YAERLISI_NL, 2), UBOUND (YD%YAERLISI_NL, 2)
( 1353)   DO J1 = LBOUND (YD%YAERLISI_NL, 1), UBOUND (YD%YAERLISI_NL, 1)
( 1354)     CALL LOAD_TYPE_GFL_NAML (KLUN, YD%YAERLISI_NL (J1, J2))
( 1355)   ENDDO
( 1356) ENDDO
( 1357) DO J1 = LBOUND (YD%YAEROUT_NL, 1), UBOUND (YD%YAEROUT_NL, 1)
( 1358)   CALL LOAD_TYPE_GFL_NAML (KLUN, YD%YAEROUT_NL (J1))
( 1359) ENDDO
( 1360) DO J1 = LBOUND (YD%YAEROCLIM_NL, 1), UBOUND (YD%YAEROCLIM_NL, 1)
( 1361)   CALL LOAD_TYPE_GFL_NAML (KLUN, YD%YAEROCLIM_NL (J1))
( 1362) ENDDO
( 1363) DO J1 = LBOUND (YD%YUVP_NL, 1), UBOUND (YD%YUVP_NL, 1)
( 1364)   CALL LOAD_TYPE_GFL_NAML (KLUN, YD%YUVP_NL (J1))
( 1365) ENDDO
( 1366) CALL LOAD_TYPE_GFL_NAML (KLUN, YD%YRKTH_NL)
( 1367) CALL LOAD_TYPE_GFL_NAML (KLUN, YD%YRKTQV_NL)
( 1368) CALL LOAD_TYPE_GFL_NAML (KLUN, YD%YRKTQC_NL)
( 1369) CALL LOAD_TYPE_GFL_NAML (KLUN, YD%YPHYCTY_NL)
( 1370) CALL LOAD_TYPE_GFL_NAML (KLUN, YD%YFSD_NL)
( 1371) CALL LOAD_TYPE_GFL_NAML (KLUN, YD%YRSPEC_NL)
( 1372) CALL LOAD_TYPE_GFL_NAML (KLUN, YD%YSDSAT_NL)
( 1373) CALL LOAD_TYPE_GFL_NAML (KLUN, YD%YCVV_NL)
( 1374) DO J1 = LBOUND (YD%YFORC_NL, 1), UBOUND (YD%YFORC_NL, 1)
( 1375)   CALL LOAD_TYPE_GFL_NAML (KLUN, YD%YFORC_NL (J1))
( 1376) ENDDO
( 1377) DO J1 = LBOUND (YD%YEZDIAG_NL, 1), UBOUND (YD%YEZDIAG_NL, 1)
( 1378)   CALL LOAD_TYPE_GFL_NAML (KLUN, YD%YEZDIAG_NL (J1))
( 1379) ENDDO
( 1380) DO J1 = LBOUND (YD%YEXT_NL, 1), UBOUND (YD%YEXT_NL, 1)
( 1381)   CALL LOAD_TYPE_GFL_NAML (KLUN, YD%YEXT_NL (J1))
( 1382) ENDDO
( 1383) CALL LOAD_TYPE_GFL_NAML (KLUN, YD%YUOM_NL)
( 1384) CALL LOAD_TYPE_GFL_NAML (KLUN, YD%YUAL_NL)
( 1385) CALL LOAD_TYPE_GFL_NAML (KLUN, YD%YDOM_NL)
( 1386) CALL LOAD_TYPE_GFL_NAML (KLUN, YD%YDAL_NL)
( 1387) CALL LOAD_TYPE_GFL_NAML (KLUN, YD%YUEN_NL)
( 1388) CALL LOAD_TYPE_GFL_NAML (KLUN, YD%YUNEBH_NL)
( 1389) DO J1 = LBOUND (YD%YAERO_WVL_DIAG_NL, 1), UBOUND (YD%YAERO_WVL_DIAG_NL, 1)
( 1390)   CALL LOAD_TYPE_AERO_WVL_DIAG (KLUN, YD%YAERO_WVL_DIAG_NL (J1))
( 1391) ENDDO
( 1392) DO J1 = LBOUND (YD%YLIMA_NL, 1), UBOUND (YD%YLIMA_NL, 1)






NVFORTRAN (Version     24.5)          03/19/2025  06:54:44      page 147

( 1393)   CALL LOAD_TYPE_GFL_NAML (KLUN, YD%YLIMA_NL (J1))
( 1394) ENDDO
( 1395) END SUBROUTINE
( 1396) # 1398 "./util_type_gfld_mod.F90"
( 1398) SUBROUTINE COPY_TYPE_GFLD (YD, LDCREATED, LDFIELDAPI)
( 1399) USE UTIL_TYPE_AERO_WVL_DIAG_MOD
( 1400) USE UTIL_TYPE_GFL_COMP_MOD
( 1401) USE UTIL_TYPE_GFL_NAML_MOD
( 1402) IMPLICIT NONE
( 1403) TYPE (TYPE_GFLD), INTENT (IN), TARGET :: YD
( 1404) LOGICAL, OPTIONAL, INTENT (IN) :: LDCREATED, LDFIELDAPI
( 1405) LOGICAL :: LLCREATED
( 1406) LOGICAL :: LLFIELDAPI
( 1407) INTEGER :: J1, J2
( 1408) LOGICAL :: LYA, LYAERAOT, LYAERLISI, LYAERO, LYAEROCLIM, LYAEROUT, LYAMF, LYCHEM, LYCPF, LYCVGQ
( 1409) LOGICAL :: LYCVV, LYDAL, LYDOM, LYEDRP, LYEFB1, LYEFB2, LYEFB3, LYEMIS3D, LYERA40, LYEXT
( 1410) LOGICAL :: LYEZDIAG, LYFORC, LYFQTUR, LYFSD, LYFSTUR, LYG, LYGHG, LYH, LYI, LYICONV
( 1411) LOGICAL :: LYIMF, LYIRAD, LYL, LYLASTCOMP, LYLCONV, LYLIMA, LYLMF, LYLRAD, LYLRCH4, LYMXL
( 1412) LOGICAL :: LYNOGW, LYO3, LYPHYCTY, LYPHYS, LYQ, LYQVA, LYR, LYRCONV, LYRKTH, LYRKTQC
( 1413) LOGICAL :: LYRKTQV, LYRSPEC, LYS, LYSCONV, LYSDSAT, LYSHTUR, LYSLDIA, LYSPF, LYSRC, LYTKE
( 1414) LOGICAL :: LYTTE, LYUAL, LYUEN, LYUNEBH, LYUOM, LYUVP
( 1415) # 1416 "./util_type_gfld_mod.F90"
( 1416) LLFIELDAPI = .FALSE.
( 1417) IF (PRESENT (LDFIELDAPI)) THEN
( 1418)   LLFIELDAPI = LDFIELDAPI
( 1419) ENDIF
( 1420) LLCREATED = .FALSE.
( 1421) IF (PRESENT (LDCREATED)) THEN
( 1422)   LLCREATED = LDCREATED
( 1423) ENDIF
( 1424) IF (.NOT. LLCREATED) THEN
( 1425)   !$acc enter data create (YD)
( 1426)   !$acc update device (YD)
( 1427) ENDIF
( 1428) # 1516 "./util_type_gfld_mod.F90"
( 1516) DO J1 = LBOUND (YD%YCOMP, 1), UBOUND (YD%YCOMP, 1)
( 1517)   CALL COPY_TYPE_GFL_COMP (YD%YCOMP (J1), LDCREATED=.TRUE., LDFIELDAPI=LDFIELDAPI)
( 1518) ENDDO
( 1519) # 1520 "./util_type_gfld_mod.F90"
( 1520) LYLASTCOMP = ASSOCIATED (YD%YLASTCOMP)
( 1521) IF (LYLASTCOMP) THEN
( 1522)   !$acc enter data create (YD%YLASTCOMP)
( 1523)   !$acc update device (YD%YLASTCOMP)
( 1524)   CALL COPY_TYPE_GFL_COMP (YD%YLASTCOMP, LDCREATED=.TRUE., LDFIELDAPI=LDFIELDAPI)
( 1525)   !$acc enter data attach (YD%YLASTCOMP)
( 1526) ENDIF
( 1527) # 1528 "./util_type_gfld_mod.F90"
( 1528) LYQ = ASSOCIATED (YD%YQ)
( 1529) IF (LYQ) THEN
( 1530)   !$acc enter data create (YD%YQ)
( 1531)   !$acc update device (YD%YQ)
( 1532)   CALL COPY_TYPE_GFL_COMP (YD%YQ, LDCREATED=.TRUE., LDFIELDAPI=LDFIELDAPI)
( 1533)   !$acc enter data attach (YD%YQ)
( 1534) ENDIF
( 1535) # 1536 "./util_type_gfld_mod.F90"
( 1536) LYI = ASSOCIATED (YD%YI)
( 1537) IF (LYI) THEN
( 1538)   !$acc enter data create (YD%YI)






NVFORTRAN (Version     24.5)          03/19/2025  06:54:44      page 148

( 1539)   !$acc update device (YD%YI)
( 1540)   CALL COPY_TYPE_GFL_COMP (YD%YI, LDCREATED=.TRUE., LDFIELDAPI=LDFIELDAPI)
( 1541)   !$acc enter data attach (YD%YI)
( 1542) ENDIF
( 1543) # 1544 "./util_type_gfld_mod.F90"
( 1544) LYL = ASSOCIATED (YD%YL)
( 1545) IF (LYL) THEN
( 1546)   !$acc enter data create (YD%YL)
( 1547)   !$acc update device (YD%YL)
( 1548)   CALL COPY_TYPE_GFL_COMP (YD%YL, LDCREATED=.TRUE., LDFIELDAPI=LDFIELDAPI)
( 1549)   !$acc enter data attach (YD%YL)
( 1550) ENDIF
( 1551) # 1552 "./util_type_gfld_mod.F90"
( 1552) LYLCONV = ASSOCIATED (YD%YLCONV)
( 1553) IF (LYLCONV) THEN
( 1554)   !$acc enter data create (YD%YLCONV)
( 1555)   !$acc update device (YD%YLCONV)
( 1556)   CALL COPY_TYPE_GFL_COMP (YD%YLCONV, LDCREATED=.TRUE., LDFIELDAPI=LDFIELDAPI)
( 1557)   !$acc enter data attach (YD%YLCONV)
( 1558) ENDIF
( 1559) # 1560 "./util_type_gfld_mod.F90"
( 1560) LYICONV = ASSOCIATED (YD%YICONV)
( 1561) IF (LYICONV) THEN
( 1562)   !$acc enter data create (YD%YICONV)
( 1563)   !$acc update device (YD%YICONV)
( 1564)   CALL COPY_TYPE_GFL_COMP (YD%YICONV, LDCREATED=.TRUE., LDFIELDAPI=LDFIELDAPI)
( 1565)   !$acc enter data attach (YD%YICONV)
( 1566) ENDIF
( 1567) # 1568 "./util_type_gfld_mod.F90"
( 1568) LYRCONV = ASSOCIATED (YD%YRCONV)
( 1569) IF (LYRCONV) THEN
( 1570)   !$acc enter data create (YD%YRCONV)
( 1571)   !$acc update device (YD%YRCONV)
( 1572)   CALL COPY_TYPE_GFL_COMP (YD%YRCONV, LDCREATED=.TRUE., LDFIELDAPI=LDFIELDAPI)
( 1573)   !$acc enter data attach (YD%YRCONV)
( 1574) ENDIF
( 1575) # 1576 "./util_type_gfld_mod.F90"
( 1576) LYSCONV = ASSOCIATED (YD%YSCONV)
( 1577) IF (LYSCONV) THEN
( 1578)   !$acc enter data create (YD%YSCONV)
( 1579)   !$acc update device (YD%YSCONV)
( 1580)   CALL COPY_TYPE_GFL_COMP (YD%YSCONV, LDCREATED=.TRUE., LDFIELDAPI=LDFIELDAPI)
( 1581)   !$acc enter data attach (YD%YSCONV)
( 1582) ENDIF
( 1583) # 1584 "./util_type_gfld_mod.F90"
( 1584) LYIRAD = ASSOCIATED (YD%YIRAD)
( 1585) IF (LYIRAD) THEN
( 1586)   !$acc enter data create (YD%YIRAD)
( 1587)   !$acc update device (YD%YIRAD)
( 1588)   CALL COPY_TYPE_GFL_COMP (YD%YIRAD, LDCREATED=.TRUE., LDFIELDAPI=LDFIELDAPI)
( 1589)   !$acc enter data attach (YD%YIRAD)
( 1590) ENDIF
( 1591) # 1592 "./util_type_gfld_mod.F90"
( 1592) LYLRAD = ASSOCIATED (YD%YLRAD)
( 1593) IF (LYLRAD) THEN
( 1594)   !$acc enter data create (YD%YLRAD)
( 1595)   !$acc update device (YD%YLRAD)
( 1596)   CALL COPY_TYPE_GFL_COMP (YD%YLRAD, LDCREATED=.TRUE., LDFIELDAPI=LDFIELDAPI)






NVFORTRAN (Version     24.5)          03/19/2025  06:54:44      page 149

( 1597)   !$acc enter data attach (YD%YLRAD)
( 1598) ENDIF
( 1599) # 1600 "./util_type_gfld_mod.F90"
( 1600) LYS = ASSOCIATED (YD%YS)
( 1601) IF (LYS) THEN
( 1602)   !$acc enter data create (YD%YS)
( 1603)   !$acc update device (YD%YS)
( 1604)   CALL COPY_TYPE_GFL_COMP (YD%YS, LDCREATED=.TRUE., LDFIELDAPI=LDFIELDAPI)
( 1605)   !$acc enter data attach (YD%YS)
( 1606) ENDIF
( 1607) # 1608 "./util_type_gfld_mod.F90"
( 1608) LYR = ASSOCIATED (YD%YR)
( 1609) IF (LYR) THEN
( 1610)   !$acc enter data create (YD%YR)
( 1611)   !$acc update device (YD%YR)
( 1612)   CALL COPY_TYPE_GFL_COMP (YD%YR, LDCREATED=.TRUE., LDFIELDAPI=LDFIELDAPI)
( 1613)   !$acc enter data attach (YD%YR)
( 1614) ENDIF
( 1615) # 1616 "./util_type_gfld_mod.F90"
( 1616) LYG = ASSOCIATED (YD%YG)
( 1617) IF (LYG) THEN
( 1618)   !$acc enter data create (YD%YG)
( 1619)   !$acc update device (YD%YG)
( 1620)   CALL COPY_TYPE_GFL_COMP (YD%YG, LDCREATED=.TRUE., LDFIELDAPI=LDFIELDAPI)
( 1621)   !$acc enter data attach (YD%YG)
( 1622) ENDIF
( 1623) # 1624 "./util_type_gfld_mod.F90"
( 1624) LYH = ASSOCIATED (YD%YH)
( 1625) IF (LYH) THEN
( 1626)   !$acc enter data create (YD%YH)
( 1627)   !$acc update device (YD%YH)
( 1628)   CALL COPY_TYPE_GFL_COMP (YD%YH, LDCREATED=.TRUE., LDFIELDAPI=LDFIELDAPI)
( 1629)   !$acc enter data attach (YD%YH)
( 1630) ENDIF
( 1631) # 1632 "./util_type_gfld_mod.F90"
( 1632) LYTKE = ASSOCIATED (YD%YTKE)
( 1633) IF (LYTKE) THEN
( 1634)   !$acc enter data create (YD%YTKE)
( 1635)   !$acc update device (YD%YTKE)
( 1636)   CALL COPY_TYPE_GFL_COMP (YD%YTKE, LDCREATED=.TRUE., LDFIELDAPI=LDFIELDAPI)
( 1637)   !$acc enter data attach (YD%YTKE)
( 1638) ENDIF
( 1639) # 1640 "./util_type_gfld_mod.F90"
( 1640) LYTTE = ASSOCIATED (YD%YTTE)
( 1641) IF (LYTTE) THEN
( 1642)   !$acc enter data create (YD%YTTE)
( 1643)   !$acc update device (YD%YTTE)
( 1644)   CALL COPY_TYPE_GFL_COMP (YD%YTTE, LDCREATED=.TRUE., LDFIELDAPI=LDFIELDAPI)
( 1645)   !$acc enter data attach (YD%YTTE)
( 1646) ENDIF
( 1647) # 1648 "./util_type_gfld_mod.F90"
( 1648) LYEFB1 = ASSOCIATED (YD%YEFB1)
( 1649) IF (LYEFB1) THEN
( 1650)   !$acc enter data create (YD%YEFB1)
( 1651)   !$acc update device (YD%YEFB1)
( 1652)   CALL COPY_TYPE_GFL_COMP (YD%YEFB1, LDCREATED=.TRUE., LDFIELDAPI=LDFIELDAPI)
( 1653)   !$acc enter data attach (YD%YEFB1)
( 1654) ENDIF






NVFORTRAN (Version     24.5)          03/19/2025  06:54:44      page 150

( 1655) # 1656 "./util_type_gfld_mod.F90"
( 1656) LYEFB2 = ASSOCIATED (YD%YEFB2)
( 1657) IF (LYEFB2) THEN
( 1658)   !$acc enter data create (YD%YEFB2)
( 1659)   !$acc update device (YD%YEFB2)
( 1660)   CALL COPY_TYPE_GFL_COMP (YD%YEFB2, LDCREATED=.TRUE., LDFIELDAPI=LDFIELDAPI)
( 1661)   !$acc enter data attach (YD%YEFB2)
( 1662) ENDIF
( 1663) # 1664 "./util_type_gfld_mod.F90"
( 1664) LYEFB3 = ASSOCIATED (YD%YEFB3)
( 1665) IF (LYEFB3) THEN
( 1666)   !$acc enter data create (YD%YEFB3)
( 1667)   !$acc update device (YD%YEFB3)
( 1668)   CALL COPY_TYPE_GFL_COMP (YD%YEFB3, LDCREATED=.TRUE., LDFIELDAPI=LDFIELDAPI)
( 1669)   !$acc enter data attach (YD%YEFB3)
( 1670) ENDIF
( 1671) # 1672 "./util_type_gfld_mod.F90"
( 1672) LYA = ASSOCIATED (YD%YA)
( 1673) IF (LYA) THEN
( 1674)   !$acc enter data create (YD%YA)
( 1675)   !$acc update device (YD%YA)
( 1676)   CALL COPY_TYPE_GFL_COMP (YD%YA, LDCREATED=.TRUE., LDFIELDAPI=LDFIELDAPI)
( 1677)   !$acc enter data attach (YD%YA)
( 1678) ENDIF
( 1679) # 1680 "./util_type_gfld_mod.F90"
( 1680) LYO3 = ASSOCIATED (YD%YO3)
( 1681) IF (LYO3) THEN
( 1682)   !$acc enter data create (YD%YO3)
( 1683)   !$acc update device (YD%YO3)
( 1684)   CALL COPY_TYPE_GFL_COMP (YD%YO3, LDCREATED=.TRUE., LDFIELDAPI=LDFIELDAPI)
( 1685)   !$acc enter data attach (YD%YO3)
( 1686) ENDIF
( 1687) # 1688 "./util_type_gfld_mod.F90"
( 1688) LYSRC = ASSOCIATED (YD%YSRC)
( 1689) IF (LYSRC) THEN
( 1690)   !$acc enter data create (YD%YSRC)
( 1691)   !$acc update device (YD%YSRC)
( 1692)   CALL COPY_TYPE_GFL_COMP (YD%YSRC, LDCREATED=.TRUE., LDFIELDAPI=LDFIELDAPI)
( 1693)   !$acc enter data attach (YD%YSRC)
( 1694) ENDIF
( 1695) # 1696 "./util_type_gfld_mod.F90"
( 1696) LYLMF = ASSOCIATED (YD%YLMF)
( 1697) IF (LYLMF) THEN
( 1698)   !$acc enter data create (YD%YLMF)
( 1699)   !$acc update device (YD%YLMF)
( 1700)   CALL COPY_TYPE_GFL_COMP (YD%YLMF, LDCREATED=.TRUE., LDFIELDAPI=LDFIELDAPI)
( 1701)   !$acc enter data attach (YD%YLMF)
( 1702) ENDIF
( 1703) # 1704 "./util_type_gfld_mod.F90"
( 1704) LYIMF = ASSOCIATED (YD%YIMF)
( 1705) IF (LYIMF) THEN
( 1706)   !$acc enter data create (YD%YIMF)
( 1707)   !$acc update device (YD%YIMF)
( 1708)   CALL COPY_TYPE_GFL_COMP (YD%YIMF, LDCREATED=.TRUE., LDFIELDAPI=LDFIELDAPI)
( 1709)   !$acc enter data attach (YD%YIMF)
( 1710) ENDIF
( 1711) # 1712 "./util_type_gfld_mod.F90"
( 1712) LYAMF = ASSOCIATED (YD%YAMF)






NVFORTRAN (Version     24.5)          03/19/2025  06:54:44      page 151

( 1713) IF (LYAMF) THEN
( 1714)   !$acc enter data create (YD%YAMF)
( 1715)   !$acc update device (YD%YAMF)
( 1716)   CALL COPY_TYPE_GFL_COMP (YD%YAMF, LDCREATED=.TRUE., LDFIELDAPI=LDFIELDAPI)
( 1717)   !$acc enter data attach (YD%YAMF)
( 1718) ENDIF
( 1719) # 1720 "./util_type_gfld_mod.F90"
( 1720) LYMXL = ASSOCIATED (YD%YMXL)
( 1721) IF (LYMXL) THEN
( 1722)   !$acc enter data create (YD%YMXL)
( 1723)   !$acc update device (YD%YMXL)
( 1724)   CALL COPY_TYPE_GFL_COMP (YD%YMXL, LDCREATED=.TRUE., LDFIELDAPI=LDFIELDAPI)
( 1725)   !$acc enter data attach (YD%YMXL)
( 1726) ENDIF
( 1727) # 1728 "./util_type_gfld_mod.F90"
( 1728) LYSHTUR = ASSOCIATED (YD%YSHTUR)
( 1729) IF (LYSHTUR) THEN
( 1730)   !$acc enter data create (YD%YSHTUR)
( 1731)   !$acc update device (YD%YSHTUR)
( 1732)   CALL COPY_TYPE_GFL_COMP (YD%YSHTUR, LDCREATED=.TRUE., LDFIELDAPI=LDFIELDAPI)
( 1733)   !$acc enter data attach (YD%YSHTUR)
( 1734) ENDIF
( 1735) # 1736 "./util_type_gfld_mod.F90"
( 1736) LYFQTUR = ASSOCIATED (YD%YFQTUR)
( 1737) IF (LYFQTUR) THEN
( 1738)   !$acc enter data create (YD%YFQTUR)
( 1739)   !$acc update device (YD%YFQTUR)
( 1740)   CALL COPY_TYPE_GFL_COMP (YD%YFQTUR, LDCREATED=.TRUE., LDFIELDAPI=LDFIELDAPI)
( 1741)   !$acc enter data attach (YD%YFQTUR)
( 1742) ENDIF
( 1743) # 1744 "./util_type_gfld_mod.F90"
( 1744) LYFSTUR = ASSOCIATED (YD%YFSTUR)
( 1745) IF (LYFSTUR) THEN
( 1746)   !$acc enter data create (YD%YFSTUR)
( 1747)   !$acc update device (YD%YFSTUR)
( 1748)   CALL COPY_TYPE_GFL_COMP (YD%YFSTUR, LDCREATED=.TRUE., LDFIELDAPI=LDFIELDAPI)
( 1749)   !$acc enter data attach (YD%YFSTUR)
( 1750) ENDIF
( 1751) # 1752 "./util_type_gfld_mod.F90"
( 1752) LYCPF = ASSOCIATED (YD%YCPF)
( 1753) IF (LYCPF) THEN
( 1754)   !$acc enter data create (YD%YCPF)
( 1755)   !$acc update device (YD%YCPF)
( 1756)   CALL COPY_TYPE_GFL_COMP (YD%YCPF, LDCREATED=.TRUE., LDFIELDAPI=LDFIELDAPI)
( 1757)   !$acc enter data attach (YD%YCPF)
( 1758) ENDIF
( 1759) # 1760 "./util_type_gfld_mod.F90"
( 1760) LYSPF = ASSOCIATED (YD%YSPF)
( 1761) IF (LYSPF) THEN
( 1762)   !$acc enter data create (YD%YSPF)
( 1763)   !$acc update device (YD%YSPF)
( 1764)   CALL COPY_TYPE_GFL_COMP (YD%YSPF, LDCREATED=.TRUE., LDFIELDAPI=LDFIELDAPI)
( 1765)   !$acc enter data attach (YD%YSPF)
( 1766) ENDIF
( 1767) # 1768 "./util_type_gfld_mod.F90"
( 1768) LYCVGQ = ASSOCIATED (YD%YCVGQ)
( 1769) IF (LYCVGQ) THEN
( 1770)   !$acc enter data create (YD%YCVGQ)






NVFORTRAN (Version     24.5)          03/19/2025  06:54:44      page 152

( 1771)   !$acc update device (YD%YCVGQ)
( 1772)   CALL COPY_TYPE_GFL_COMP (YD%YCVGQ, LDCREATED=.TRUE., LDFIELDAPI=LDFIELDAPI)
( 1773)   !$acc enter data attach (YD%YCVGQ)
( 1774) ENDIF
( 1775) # 1776 "./util_type_gfld_mod.F90"
( 1776) LYQVA = ASSOCIATED (YD%YQVA)
( 1777) IF (LYQVA) THEN
( 1778)   !$acc enter data create (YD%YQVA)
( 1779)   !$acc update device (YD%YQVA)
( 1780)   CALL COPY_TYPE_GFL_COMP (YD%YQVA, LDCREATED=.TRUE., LDFIELDAPI=LDFIELDAPI)
( 1781)   !$acc enter data attach (YD%YQVA)
( 1782) ENDIF
( 1783) # 1784 "./util_type_gfld_mod.F90"
( 1784) LYGHG = ASSOCIATED (YD%YGHG)
( 1785) IF (LYGHG) THEN
( 1786)   !$acc enter data create (YD%YGHG)
( 1787)   !$acc update device (YD%YGHG)
( 1788)   DO J1 = LBOUND (YD%YGHG, 1), UBOUND (YD%YGHG, 1)
( 1789)     CALL COPY_TYPE_GFL_COMP (YD%YGHG (J1), LDCREATED=.TRUE., LDFIELDAPI=LDFIELDAPI)
( 1790)   ENDDO
( 1791)   !$acc enter data attach (YD%YGHG)
( 1792) ENDIF
( 1793) # 1794 "./util_type_gfld_mod.F90"
( 1794) LYCHEM = ASSOCIATED (YD%YCHEM)
( 1795) IF (LYCHEM) THEN
( 1796)   !$acc enter data create (YD%YCHEM)
( 1797)   !$acc update device (YD%YCHEM)
( 1798)   DO J1 = LBOUND (YD%YCHEM, 1), UBOUND (YD%YCHEM, 1)
( 1799)     CALL COPY_TYPE_GFL_COMP (YD%YCHEM (J1), LDCREATED=.TRUE., LDFIELDAPI=LDFIELDAPI)
( 1800)   ENDDO
( 1801)   !$acc enter data attach (YD%YCHEM)
( 1802) ENDIF
( 1803) # 1804 "./util_type_gfld_mod.F90"
( 1804) LYAERO = ASSOCIATED (YD%YAERO)
( 1805) IF (LYAERO) THEN
( 1806)   !$acc enter data create (YD%YAERO)
( 1807)   !$acc update device (YD%YAERO)
( 1808)   DO J1 = LBOUND (YD%YAERO, 1), UBOUND (YD%YAERO, 1)
( 1809)     CALL COPY_TYPE_GFL_COMP (YD%YAERO (J1), LDCREATED=.TRUE., LDFIELDAPI=LDFIELDAPI)
( 1810)   ENDDO
( 1811)   !$acc enter data attach (YD%YAERO)
( 1812) ENDIF
( 1813) # 1814 "./util_type_gfld_mod.F90"
( 1814) LYLRCH4 = ASSOCIATED (YD%YLRCH4)
( 1815) IF (LYLRCH4) THEN
( 1816)   !$acc enter data create (YD%YLRCH4)
( 1817)   !$acc update device (YD%YLRCH4)
( 1818)   CALL COPY_TYPE_GFL_COMP (YD%YLRCH4, LDCREATED=.TRUE., LDFIELDAPI=LDFIELDAPI)
( 1819)   !$acc enter data attach (YD%YLRCH4)
( 1820) ENDIF
( 1821) # 1822 "./util_type_gfld_mod.F90"
( 1822) LYEMIS3D = ASSOCIATED (YD%YEMIS3D)
( 1823) IF (LYEMIS3D) THEN
( 1824)   !$acc enter data create (YD%YEMIS3D)
( 1825)   !$acc update device (YD%YEMIS3D)
( 1826)   DO J1 = LBOUND (YD%YEMIS3D, 1), UBOUND (YD%YEMIS3D, 1)
( 1827)     CALL COPY_TYPE_GFL_COMP (YD%YEMIS3D (J1), LDCREATED=.TRUE., LDFIELDAPI=LDFIELDAPI)
( 1828)   ENDDO






NVFORTRAN (Version     24.5)          03/19/2025  06:54:44      page 153

( 1829)   !$acc enter data attach (YD%YEMIS3D)
( 1830) ENDIF
( 1831) # 1832 "./util_type_gfld_mod.F90"
( 1832) LYFORC = ASSOCIATED (YD%YFORC)
( 1833) IF (LYFORC) THEN
( 1834)   !$acc enter data create (YD%YFORC)
( 1835)   !$acc update device (YD%YFORC)
( 1836)   DO J1 = LBOUND (YD%YFORC, 1), UBOUND (YD%YFORC, 1)
( 1837)     CALL COPY_TYPE_GFL_COMP (YD%YFORC (J1), LDCREATED=.TRUE., LDFIELDAPI=LDFIELDAPI)
( 1838)   ENDDO
( 1839)   !$acc enter data attach (YD%YFORC)
( 1840) ENDIF
( 1841) # 1842 "./util_type_gfld_mod.F90"
( 1842) LYEZDIAG = ASSOCIATED (YD%YEZDIAG)
( 1843) IF (LYEZDIAG) THEN
( 1844)   !$acc enter data create (YD%YEZDIAG)
( 1845)   !$acc update device (YD%YEZDIAG)
( 1846)   DO J1 = LBOUND (YD%YEZDIAG, 1), UBOUND (YD%YEZDIAG, 1)
( 1847)     CALL COPY_TYPE_GFL_COMP (YD%YEZDIAG (J1), LDCREATED=.TRUE., LDFIELDAPI=LDFIELDAPI)
( 1848)   ENDDO
( 1849)   !$acc enter data attach (YD%YEZDIAG)
( 1850) ENDIF
( 1851) # 1852 "./util_type_gfld_mod.F90"
( 1852) LYERA40 = ASSOCIATED (YD%YERA40)
( 1853) IF (LYERA40) THEN
( 1854)   !$acc enter data create (YD%YERA40)
( 1855)   !$acc update device (YD%YERA40)
( 1856)   DO J1 = LBOUND (YD%YERA40, 1), UBOUND (YD%YERA40, 1)
( 1857)     CALL COPY_TYPE_GFL_COMP (YD%YERA40 (J1), LDCREATED=.TRUE., LDFIELDAPI=LDFIELDAPI)
( 1858)   ENDDO
( 1859)   !$acc enter data attach (YD%YERA40)
( 1860) ENDIF
( 1861) # 1862 "./util_type_gfld_mod.F90"
( 1862) LYNOGW = ASSOCIATED (YD%YNOGW)
( 1863) IF (LYNOGW) THEN
( 1864)   !$acc enter data create (YD%YNOGW)
( 1865)   !$acc update device (YD%YNOGW)
( 1866)   DO J1 = LBOUND (YD%YNOGW, 1), UBOUND (YD%YNOGW, 1)
( 1867)     CALL COPY_TYPE_GFL_COMP (YD%YNOGW (J1), LDCREATED=.TRUE., LDFIELDAPI=LDFIELDAPI)
( 1868)   ENDDO
( 1869)   !$acc enter data attach (YD%YNOGW)
( 1870) ENDIF
( 1871) # 1872 "./util_type_gfld_mod.F90"
( 1872) LYEDRP = ASSOCIATED (YD%YEDRP)
( 1873) IF (LYEDRP) THEN
( 1874)   !$acc enter data create (YD%YEDRP)
( 1875)   !$acc update device (YD%YEDRP)
( 1876)   DO J1 = LBOUND (YD%YEDRP, 1), UBOUND (YD%YEDRP, 1)
( 1877)     CALL COPY_TYPE_GFL_COMP (YD%YEDRP (J1), LDCREATED=.TRUE., LDFIELDAPI=LDFIELDAPI)
( 1878)   ENDDO
( 1879)   !$acc enter data attach (YD%YEDRP)
( 1880) ENDIF
( 1881) # 1882 "./util_type_gfld_mod.F90"
( 1882) LYSLDIA = ASSOCIATED (YD%YSLDIA)
( 1883) IF (LYSLDIA) THEN
( 1884)   !$acc enter data create (YD%YSLDIA)
( 1885)   !$acc update device (YD%YSLDIA)
( 1886)   DO J1 = LBOUND (YD%YSLDIA, 1), UBOUND (YD%YSLDIA, 1)






NVFORTRAN (Version     24.5)          03/19/2025  06:54:44      page 154

( 1887)     CALL COPY_TYPE_GFL_COMP (YD%YSLDIA (J1), LDCREATED=.TRUE., LDFIELDAPI=LDFIELDAPI)
( 1888)   ENDDO
( 1889)   !$acc enter data attach (YD%YSLDIA)
( 1890) ENDIF
( 1891) # 1892 "./util_type_gfld_mod.F90"
( 1892) LYAERAOT = ASSOCIATED (YD%YAERAOT)
( 1893) IF (LYAERAOT) THEN
( 1894)   !$acc enter data create (YD%YAERAOT)
( 1895)   !$acc update device (YD%YAERAOT)
( 1896)   DO J1 = LBOUND (YD%YAERAOT, 1), UBOUND (YD%YAERAOT, 1)
( 1897)     CALL COPY_TYPE_GFL_COMP (YD%YAERAOT (J1), LDCREATED=.TRUE., LDFIELDAPI=LDFIELDAPI)
( 1898)   ENDDO
( 1899)   !$acc enter data attach (YD%YAERAOT)
( 1900) ENDIF
( 1901) # 1902 "./util_type_gfld_mod.F90"
( 1902) LYAERLISI = ASSOCIATED (YD%YAERLISI)
( 1903) IF (LYAERLISI) THEN
( 1904)   !$acc enter data create (YD%YAERLISI)
( 1905)   !$acc update device (YD%YAERLISI)
( 1906)   DO J1 = LBOUND (YD%YAERLISI, 1), UBOUND (YD%YAERLISI, 1)
( 1907)     CALL COPY_TYPE_GFL_COMP (YD%YAERLISI (J1), LDCREATED=.TRUE., LDFIELDAPI=LDFIELDAPI)
( 1908)   ENDDO
( 1909)   !$acc enter data attach (YD%YAERLISI)
( 1910) ENDIF
( 1911) # 1912 "./util_type_gfld_mod.F90"
( 1912) LYAEROUT = ASSOCIATED (YD%YAEROUT)
( 1913) IF (LYAEROUT) THEN
( 1914)   !$acc enter data create (YD%YAEROUT)
( 1915)   !$acc update device (YD%YAEROUT)
( 1916)   DO J1 = LBOUND (YD%YAEROUT, 1), UBOUND (YD%YAEROUT, 1)
( 1917)     CALL COPY_TYPE_GFL_COMP (YD%YAEROUT (J1), LDCREATED=.TRUE., LDFIELDAPI=LDFIELDAPI)
( 1918)   ENDDO
( 1919)   !$acc enter data attach (YD%YAEROUT)
( 1920) ENDIF
( 1921) # 1922 "./util_type_gfld_mod.F90"
( 1922) LYAEROCLIM = ASSOCIATED (YD%YAEROCLIM)
( 1923) IF (LYAEROCLIM) THEN
( 1924)   !$acc enter data create (YD%YAEROCLIM)
( 1925)   !$acc update device (YD%YAEROCLIM)
( 1926)   DO J1 = LBOUND (YD%YAEROCLIM, 1), UBOUND (YD%YAEROCLIM, 1)
( 1927)     CALL COPY_TYPE_GFL_COMP (YD%YAEROCLIM (J1), LDCREATED=.TRUE., LDFIELDAPI=LDFIELDAPI)
( 1928)   ENDDO
( 1929)   !$acc enter data attach (YD%YAEROCLIM)
( 1930) ENDIF
( 1931) # 1932 "./util_type_gfld_mod.F90"
( 1932) LYUVP = ASSOCIATED (YD%YUVP)
( 1933) IF (LYUVP) THEN
( 1934)   !$acc enter data create (YD%YUVP)
( 1935)   !$acc update device (YD%YUVP)
( 1936)   DO J1 = LBOUND (YD%YUVP, 1), UBOUND (YD%YUVP, 1)
( 1937)     CALL COPY_TYPE_GFL_COMP (YD%YUVP (J1), LDCREATED=.TRUE., LDFIELDAPI=LDFIELDAPI)
( 1938)   ENDDO
( 1939)   !$acc enter data attach (YD%YUVP)
( 1940) ENDIF
( 1941) # 1942 "./util_type_gfld_mod.F90"
( 1942) LYPHYS = ASSOCIATED (YD%YPHYS)
( 1943) IF (LYPHYS) THEN
( 1944)   !$acc enter data create (YD%YPHYS)






NVFORTRAN (Version     24.5)          03/19/2025  06:54:44      page 155

( 1945)   !$acc update device (YD%YPHYS)
( 1946)   DO J1 = LBOUND (YD%YPHYS, 1), UBOUND (YD%YPHYS, 1)
( 1947)     CALL COPY_TYPE_GFL_COMP (YD%YPHYS (J1), LDCREATED=.TRUE., LDFIELDAPI=LDFIELDAPI)
( 1948)   ENDDO
( 1949)   !$acc enter data attach (YD%YPHYS)
( 1950) ENDIF
( 1951) # 1952 "./util_type_gfld_mod.F90"
( 1952) LYPHYCTY = ASSOCIATED (YD%YPHYCTY)
( 1953) IF (LYPHYCTY) THEN
( 1954)   !$acc enter data create (YD%YPHYCTY)
( 1955)   !$acc update device (YD%YPHYCTY)
( 1956)   CALL COPY_TYPE_GFL_COMP (YD%YPHYCTY, LDCREATED=.TRUE., LDFIELDAPI=LDFIELDAPI)
( 1957)   !$acc enter data attach (YD%YPHYCTY)
( 1958) ENDIF
( 1959) # 1960 "./util_type_gfld_mod.F90"
( 1960) LYRSPEC = ASSOCIATED (YD%YRSPEC)
( 1961) IF (LYRSPEC) THEN
( 1962)   !$acc enter data create (YD%YRSPEC)
( 1963)   !$acc update device (YD%YRSPEC)
( 1964)   CALL COPY_TYPE_GFL_COMP (YD%YRSPEC, LDCREATED=.TRUE., LDFIELDAPI=LDFIELDAPI)
( 1965)   !$acc enter data attach (YD%YRSPEC)
( 1966) ENDIF
( 1967) # 1968 "./util_type_gfld_mod.F90"
( 1968) LYSDSAT = ASSOCIATED (YD%YSDSAT)
( 1969) IF (LYSDSAT) THEN
( 1970)   !$acc enter data create (YD%YSDSAT)
( 1971)   !$acc update device (YD%YSDSAT)
( 1972)   CALL COPY_TYPE_GFL_COMP (YD%YSDSAT, LDCREATED=.TRUE., LDFIELDAPI=LDFIELDAPI)
( 1973)   !$acc enter data attach (YD%YSDSAT)
( 1974) ENDIF
( 1975) # 1976 "./util_type_gfld_mod.F90"
( 1976) LYCVV = ASSOCIATED (YD%YCVV)
( 1977) IF (LYCVV) THEN
( 1978)   !$acc enter data create (YD%YCVV)
( 1979)   !$acc update device (YD%YCVV)
( 1980)   CALL COPY_TYPE_GFL_COMP (YD%YCVV, LDCREATED=.TRUE., LDFIELDAPI=LDFIELDAPI)
( 1981)   !$acc enter data attach (YD%YCVV)
( 1982) ENDIF
( 1983) # 1984 "./util_type_gfld_mod.F90"
( 1984) LYRKTH = ASSOCIATED (YD%YRKTH)
( 1985) IF (LYRKTH) THEN
( 1986)   !$acc enter data create (YD%YRKTH)
( 1987)   !$acc update device (YD%YRKTH)
( 1988)   CALL COPY_TYPE_GFL_COMP (YD%YRKTH, LDCREATED=.TRUE., LDFIELDAPI=LDFIELDAPI)
( 1989)   !$acc enter data attach (YD%YRKTH)
( 1990) ENDIF
( 1991) # 1992 "./util_type_gfld_mod.F90"
( 1992) LYRKTQV = ASSOCIATED (YD%YRKTQV)
( 1993) IF (LYRKTQV) THEN
( 1994)   !$acc enter data create (YD%YRKTQV)
( 1995)   !$acc update device (YD%YRKTQV)
( 1996)   CALL COPY_TYPE_GFL_COMP (YD%YRKTQV, LDCREATED=.TRUE., LDFIELDAPI=LDFIELDAPI)
( 1997)   !$acc enter data attach (YD%YRKTQV)
( 1998) ENDIF
( 1999) # 2000 "./util_type_gfld_mod.F90"
( 2000) LYRKTQC = ASSOCIATED (YD%YRKTQC)
( 2001) IF (LYRKTQC) THEN
( 2002)   !$acc enter data create (YD%YRKTQC)






NVFORTRAN (Version     24.5)          03/19/2025  06:54:44      page 156

( 2003)   !$acc update device (YD%YRKTQC)
( 2004)   CALL COPY_TYPE_GFL_COMP (YD%YRKTQC, LDCREATED=.TRUE., LDFIELDAPI=LDFIELDAPI)
( 2005)   !$acc enter data attach (YD%YRKTQC)
( 2006) ENDIF
( 2007) # 2008 "./util_type_gfld_mod.F90"
( 2008) LYUOM = ASSOCIATED (YD%YUOM)
( 2009) IF (LYUOM) THEN
( 2010)   !$acc enter data create (YD%YUOM)
( 2011)   !$acc update device (YD%YUOM)
( 2012)   CALL COPY_TYPE_GFL_COMP (YD%YUOM, LDCREATED=.TRUE., LDFIELDAPI=LDFIELDAPI)
( 2013)   !$acc enter data attach (YD%YUOM)
( 2014) ENDIF
( 2015) # 2016 "./util_type_gfld_mod.F90"
( 2016) LYUAL = ASSOCIATED (YD%YUAL)
( 2017) IF (LYUAL) THEN
( 2018)   !$acc enter data create (YD%YUAL)
( 2019)   !$acc update device (YD%YUAL)
( 2020)   CALL COPY_TYPE_GFL_COMP (YD%YUAL, LDCREATED=.TRUE., LDFIELDAPI=LDFIELDAPI)
( 2021)   !$acc enter data attach (YD%YUAL)
( 2022) ENDIF
( 2023) # 2024 "./util_type_gfld_mod.F90"
( 2024) LYDOM = ASSOCIATED (YD%YDOM)
( 2025) IF (LYDOM) THEN
( 2026)   !$acc enter data create (YD%YDOM)
( 2027)   !$acc update device (YD%YDOM)
( 2028)   CALL COPY_TYPE_GFL_COMP (YD%YDOM, LDCREATED=.TRUE., LDFIELDAPI=LDFIELDAPI)
( 2029)   !$acc enter data attach (YD%YDOM)
( 2030) ENDIF
( 2031) # 2032 "./util_type_gfld_mod.F90"
( 2032) LYDAL = ASSOCIATED (YD%YDAL)
( 2033) IF (LYDAL) THEN
( 2034)   !$acc enter data create (YD%YDAL)
( 2035)   !$acc update device (YD%YDAL)
( 2036)   CALL COPY_TYPE_GFL_COMP (YD%YDAL, LDCREATED=.TRUE., LDFIELDAPI=LDFIELDAPI)
( 2037)   !$acc enter data attach (YD%YDAL)
( 2038) ENDIF
( 2039) # 2040 "./util_type_gfld_mod.F90"
( 2040) LYUEN = ASSOCIATED (YD%YUEN)
( 2041) IF (LYUEN) THEN
( 2042)   !$acc enter data create (YD%YUEN)
( 2043)   !$acc update device (YD%YUEN)
( 2044)   CALL COPY_TYPE_GFL_COMP (YD%YUEN, LDCREATED=.TRUE., LDFIELDAPI=LDFIELDAPI)
( 2045)   !$acc enter data attach (YD%YUEN)
( 2046) ENDIF
( 2047) # 2048 "./util_type_gfld_mod.F90"
( 2048) LYUNEBH = ASSOCIATED (YD%YUNEBH)
( 2049) IF (LYUNEBH) THEN
( 2050)   !$acc enter data create (YD%YUNEBH)
( 2051)   !$acc update device (YD%YUNEBH)
( 2052)   CALL COPY_TYPE_GFL_COMP (YD%YUNEBH, LDCREATED=.TRUE., LDFIELDAPI=LDFIELDAPI)
( 2053)   !$acc enter data attach (YD%YUNEBH)
( 2054) ENDIF
( 2055) # 2056 "./util_type_gfld_mod.F90"
( 2056) LYLIMA = ASSOCIATED (YD%YLIMA)
( 2057) IF (LYLIMA) THEN
( 2058)   !$acc enter data create (YD%YLIMA)
( 2059)   !$acc update device (YD%YLIMA)
( 2060)   DO J1 = LBOUND (YD%YLIMA, 1), UBOUND (YD%YLIMA, 1)






NVFORTRAN (Version     24.5)          03/19/2025  06:54:44      page 157

( 2061)     CALL COPY_TYPE_GFL_COMP (YD%YLIMA (J1), LDCREATED=.TRUE., LDFIELDAPI=LDFIELDAPI)
( 2062)   ENDDO
( 2063)   !$acc enter data attach (YD%YLIMA)
( 2064) ENDIF
( 2065) # 2066 "./util_type_gfld_mod.F90"
( 2066) LYFSD = ASSOCIATED (YD%YFSD)
( 2067) IF (LYFSD) THEN
( 2068)   !$acc enter data create (YD%YFSD)
( 2069)   !$acc update device (YD%YFSD)
( 2070)   CALL COPY_TYPE_GFL_COMP (YD%YFSD, LDCREATED=.TRUE., LDFIELDAPI=LDFIELDAPI)
( 2071)   !$acc enter data attach (YD%YFSD)
( 2072) ENDIF
( 2073) # 2074 "./util_type_gfld_mod.F90"
( 2074) LYEXT = ASSOCIATED (YD%YEXT)
( 2075) IF (LYEXT) THEN
( 2076)   !$acc enter data create (YD%YEXT)
( 2077)   !$acc update device (YD%YEXT)
( 2078)   DO J1 = LBOUND (YD%YEXT, 1), UBOUND (YD%YEXT, 1)
( 2079)     CALL COPY_TYPE_GFL_COMP (YD%YEXT (J1), LDCREATED=.TRUE., LDFIELDAPI=LDFIELDAPI)
( 2080)   ENDDO
( 2081)   !$acc enter data attach (YD%YEXT)
( 2082) ENDIF
( 2083) # 2084 "./util_type_gfld_mod.F90"
( 2084) CALL COPY_TYPE_GFL_NAML (YD%YQ_NL, LDCREATED=.TRUE., LDFIELDAPI=LDFIELDAPI)
( 2085) # 2086 "./util_type_gfld_mod.F90"
( 2086) CALL COPY_TYPE_GFL_NAML (YD%YI_NL, LDCREATED=.TRUE., LDFIELDAPI=LDFIELDAPI)
( 2087) # 2088 "./util_type_gfld_mod.F90"
( 2088) CALL COPY_TYPE_GFL_NAML (YD%YL_NL, LDCREATED=.TRUE., LDFIELDAPI=LDFIELDAPI)
( 2089) # 2090 "./util_type_gfld_mod.F90"
( 2090) CALL COPY_TYPE_GFL_NAML (YD%YLCONV_NL, LDCREATED=.TRUE., LDFIELDAPI=LDFIELDAPI)
( 2091) # 2092 "./util_type_gfld_mod.F90"
( 2092) CALL COPY_TYPE_GFL_NAML (YD%YICONV_NL, LDCREATED=.TRUE., LDFIELDAPI=LDFIELDAPI)
( 2093) # 2094 "./util_type_gfld_mod.F90"
( 2094) CALL COPY_TYPE_GFL_NAML (YD%YRCONV_NL, LDCREATED=.TRUE., LDFIELDAPI=LDFIELDAPI)
( 2095) # 2096 "./util_type_gfld_mod.F90"
( 2096) CALL COPY_TYPE_GFL_NAML (YD%YSCONV_NL, LDCREATED=.TRUE., LDFIELDAPI=LDFIELDAPI)
( 2097) # 2098 "./util_type_gfld_mod.F90"
( 2098) CALL COPY_TYPE_GFL_NAML (YD%YIRAD_NL, LDCREATED=.TRUE., LDFIELDAPI=LDFIELDAPI)
( 2099) # 2100 "./util_type_gfld_mod.F90"
( 2100) CALL COPY_TYPE_GFL_NAML (YD%YLRAD_NL, LDCREATED=.TRUE., LDFIELDAPI=LDFIELDAPI)
( 2101) # 2102 "./util_type_gfld_mod.F90"
( 2102) CALL COPY_TYPE_GFL_NAML (YD%YS_NL, LDCREATED=.TRUE., LDFIELDAPI=LDFIELDAPI)
( 2103) # 2104 "./util_type_gfld_mod.F90"
( 2104) CALL COPY_TYPE_GFL_NAML (YD%YR_NL, LDCREATED=.TRUE., LDFIELDAPI=LDFIELDAPI)
( 2105) # 2106 "./util_type_gfld_mod.F90"
( 2106) CALL COPY_TYPE_GFL_NAML (YD%YG_NL, LDCREATED=.TRUE., LDFIELDAPI=LDFIELDAPI)
( 2107) # 2108 "./util_type_gfld_mod.F90"
( 2108) CALL COPY_TYPE_GFL_NAML (YD%YH_NL, LDCREATED=.TRUE., LDFIELDAPI=LDFIELDAPI)
( 2109) # 2110 "./util_type_gfld_mod.F90"
( 2110) CALL COPY_TYPE_GFL_NAML (YD%YTKE_NL, LDCREATED=.TRUE., LDFIELDAPI=LDFIELDAPI)
( 2111) # 2112 "./util_type_gfld_mod.F90"
( 2112) CALL COPY_TYPE_GFL_NAML (YD%YTTE_NL, LDCREATED=.TRUE., LDFIELDAPI=LDFIELDAPI)
( 2113) # 2114 "./util_type_gfld_mod.F90"
( 2114) CALL COPY_TYPE_GFL_NAML (YD%YEFB1_NL, LDCREATED=.TRUE., LDFIELDAPI=LDFIELDAPI)
( 2115) # 2116 "./util_type_gfld_mod.F90"
( 2116) CALL COPY_TYPE_GFL_NAML (YD%YEFB2_NL, LDCREATED=.TRUE., LDFIELDAPI=LDFIELDAPI)
( 2117) # 2118 "./util_type_gfld_mod.F90"
( 2118) CALL COPY_TYPE_GFL_NAML (YD%YEFB3_NL, LDCREATED=.TRUE., LDFIELDAPI=LDFIELDAPI)






NVFORTRAN (Version     24.5)          03/19/2025  06:54:44      page 158

( 2119) # 2120 "./util_type_gfld_mod.F90"
( 2120) CALL COPY_TYPE_GFL_NAML (YD%YA_NL, LDCREATED=.TRUE., LDFIELDAPI=LDFIELDAPI)
( 2121) # 2122 "./util_type_gfld_mod.F90"
( 2122) CALL COPY_TYPE_GFL_NAML (YD%YO3_NL, LDCREATED=.TRUE., LDFIELDAPI=LDFIELDAPI)
( 2123) # 2124 "./util_type_gfld_mod.F90"
( 2124) CALL COPY_TYPE_GFL_NAML (YD%YSRC_NL, LDCREATED=.TRUE., LDFIELDAPI=LDFIELDAPI)
( 2125) # 2126 "./util_type_gfld_mod.F90"
( 2126) CALL COPY_TYPE_GFL_NAML (YD%YAMF_NL, LDCREATED=.TRUE., LDFIELDAPI=LDFIELDAPI)
( 2127) # 2128 "./util_type_gfld_mod.F90"
( 2128) CALL COPY_TYPE_GFL_NAML (YD%YLMF_NL, LDCREATED=.TRUE., LDFIELDAPI=LDFIELDAPI)
( 2129) # 2130 "./util_type_gfld_mod.F90"
( 2130) CALL COPY_TYPE_GFL_NAML (YD%YIMF_NL, LDCREATED=.TRUE., LDFIELDAPI=LDFIELDAPI)
( 2131) # 2132 "./util_type_gfld_mod.F90"
( 2132) CALL COPY_TYPE_GFL_NAML (YD%YMXL_NL, LDCREATED=.TRUE., LDFIELDAPI=LDFIELDAPI)
( 2133) # 2134 "./util_type_gfld_mod.F90"
( 2134) CALL COPY_TYPE_GFL_NAML (YD%YSHTUR_NL, LDCREATED=.TRUE., LDFIELDAPI=LDFIELDAPI)
( 2135) # 2136 "./util_type_gfld_mod.F90"
( 2136) CALL COPY_TYPE_GFL_NAML (YD%YFQTUR_NL, LDCREATED=.TRUE., LDFIELDAPI=LDFIELDAPI)
( 2137) # 2138 "./util_type_gfld_mod.F90"
( 2138) CALL COPY_TYPE_GFL_NAML (YD%YFSTUR_NL, LDCREATED=.TRUE., LDFIELDAPI=LDFIELDAPI)
( 2139) # 2140 "./util_type_gfld_mod.F90"
( 2140) CALL COPY_TYPE_GFL_NAML (YD%YCPF_NL, LDCREATED=.TRUE., LDFIELDAPI=LDFIELDAPI)
( 2141) # 2142 "./util_type_gfld_mod.F90"
( 2142) CALL COPY_TYPE_GFL_NAML (YD%YSPF_NL, LDCREATED=.TRUE., LDFIELDAPI=LDFIELDAPI)
( 2143) # 2144 "./util_type_gfld_mod.F90"
( 2144) CALL COPY_TYPE_GFL_NAML (YD%YCVGQ_NL, LDCREATED=.TRUE., LDFIELDAPI=LDFIELDAPI)
( 2145) # 2146 "./util_type_gfld_mod.F90"
( 2146) CALL COPY_TYPE_GFL_NAML (YD%YQVA_NL, LDCREATED=.TRUE., LDFIELDAPI=LDFIELDAPI)
( 2147) # 2148 "./util_type_gfld_mod.F90"
( 2148) DO J1 = LBOUND (YD%YGHG_NL, 1), UBOUND (YD%YGHG_NL, 1)
( 2149)   CALL COPY_TYPE_GFL_NAML (YD%YGHG_NL (J1), LDCREATED=.TRUE., LDFIELDAPI=LDFIELDAPI)
( 2150) ENDDO
( 2151) # 2152 "./util_type_gfld_mod.F90"
( 2152) DO J1 = LBOUND (YD%YCHEM_NL, 1), UBOUND (YD%YCHEM_NL, 1)
( 2153)   CALL COPY_TYPE_GFL_NAML (YD%YCHEM_NL (J1), LDCREATED=.TRUE., LDFIELDAPI=LDFIELDAPI)
( 2154) ENDDO
( 2155) # 2156 "./util_type_gfld_mod.F90"
( 2156) DO J1 = LBOUND (YD%YAERO_NL, 1), UBOUND (YD%YAERO_NL, 1)
( 2157)   CALL COPY_TYPE_GFL_NAML (YD%YAERO_NL (J1), LDCREATED=.TRUE., LDFIELDAPI=LDFIELDAPI)
( 2158) ENDDO
( 2159) # 2160 "./util_type_gfld_mod.F90"
( 2160) DO J1 = LBOUND (YD%YERA40_NL, 1), UBOUND (YD%YERA40_NL, 1)
( 2161)   CALL COPY_TYPE_GFL_NAML (YD%YERA40_NL (J1), LDCREATED=.TRUE., LDFIELDAPI=LDFIELDAPI)
( 2162) ENDDO
( 2163) # 2164 "./util_type_gfld_mod.F90"
( 2164) DO J1 = LBOUND (YD%YNOGW_NL, 1), UBOUND (YD%YNOGW_NL, 1)
( 2165)   CALL COPY_TYPE_GFL_NAML (YD%YNOGW_NL (J1), LDCREATED=.TRUE., LDFIELDAPI=LDFIELDAPI)
( 2166) ENDDO
( 2167) # 2168 "./util_type_gfld_mod.F90"
( 2168) DO J1 = LBOUND (YD%YEDRP_NL, 1), UBOUND (YD%YEDRP_NL, 1)
( 2169)   CALL COPY_TYPE_GFL_NAML (YD%YEDRP_NL (J1), LDCREATED=.TRUE., LDFIELDAPI=LDFIELDAPI)
( 2170) ENDDO
( 2171) # 2172 "./util_type_gfld_mod.F90"
( 2172) DO J1 = LBOUND (YD%YSLDIA_NL, 1), UBOUND (YD%YSLDIA_NL, 1)
( 2173)   CALL COPY_TYPE_GFL_NAML (YD%YSLDIA_NL (J1), LDCREATED=.TRUE., LDFIELDAPI=LDFIELDAPI)
( 2174) ENDDO
( 2175) # 2176 "./util_type_gfld_mod.F90"
( 2176) CALL COPY_TYPE_GFL_NAML (YD%YLRCH4_NL, LDCREATED=.TRUE., LDFIELDAPI=LDFIELDAPI)






NVFORTRAN (Version     24.5)          03/19/2025  06:54:44      page 159

( 2177) # 2178 "./util_type_gfld_mod.F90"
( 2178) DO J1 = LBOUND (YD%YAERAOT_NL, 1), UBOUND (YD%YAERAOT_NL, 1)
( 2179)   CALL COPY_TYPE_GFL_NAML (YD%YAERAOT_NL (J1), LDCREATED=.TRUE., LDFIELDAPI=LDFIELDAPI)
( 2180) ENDDO
( 2181) # 2182 "./util_type_gfld_mod.F90"
( 2182) DO J2 = LBOUND (YD%YAERLISI_NL, 2), UBOUND (YD%YAERLISI_NL, 2)
( 2183)   DO J1 = LBOUND (YD%YAERLISI_NL, 1), UBOUND (YD%YAERLISI_NL, 1)
( 2184)     CALL COPY_TYPE_GFL_NAML (YD%YAERLISI_NL (J1, J2), LDCREATED=.TRUE., LDFIELDAPI=LDFIELDAPI)
( 2185)   ENDDO
( 2186) ENDDO
( 2187) # 2188 "./util_type_gfld_mod.F90"
( 2188) DO J1 = LBOUND (YD%YAEROUT_NL, 1), UBOUND (YD%YAEROUT_NL, 1)
( 2189)   CALL COPY_TYPE_GFL_NAML (YD%YAEROUT_NL (J1), LDCREATED=.TRUE., LDFIELDAPI=LDFIELDAPI)
( 2190) ENDDO
( 2191) # 2192 "./util_type_gfld_mod.F90"
( 2192) DO J1 = LBOUND (YD%YAEROCLIM_NL, 1), UBOUND (YD%YAEROCLIM_NL, 1)
( 2193)   CALL COPY_TYPE_GFL_NAML (YD%YAEROCLIM_NL (J1), LDCREATED=.TRUE., LDFIELDAPI=LDFIELDAPI)
( 2194) ENDDO
( 2195) # 2196 "./util_type_gfld_mod.F90"
( 2196) DO J1 = LBOUND (YD%YUVP_NL, 1), UBOUND (YD%YUVP_NL, 1)
( 2197)   CALL COPY_TYPE_GFL_NAML (YD%YUVP_NL (J1), LDCREATED=.TRUE., LDFIELDAPI=LDFIELDAPI)
( 2198) ENDDO
( 2199) # 2200 "./util_type_gfld_mod.F90"
( 2200) CALL COPY_TYPE_GFL_NAML (YD%YRKTH_NL, LDCREATED=.TRUE., LDFIELDAPI=LDFIELDAPI)
( 2201) # 2202 "./util_type_gfld_mod.F90"
( 2202) CALL COPY_TYPE_GFL_NAML (YD%YRKTQV_NL, LDCREATED=.TRUE., LDFIELDAPI=LDFIELDAPI)
( 2203) # 2204 "./util_type_gfld_mod.F90"
( 2204) CALL COPY_TYPE_GFL_NAML (YD%YRKTQC_NL, LDCREATED=.TRUE., LDFIELDAPI=LDFIELDAPI)
( 2205) # 2206 "./util_type_gfld_mod.F90"
( 2206) CALL COPY_TYPE_GFL_NAML (YD%YPHYCTY_NL, LDCREATED=.TRUE., LDFIELDAPI=LDFIELDAPI)
( 2207) # 2208 "./util_type_gfld_mod.F90"
( 2208) CALL COPY_TYPE_GFL_NAML (YD%YFSD_NL, LDCREATED=.TRUE., LDFIELDAPI=LDFIELDAPI)
( 2209) # 2210 "./util_type_gfld_mod.F90"
( 2210) CALL COPY_TYPE_GFL_NAML (YD%YRSPEC_NL, LDCREATED=.TRUE., LDFIELDAPI=LDFIELDAPI)
( 2211) # 2212 "./util_type_gfld_mod.F90"
( 2212) CALL COPY_TYPE_GFL_NAML (YD%YSDSAT_NL, LDCREATED=.TRUE., LDFIELDAPI=LDFIELDAPI)
( 2213) # 2214 "./util_type_gfld_mod.F90"
( 2214) CALL COPY_TYPE_GFL_NAML (YD%YCVV_NL, LDCREATED=.TRUE., LDFIELDAPI=LDFIELDAPI)
( 2215) # 2216 "./util_type_gfld_mod.F90"
( 2216) DO J1 = LBOUND (YD%YFORC_NL, 1), UBOUND (YD%YFORC_NL, 1)
( 2217)   CALL COPY_TYPE_GFL_NAML (YD%YFORC_NL (J1), LDCREATED=.TRUE., LDFIELDAPI=LDFIELDAPI)
( 2218) ENDDO
( 2219) # 2220 "./util_type_gfld_mod.F90"
( 2220) DO J1 = LBOUND (YD%YEZDIAG_NL, 1), UBOUND (YD%YEZDIAG_NL, 1)
( 2221)   CALL COPY_TYPE_GFL_NAML (YD%YEZDIAG_NL (J1), LDCREATED=.TRUE., LDFIELDAPI=LDFIELDAPI)
( 2222) ENDDO
( 2223) # 2224 "./util_type_gfld_mod.F90"
( 2224) DO J1 = LBOUND (YD%YEXT_NL, 1), UBOUND (YD%YEXT_NL, 1)
( 2225)   CALL COPY_TYPE_GFL_NAML (YD%YEXT_NL (J1), LDCREATED=.TRUE., LDFIELDAPI=LDFIELDAPI)
( 2226) ENDDO
( 2227) # 2228 "./util_type_gfld_mod.F90"
( 2228) CALL COPY_TYPE_GFL_NAML (YD%YUOM_NL, LDCREATED=.TRUE., LDFIELDAPI=LDFIELDAPI)
( 2229) # 2230 "./util_type_gfld_mod.F90"
( 2230) CALL COPY_TYPE_GFL_NAML (YD%YUAL_NL, LDCREATED=.TRUE., LDFIELDAPI=LDFIELDAPI)
( 2231) # 2232 "./util_type_gfld_mod.F90"
( 2232) CALL COPY_TYPE_GFL_NAML (YD%YDOM_NL, LDCREATED=.TRUE., LDFIELDAPI=LDFIELDAPI)
( 2233) # 2234 "./util_type_gfld_mod.F90"
( 2234) CALL COPY_TYPE_GFL_NAML (YD%YDAL_NL, LDCREATED=.TRUE., LDFIELDAPI=LDFIELDAPI)






NVFORTRAN (Version     24.5)          03/19/2025  06:54:44      page 160

( 2235) # 2236 "./util_type_gfld_mod.F90"
( 2236) CALL COPY_TYPE_GFL_NAML (YD%YUEN_NL, LDCREATED=.TRUE., LDFIELDAPI=LDFIELDAPI)
( 2237) # 2238 "./util_type_gfld_mod.F90"
( 2238) CALL COPY_TYPE_GFL_NAML (YD%YUNEBH_NL, LDCREATED=.TRUE., LDFIELDAPI=LDFIELDAPI)
( 2239) # 2240 "./util_type_gfld_mod.F90"
( 2240) DO J1 = LBOUND (YD%YAERO_WVL_DIAG_NL, 1), UBOUND (YD%YAERO_WVL_DIAG_NL, 1)
( 2241)   CALL COPY_TYPE_AERO_WVL_DIAG (YD%YAERO_WVL_DIAG_NL (J1), LDCREATED=.TRUE., LDFIELDAPI=LDFIELDAPI)
( 2242) ENDDO
( 2243) # 2244 "./util_type_gfld_mod.F90"
( 2244) DO J1 = LBOUND (YD%YLIMA_NL, 1), UBOUND (YD%YLIMA_NL, 1)
( 2245)   CALL COPY_TYPE_GFL_NAML (YD%YLIMA_NL (J1), LDCREATED=.TRUE., LDFIELDAPI=LDFIELDAPI)
( 2246) ENDDO
( 2247) # 2248 "./util_type_gfld_mod.F90"
( 2248) END SUBROUTINE
( 2249) # 2250 "./util_type_gfld_mod.F90"
( 2250) SUBROUTINE HOST_TYPE_GFLD (YD)
( 2251) USE UTIL_TYPE_AERO_WVL_DIAG_MOD
( 2252) USE UTIL_TYPE_GFL_COMP_MOD
( 2253) USE UTIL_TYPE_GFL_NAML_MOD
( 2254) # 2255 "./util_type_gfld_mod.F90"
( 2255) IMPLICIT NONE
( 2256) TYPE (TYPE_GFLD), TARGET :: YD
( 2257) INTEGER :: J1, J2
( 2258) LOGICAL :: LYA, LYAERAOT, LYAERLISI, LYAERO, LYAEROCLIM, LYAEROUT, LYAMF, LYCHEM, LYCPF, LYCVGQ
( 2259) LOGICAL :: LYCVV, LYDAL, LYDOM, LYEDRP, LYEFB1, LYEFB2, LYEFB3, LYEMIS3D, LYERA40, LYEXT
( 2260) LOGICAL :: LYEZDIAG, LYFORC, LYFQTUR, LYFSD, LYFSTUR, LYG, LYGHG, LYH, LYI, LYICONV
( 2261) LOGICAL :: LYIMF, LYIRAD, LYL, LYLASTCOMP, LYLCONV, LYLIMA, LYLMF, LYLRAD, LYLRCH4, LYMXL
( 2262) LOGICAL :: LYNOGW, LYO3, LYPHYCTY, LYPHYS, LYQ, LYQVA, LYR, LYRCONV, LYRKTH, LYRKTQC
( 2263) LOGICAL :: LYRKTQV, LYRSPEC, LYS, LYSCONV, LYSDSAT, LYSHTUR, LYSLDIA, LYSPF, LYSRC, LYTKE
( 2264) LOGICAL :: LYTTE, LYUAL, LYUEN, LYUNEBH, LYUOM, LYUVP
( 2265) # 2353 "./util_type_gfld_mod.F90"
( 2353) DO J1 = LBOUND (YD%YCOMP, 1), UBOUND (YD%YCOMP, 1)
( 2354)   CALL HOST_TYPE_GFL_COMP (YD%YCOMP (J1))
( 2355) ENDDO
( 2356) # 2357 "./util_type_gfld_mod.F90"
( 2357) LYLASTCOMP = ASSOCIATED (YD%YLASTCOMP)
( 2358) IF (LYLASTCOMP) THEN
( 2359)   CALL HOST_TYPE_GFL_COMP (YD%YLASTCOMP)
( 2360) ENDIF
( 2361) # 2362 "./util_type_gfld_mod.F90"
( 2362) LYQ = ASSOCIATED (YD%YQ)
( 2363) IF (LYQ) THEN
( 2364)   CALL HOST_TYPE_GFL_COMP (YD%YQ)
( 2365) ENDIF
( 2366) # 2367 "./util_type_gfld_mod.F90"
( 2367) LYI = ASSOCIATED (YD%YI)
( 2368) IF (LYI) THEN
( 2369)   CALL HOST_TYPE_GFL_COMP (YD%YI)
( 2370) ENDIF
( 2371) # 2372 "./util_type_gfld_mod.F90"
( 2372) LYL = ASSOCIATED (YD%YL)
( 2373) IF (LYL) THEN
( 2374)   CALL HOST_TYPE_GFL_COMP (YD%YL)
( 2375) ENDIF
( 2376) # 2377 "./util_type_gfld_mod.F90"
( 2377) LYLCONV = ASSOCIATED (YD%YLCONV)
( 2378) IF (LYLCONV) THEN
( 2379)   CALL HOST_TYPE_GFL_COMP (YD%YLCONV)






NVFORTRAN (Version     24.5)          03/19/2025  06:54:44      page 161

( 2380) ENDIF
( 2381) # 2382 "./util_type_gfld_mod.F90"
( 2382) LYICONV = ASSOCIATED (YD%YICONV)
( 2383) IF (LYICONV) THEN
( 2384)   CALL HOST_TYPE_GFL_COMP (YD%YICONV)
( 2385) ENDIF
( 2386) # 2387 "./util_type_gfld_mod.F90"
( 2387) LYRCONV = ASSOCIATED (YD%YRCONV)
( 2388) IF (LYRCONV) THEN
( 2389)   CALL HOST_TYPE_GFL_COMP (YD%YRCONV)
( 2390) ENDIF
( 2391) # 2392 "./util_type_gfld_mod.F90"
( 2392) LYSCONV = ASSOCIATED (YD%YSCONV)
( 2393) IF (LYSCONV) THEN
( 2394)   CALL HOST_TYPE_GFL_COMP (YD%YSCONV)
( 2395) ENDIF
( 2396) # 2397 "./util_type_gfld_mod.F90"
( 2397) LYIRAD = ASSOCIATED (YD%YIRAD)
( 2398) IF (LYIRAD) THEN
( 2399)   CALL HOST_TYPE_GFL_COMP (YD%YIRAD)
( 2400) ENDIF
( 2401) # 2402 "./util_type_gfld_mod.F90"
( 2402) LYLRAD = ASSOCIATED (YD%YLRAD)
( 2403) IF (LYLRAD) THEN
( 2404)   CALL HOST_TYPE_GFL_COMP (YD%YLRAD)
( 2405) ENDIF
( 2406) # 2407 "./util_type_gfld_mod.F90"
( 2407) LYS = ASSOCIATED (YD%YS)
( 2408) IF (LYS) THEN
( 2409)   CALL HOST_TYPE_GFL_COMP (YD%YS)
( 2410) ENDIF
( 2411) # 2412 "./util_type_gfld_mod.F90"
( 2412) LYR = ASSOCIATED (YD%YR)
( 2413) IF (LYR) THEN
( 2414)   CALL HOST_TYPE_GFL_COMP (YD%YR)
( 2415) ENDIF
( 2416) # 2417 "./util_type_gfld_mod.F90"
( 2417) LYG = ASSOCIATED (YD%YG)
( 2418) IF (LYG) THEN
( 2419)   CALL HOST_TYPE_GFL_COMP (YD%YG)
( 2420) ENDIF
( 2421) # 2422 "./util_type_gfld_mod.F90"
( 2422) LYH = ASSOCIATED (YD%YH)
( 2423) IF (LYH) THEN
( 2424)   CALL HOST_TYPE_GFL_COMP (YD%YH)
( 2425) ENDIF
( 2426) # 2427 "./util_type_gfld_mod.F90"
( 2427) LYTKE = ASSOCIATED (YD%YTKE)
( 2428) IF (LYTKE) THEN
( 2429)   CALL HOST_TYPE_GFL_COMP (YD%YTKE)
( 2430) ENDIF
( 2431) # 2432 "./util_type_gfld_mod.F90"
( 2432) LYTTE = ASSOCIATED (YD%YTTE)
( 2433) IF (LYTTE) THEN
( 2434)   CALL HOST_TYPE_GFL_COMP (YD%YTTE)
( 2435) ENDIF
( 2436) # 2437 "./util_type_gfld_mod.F90"
( 2437) LYEFB1 = ASSOCIATED (YD%YEFB1)






NVFORTRAN (Version     24.5)          03/19/2025  06:54:44      page 162

( 2438) IF (LYEFB1) THEN
( 2439)   CALL HOST_TYPE_GFL_COMP (YD%YEFB1)
( 2440) ENDIF
( 2441) # 2442 "./util_type_gfld_mod.F90"
( 2442) LYEFB2 = ASSOCIATED (YD%YEFB2)
( 2443) IF (LYEFB2) THEN
( 2444)   CALL HOST_TYPE_GFL_COMP (YD%YEFB2)
( 2445) ENDIF
( 2446) # 2447 "./util_type_gfld_mod.F90"
( 2447) LYEFB3 = ASSOCIATED (YD%YEFB3)
( 2448) IF (LYEFB3) THEN
( 2449)   CALL HOST_TYPE_GFL_COMP (YD%YEFB3)
( 2450) ENDIF
( 2451) # 2452 "./util_type_gfld_mod.F90"
( 2452) LYA = ASSOCIATED (YD%YA)
( 2453) IF (LYA) THEN
( 2454)   CALL HOST_TYPE_GFL_COMP (YD%YA)
( 2455) ENDIF
( 2456) # 2457 "./util_type_gfld_mod.F90"
( 2457) LYO3 = ASSOCIATED (YD%YO3)
( 2458) IF (LYO3) THEN
( 2459)   CALL HOST_TYPE_GFL_COMP (YD%YO3)
( 2460) ENDIF
( 2461) # 2462 "./util_type_gfld_mod.F90"
( 2462) LYSRC = ASSOCIATED (YD%YSRC)
( 2463) IF (LYSRC) THEN
( 2464)   CALL HOST_TYPE_GFL_COMP (YD%YSRC)
( 2465) ENDIF
( 2466) # 2467 "./util_type_gfld_mod.F90"
( 2467) LYLMF = ASSOCIATED (YD%YLMF)
( 2468) IF (LYLMF) THEN
( 2469)   CALL HOST_TYPE_GFL_COMP (YD%YLMF)
( 2470) ENDIF
( 2471) # 2472 "./util_type_gfld_mod.F90"
( 2472) LYIMF = ASSOCIATED (YD%YIMF)
( 2473) IF (LYIMF) THEN
( 2474)   CALL HOST_TYPE_GFL_COMP (YD%YIMF)
( 2475) ENDIF
( 2476) # 2477 "./util_type_gfld_mod.F90"
( 2477) LYAMF = ASSOCIATED (YD%YAMF)
( 2478) IF (LYAMF) THEN
( 2479)   CALL HOST_TYPE_GFL_COMP (YD%YAMF)
( 2480) ENDIF
( 2481) # 2482 "./util_type_gfld_mod.F90"
( 2482) LYMXL = ASSOCIATED (YD%YMXL)
( 2483) IF (LYMXL) THEN
( 2484)   CALL HOST_TYPE_GFL_COMP (YD%YMXL)
( 2485) ENDIF
( 2486) # 2487 "./util_type_gfld_mod.F90"
( 2487) LYSHTUR = ASSOCIATED (YD%YSHTUR)
( 2488) IF (LYSHTUR) THEN
( 2489)   CALL HOST_TYPE_GFL_COMP (YD%YSHTUR)
( 2490) ENDIF
( 2491) # 2492 "./util_type_gfld_mod.F90"
( 2492) LYFQTUR = ASSOCIATED (YD%YFQTUR)
( 2493) IF (LYFQTUR) THEN
( 2494)   CALL HOST_TYPE_GFL_COMP (YD%YFQTUR)
( 2495) ENDIF






NVFORTRAN (Version     24.5)          03/19/2025  06:54:44      page 163

( 2496) # 2497 "./util_type_gfld_mod.F90"
( 2497) LYFSTUR = ASSOCIATED (YD%YFSTUR)
( 2498) IF (LYFSTUR) THEN
( 2499)   CALL HOST_TYPE_GFL_COMP (YD%YFSTUR)
( 2500) ENDIF
( 2501) # 2502 "./util_type_gfld_mod.F90"
( 2502) LYCPF = ASSOCIATED (YD%YCPF)
( 2503) IF (LYCPF) THEN
( 2504)   CALL HOST_TYPE_GFL_COMP (YD%YCPF)
( 2505) ENDIF
( 2506) # 2507 "./util_type_gfld_mod.F90"
( 2507) LYSPF = ASSOCIATED (YD%YSPF)
( 2508) IF (LYSPF) THEN
( 2509)   CALL HOST_TYPE_GFL_COMP (YD%YSPF)
( 2510) ENDIF
( 2511) # 2512 "./util_type_gfld_mod.F90"
( 2512) LYCVGQ = ASSOCIATED (YD%YCVGQ)
( 2513) IF (LYCVGQ) THEN
( 2514)   CALL HOST_TYPE_GFL_COMP (YD%YCVGQ)
( 2515) ENDIF
( 2516) # 2517 "./util_type_gfld_mod.F90"
( 2517) LYQVA = ASSOCIATED (YD%YQVA)
( 2518) IF (LYQVA) THEN
( 2519)   CALL HOST_TYPE_GFL_COMP (YD%YQVA)
( 2520) ENDIF
( 2521) # 2522 "./util_type_gfld_mod.F90"
( 2522) LYGHG = ASSOCIATED (YD%YGHG)
( 2523) IF (LYGHG) THEN
( 2524)   DO J1 = LBOUND (YD%YGHG, 1), UBOUND (YD%YGHG, 1)
( 2525)     CALL HOST_TYPE_GFL_COMP (YD%YGHG (J1))
( 2526)   ENDDO
( 2527) ENDIF
( 2528) # 2529 "./util_type_gfld_mod.F90"
( 2529) LYCHEM = ASSOCIATED (YD%YCHEM)
( 2530) IF (LYCHEM) THEN
( 2531)   DO J1 = LBOUND (YD%YCHEM, 1), UBOUND (YD%YCHEM, 1)
( 2532)     CALL HOST_TYPE_GFL_COMP (YD%YCHEM (J1))
( 2533)   ENDDO
( 2534) ENDIF
( 2535) # 2536 "./util_type_gfld_mod.F90"
( 2536) LYAERO = ASSOCIATED (YD%YAERO)
( 2537) IF (LYAERO) THEN
( 2538)   DO J1 = LBOUND (YD%YAERO, 1), UBOUND (YD%YAERO, 1)
( 2539)     CALL HOST_TYPE_GFL_COMP (YD%YAERO (J1))
( 2540)   ENDDO
( 2541) ENDIF
( 2542) # 2543 "./util_type_gfld_mod.F90"
( 2543) LYLRCH4 = ASSOCIATED (YD%YLRCH4)
( 2544) IF (LYLRCH4) THEN
( 2545)   CALL HOST_TYPE_GFL_COMP (YD%YLRCH4)
( 2546) ENDIF
( 2547) # 2548 "./util_type_gfld_mod.F90"
( 2548) LYEMIS3D = ASSOCIATED (YD%YEMIS3D)
( 2549) IF (LYEMIS3D) THEN
( 2550)   DO J1 = LBOUND (YD%YEMIS3D, 1), UBOUND (YD%YEMIS3D, 1)
( 2551)     CALL HOST_TYPE_GFL_COMP (YD%YEMIS3D (J1))
( 2552)   ENDDO
( 2553) ENDIF






NVFORTRAN (Version     24.5)          03/19/2025  06:54:44      page 164

( 2554) # 2555 "./util_type_gfld_mod.F90"
( 2555) LYFORC = ASSOCIATED (YD%YFORC)
( 2556) IF (LYFORC) THEN
( 2557)   DO J1 = LBOUND (YD%YFORC, 1), UBOUND (YD%YFORC, 1)
( 2558)     CALL HOST_TYPE_GFL_COMP (YD%YFORC (J1))
( 2559)   ENDDO
( 2560) ENDIF
( 2561) # 2562 "./util_type_gfld_mod.F90"
( 2562) LYEZDIAG = ASSOCIATED (YD%YEZDIAG)
( 2563) IF (LYEZDIAG) THEN
( 2564)   DO J1 = LBOUND (YD%YEZDIAG, 1), UBOUND (YD%YEZDIAG, 1)
( 2565)     CALL HOST_TYPE_GFL_COMP (YD%YEZDIAG (J1))
( 2566)   ENDDO
( 2567) ENDIF
( 2568) # 2569 "./util_type_gfld_mod.F90"
( 2569) LYERA40 = ASSOCIATED (YD%YERA40)
( 2570) IF (LYERA40) THEN
( 2571)   DO J1 = LBOUND (YD%YERA40, 1), UBOUND (YD%YERA40, 1)
( 2572)     CALL HOST_TYPE_GFL_COMP (YD%YERA40 (J1))
( 2573)   ENDDO
( 2574) ENDIF
( 2575) # 2576 "./util_type_gfld_mod.F90"
( 2576) LYNOGW = ASSOCIATED (YD%YNOGW)
( 2577) IF (LYNOGW) THEN
( 2578)   DO J1 = LBOUND (YD%YNOGW, 1), UBOUND (YD%YNOGW, 1)
( 2579)     CALL HOST_TYPE_GFL_COMP (YD%YNOGW (J1))
( 2580)   ENDDO
( 2581) ENDIF
( 2582) # 2583 "./util_type_gfld_mod.F90"
( 2583) LYEDRP = ASSOCIATED (YD%YEDRP)
( 2584) IF (LYEDRP) THEN
( 2585)   DO J1 = LBOUND (YD%YEDRP, 1), UBOUND (YD%YEDRP, 1)
( 2586)     CALL HOST_TYPE_GFL_COMP (YD%YEDRP (J1))
( 2587)   ENDDO
( 2588) ENDIF
( 2589) # 2590 "./util_type_gfld_mod.F90"
( 2590) LYSLDIA = ASSOCIATED (YD%YSLDIA)
( 2591) IF (LYSLDIA) THEN
( 2592)   DO J1 = LBOUND (YD%YSLDIA, 1), UBOUND (YD%YSLDIA, 1)
( 2593)     CALL HOST_TYPE_GFL_COMP (YD%YSLDIA (J1))
( 2594)   ENDDO
( 2595) ENDIF
( 2596) # 2597 "./util_type_gfld_mod.F90"
( 2597) LYAERAOT = ASSOCIATED (YD%YAERAOT)
( 2598) IF (LYAERAOT) THEN
( 2599)   DO J1 = LBOUND (YD%YAERAOT, 1), UBOUND (YD%YAERAOT, 1)
( 2600)     CALL HOST_TYPE_GFL_COMP (YD%YAERAOT (J1))
( 2601)   ENDDO
( 2602) ENDIF
( 2603) # 2604 "./util_type_gfld_mod.F90"
( 2604) LYAERLISI = ASSOCIATED (YD%YAERLISI)
( 2605) IF (LYAERLISI) THEN
( 2606)   DO J1 = LBOUND (YD%YAERLISI, 1), UBOUND (YD%YAERLISI, 1)
( 2607)     CALL HOST_TYPE_GFL_COMP (YD%YAERLISI (J1))
( 2608)   ENDDO
( 2609) ENDIF
( 2610) # 2611 "./util_type_gfld_mod.F90"
( 2611) LYAEROUT = ASSOCIATED (YD%YAEROUT)






NVFORTRAN (Version     24.5)          03/19/2025  06:54:44      page 165

( 2612) IF (LYAEROUT) THEN
( 2613)   DO J1 = LBOUND (YD%YAEROUT, 1), UBOUND (YD%YAEROUT, 1)
( 2614)     CALL HOST_TYPE_GFL_COMP (YD%YAEROUT (J1))
( 2615)   ENDDO
( 2616) ENDIF
( 2617) # 2618 "./util_type_gfld_mod.F90"
( 2618) LYAEROCLIM = ASSOCIATED (YD%YAEROCLIM)
( 2619) IF (LYAEROCLIM) THEN
( 2620)   DO J1 = LBOUND (YD%YAEROCLIM, 1), UBOUND (YD%YAEROCLIM, 1)
( 2621)     CALL HOST_TYPE_GFL_COMP (YD%YAEROCLIM (J1))
( 2622)   ENDDO
( 2623) ENDIF
( 2624) # 2625 "./util_type_gfld_mod.F90"
( 2625) LYUVP = ASSOCIATED (YD%YUVP)
( 2626) IF (LYUVP) THEN
( 2627)   DO J1 = LBOUND (YD%YUVP, 1), UBOUND (YD%YUVP, 1)
( 2628)     CALL HOST_TYPE_GFL_COMP (YD%YUVP (J1))
( 2629)   ENDDO
( 2630) ENDIF
( 2631) # 2632 "./util_type_gfld_mod.F90"
( 2632) LYPHYS = ASSOCIATED (YD%YPHYS)
( 2633) IF (LYPHYS) THEN
( 2634)   DO J1 = LBOUND (YD%YPHYS, 1), UBOUND (YD%YPHYS, 1)
( 2635)     CALL HOST_TYPE_GFL_COMP (YD%YPHYS (J1))
( 2636)   ENDDO
( 2637) ENDIF
( 2638) # 2639 "./util_type_gfld_mod.F90"
( 2639) LYPHYCTY = ASSOCIATED (YD%YPHYCTY)
( 2640) IF (LYPHYCTY) THEN
( 2641)   CALL HOST_TYPE_GFL_COMP (YD%YPHYCTY)
( 2642) ENDIF
( 2643) # 2644 "./util_type_gfld_mod.F90"
( 2644) LYRSPEC = ASSOCIATED (YD%YRSPEC)
( 2645) IF (LYRSPEC) THEN
( 2646)   CALL HOST_TYPE_GFL_COMP (YD%YRSPEC)
( 2647) ENDIF
( 2648) # 2649 "./util_type_gfld_mod.F90"
( 2649) LYSDSAT = ASSOCIATED (YD%YSDSAT)
( 2650) IF (LYSDSAT) THEN
( 2651)   CALL HOST_TYPE_GFL_COMP (YD%YSDSAT)
( 2652) ENDIF
( 2653) # 2654 "./util_type_gfld_mod.F90"
( 2654) LYCVV = ASSOCIATED (YD%YCVV)
( 2655) IF (LYCVV) THEN
( 2656)   CALL HOST_TYPE_GFL_COMP (YD%YCVV)
( 2657) ENDIF
( 2658) # 2659 "./util_type_gfld_mod.F90"
( 2659) LYRKTH = ASSOCIATED (YD%YRKTH)
( 2660) IF (LYRKTH) THEN
( 2661)   CALL HOST_TYPE_GFL_COMP (YD%YRKTH)
( 2662) ENDIF
( 2663) # 2664 "./util_type_gfld_mod.F90"
( 2664) LYRKTQV = ASSOCIATED (YD%YRKTQV)
( 2665) IF (LYRKTQV) THEN
( 2666)   CALL HOST_TYPE_GFL_COMP (YD%YRKTQV)
( 2667) ENDIF
( 2668) # 2669 "./util_type_gfld_mod.F90"
( 2669) LYRKTQC = ASSOCIATED (YD%YRKTQC)






NVFORTRAN (Version     24.5)          03/19/2025  06:54:44      page 166

( 2670) IF (LYRKTQC) THEN
( 2671)   CALL HOST_TYPE_GFL_COMP (YD%YRKTQC)
( 2672) ENDIF
( 2673) # 2674 "./util_type_gfld_mod.F90"
( 2674) LYUOM = ASSOCIATED (YD%YUOM)
( 2675) IF (LYUOM) THEN
( 2676)   CALL HOST_TYPE_GFL_COMP (YD%YUOM)
( 2677) ENDIF
( 2678) # 2679 "./util_type_gfld_mod.F90"
( 2679) LYUAL = ASSOCIATED (YD%YUAL)
( 2680) IF (LYUAL) THEN
( 2681)   CALL HOST_TYPE_GFL_COMP (YD%YUAL)
( 2682) ENDIF
( 2683) # 2684 "./util_type_gfld_mod.F90"
( 2684) LYDOM = ASSOCIATED (YD%YDOM)
( 2685) IF (LYDOM) THEN
( 2686)   CALL HOST_TYPE_GFL_COMP (YD%YDOM)
( 2687) ENDIF
( 2688) # 2689 "./util_type_gfld_mod.F90"
( 2689) LYDAL = ASSOCIATED (YD%YDAL)
( 2690) IF (LYDAL) THEN
( 2691)   CALL HOST_TYPE_GFL_COMP (YD%YDAL)
( 2692) ENDIF
( 2693) # 2694 "./util_type_gfld_mod.F90"
( 2694) LYUEN = ASSOCIATED (YD%YUEN)
( 2695) IF (LYUEN) THEN
( 2696)   CALL HOST_TYPE_GFL_COMP (YD%YUEN)
( 2697) ENDIF
( 2698) # 2699 "./util_type_gfld_mod.F90"
( 2699) LYUNEBH = ASSOCIATED (YD%YUNEBH)
( 2700) IF (LYUNEBH) THEN
( 2701)   CALL HOST_TYPE_GFL_COMP (YD%YUNEBH)
( 2702) ENDIF
( 2703) # 2704 "./util_type_gfld_mod.F90"
( 2704) LYLIMA = ASSOCIATED (YD%YLIMA)
( 2705) IF (LYLIMA) THEN
( 2706)   DO J1 = LBOUND (YD%YLIMA, 1), UBOUND (YD%YLIMA, 1)
( 2707)     CALL HOST_TYPE_GFL_COMP (YD%YLIMA (J1))
( 2708)   ENDDO
( 2709) ENDIF
( 2710) # 2711 "./util_type_gfld_mod.F90"
( 2711) LYFSD = ASSOCIATED (YD%YFSD)
( 2712) IF (LYFSD) THEN
( 2713)   CALL HOST_TYPE_GFL_COMP (YD%YFSD)
( 2714) ENDIF
( 2715) # 2716 "./util_type_gfld_mod.F90"
( 2716) LYEXT = ASSOCIATED (YD%YEXT)
( 2717) IF (LYEXT) THEN
( 2718)   DO J1 = LBOUND (YD%YEXT, 1), UBOUND (YD%YEXT, 1)
( 2719)     CALL HOST_TYPE_GFL_COMP (YD%YEXT (J1))
( 2720)   ENDDO
( 2721) ENDIF
( 2722) # 2723 "./util_type_gfld_mod.F90"
( 2723) CALL HOST_TYPE_GFL_NAML (YD%YQ_NL)
( 2724) # 2725 "./util_type_gfld_mod.F90"
( 2725) CALL HOST_TYPE_GFL_NAML (YD%YI_NL)
( 2726) # 2727 "./util_type_gfld_mod.F90"
( 2727) CALL HOST_TYPE_GFL_NAML (YD%YL_NL)






NVFORTRAN (Version     24.5)          03/19/2025  06:54:44      page 167

( 2728) # 2729 "./util_type_gfld_mod.F90"
( 2729) CALL HOST_TYPE_GFL_NAML (YD%YLCONV_NL)
( 2730) # 2731 "./util_type_gfld_mod.F90"
( 2731) CALL HOST_TYPE_GFL_NAML (YD%YICONV_NL)
( 2732) # 2733 "./util_type_gfld_mod.F90"
( 2733) CALL HOST_TYPE_GFL_NAML (YD%YRCONV_NL)
( 2734) # 2735 "./util_type_gfld_mod.F90"
( 2735) CALL HOST_TYPE_GFL_NAML (YD%YSCONV_NL)
( 2736) # 2737 "./util_type_gfld_mod.F90"
( 2737) CALL HOST_TYPE_GFL_NAML (YD%YIRAD_NL)
( 2738) # 2739 "./util_type_gfld_mod.F90"
( 2739) CALL HOST_TYPE_GFL_NAML (YD%YLRAD_NL)
( 2740) # 2741 "./util_type_gfld_mod.F90"
( 2741) CALL HOST_TYPE_GFL_NAML (YD%YS_NL)
( 2742) # 2743 "./util_type_gfld_mod.F90"
( 2743) CALL HOST_TYPE_GFL_NAML (YD%YR_NL)
( 2744) # 2745 "./util_type_gfld_mod.F90"
( 2745) CALL HOST_TYPE_GFL_NAML (YD%YG_NL)
( 2746) # 2747 "./util_type_gfld_mod.F90"
( 2747) CALL HOST_TYPE_GFL_NAML (YD%YH_NL)
( 2748) # 2749 "./util_type_gfld_mod.F90"
( 2749) CALL HOST_TYPE_GFL_NAML (YD%YTKE_NL)
( 2750) # 2751 "./util_type_gfld_mod.F90"
( 2751) CALL HOST_TYPE_GFL_NAML (YD%YTTE_NL)
( 2752) # 2753 "./util_type_gfld_mod.F90"
( 2753) CALL HOST_TYPE_GFL_NAML (YD%YEFB1_NL)
( 2754) # 2755 "./util_type_gfld_mod.F90"
( 2755) CALL HOST_TYPE_GFL_NAML (YD%YEFB2_NL)
( 2756) # 2757 "./util_type_gfld_mod.F90"
( 2757) CALL HOST_TYPE_GFL_NAML (YD%YEFB3_NL)
( 2758) # 2759 "./util_type_gfld_mod.F90"
( 2759) CALL HOST_TYPE_GFL_NAML (YD%YA_NL)
( 2760) # 2761 "./util_type_gfld_mod.F90"
( 2761) CALL HOST_TYPE_GFL_NAML (YD%YO3_NL)
( 2762) # 2763 "./util_type_gfld_mod.F90"
( 2763) CALL HOST_TYPE_GFL_NAML (YD%YSRC_NL)
( 2764) # 2765 "./util_type_gfld_mod.F90"
( 2765) CALL HOST_TYPE_GFL_NAML (YD%YAMF_NL)
( 2766) # 2767 "./util_type_gfld_mod.F90"
( 2767) CALL HOST_TYPE_GFL_NAML (YD%YLMF_NL)
( 2768) # 2769 "./util_type_gfld_mod.F90"
( 2769) CALL HOST_TYPE_GFL_NAML (YD%YIMF_NL)
( 2770) # 2771 "./util_type_gfld_mod.F90"
( 2771) CALL HOST_TYPE_GFL_NAML (YD%YMXL_NL)
( 2772) # 2773 "./util_type_gfld_mod.F90"
( 2773) CALL HOST_TYPE_GFL_NAML (YD%YSHTUR_NL)
( 2774) # 2775 "./util_type_gfld_mod.F90"
( 2775) CALL HOST_TYPE_GFL_NAML (YD%YFQTUR_NL)
( 2776) # 2777 "./util_type_gfld_mod.F90"
( 2777) CALL HOST_TYPE_GFL_NAML (YD%YFSTUR_NL)
( 2778) # 2779 "./util_type_gfld_mod.F90"
( 2779) CALL HOST_TYPE_GFL_NAML (YD%YCPF_NL)
( 2780) # 2781 "./util_type_gfld_mod.F90"
( 2781) CALL HOST_TYPE_GFL_NAML (YD%YSPF_NL)
( 2782) # 2783 "./util_type_gfld_mod.F90"
( 2783) CALL HOST_TYPE_GFL_NAML (YD%YCVGQ_NL)
( 2784) # 2785 "./util_type_gfld_mod.F90"
( 2785) CALL HOST_TYPE_GFL_NAML (YD%YQVA_NL)






NVFORTRAN (Version     24.5)          03/19/2025  06:54:44      page 168

( 2786) # 2787 "./util_type_gfld_mod.F90"
( 2787) DO J1 = LBOUND (YD%YGHG_NL, 1), UBOUND (YD%YGHG_NL, 1)
( 2788)   CALL HOST_TYPE_GFL_NAML (YD%YGHG_NL (J1))
( 2789) ENDDO
( 2790) # 2791 "./util_type_gfld_mod.F90"
( 2791) DO J1 = LBOUND (YD%YCHEM_NL, 1), UBOUND (YD%YCHEM_NL, 1)
( 2792)   CALL HOST_TYPE_GFL_NAML (YD%YCHEM_NL (J1))
( 2793) ENDDO
( 2794) # 2795 "./util_type_gfld_mod.F90"
( 2795) DO J1 = LBOUND (YD%YAERO_NL, 1), UBOUND (YD%YAERO_NL, 1)
( 2796)   CALL HOST_TYPE_GFL_NAML (YD%YAERO_NL (J1))
( 2797) ENDDO
( 2798) # 2799 "./util_type_gfld_mod.F90"
( 2799) DO J1 = LBOUND (YD%YERA40_NL, 1), UBOUND (YD%YERA40_NL, 1)
( 2800)   CALL HOST_TYPE_GFL_NAML (YD%YERA40_NL (J1))
( 2801) ENDDO
( 2802) # 2803 "./util_type_gfld_mod.F90"
( 2803) DO J1 = LBOUND (YD%YNOGW_NL, 1), UBOUND (YD%YNOGW_NL, 1)
( 2804)   CALL HOST_TYPE_GFL_NAML (YD%YNOGW_NL (J1))
( 2805) ENDDO
( 2806) # 2807 "./util_type_gfld_mod.F90"
( 2807) DO J1 = LBOUND (YD%YEDRP_NL, 1), UBOUND (YD%YEDRP_NL, 1)
( 2808)   CALL HOST_TYPE_GFL_NAML (YD%YEDRP_NL (J1))
( 2809) ENDDO
( 2810) # 2811 "./util_type_gfld_mod.F90"
( 2811) DO J1 = LBOUND (YD%YSLDIA_NL, 1), UBOUND (YD%YSLDIA_NL, 1)
( 2812)   CALL HOST_TYPE_GFL_NAML (YD%YSLDIA_NL (J1))
( 2813) ENDDO
( 2814) # 2815 "./util_type_gfld_mod.F90"
( 2815) CALL HOST_TYPE_GFL_NAML (YD%YLRCH4_NL)
( 2816) # 2817 "./util_type_gfld_mod.F90"
( 2817) DO J1 = LBOUND (YD%YAERAOT_NL, 1), UBOUND (YD%YAERAOT_NL, 1)
( 2818)   CALL HOST_TYPE_GFL_NAML (YD%YAERAOT_NL (J1))
( 2819) ENDDO
( 2820) # 2821 "./util_type_gfld_mod.F90"
( 2821) DO J2 = LBOUND (YD%YAERLISI_NL, 2), UBOUND (YD%YAERLISI_NL, 2)
( 2822)   DO J1 = LBOUND (YD%YAERLISI_NL, 1), UBOUND (YD%YAERLISI_NL, 1)
( 2823)     CALL HOST_TYPE_GFL_NAML (YD%YAERLISI_NL (J1, J2))
( 2824)   ENDDO
( 2825) ENDDO
( 2826) # 2827 "./util_type_gfld_mod.F90"
( 2827) DO J1 = LBOUND (YD%YAEROUT_NL, 1), UBOUND (YD%YAEROUT_NL, 1)
( 2828)   CALL HOST_TYPE_GFL_NAML (YD%YAEROUT_NL (J1))
( 2829) ENDDO
( 2830) # 2831 "./util_type_gfld_mod.F90"
( 2831) DO J1 = LBOUND (YD%YAEROCLIM_NL, 1), UBOUND (YD%YAEROCLIM_NL, 1)
( 2832)   CALL HOST_TYPE_GFL_NAML (YD%YAEROCLIM_NL (J1))
( 2833) ENDDO
( 2834) # 2835 "./util_type_gfld_mod.F90"
( 2835) DO J1 = LBOUND (YD%YUVP_NL, 1), UBOUND (YD%YUVP_NL, 1)
( 2836)   CALL HOST_TYPE_GFL_NAML (YD%YUVP_NL (J1))
( 2837) ENDDO
( 2838) # 2839 "./util_type_gfld_mod.F90"
( 2839) CALL HOST_TYPE_GFL_NAML (YD%YRKTH_NL)
( 2840) # 2841 "./util_type_gfld_mod.F90"
( 2841) CALL HOST_TYPE_GFL_NAML (YD%YRKTQV_NL)
( 2842) # 2843 "./util_type_gfld_mod.F90"
( 2843) CALL HOST_TYPE_GFL_NAML (YD%YRKTQC_NL)






NVFORTRAN (Version     24.5)          03/19/2025  06:54:44      page 169

( 2844) # 2845 "./util_type_gfld_mod.F90"
( 2845) CALL HOST_TYPE_GFL_NAML (YD%YPHYCTY_NL)
( 2846) # 2847 "./util_type_gfld_mod.F90"
( 2847) CALL HOST_TYPE_GFL_NAML (YD%YFSD_NL)
( 2848) # 2849 "./util_type_gfld_mod.F90"
( 2849) CALL HOST_TYPE_GFL_NAML (YD%YRSPEC_NL)
( 2850) # 2851 "./util_type_gfld_mod.F90"
( 2851) CALL HOST_TYPE_GFL_NAML (YD%YSDSAT_NL)
( 2852) # 2853 "./util_type_gfld_mod.F90"
( 2853) CALL HOST_TYPE_GFL_NAML (YD%YCVV_NL)
( 2854) # 2855 "./util_type_gfld_mod.F90"
( 2855) DO J1 = LBOUND (YD%YFORC_NL, 1), UBOUND (YD%YFORC_NL, 1)
( 2856)   CALL HOST_TYPE_GFL_NAML (YD%YFORC_NL (J1))
( 2857) ENDDO
( 2858) # 2859 "./util_type_gfld_mod.F90"
( 2859) DO J1 = LBOUND (YD%YEZDIAG_NL, 1), UBOUND (YD%YEZDIAG_NL, 1)
( 2860)   CALL HOST_TYPE_GFL_NAML (YD%YEZDIAG_NL (J1))
( 2861) ENDDO
( 2862) # 2863 "./util_type_gfld_mod.F90"
( 2863) DO J1 = LBOUND (YD%YEXT_NL, 1), UBOUND (YD%YEXT_NL, 1)
( 2864)   CALL HOST_TYPE_GFL_NAML (YD%YEXT_NL (J1))
( 2865) ENDDO
( 2866) # 2867 "./util_type_gfld_mod.F90"
( 2867) CALL HOST_TYPE_GFL_NAML (YD%YUOM_NL)
( 2868) # 2869 "./util_type_gfld_mod.F90"
( 2869) CALL HOST_TYPE_GFL_NAML (YD%YUAL_NL)
( 2870) # 2871 "./util_type_gfld_mod.F90"
( 2871) CALL HOST_TYPE_GFL_NAML (YD%YDOM_NL)
( 2872) # 2873 "./util_type_gfld_mod.F90"
( 2873) CALL HOST_TYPE_GFL_NAML (YD%YDAL_NL)
( 2874) # 2875 "./util_type_gfld_mod.F90"
( 2875) CALL HOST_TYPE_GFL_NAML (YD%YUEN_NL)
( 2876) # 2877 "./util_type_gfld_mod.F90"
( 2877) CALL HOST_TYPE_GFL_NAML (YD%YUNEBH_NL)
( 2878) # 2879 "./util_type_gfld_mod.F90"
( 2879) DO J1 = LBOUND (YD%YAERO_WVL_DIAG_NL, 1), UBOUND (YD%YAERO_WVL_DIAG_NL, 1)
( 2880)   CALL HOST_TYPE_AERO_WVL_DIAG (YD%YAERO_WVL_DIAG_NL (J1))
( 2881) ENDDO
( 2882) # 2883 "./util_type_gfld_mod.F90"
( 2883) DO J1 = LBOUND (YD%YLIMA_NL, 1), UBOUND (YD%YLIMA_NL, 1)
( 2884)   CALL HOST_TYPE_GFL_NAML (YD%YLIMA_NL (J1))
( 2885) ENDDO
( 2886) # 2887 "./util_type_gfld_mod.F90"
( 2887) END SUBROUTINE
( 2888) # 2889 "./util_type_gfld_mod.F90"
( 2889) SUBROUTINE LEGACY_TYPE_GFLD (YD, KADDRL, KADDRU, KDIR)
( 2890) USE UTIL_TYPE_AERO_WVL_DIAG_MOD
( 2891) USE UTIL_TYPE_GFL_COMP_MOD
( 2892) USE UTIL_TYPE_GFL_NAML_MOD
( 2893) # 2894 "./util_type_gfld_mod.F90"
( 2894) IMPLICIT NONE
( 2895) TYPE (TYPE_GFLD), TARGET :: YD
( 2896) INTEGER*8, INTENT (IN) :: KADDRL
( 2897) INTEGER*8, INTENT (IN) :: KADDRU
( 2898) INTEGER, INTENT (IN) :: KDIR
( 2899) INTEGER :: J1, J2
( 2900) LOGICAL :: LYA, LYAERAOT, LYAERLISI, LYAERO, LYAEROCLIM, LYAEROUT, LYAMF, LYCHEM, LYCPF, LYCVGQ
( 2901) LOGICAL :: LYCVV, LYDAL, LYDOM, LYEDRP, LYEFB1, LYEFB2, LYEFB3, LYEMIS3D, LYERA40, LYEXT






NVFORTRAN (Version     24.5)          03/19/2025  06:54:44      page 170

( 2902) LOGICAL :: LYEZDIAG, LYFORC, LYFQTUR, LYFSD, LYFSTUR, LYG, LYGHG, LYH, LYI, LYICONV
( 2903) LOGICAL :: LYIMF, LYIRAD, LYL, LYLASTCOMP, LYLCONV, LYLIMA, LYLMF, LYLRAD, LYLRCH4, LYMXL
( 2904) LOGICAL :: LYNOGW, LYO3, LYPHYCTY, LYPHYS, LYQ, LYQVA, LYR, LYRCONV, LYRKTH, LYRKTQC
( 2905) LOGICAL :: LYRKTQV, LYRSPEC, LYS, LYSCONV, LYSDSAT, LYSHTUR, LYSLDIA, LYSPF, LYSRC, LYTKE
( 2906) LOGICAL :: LYTTE, LYUAL, LYUEN, LYUNEBH, LYUOM, LYUVP
( 2907) # 2995 "./util_type_gfld_mod.F90"
( 2995) DO J1 = LBOUND (YD%YCOMP, 1), UBOUND (YD%YCOMP, 1)
( 2996)   CALL LEGACY_TYPE_GFL_COMP (YD%YCOMP (J1), KADDRL, KADDRU, KDIR=KDIR)
( 2997) ENDDO
( 2998) # 2999 "./util_type_gfld_mod.F90"
( 2999) LYLASTCOMP = ASSOCIATED (YD%YLASTCOMP)
( 3000) IF (LYLASTCOMP) THEN
( 3001)   CALL LEGACY_TYPE_GFL_COMP (YD%YLASTCOMP, KADDRL, KADDRU, KDIR=KDIR)
( 3002) ENDIF
( 3003) # 3004 "./util_type_gfld_mod.F90"
( 3004) LYQ = ASSOCIATED (YD%YQ)
( 3005) IF (LYQ) THEN
( 3006)   CALL LEGACY_TYPE_GFL_COMP (YD%YQ, KADDRL, KADDRU, KDIR=KDIR)
( 3007) ENDIF
( 3008) # 3009 "./util_type_gfld_mod.F90"
( 3009) LYI = ASSOCIATED (YD%YI)
( 3010) IF (LYI) THEN
( 3011)   CALL LEGACY_TYPE_GFL_COMP (YD%YI, KADDRL, KADDRU, KDIR=KDIR)
( 3012) ENDIF
( 3013) # 3014 "./util_type_gfld_mod.F90"
( 3014) LYL = ASSOCIATED (YD%YL)
( 3015) IF (LYL) THEN
( 3016)   CALL LEGACY_TYPE_GFL_COMP (YD%YL, KADDRL, KADDRU, KDIR=KDIR)
( 3017) ENDIF
( 3018) # 3019 "./util_type_gfld_mod.F90"
( 3019) LYLCONV = ASSOCIATED (YD%YLCONV)
( 3020) IF (LYLCONV) THEN
( 3021)   CALL LEGACY_TYPE_GFL_COMP (YD%YLCONV, KADDRL, KADDRU, KDIR=KDIR)
( 3022) ENDIF
( 3023) # 3024 "./util_type_gfld_mod.F90"
( 3024) LYICONV = ASSOCIATED (YD%YICONV)
( 3025) IF (LYICONV) THEN
( 3026)   CALL LEGACY_TYPE_GFL_COMP (YD%YICONV, KADDRL, KADDRU, KDIR=KDIR)
( 3027) ENDIF
( 3028) # 3029 "./util_type_gfld_mod.F90"
( 3029) LYRCONV = ASSOCIATED (YD%YRCONV)
( 3030) IF (LYRCONV) THEN
( 3031)   CALL LEGACY_TYPE_GFL_COMP (YD%YRCONV, KADDRL, KADDRU, KDIR=KDIR)
( 3032) ENDIF
( 3033) # 3034 "./util_type_gfld_mod.F90"
( 3034) LYSCONV = ASSOCIATED (YD%YSCONV)
( 3035) IF (LYSCONV) THEN
( 3036)   CALL LEGACY_TYPE_GFL_COMP (YD%YSCONV, KADDRL, KADDRU, KDIR=KDIR)
( 3037) ENDIF
( 3038) # 3039 "./util_type_gfld_mod.F90"
( 3039) LYIRAD = ASSOCIATED (YD%YIRAD)
( 3040) IF (LYIRAD) THEN
( 3041)   CALL LEGACY_TYPE_GFL_COMP (YD%YIRAD, KADDRL, KADDRU, KDIR=KDIR)
( 3042) ENDIF
( 3043) # 3044 "./util_type_gfld_mod.F90"
( 3044) LYLRAD = ASSOCIATED (YD%YLRAD)
( 3045) IF (LYLRAD) THEN
( 3046)   CALL LEGACY_TYPE_GFL_COMP (YD%YLRAD, KADDRL, KADDRU, KDIR=KDIR)






NVFORTRAN (Version     24.5)          03/19/2025  06:54:44      page 171

( 3047) ENDIF
( 3048) # 3049 "./util_type_gfld_mod.F90"
( 3049) LYS = ASSOCIATED (YD%YS)
( 3050) IF (LYS) THEN
( 3051)   CALL LEGACY_TYPE_GFL_COMP (YD%YS, KADDRL, KADDRU, KDIR=KDIR)
( 3052) ENDIF
( 3053) # 3054 "./util_type_gfld_mod.F90"
( 3054) LYR = ASSOCIATED (YD%YR)
( 3055) IF (LYR) THEN
( 3056)   CALL LEGACY_TYPE_GFL_COMP (YD%YR, KADDRL, KADDRU, KDIR=KDIR)
( 3057) ENDIF
( 3058) # 3059 "./util_type_gfld_mod.F90"
( 3059) LYG = ASSOCIATED (YD%YG)
( 3060) IF (LYG) THEN
( 3061)   CALL LEGACY_TYPE_GFL_COMP (YD%YG, KADDRL, KADDRU, KDIR=KDIR)
( 3062) ENDIF
( 3063) # 3064 "./util_type_gfld_mod.F90"
( 3064) LYH = ASSOCIATED (YD%YH)
( 3065) IF (LYH) THEN
( 3066)   CALL LEGACY_TYPE_GFL_COMP (YD%YH, KADDRL, KADDRU, KDIR=KDIR)
( 3067) ENDIF
( 3068) # 3069 "./util_type_gfld_mod.F90"
( 3069) LYTKE = ASSOCIATED (YD%YTKE)
( 3070) IF (LYTKE) THEN
( 3071)   CALL LEGACY_TYPE_GFL_COMP (YD%YTKE, KADDRL, KADDRU, KDIR=KDIR)
( 3072) ENDIF
( 3073) # 3074 "./util_type_gfld_mod.F90"
( 3074) LYTTE = ASSOCIATED (YD%YTTE)
( 3075) IF (LYTTE) THEN
( 3076)   CALL LEGACY_TYPE_GFL_COMP (YD%YTTE, KADDRL, KADDRU, KDIR=KDIR)
( 3077) ENDIF
( 3078) # 3079 "./util_type_gfld_mod.F90"
( 3079) LYEFB1 = ASSOCIATED (YD%YEFB1)
( 3080) IF (LYEFB1) THEN
( 3081)   CALL LEGACY_TYPE_GFL_COMP (YD%YEFB1, KADDRL, KADDRU, KDIR=KDIR)
( 3082) ENDIF
( 3083) # 3084 "./util_type_gfld_mod.F90"
( 3084) LYEFB2 = ASSOCIATED (YD%YEFB2)
( 3085) IF (LYEFB2) THEN
( 3086)   CALL LEGACY_TYPE_GFL_COMP (YD%YEFB2, KADDRL, KADDRU, KDIR=KDIR)
( 3087) ENDIF
( 3088) # 3089 "./util_type_gfld_mod.F90"
( 3089) LYEFB3 = ASSOCIATED (YD%YEFB3)
( 3090) IF (LYEFB3) THEN
( 3091)   CALL LEGACY_TYPE_GFL_COMP (YD%YEFB3, KADDRL, KADDRU, KDIR=KDIR)
( 3092) ENDIF
( 3093) # 3094 "./util_type_gfld_mod.F90"
( 3094) LYA = ASSOCIATED (YD%YA)
( 3095) IF (LYA) THEN
( 3096)   CALL LEGACY_TYPE_GFL_COMP (YD%YA, KADDRL, KADDRU, KDIR=KDIR)
( 3097) ENDIF
( 3098) # 3099 "./util_type_gfld_mod.F90"
( 3099) LYO3 = ASSOCIATED (YD%YO3)
( 3100) IF (LYO3) THEN
( 3101)   CALL LEGACY_TYPE_GFL_COMP (YD%YO3, KADDRL, KADDRU, KDIR=KDIR)
( 3102) ENDIF
( 3103) # 3104 "./util_type_gfld_mod.F90"
( 3104) LYSRC = ASSOCIATED (YD%YSRC)






NVFORTRAN (Version     24.5)          03/19/2025  06:54:44      page 172

( 3105) IF (LYSRC) THEN
( 3106)   CALL LEGACY_TYPE_GFL_COMP (YD%YSRC, KADDRL, KADDRU, KDIR=KDIR)
( 3107) ENDIF
( 3108) # 3109 "./util_type_gfld_mod.F90"
( 3109) LYLMF = ASSOCIATED (YD%YLMF)
( 3110) IF (LYLMF) THEN
( 3111)   CALL LEGACY_TYPE_GFL_COMP (YD%YLMF, KADDRL, KADDRU, KDIR=KDIR)
( 3112) ENDIF
( 3113) # 3114 "./util_type_gfld_mod.F90"
( 3114) LYIMF = ASSOCIATED (YD%YIMF)
( 3115) IF (LYIMF) THEN
( 3116)   CALL LEGACY_TYPE_GFL_COMP (YD%YIMF, KADDRL, KADDRU, KDIR=KDIR)
( 3117) ENDIF
( 3118) # 3119 "./util_type_gfld_mod.F90"
( 3119) LYAMF = ASSOCIATED (YD%YAMF)
( 3120) IF (LYAMF) THEN
( 3121)   CALL LEGACY_TYPE_GFL_COMP (YD%YAMF, KADDRL, KADDRU, KDIR=KDIR)
( 3122) ENDIF
( 3123) # 3124 "./util_type_gfld_mod.F90"
( 3124) LYMXL = ASSOCIATED (YD%YMXL)
( 3125) IF (LYMXL) THEN
( 3126)   CALL LEGACY_TYPE_GFL_COMP (YD%YMXL, KADDRL, KADDRU, KDIR=KDIR)
( 3127) ENDIF
( 3128) # 3129 "./util_type_gfld_mod.F90"
( 3129) LYSHTUR = ASSOCIATED (YD%YSHTUR)
( 3130) IF (LYSHTUR) THEN
( 3131)   CALL LEGACY_TYPE_GFL_COMP (YD%YSHTUR, KADDRL, KADDRU, KDIR=KDIR)
( 3132) ENDIF
( 3133) # 3134 "./util_type_gfld_mod.F90"
( 3134) LYFQTUR = ASSOCIATED (YD%YFQTUR)
( 3135) IF (LYFQTUR) THEN
( 3136)   CALL LEGACY_TYPE_GFL_COMP (YD%YFQTUR, KADDRL, KADDRU, KDIR=KDIR)
( 3137) ENDIF
( 3138) # 3139 "./util_type_gfld_mod.F90"
( 3139) LYFSTUR = ASSOCIATED (YD%YFSTUR)
( 3140) IF (LYFSTUR) THEN
( 3141)   CALL LEGACY_TYPE_GFL_COMP (YD%YFSTUR, KADDRL, KADDRU, KDIR=KDIR)
( 3142) ENDIF
( 3143) # 3144 "./util_type_gfld_mod.F90"
( 3144) LYCPF = ASSOCIATED (YD%YCPF)
( 3145) IF (LYCPF) THEN
( 3146)   CALL LEGACY_TYPE_GFL_COMP (YD%YCPF, KADDRL, KADDRU, KDIR=KDIR)
( 3147) ENDIF
( 3148) # 3149 "./util_type_gfld_mod.F90"
( 3149) LYSPF = ASSOCIATED (YD%YSPF)
( 3150) IF (LYSPF) THEN
( 3151)   CALL LEGACY_TYPE_GFL_COMP (YD%YSPF, KADDRL, KADDRU, KDIR=KDIR)
( 3152) ENDIF
( 3153) # 3154 "./util_type_gfld_mod.F90"
( 3154) LYCVGQ = ASSOCIATED (YD%YCVGQ)
( 3155) IF (LYCVGQ) THEN
( 3156)   CALL LEGACY_TYPE_GFL_COMP (YD%YCVGQ, KADDRL, KADDRU, KDIR=KDIR)
( 3157) ENDIF
( 3158) # 3159 "./util_type_gfld_mod.F90"
( 3159) LYQVA = ASSOCIATED (YD%YQVA)
( 3160) IF (LYQVA) THEN
( 3161)   CALL LEGACY_TYPE_GFL_COMP (YD%YQVA, KADDRL, KADDRU, KDIR=KDIR)
( 3162) ENDIF






NVFORTRAN (Version     24.5)          03/19/2025  06:54:44      page 173

( 3163) # 3164 "./util_type_gfld_mod.F90"
( 3164) LYGHG = ASSOCIATED (YD%YGHG)
( 3165) IF (LYGHG) THEN
( 3166)   DO J1 = LBOUND (YD%YGHG, 1), UBOUND (YD%YGHG, 1)
( 3167)     CALL LEGACY_TYPE_GFL_COMP (YD%YGHG (J1), KADDRL, KADDRU, KDIR=KDIR)
( 3168)   ENDDO
( 3169) ENDIF
( 3170) # 3171 "./util_type_gfld_mod.F90"
( 3171) LYCHEM = ASSOCIATED (YD%YCHEM)
( 3172) IF (LYCHEM) THEN
( 3173)   DO J1 = LBOUND (YD%YCHEM, 1), UBOUND (YD%YCHEM, 1)
( 3174)     CALL LEGACY_TYPE_GFL_COMP (YD%YCHEM (J1), KADDRL, KADDRU, KDIR=KDIR)
( 3175)   ENDDO
( 3176) ENDIF
( 3177) # 3178 "./util_type_gfld_mod.F90"
( 3178) LYAERO = ASSOCIATED (YD%YAERO)
( 3179) IF (LYAERO) THEN
( 3180)   DO J1 = LBOUND (YD%YAERO, 1), UBOUND (YD%YAERO, 1)
( 3181)     CALL LEGACY_TYPE_GFL_COMP (YD%YAERO (J1), KADDRL, KADDRU, KDIR=KDIR)
( 3182)   ENDDO
( 3183) ENDIF
( 3184) # 3185 "./util_type_gfld_mod.F90"
( 3185) LYLRCH4 = ASSOCIATED (YD%YLRCH4)
( 3186) IF (LYLRCH4) THEN
( 3187)   CALL LEGACY_TYPE_GFL_COMP (YD%YLRCH4, KADDRL, KADDRU, KDIR=KDIR)
( 3188) ENDIF
( 3189) # 3190 "./util_type_gfld_mod.F90"
( 3190) LYEMIS3D = ASSOCIATED (YD%YEMIS3D)
( 3191) IF (LYEMIS3D) THEN
( 3192)   DO J1 = LBOUND (YD%YEMIS3D, 1), UBOUND (YD%YEMIS3D, 1)
( 3193)     CALL LEGACY_TYPE_GFL_COMP (YD%YEMIS3D (J1), KADDRL, KADDRU, KDIR=KDIR)
( 3194)   ENDDO
( 3195) ENDIF
( 3196) # 3197 "./util_type_gfld_mod.F90"
( 3197) LYFORC = ASSOCIATED (YD%YFORC)
( 3198) IF (LYFORC) THEN
( 3199)   DO J1 = LBOUND (YD%YFORC, 1), UBOUND (YD%YFORC, 1)
( 3200)     CALL LEGACY_TYPE_GFL_COMP (YD%YFORC (J1), KADDRL, KADDRU, KDIR=KDIR)
( 3201)   ENDDO
( 3202) ENDIF
( 3203) # 3204 "./util_type_gfld_mod.F90"
( 3204) LYEZDIAG = ASSOCIATED (YD%YEZDIAG)
( 3205) IF (LYEZDIAG) THEN
( 3206)   DO J1 = LBOUND (YD%YEZDIAG, 1), UBOUND (YD%YEZDIAG, 1)
( 3207)     CALL LEGACY_TYPE_GFL_COMP (YD%YEZDIAG (J1), KADDRL, KADDRU, KDIR=KDIR)
( 3208)   ENDDO
( 3209) ENDIF
( 3210) # 3211 "./util_type_gfld_mod.F90"
( 3211) LYERA40 = ASSOCIATED (YD%YERA40)
( 3212) IF (LYERA40) THEN
( 3213)   DO J1 = LBOUND (YD%YERA40, 1), UBOUND (YD%YERA40, 1)
( 3214)     CALL LEGACY_TYPE_GFL_COMP (YD%YERA40 (J1), KADDRL, KADDRU, KDIR=KDIR)
( 3215)   ENDDO
( 3216) ENDIF
( 3217) # 3218 "./util_type_gfld_mod.F90"
( 3218) LYNOGW = ASSOCIATED (YD%YNOGW)
( 3219) IF (LYNOGW) THEN
( 3220)   DO J1 = LBOUND (YD%YNOGW, 1), UBOUND (YD%YNOGW, 1)






NVFORTRAN (Version     24.5)          03/19/2025  06:54:44      page 174

( 3221)     CALL LEGACY_TYPE_GFL_COMP (YD%YNOGW (J1), KADDRL, KADDRU, KDIR=KDIR)
( 3222)   ENDDO
( 3223) ENDIF
( 3224) # 3225 "./util_type_gfld_mod.F90"
( 3225) LYEDRP = ASSOCIATED (YD%YEDRP)
( 3226) IF (LYEDRP) THEN
( 3227)   DO J1 = LBOUND (YD%YEDRP, 1), UBOUND (YD%YEDRP, 1)
( 3228)     CALL LEGACY_TYPE_GFL_COMP (YD%YEDRP (J1), KADDRL, KADDRU, KDIR=KDIR)
( 3229)   ENDDO
( 3230) ENDIF
( 3231) # 3232 "./util_type_gfld_mod.F90"
( 3232) LYSLDIA = ASSOCIATED (YD%YSLDIA)
( 3233) IF (LYSLDIA) THEN
( 3234)   DO J1 = LBOUND (YD%YSLDIA, 1), UBOUND (YD%YSLDIA, 1)
( 3235)     CALL LEGACY_TYPE_GFL_COMP (YD%YSLDIA (J1), KADDRL, KADDRU, KDIR=KDIR)
( 3236)   ENDDO
( 3237) ENDIF
( 3238) # 3239 "./util_type_gfld_mod.F90"
( 3239) LYAERAOT = ASSOCIATED (YD%YAERAOT)
( 3240) IF (LYAERAOT) THEN
( 3241)   DO J1 = LBOUND (YD%YAERAOT, 1), UBOUND (YD%YAERAOT, 1)
( 3242)     CALL LEGACY_TYPE_GFL_COMP (YD%YAERAOT (J1), KADDRL, KADDRU, KDIR=KDIR)
( 3243)   ENDDO
( 3244) ENDIF
( 3245) # 3246 "./util_type_gfld_mod.F90"
( 3246) LYAERLISI = ASSOCIATED (YD%YAERLISI)
( 3247) IF (LYAERLISI) THEN
( 3248)   DO J1 = LBOUND (YD%YAERLISI, 1), UBOUND (YD%YAERLISI, 1)
( 3249)     CALL LEGACY_TYPE_GFL_COMP (YD%YAERLISI (J1), KADDRL, KADDRU, KDIR=KDIR)
( 3250)   ENDDO
( 3251) ENDIF
( 3252) # 3253 "./util_type_gfld_mod.F90"
( 3253) LYAEROUT = ASSOCIATED (YD%YAEROUT)
( 3254) IF (LYAEROUT) THEN
( 3255)   DO J1 = LBOUND (YD%YAEROUT, 1), UBOUND (YD%YAEROUT, 1)
( 3256)     CALL LEGACY_TYPE_GFL_COMP (YD%YAEROUT (J1), KADDRL, KADDRU, KDIR=KDIR)
( 3257)   ENDDO
( 3258) ENDIF
( 3259) # 3260 "./util_type_gfld_mod.F90"
( 3260) LYAEROCLIM = ASSOCIATED (YD%YAEROCLIM)
( 3261) IF (LYAEROCLIM) THEN
( 3262)   DO J1 = LBOUND (YD%YAEROCLIM, 1), UBOUND (YD%YAEROCLIM, 1)
( 3263)     CALL LEGACY_TYPE_GFL_COMP (YD%YAEROCLIM (J1), KADDRL, KADDRU, KDIR=KDIR)
( 3264)   ENDDO
( 3265) ENDIF
( 3266) # 3267 "./util_type_gfld_mod.F90"
( 3267) LYUVP = ASSOCIATED (YD%YUVP)
( 3268) IF (LYUVP) THEN
( 3269)   DO J1 = LBOUND (YD%YUVP, 1), UBOUND (YD%YUVP, 1)
( 3270)     CALL LEGACY_TYPE_GFL_COMP (YD%YUVP (J1), KADDRL, KADDRU, KDIR=KDIR)
( 3271)   ENDDO
( 3272) ENDIF
( 3273) # 3274 "./util_type_gfld_mod.F90"
( 3274) LYPHYS = ASSOCIATED (YD%YPHYS)
( 3275) IF (LYPHYS) THEN
( 3276)   DO J1 = LBOUND (YD%YPHYS, 1), UBOUND (YD%YPHYS, 1)
( 3277)     CALL LEGACY_TYPE_GFL_COMP (YD%YPHYS (J1), KADDRL, KADDRU, KDIR=KDIR)
( 3278)   ENDDO






NVFORTRAN (Version     24.5)          03/19/2025  06:54:44      page 175

( 3279) ENDIF
( 3280) # 3281 "./util_type_gfld_mod.F90"
( 3281) LYPHYCTY = ASSOCIATED (YD%YPHYCTY)
( 3282) IF (LYPHYCTY) THEN
( 3283)   CALL LEGACY_TYPE_GFL_COMP (YD%YPHYCTY, KADDRL, KADDRU, KDIR=KDIR)
( 3284) ENDIF
( 3285) # 3286 "./util_type_gfld_mod.F90"
( 3286) LYRSPEC = ASSOCIATED (YD%YRSPEC)
( 3287) IF (LYRSPEC) THEN
( 3288)   CALL LEGACY_TYPE_GFL_COMP (YD%YRSPEC, KADDRL, KADDRU, KDIR=KDIR)
( 3289) ENDIF
( 3290) # 3291 "./util_type_gfld_mod.F90"
( 3291) LYSDSAT = ASSOCIATED (YD%YSDSAT)
( 3292) IF (LYSDSAT) THEN
( 3293)   CALL LEGACY_TYPE_GFL_COMP (YD%YSDSAT, KADDRL, KADDRU, KDIR=KDIR)
( 3294) ENDIF
( 3295) # 3296 "./util_type_gfld_mod.F90"
( 3296) LYCVV = ASSOCIATED (YD%YCVV)
( 3297) IF (LYCVV) THEN
( 3298)   CALL LEGACY_TYPE_GFL_COMP (YD%YCVV, KADDRL, KADDRU, KDIR=KDIR)
( 3299) ENDIF
( 3300) # 3301 "./util_type_gfld_mod.F90"
( 3301) LYRKTH = ASSOCIATED (YD%YRKTH)
( 3302) IF (LYRKTH) THEN
( 3303)   CALL LEGACY_TYPE_GFL_COMP (YD%YRKTH, KADDRL, KADDRU, KDIR=KDIR)
( 3304) ENDIF
( 3305) # 3306 "./util_type_gfld_mod.F90"
( 3306) LYRKTQV = ASSOCIATED (YD%YRKTQV)
( 3307) IF (LYRKTQV) THEN
( 3308)   CALL LEGACY_TYPE_GFL_COMP (YD%YRKTQV, KADDRL, KADDRU, KDIR=KDIR)
( 3309) ENDIF
( 3310) # 3311 "./util_type_gfld_mod.F90"
( 3311) LYRKTQC = ASSOCIATED (YD%YRKTQC)
( 3312) IF (LYRKTQC) THEN
( 3313)   CALL LEGACY_TYPE_GFL_COMP (YD%YRKTQC, KADDRL, KADDRU, KDIR=KDIR)
( 3314) ENDIF
( 3315) # 3316 "./util_type_gfld_mod.F90"
( 3316) LYUOM = ASSOCIATED (YD%YUOM)
( 3317) IF (LYUOM) THEN
( 3318)   CALL LEGACY_TYPE_GFL_COMP (YD%YUOM, KADDRL, KADDRU, KDIR=KDIR)
( 3319) ENDIF
( 3320) # 3321 "./util_type_gfld_mod.F90"
( 3321) LYUAL = ASSOCIATED (YD%YUAL)
( 3322) IF (LYUAL) THEN
( 3323)   CALL LEGACY_TYPE_GFL_COMP (YD%YUAL, KADDRL, KADDRU, KDIR=KDIR)
( 3324) ENDIF
( 3325) # 3326 "./util_type_gfld_mod.F90"
( 3326) LYDOM = ASSOCIATED (YD%YDOM)
( 3327) IF (LYDOM) THEN
( 3328)   CALL LEGACY_TYPE_GFL_COMP (YD%YDOM, KADDRL, KADDRU, KDIR=KDIR)
( 3329) ENDIF
( 3330) # 3331 "./util_type_gfld_mod.F90"
( 3331) LYDAL = ASSOCIATED (YD%YDAL)
( 3332) IF (LYDAL) THEN
( 3333)   CALL LEGACY_TYPE_GFL_COMP (YD%YDAL, KADDRL, KADDRU, KDIR=KDIR)
( 3334) ENDIF
( 3335) # 3336 "./util_type_gfld_mod.F90"
( 3336) LYUEN = ASSOCIATED (YD%YUEN)






NVFORTRAN (Version     24.5)          03/19/2025  06:54:44      page 176

( 3337) IF (LYUEN) THEN
( 3338)   CALL LEGACY_TYPE_GFL_COMP (YD%YUEN, KADDRL, KADDRU, KDIR=KDIR)
( 3339) ENDIF
( 3340) # 3341 "./util_type_gfld_mod.F90"
( 3341) LYUNEBH = ASSOCIATED (YD%YUNEBH)
( 3342) IF (LYUNEBH) THEN
( 3343)   CALL LEGACY_TYPE_GFL_COMP (YD%YUNEBH, KADDRL, KADDRU, KDIR=KDIR)
( 3344) ENDIF
( 3345) # 3346 "./util_type_gfld_mod.F90"
( 3346) LYLIMA = ASSOCIATED (YD%YLIMA)
( 3347) IF (LYLIMA) THEN
( 3348)   DO J1 = LBOUND (YD%YLIMA, 1), UBOUND (YD%YLIMA, 1)
( 3349)     CALL LEGACY_TYPE_GFL_COMP (YD%YLIMA (J1), KADDRL, KADDRU, KDIR=KDIR)
( 3350)   ENDDO
( 3351) ENDIF
( 3352) # 3353 "./util_type_gfld_mod.F90"
( 3353) LYFSD = ASSOCIATED (YD%YFSD)
( 3354) IF (LYFSD) THEN
( 3355)   CALL LEGACY_TYPE_GFL_COMP (YD%YFSD, KADDRL, KADDRU, KDIR=KDIR)
( 3356) ENDIF
( 3357) # 3358 "./util_type_gfld_mod.F90"
( 3358) LYEXT = ASSOCIATED (YD%YEXT)
( 3359) IF (LYEXT) THEN
( 3360)   DO J1 = LBOUND (YD%YEXT, 1), UBOUND (YD%YEXT, 1)
( 3361)     CALL LEGACY_TYPE_GFL_COMP (YD%YEXT (J1), KADDRL, KADDRU, KDIR=KDIR)
( 3362)   ENDDO
( 3363) ENDIF
( 3364) # 3365 "./util_type_gfld_mod.F90"
( 3365) CALL LEGACY_TYPE_GFL_NAML (YD%YQ_NL, KADDRL, KADDRU, KDIR=KDIR)
( 3366) # 3367 "./util_type_gfld_mod.F90"
( 3367) CALL LEGACY_TYPE_GFL_NAML (YD%YI_NL, KADDRL, KADDRU, KDIR=KDIR)
( 3368) # 3369 "./util_type_gfld_mod.F90"
( 3369) CALL LEGACY_TYPE_GFL_NAML (YD%YL_NL, KADDRL, KADDRU, KDIR=KDIR)
( 3370) # 3371 "./util_type_gfld_mod.F90"
( 3371) CALL LEGACY_TYPE_GFL_NAML (YD%YLCONV_NL, KADDRL, KADDRU, KDIR=KDIR)
( 3372) # 3373 "./util_type_gfld_mod.F90"
( 3373) CALL LEGACY_TYPE_GFL_NAML (YD%YICONV_NL, KADDRL, KADDRU, KDIR=KDIR)
( 3374) # 3375 "./util_type_gfld_mod.F90"
( 3375) CALL LEGACY_TYPE_GFL_NAML (YD%YRCONV_NL, KADDRL, KADDRU, KDIR=KDIR)
( 3376) # 3377 "./util_type_gfld_mod.F90"
( 3377) CALL LEGACY_TYPE_GFL_NAML (YD%YSCONV_NL, KADDRL, KADDRU, KDIR=KDIR)
( 3378) # 3379 "./util_type_gfld_mod.F90"
( 3379) CALL LEGACY_TYPE_GFL_NAML (YD%YIRAD_NL, KADDRL, KADDRU, KDIR=KDIR)
( 3380) # 3381 "./util_type_gfld_mod.F90"
( 3381) CALL LEGACY_TYPE_GFL_NAML (YD%YLRAD_NL, KADDRL, KADDRU, KDIR=KDIR)
( 3382) # 3383 "./util_type_gfld_mod.F90"
( 3383) CALL LEGACY_TYPE_GFL_NAML (YD%YS_NL, KADDRL, KADDRU, KDIR=KDIR)
( 3384) # 3385 "./util_type_gfld_mod.F90"
( 3385) CALL LEGACY_TYPE_GFL_NAML (YD%YR_NL, KADDRL, KADDRU, KDIR=KDIR)
( 3386) # 3387 "./util_type_gfld_mod.F90"
( 3387) CALL LEGACY_TYPE_GFL_NAML (YD%YG_NL, KADDRL, KADDRU, KDIR=KDIR)
( 3388) # 3389 "./util_type_gfld_mod.F90"
( 3389) CALL LEGACY_TYPE_GFL_NAML (YD%YH_NL, KADDRL, KADDRU, KDIR=KDIR)
( 3390) # 3391 "./util_type_gfld_mod.F90"
( 3391) CALL LEGACY_TYPE_GFL_NAML (YD%YTKE_NL, KADDRL, KADDRU, KDIR=KDIR)
( 3392) # 3393 "./util_type_gfld_mod.F90"
( 3393) CALL LEGACY_TYPE_GFL_NAML (YD%YTTE_NL, KADDRL, KADDRU, KDIR=KDIR)
( 3394) # 3395 "./util_type_gfld_mod.F90"






NVFORTRAN (Version     24.5)          03/19/2025  06:54:44      page 177

( 3395) CALL LEGACY_TYPE_GFL_NAML (YD%YEFB1_NL, KADDRL, KADDRU, KDIR=KDIR)
( 3396) # 3397 "./util_type_gfld_mod.F90"
( 3397) CALL LEGACY_TYPE_GFL_NAML (YD%YEFB2_NL, KADDRL, KADDRU, KDIR=KDIR)
( 3398) # 3399 "./util_type_gfld_mod.F90"
( 3399) CALL LEGACY_TYPE_GFL_NAML (YD%YEFB3_NL, KADDRL, KADDRU, KDIR=KDIR)
( 3400) # 3401 "./util_type_gfld_mod.F90"
( 3401) CALL LEGACY_TYPE_GFL_NAML (YD%YA_NL, KADDRL, KADDRU, KDIR=KDIR)
( 3402) # 3403 "./util_type_gfld_mod.F90"
( 3403) CALL LEGACY_TYPE_GFL_NAML (YD%YO3_NL, KADDRL, KADDRU, KDIR=KDIR)
( 3404) # 3405 "./util_type_gfld_mod.F90"
( 3405) CALL LEGACY_TYPE_GFL_NAML (YD%YSRC_NL, KADDRL, KADDRU, KDIR=KDIR)
( 3406) # 3407 "./util_type_gfld_mod.F90"
( 3407) CALL LEGACY_TYPE_GFL_NAML (YD%YAMF_NL, KADDRL, KADDRU, KDIR=KDIR)
( 3408) # 3409 "./util_type_gfld_mod.F90"
( 3409) CALL LEGACY_TYPE_GFL_NAML (YD%YLMF_NL, KADDRL, KADDRU, KDIR=KDIR)
( 3410) # 3411 "./util_type_gfld_mod.F90"
( 3411) CALL LEGACY_TYPE_GFL_NAML (YD%YIMF_NL, KADDRL, KADDRU, KDIR=KDIR)
( 3412) # 3413 "./util_type_gfld_mod.F90"
( 3413) CALL LEGACY_TYPE_GFL_NAML (YD%YMXL_NL, KADDRL, KADDRU, KDIR=KDIR)
( 3414) # 3415 "./util_type_gfld_mod.F90"
( 3415) CALL LEGACY_TYPE_GFL_NAML (YD%YSHTUR_NL, KADDRL, KADDRU, KDIR=KDIR)
( 3416) # 3417 "./util_type_gfld_mod.F90"
( 3417) CALL LEGACY_TYPE_GFL_NAML (YD%YFQTUR_NL, KADDRL, KADDRU, KDIR=KDIR)
( 3418) # 3419 "./util_type_gfld_mod.F90"
( 3419) CALL LEGACY_TYPE_GFL_NAML (YD%YFSTUR_NL, KADDRL, KADDRU, KDIR=KDIR)
( 3420) # 3421 "./util_type_gfld_mod.F90"
( 3421) CALL LEGACY_TYPE_GFL_NAML (YD%YCPF_NL, KADDRL, KADDRU, KDIR=KDIR)
( 3422) # 3423 "./util_type_gfld_mod.F90"
( 3423) CALL LEGACY_TYPE_GFL_NAML (YD%YSPF_NL, KADDRL, KADDRU, KDIR=KDIR)
( 3424) # 3425 "./util_type_gfld_mod.F90"
( 3425) CALL LEGACY_TYPE_GFL_NAML (YD%YCVGQ_NL, KADDRL, KADDRU, KDIR=KDIR)
( 3426) # 3427 "./util_type_gfld_mod.F90"
( 3427) CALL LEGACY_TYPE_GFL_NAML (YD%YQVA_NL, KADDRL, KADDRU, KDIR=KDIR)
( 3428) # 3429 "./util_type_gfld_mod.F90"
( 3429) DO J1 = LBOUND (YD%YGHG_NL, 1), UBOUND (YD%YGHG_NL, 1)
( 3430)   CALL LEGACY_TYPE_GFL_NAML (YD%YGHG_NL (J1), KADDRL, KADDRU, KDIR=KDIR)
( 3431) ENDDO
( 3432) # 3433 "./util_type_gfld_mod.F90"
( 3433) DO J1 = LBOUND (YD%YCHEM_NL, 1), UBOUND (YD%YCHEM_NL, 1)
( 3434)   CALL LEGACY_TYPE_GFL_NAML (YD%YCHEM_NL (J1), KADDRL, KADDRU, KDIR=KDIR)
( 3435) ENDDO
( 3436) # 3437 "./util_type_gfld_mod.F90"
( 3437) DO J1 = LBOUND (YD%YAERO_NL, 1), UBOUND (YD%YAERO_NL, 1)
( 3438)   CALL LEGACY_TYPE_GFL_NAML (YD%YAERO_NL (J1), KADDRL, KADDRU, KDIR=KDIR)
( 3439) ENDDO
( 3440) # 3441 "./util_type_gfld_mod.F90"
( 3441) DO J1 = LBOUND (YD%YERA40_NL, 1), UBOUND (YD%YERA40_NL, 1)
( 3442)   CALL LEGACY_TYPE_GFL_NAML (YD%YERA40_NL (J1), KADDRL, KADDRU, KDIR=KDIR)
( 3443) ENDDO
( 3444) # 3445 "./util_type_gfld_mod.F90"
( 3445) DO J1 = LBOUND (YD%YNOGW_NL, 1), UBOUND (YD%YNOGW_NL, 1)
( 3446)   CALL LEGACY_TYPE_GFL_NAML (YD%YNOGW_NL (J1), KADDRL, KADDRU, KDIR=KDIR)
( 3447) ENDDO
( 3448) # 3449 "./util_type_gfld_mod.F90"
( 3449) DO J1 = LBOUND (YD%YEDRP_NL, 1), UBOUND (YD%YEDRP_NL, 1)
( 3450)   CALL LEGACY_TYPE_GFL_NAML (YD%YEDRP_NL (J1), KADDRL, KADDRU, KDIR=KDIR)
( 3451) ENDDO
( 3452) # 3453 "./util_type_gfld_mod.F90"






NVFORTRAN (Version     24.5)          03/19/2025  06:54:44      page 178

( 3453) DO J1 = LBOUND (YD%YSLDIA_NL, 1), UBOUND (YD%YSLDIA_NL, 1)
( 3454)   CALL LEGACY_TYPE_GFL_NAML (YD%YSLDIA_NL (J1), KADDRL, KADDRU, KDIR=KDIR)
( 3455) ENDDO
( 3456) # 3457 "./util_type_gfld_mod.F90"
( 3457) CALL LEGACY_TYPE_GFL_NAML (YD%YLRCH4_NL, KADDRL, KADDRU, KDIR=KDIR)
( 3458) # 3459 "./util_type_gfld_mod.F90"
( 3459) DO J1 = LBOUND (YD%YAERAOT_NL, 1), UBOUND (YD%YAERAOT_NL, 1)
( 3460)   CALL LEGACY_TYPE_GFL_NAML (YD%YAERAOT_NL (J1), KADDRL, KADDRU, KDIR=KDIR)
( 3461) ENDDO
( 3462) # 3463 "./util_type_gfld_mod.F90"
( 3463) DO J2 = LBOUND (YD%YAERLISI_NL, 2), UBOUND (YD%YAERLISI_NL, 2)
( 3464)   DO J1 = LBOUND (YD%YAERLISI_NL, 1), UBOUND (YD%YAERLISI_NL, 1)
( 3465)     CALL LEGACY_TYPE_GFL_NAML (YD%YAERLISI_NL (J1, J2), KADDRL, KADDRU, KDIR=KDIR)
( 3466)   ENDDO
( 3467) ENDDO
( 3468) # 3469 "./util_type_gfld_mod.F90"
( 3469) DO J1 = LBOUND (YD%YAEROUT_NL, 1), UBOUND (YD%YAEROUT_NL, 1)
( 3470)   CALL LEGACY_TYPE_GFL_NAML (YD%YAEROUT_NL (J1), KADDRL, KADDRU, KDIR=KDIR)
( 3471) ENDDO
( 3472) # 3473 "./util_type_gfld_mod.F90"
( 3473) DO J1 = LBOUND (YD%YAEROCLIM_NL, 1), UBOUND (YD%YAEROCLIM_NL, 1)
( 3474)   CALL LEGACY_TYPE_GFL_NAML (YD%YAEROCLIM_NL (J1), KADDRL, KADDRU, KDIR=KDIR)
( 3475) ENDDO
( 3476) # 3477 "./util_type_gfld_mod.F90"
( 3477) DO J1 = LBOUND (YD%YUVP_NL, 1), UBOUND (YD%YUVP_NL, 1)
( 3478)   CALL LEGACY_TYPE_GFL_NAML (YD%YUVP_NL (J1), KADDRL, KADDRU, KDIR=KDIR)
( 3479) ENDDO
( 3480) # 3481 "./util_type_gfld_mod.F90"
( 3481) CALL LEGACY_TYPE_GFL_NAML (YD%YRKTH_NL, KADDRL, KADDRU, KDIR=KDIR)
( 3482) # 3483 "./util_type_gfld_mod.F90"
( 3483) CALL LEGACY_TYPE_GFL_NAML (YD%YRKTQV_NL, KADDRL, KADDRU, KDIR=KDIR)
( 3484) # 3485 "./util_type_gfld_mod.F90"
( 3485) CALL LEGACY_TYPE_GFL_NAML (YD%YRKTQC_NL, KADDRL, KADDRU, KDIR=KDIR)
( 3486) # 3487 "./util_type_gfld_mod.F90"
( 3487) CALL LEGACY_TYPE_GFL_NAML (YD%YPHYCTY_NL, KADDRL, KADDRU, KDIR=KDIR)
( 3488) # 3489 "./util_type_gfld_mod.F90"
( 3489) CALL LEGACY_TYPE_GFL_NAML (YD%YFSD_NL, KADDRL, KADDRU, KDIR=KDIR)
( 3490) # 3491 "./util_type_gfld_mod.F90"
( 3491) CALL LEGACY_TYPE_GFL_NAML (YD%YRSPEC_NL, KADDRL, KADDRU, KDIR=KDIR)
( 3492) # 3493 "./util_type_gfld_mod.F90"
( 3493) CALL LEGACY_TYPE_GFL_NAML (YD%YSDSAT_NL, KADDRL, KADDRU, KDIR=KDIR)
( 3494) # 3495 "./util_type_gfld_mod.F90"
( 3495) CALL LEGACY_TYPE_GFL_NAML (YD%YCVV_NL, KADDRL, KADDRU, KDIR=KDIR)
( 3496) # 3497 "./util_type_gfld_mod.F90"
( 3497) DO J1 = LBOUND (YD%YFORC_NL, 1), UBOUND (YD%YFORC_NL, 1)
( 3498)   CALL LEGACY_TYPE_GFL_NAML (YD%YFORC_NL (J1), KADDRL, KADDRU, KDIR=KDIR)
( 3499) ENDDO
( 3500) # 3501 "./util_type_gfld_mod.F90"
( 3501) DO J1 = LBOUND (YD%YEZDIAG_NL, 1), UBOUND (YD%YEZDIAG_NL, 1)
( 3502)   CALL LEGACY_TYPE_GFL_NAML (YD%YEZDIAG_NL (J1), KADDRL, KADDRU, KDIR=KDIR)
( 3503) ENDDO
( 3504) # 3505 "./util_type_gfld_mod.F90"
( 3505) DO J1 = LBOUND (YD%YEXT_NL, 1), UBOUND (YD%YEXT_NL, 1)
( 3506)   CALL LEGACY_TYPE_GFL_NAML (YD%YEXT_NL (J1), KADDRL, KADDRU, KDIR=KDIR)
( 3507) ENDDO
( 3508) # 3509 "./util_type_gfld_mod.F90"
( 3509) CALL LEGACY_TYPE_GFL_NAML (YD%YUOM_NL, KADDRL, KADDRU, KDIR=KDIR)
( 3510) # 3511 "./util_type_gfld_mod.F90"






NVFORTRAN (Version     24.5)          03/19/2025  06:54:44      page 179

( 3511) CALL LEGACY_TYPE_GFL_NAML (YD%YUAL_NL, KADDRL, KADDRU, KDIR=KDIR)
( 3512) # 3513 "./util_type_gfld_mod.F90"
( 3513) CALL LEGACY_TYPE_GFL_NAML (YD%YDOM_NL, KADDRL, KADDRU, KDIR=KDIR)
( 3514) # 3515 "./util_type_gfld_mod.F90"
( 3515) CALL LEGACY_TYPE_GFL_NAML (YD%YDAL_NL, KADDRL, KADDRU, KDIR=KDIR)
( 3516) # 3517 "./util_type_gfld_mod.F90"
( 3517) CALL LEGACY_TYPE_GFL_NAML (YD%YUEN_NL, KADDRL, KADDRU, KDIR=KDIR)
( 3518) # 3519 "./util_type_gfld_mod.F90"
( 3519) CALL LEGACY_TYPE_GFL_NAML (YD%YUNEBH_NL, KADDRL, KADDRU, KDIR=KDIR)
( 3520) # 3521 "./util_type_gfld_mod.F90"
( 3521) DO J1 = LBOUND (YD%YAERO_WVL_DIAG_NL, 1), UBOUND (YD%YAERO_WVL_DIAG_NL, 1)
( 3522)   CALL LEGACY_TYPE_AERO_WVL_DIAG (YD%YAERO_WVL_DIAG_NL (J1), KADDRL, KADDRU, KDIR=KDIR)
( 3523) ENDDO
( 3524) # 3525 "./util_type_gfld_mod.F90"
( 3525) DO J1 = LBOUND (YD%YLIMA_NL, 1), UBOUND (YD%YLIMA_NL, 1)
( 3526)   CALL LEGACY_TYPE_GFL_NAML (YD%YLIMA_NL (J1), KADDRL, KADDRU, KDIR=KDIR)
( 3527) ENDDO
( 3528) # 3529 "./util_type_gfld_mod.F90"
( 3529) END SUBROUTINE     
( 3530) # 3531 "./util_type_gfld_mod.F90"
( 3531) SUBROUTINE CRC64_TYPE_GFLD (YD, KLUN, CDPATH)
( 3532) USE UTIL_TYPE_AERO_WVL_DIAG_MOD
( 3533) USE UTIL_TYPE_GFL_COMP_MOD
( 3534) USE UTIL_TYPE_GFL_NAML_MOD
( 3535) USE CRC64_INTRINSIC
( 3536) # 3537 "./util_type_gfld_mod.F90"
( 3537) IMPLICIT NONE
( 3538) TYPE (TYPE_GFLD), TARGET :: YD
( 3539) INTEGER, INTENT (IN) :: KLUN
( 3540) CHARACTER(LEN=*), INTENT (IN) :: CDPATH
( 3541) CHARACTER(LEN=128) :: CLIND
( 3542) INTEGER :: J1, J2
( 3543) LOGICAL :: LYA, LYAERAOT, LYAERLISI, LYAERO, LYAEROCLIM, LYAEROUT, LYAMF, LYCHEM, LYCPF, LYCVGQ
( 3544) LOGICAL :: LYCVV, LYDAL, LYDOM, LYEDRP, LYEFB1, LYEFB2, LYEFB3, LYEMIS3D, LYERA40, LYEXT
( 3545) LOGICAL :: LYEZDIAG, LYFORC, LYFQTUR, LYFSD, LYFSTUR, LYG, LYGHG, LYH, LYI, LYICONV
( 3546) LOGICAL :: LYIMF, LYIRAD, LYL, LYLASTCOMP, LYLCONV, LYLIMA, LYLMF, LYLRAD, LYLRCH4, LYMXL
( 3547) LOGICAL :: LYNOGW, LYO3, LYPHYCTY, LYPHYS, LYQ, LYQVA, LYR, LYRCONV, LYRKTH, LYRKTQC
( 3548) LOGICAL :: LYRKTQV, LYRSPEC, LYS, LYSCONV, LYSDSAT, LYSHTUR, LYSLDIA, LYSPF, LYSRC, LYTKE
( 3549) LOGICAL :: LYTTE, LYUAL, LYUEN, LYUNEBH, LYUOM, LYUVP
( 3550) WRITE (KLUN, '(Z16.16," ",A)') CRC64 (YD%NUMFLDS), CDPATH//'%NUMFLDS'
( 3551) # 3552 "./util_type_gfld_mod.F90"
( 3552) WRITE (KLUN, '(Z16.16," ",A)') CRC64 (YD%NDERS), CDPATH//'%NDERS'
( 3553) # 3554 "./util_type_gfld_mod.F90"
( 3554) WRITE (KLUN, '(Z16.16," ",A)') CRC64 (YD%NUMSPFLDS), CDPATH//'%NUMSPFLDS'
( 3555) # 3556 "./util_type_gfld_mod.F90"
( 3556) WRITE (KLUN, '(Z16.16," ",A)') CRC64 (YD%NUMGPFLDS), CDPATH//'%NUMGPFLDS'
( 3557) # 3558 "./util_type_gfld_mod.F90"
( 3558) WRITE (KLUN, '(Z16.16," ",A)') CRC64 (YD%NUMFLDS9), CDPATH//'%NUMFLDS9'
( 3559) # 3560 "./util_type_gfld_mod.F90"
( 3560) WRITE (KLUN, '(Z16.16," ",A)') CRC64 (YD%NUMFLDS1), CDPATH//'%NUMFLDS1'
( 3561) # 3562 "./util_type_gfld_mod.F90"
( 3562) WRITE (KLUN, '(Z16.16," ",A)') CRC64 (YD%NUMSPFLDS1), CDPATH//'%NUMSPFLDS1'
( 3563) # 3564 "./util_type_gfld_mod.F90"
( 3564) WRITE (KLUN, '(Z16.16," ",A)') CRC64 (YD%NUMFLDS5), CDPATH//'%NUMFLDS5'
( 3565) # 3566 "./util_type_gfld_mod.F90"
( 3566) WRITE (KLUN, '(Z16.16," ",A)') CRC64 (YD%NUMFLDSPHY), CDPATH//'%NUMFLDSPHY'
( 3567) # 3568 "./util_type_gfld_mod.F90"
( 3568) WRITE (KLUN, '(Z16.16," ",A)') CRC64 (YD%NUMFLDS_SPL), CDPATH//'%NUMFLDS_SPL'






NVFORTRAN (Version     24.5)          03/19/2025  06:54:44      page 180

( 3569) # 3570 "./util_type_gfld_mod.F90"
( 3570) WRITE (KLUN, '(Z16.16," ",A)') CRC64 (YD%NUMFLDS_SL1), CDPATH//'%NUMFLDS_SL1'
( 3571) # 3572 "./util_type_gfld_mod.F90"
( 3572) WRITE (KLUN, '(Z16.16," ",A)') CRC64 (YD%NUMFLDSPC), CDPATH//'%NUMFLDSPC'
( 3573) # 3574 "./util_type_gfld_mod.F90"
( 3574) WRITE (KLUN, '(Z16.16," ",A)') CRC64 (YD%NDIM), CDPATH//'%NDIM'
( 3575) # 3576 "./util_type_gfld_mod.F90"
( 3576) WRITE (KLUN, '(Z16.16," ",A)') CRC64 (YD%NUMFLDSPT), CDPATH//'%NUMFLDSPT'
( 3577) # 3578 "./util_type_gfld_mod.F90"
( 3578) WRITE (KLUN, '(Z16.16," ",A)') CRC64 (YD%NDIM0), CDPATH//'%NDIM0'
( 3579) # 3580 "./util_type_gfld_mod.F90"
( 3580) WRITE (KLUN, '(Z16.16," ",A)') CRC64 (YD%NDIM9), CDPATH//'%NDIM9'
( 3581) # 3582 "./util_type_gfld_mod.F90"
( 3582) WRITE (KLUN, '(Z16.16," ",A)') CRC64 (YD%NDIM1), CDPATH//'%NDIM1'
( 3583) # 3584 "./util_type_gfld_mod.F90"
( 3584) WRITE (KLUN, '(Z16.16," ",A)') CRC64 (YD%NDIM5), CDPATH//'%NDIM5'
( 3585) # 3586 "./util_type_gfld_mod.F90"
( 3586) WRITE (KLUN, '(Z16.16," ",A)') CRC64 (YD%NDIMSLP), CDPATH//'%NDIMSLP'
( 3587) # 3588 "./util_type_gfld_mod.F90"
( 3588) WRITE (KLUN, '(Z16.16," ",A)') CRC64 (YD%NDIM_SPL), CDPATH//'%NDIM_SPL'
( 3589) # 3590 "./util_type_gfld_mod.F90"
( 3590) WRITE (KLUN, '(Z16.16," ",A)') CRC64 (YD%NDIMPT), CDPATH//'%NDIMPT'
( 3591) # 3592 "./util_type_gfld_mod.F90"
( 3592) WRITE (KLUN, '(Z16.16," ",A)') CRC64 (YD%NDIMPC), CDPATH//'%NDIMPC'
( 3593) # 3594 "./util_type_gfld_mod.F90"
( 3594) WRITE (KLUN, '(Z16.16," ",A)') CRC64 (YD%NGFL_EXT), CDPATH//'%NGFL_EXT'
( 3595) # 3596 "./util_type_gfld_mod.F90"
( 3596) WRITE (KLUN, '(Z16.16," ",A)') CRC64 (YD%NGFL_FORC), CDPATH//'%NGFL_FORC'
( 3597) # 3598 "./util_type_gfld_mod.F90"
( 3598) WRITE (KLUN, '(Z16.16," ",A)') CRC64 (YD%NGFL_EZDIAG), CDPATH//'%NGFL_EZDIAG'
( 3599) # 3600 "./util_type_gfld_mod.F90"
( 3600) WRITE (KLUN, '(Z16.16," ",A)') CRC64 (YD%NGHG), CDPATH//'%NGHG'
( 3601) # 3602 "./util_type_gfld_mod.F90"
( 3602) WRITE (KLUN, '(Z16.16," ",A)') CRC64 (YD%NGHG_ASSIM), CDPATH//'%NGHG_ASSIM'
( 3603) # 3604 "./util_type_gfld_mod.F90"
( 3604) WRITE (KLUN, '(Z16.16," ",A)') CRC64 (YD%NAERO), CDPATH//'%NAERO'
( 3605) # 3606 "./util_type_gfld_mod.F90"
( 3606) WRITE (KLUN, '(Z16.16," ",A)') CRC64 (YD%NACTAERO), CDPATH//'%NACTAERO'
( 3607) # 3608 "./util_type_gfld_mod.F90"
( 3608) WRITE (KLUN, '(Z16.16," ",A)') CRC64 (YD%NDDHAERO), CDPATH//'%NDDHAERO'
( 3609) # 3610 "./util_type_gfld_mod.F90"
( 3610) WRITE (KLUN, '(Z16.16," ",A)') CRC64 (YD%NERA40), CDPATH//'%NERA40'
( 3611) # 3612 "./util_type_gfld_mod.F90"
( 3612) WRITE (KLUN, '(Z16.16," ",A)') CRC64 (YD%NNOGW), CDPATH//'%NNOGW'
( 3613) # 3614 "./util_type_gfld_mod.F90"
( 3614) WRITE (KLUN, '(Z16.16," ",A)') CRC64 (YD%NEDRP), CDPATH//'%NEDRP'
( 3615) # 3616 "./util_type_gfld_mod.F90"
( 3616) WRITE (KLUN, '(Z16.16," ",A)') CRC64 (YD%NAEROUT), CDPATH//'%NAEROUT'
( 3617) # 3618 "./util_type_gfld_mod.F90"
( 3618) WRITE (KLUN, '(Z16.16," ",A)') CRC64 (YD%NAEROCLIM), CDPATH//'%NAEROCLIM'
( 3619) # 3620 "./util_type_gfld_mod.F90"
( 3620) WRITE (KLUN, '(Z16.16," ",A)') CRC64 (YD%NUVP), CDPATH//'%NUVP'
( 3621) # 3622 "./util_type_gfld_mod.F90"
( 3622) WRITE (KLUN, '(Z16.16," ",A)') CRC64 (YD%NSLDIA), CDPATH//'%NSLDIA'
( 3623) # 3624 "./util_type_gfld_mod.F90"
( 3624) WRITE (KLUN, '(Z16.16," ",A)') CRC64 (YD%NSLDIAGP), CDPATH//'%NSLDIAGP'
( 3625) # 3626 "./util_type_gfld_mod.F90"
( 3626) WRITE (KLUN, '(Z16.16," ",A)') CRC64 (YD%NFSD), CDPATH//'%NFSD'






NVFORTRAN (Version     24.5)          03/19/2025  06:54:44      page 181

( 3627) # 3628 "./util_type_gfld_mod.F90"
( 3628) WRITE (KLUN, '(Z16.16," ",A)') CRC64 (YD%LAERCHEM), CDPATH//'%LAERCHEM'
( 3629) # 3630 "./util_type_gfld_mod.F90"
( 3630) WRITE (KLUN, '(Z16.16," ",A)') CRC64 (YD%LTRCMFIX), CDPATH//'%LTRCMFIX'
( 3631) # 3632 "./util_type_gfld_mod.F90"
( 3632) WRITE (KLUN, '(Z16.16," ",A)') CRC64 (YD%LTRCMFIX_PS), CDPATH//'%LTRCMFIX_PS'
( 3633) # 3634 "./util_type_gfld_mod.F90"
( 3634) WRITE (KLUN, '(Z16.16," ",A)') CRC64 (YD%LTRCMFQM), CDPATH//'%LTRCMFQM'
( 3635) # 3636 "./util_type_gfld_mod.F90"
( 3636) WRITE (KLUN, '(Z16.16," ",A)') CRC64 (YD%LAERAOT), CDPATH//'%LAERAOT'
( 3637) # 3638 "./util_type_gfld_mod.F90"
( 3638) WRITE (KLUN, '(Z16.16," ",A)') CRC64 (YD%LAERLISI), CDPATH//'%LAERLISI'
( 3639) # 3640 "./util_type_gfld_mod.F90"
( 3640) WRITE (KLUN, '(Z16.16," ",A)') CRC64 (YD%LAEROUT), CDPATH//'%LAEROUT'
( 3641) # 3642 "./util_type_gfld_mod.F90"
( 3642) WRITE (KLUN, '(Z16.16," ",A)') CRC64 (YD%LAEROCLIM), CDPATH//'%LAEROCLIM'
( 3643) # 3644 "./util_type_gfld_mod.F90"
( 3644) WRITE (KLUN, '(Z16.16," ",A)') CRC64 (YD%LUVPOUT), CDPATH//'%LUVPOUT'
( 3645) # 3646 "./util_type_gfld_mod.F90"
( 3646) WRITE (KLUN, '(Z16.16," ",A)') CRC64 (YD%LSPPTGFL), CDPATH//'%LSPPTGFL'
( 3647) # 3648 "./util_type_gfld_mod.F90"
( 3648) WRITE (KLUN, '(Z16.16," ",A)') CRC64 (YD%NGEMS), CDPATH//'%NGEMS'
( 3649) # 3650 "./util_type_gfld_mod.F90"
( 3650) WRITE (KLUN, '(Z16.16," ",A)') CRC64 (YD%NCHEM), CDPATH//'%NCHEM'
( 3651) # 3652 "./util_type_gfld_mod.F90"
( 3652) WRITE (KLUN, '(Z16.16," ",A)') CRC64 (YD%NCHEM_ASSIM), CDPATH//'%NCHEM_ASSIM'
( 3653) # 3654 "./util_type_gfld_mod.F90"
( 3654) WRITE (KLUN, '(Z16.16," ",A)') CRC64 (YD%NCHEM_FLXO), CDPATH//'%NCHEM_FLXO'
( 3655) # 3656 "./util_type_gfld_mod.F90"
( 3656) WRITE (KLUN, '(Z16.16," ",A)') CRC64 (YD%NCHEM_WDFLX), CDPATH//'%NCHEM_WDFLX'
( 3657) # 3658 "./util_type_gfld_mod.F90"
( 3658) WRITE (KLUN, '(Z16.16," ",A)') CRC64 (YD%NCHEM_DDFLX), CDPATH//'%NCHEM_DDFLX'
( 3659) # 3660 "./util_type_gfld_mod.F90"
( 3660) WRITE (KLUN, '(Z16.16," ",A)') CRC64 (YD%NCHEM_DV), CDPATH//'%NCHEM_DV'
( 3661) # 3662 "./util_type_gfld_mod.F90"
( 3662) WRITE (KLUN, '(Z16.16," ",A)') CRC64 (YD%NCHEM_TC), CDPATH//'%NCHEM_TC'
( 3663) # 3664 "./util_type_gfld_mod.F90"
( 3664) WRITE (KLUN, '(Z16.16," ",A)') CRC64 (YD%NCHEM_SCV), CDPATH//'%NCHEM_SCV'
( 3665) # 3666 "./util_type_gfld_mod.F90"
( 3666) WRITE (KLUN, '(Z16.16," ",A)') CRC64 (YD%NEMIS2D), CDPATH//'%NEMIS2D'
( 3667) # 3668 "./util_type_gfld_mod.F90"
( 3668) WRITE (KLUN, '(Z16.16," ",A)') CRC64 (YD%NEMIS2DAUX), CDPATH//'%NEMIS2DAUX'
( 3669) # 3670 "./util_type_gfld_mod.F90"
( 3670) WRITE (KLUN, '(Z16.16," ",A)') CRC64 (YD%NEMIS3D), CDPATH//'%NEMIS3D'
( 3671) # 3672 "./util_type_gfld_mod.F90"
( 3672) WRITE (KLUN, '(Z16.16," ",A)') CRC64 (YD%NLIMA), CDPATH//'%NLIMA'
( 3673) # 3674 "./util_type_gfld_mod.F90"
( 3674) WRITE (KLUN, '(Z16.16," ",A)') CRC64 (YD%NAERO_WVL_DIAG), CDPATH//'%NAERO_WVL_DIAG'
( 3675) # 3676 "./util_type_gfld_mod.F90"
( 3676) WRITE (KLUN, '(Z16.16," ",A)') CRC64 (YD%NAERO_WVL_DIAG_TYPES), CDPATH//'%NAERO_WVL_DIAG_TYPES'
( 3677) # 3678 "./util_type_gfld_mod.F90"
( 3678) WRITE (KLUN, '(Z16.16," ",A)') CRC64 (YD%NCHEMSULF1), CDPATH//'%NCHEMSULF1'
( 3679) # 3680 "./util_type_gfld_mod.F90"
( 3680) WRITE (KLUN, '(Z16.16," ",A)') CRC64 (YD%NCHEMHNO3), CDPATH//'%NCHEMHNO3'
( 3681) # 3682 "./util_type_gfld_mod.F90"
( 3682) WRITE (KLUN, '(Z16.16," ",A)') CRC64 (YD%NNEGAFIX), CDPATH//'%NNEGAFIX'
( 3683) # 3684 "./util_type_gfld_mod.F90"
( 3684) WRITE (KLUN, '(Z16.16," ",A)') CRC64 (YD%NOPTNEGFIX), CDPATH//'%NOPTNEGFIX'






NVFORTRAN (Version     24.5)          03/19/2025  06:54:44      page 182

( 3685) # 3686 "./util_type_gfld_mod.F90"
( 3686) WRITE (KLUN, '(Z16.16," ",A)') CRC64 (YD%LQM3DCONS), CDPATH//'%LQM3DCONS'
( 3687) # 3688 "./util_type_gfld_mod.F90"
( 3688) WRITE (KLUN, '(Z16.16," ",A)') CRC64 (YD%LADVNEGFIX), CDPATH//'%LADVNEGFIX'
( 3689) # 3690 "./util_type_gfld_mod.F90"
( 3690) WRITE (KLUN, '(Z16.16," ",A)') CRC64 (YD%LTRCMFBC), CDPATH//'%LTRCMFBC'
( 3691) # 3692 "./util_type_gfld_mod.F90"
( 3692) WRITE (KLUN, '(Z16.16," ",A)') CRC64 (YD%LTRCMFPR), CDPATH//'%LTRCMFPR'
( 3693) # 3694 "./util_type_gfld_mod.F90"
( 3694) WRITE (KLUN, '(Z16.16," ",A)') CRC64 (YD%LTRCMFMG), CDPATH//'%LTRCMFMG'
( 3695) # 3696 "./util_type_gfld_mod.F90"
( 3696) WRITE (KLUN, '(Z16.16," ",A)') CRC64 (YD%LTRCMFP), CDPATH//'%LTRCMFP'
( 3697) # 3698 "./util_type_gfld_mod.F90"
( 3698) WRITE (KLUN, '(Z16.16," ",A)') CRC64 (YD%LTRCMFA_DIF), CDPATH//'%LTRCMFA_DIF'
( 3699) # 3700 "./util_type_gfld_mod.F90"
( 3700) WRITE (KLUN, '(Z16.16," ",A)') CRC64 (YD%LTRCMFA_LAP), CDPATH//'%LTRCMFA_LAP'
( 3701) # 3702 "./util_type_gfld_mod.F90"
( 3702) WRITE (KLUN, '(Z16.16," ",A)') CRC64 (YD%LTRCMFA_VER), CDPATH//'%LTRCMFA_VER'
( 3703) # 3704 "./util_type_gfld_mod.F90"
( 3704) WRITE (KLUN, '(Z16.16," ",A)') CRC64 (YD%LEXTRADF), CDPATH//'%LEXTRADF'
( 3705) # 3706 "./util_type_gfld_mod.F90"
( 3706) WRITE (KLUN, '(Z16.16," ",A)') CRC64 (YD%NFLDSFIX), CDPATH//'%NFLDSFIX'
( 3707) # 3708 "./util_type_gfld_mod.F90"
( 3708) WRITE (KLUN, '(Z16.16," ",A)') CRC64 (YD%NOPTMFBC), CDPATH//'%NOPTMFBC'
( 3709) # 3710 "./util_type_gfld_mod.F90"
( 3710) WRITE (KLUN, '(Z16.16," ",A)') CRC64 (YD%NOPTMFPR), CDPATH//'%NOPTMFPR'
( 3711) # 3712 "./util_type_gfld_mod.F90"
( 3712) WRITE (KLUN, '(Z16.16," ",A)') CRC64 (YD%NOPTVFE), CDPATH//'%NOPTVFE'
( 3713) # 3714 "./util_type_gfld_mod.F90"
( 3714) WRITE (KLUN, '(Z16.16," ",A)') CRC64 (YD%NMFDIAGLEV), CDPATH//'%NMFDIAGLEV'
( 3715) # 3716 "./util_type_gfld_mod.F90"
( 3716) WRITE (KLUN, '(Z16.16," ",A)') CRC64 (YD%NMFIXFLDS), CDPATH//'%NMFIXFLDS'
( 3717) # 3718 "./util_type_gfld_mod.F90"
( 3718) WRITE (KLUN, '(Z16.16," ",A)') CRC64 (YD%NNEGFLDS), CDPATH//'%NNEGFLDS'
( 3719) # 3720 "./util_type_gfld_mod.F90"
( 3720) WRITE (KLUN, '(Z16.16," ",A)') CRC64 (YD%ZMFIXEPS), CDPATH//'%ZMFIXEPS'
( 3721) # 3722 "./util_type_gfld_mod.F90"
( 3722) WRITE (KLUN, '(Z16.16," ",A)') CRC64 (YD%NFMG), CDPATH//'%NFMG'
( 3723) # 3724 "./util_type_gfld_mod.F90"
( 3724) WRITE (KLUN, '(Z16.16," ",A)') CRC64 (YD%NMGFLDS), CDPATH//'%NMGFLDS'
( 3725) # 3726 "./util_type_gfld_mod.F90"
( 3726) DO J1 = LBOUND (YD%YCOMP, 1), UBOUND (YD%YCOMP, 1)
( 3727)   WRITE (CLIND, '("(",I0,")")') J1
( 3728)   CALL CRC64_TYPE_GFL_COMP (YD%YCOMP (J1), KLUN, CDPATH//'%YCOMP'//TRIM(CLIND))
( 3729) ENDDO
( 3730) # 3731 "./util_type_gfld_mod.F90"
( 3731) LYLASTCOMP = ASSOCIATED (YD%YLASTCOMP)
( 3732) IF (LYLASTCOMP) THEN
( 3733)   CLIND = ''
( 3734)   CALL CRC64_TYPE_GFL_COMP (YD%YLASTCOMP, KLUN, CDPATH//'%YLASTCOMP'//TRIM(CLIND))
( 3735) ENDIF
( 3736) # 3737 "./util_type_gfld_mod.F90"
( 3737) LYQ = ASSOCIATED (YD%YQ)
( 3738) IF (LYQ) THEN
( 3739)   CLIND = ''
( 3740)   CALL CRC64_TYPE_GFL_COMP (YD%YQ, KLUN, CDPATH//'%YQ'//TRIM(CLIND))
( 3741) ENDIF
( 3742) # 3743 "./util_type_gfld_mod.F90"






NVFORTRAN (Version     24.5)          03/19/2025  06:54:44      page 183

( 3743) LYI = ASSOCIATED (YD%YI)
( 3744) IF (LYI) THEN
( 3745)   CLIND = ''
( 3746)   CALL CRC64_TYPE_GFL_COMP (YD%YI, KLUN, CDPATH//'%YI'//TRIM(CLIND))
( 3747) ENDIF
( 3748) # 3749 "./util_type_gfld_mod.F90"
( 3749) LYL = ASSOCIATED (YD%YL)
( 3750) IF (LYL) THEN
( 3751)   CLIND = ''
( 3752)   CALL CRC64_TYPE_GFL_COMP (YD%YL, KLUN, CDPATH//'%YL'//TRIM(CLIND))
( 3753) ENDIF
( 3754) # 3755 "./util_type_gfld_mod.F90"
( 3755) LYLCONV = ASSOCIATED (YD%YLCONV)
( 3756) IF (LYLCONV) THEN
( 3757)   CLIND = ''
( 3758)   CALL CRC64_TYPE_GFL_COMP (YD%YLCONV, KLUN, CDPATH//'%YLCONV'//TRIM(CLIND))
( 3759) ENDIF
( 3760) # 3761 "./util_type_gfld_mod.F90"
( 3761) LYICONV = ASSOCIATED (YD%YICONV)
( 3762) IF (LYICONV) THEN
( 3763)   CLIND = ''
( 3764)   CALL CRC64_TYPE_GFL_COMP (YD%YICONV, KLUN, CDPATH//'%YICONV'//TRIM(CLIND))
( 3765) ENDIF
( 3766) # 3767 "./util_type_gfld_mod.F90"
( 3767) LYRCONV = ASSOCIATED (YD%YRCONV)
( 3768) IF (LYRCONV) THEN
( 3769)   CLIND = ''
( 3770)   CALL CRC64_TYPE_GFL_COMP (YD%YRCONV, KLUN, CDPATH//'%YRCONV'//TRIM(CLIND))
( 3771) ENDIF
( 3772) # 3773 "./util_type_gfld_mod.F90"
( 3773) LYSCONV = ASSOCIATED (YD%YSCONV)
( 3774) IF (LYSCONV) THEN
( 3775)   CLIND = ''
( 3776)   CALL CRC64_TYPE_GFL_COMP (YD%YSCONV, KLUN, CDPATH//'%YSCONV'//TRIM(CLIND))
( 3777) ENDIF
( 3778) # 3779 "./util_type_gfld_mod.F90"
( 3779) LYIRAD = ASSOCIATED (YD%YIRAD)
( 3780) IF (LYIRAD) THEN
( 3781)   CLIND = ''
( 3782)   CALL CRC64_TYPE_GFL_COMP (YD%YIRAD, KLUN, CDPATH//'%YIRAD'//TRIM(CLIND))
( 3783) ENDIF
( 3784) # 3785 "./util_type_gfld_mod.F90"
( 3785) LYLRAD = ASSOCIATED (YD%YLRAD)
( 3786) IF (LYLRAD) THEN
( 3787)   CLIND = ''
( 3788)   CALL CRC64_TYPE_GFL_COMP (YD%YLRAD, KLUN, CDPATH//'%YLRAD'//TRIM(CLIND))
( 3789) ENDIF
( 3790) # 3791 "./util_type_gfld_mod.F90"
( 3791) LYS = ASSOCIATED (YD%YS)
( 3792) IF (LYS) THEN
( 3793)   CLIND = ''
( 3794)   CALL CRC64_TYPE_GFL_COMP (YD%YS, KLUN, CDPATH//'%YS'//TRIM(CLIND))
( 3795) ENDIF
( 3796) # 3797 "./util_type_gfld_mod.F90"
( 3797) LYR = ASSOCIATED (YD%YR)
( 3798) IF (LYR) THEN
( 3799)   CLIND = ''
( 3800)   CALL CRC64_TYPE_GFL_COMP (YD%YR, KLUN, CDPATH//'%YR'//TRIM(CLIND))






NVFORTRAN (Version     24.5)          03/19/2025  06:54:44      page 184

( 3801) ENDIF
( 3802) # 3803 "./util_type_gfld_mod.F90"
( 3803) LYG = ASSOCIATED (YD%YG)
( 3804) IF (LYG) THEN
( 3805)   CLIND = ''
( 3806)   CALL CRC64_TYPE_GFL_COMP (YD%YG, KLUN, CDPATH//'%YG'//TRIM(CLIND))
( 3807) ENDIF
( 3808) # 3809 "./util_type_gfld_mod.F90"
( 3809) LYH = ASSOCIATED (YD%YH)
( 3810) IF (LYH) THEN
( 3811)   CLIND = ''
( 3812)   CALL CRC64_TYPE_GFL_COMP (YD%YH, KLUN, CDPATH//'%YH'//TRIM(CLIND))
( 3813) ENDIF
( 3814) # 3815 "./util_type_gfld_mod.F90"
( 3815) LYTKE = ASSOCIATED (YD%YTKE)
( 3816) IF (LYTKE) THEN
( 3817)   CLIND = ''
( 3818)   CALL CRC64_TYPE_GFL_COMP (YD%YTKE, KLUN, CDPATH//'%YTKE'//TRIM(CLIND))
( 3819) ENDIF
( 3820) # 3821 "./util_type_gfld_mod.F90"
( 3821) LYTTE = ASSOCIATED (YD%YTTE)
( 3822) IF (LYTTE) THEN
( 3823)   CLIND = ''
( 3824)   CALL CRC64_TYPE_GFL_COMP (YD%YTTE, KLUN, CDPATH//'%YTTE'//TRIM(CLIND))
( 3825) ENDIF
( 3826) # 3827 "./util_type_gfld_mod.F90"
( 3827) LYEFB1 = ASSOCIATED (YD%YEFB1)
( 3828) IF (LYEFB1) THEN
( 3829)   CLIND = ''
( 3830)   CALL CRC64_TYPE_GFL_COMP (YD%YEFB1, KLUN, CDPATH//'%YEFB1'//TRIM(CLIND))
( 3831) ENDIF
( 3832) # 3833 "./util_type_gfld_mod.F90"
( 3833) LYEFB2 = ASSOCIATED (YD%YEFB2)
( 3834) IF (LYEFB2) THEN
( 3835)   CLIND = ''
( 3836)   CALL CRC64_TYPE_GFL_COMP (YD%YEFB2, KLUN, CDPATH//'%YEFB2'//TRIM(CLIND))
( 3837) ENDIF
( 3838) # 3839 "./util_type_gfld_mod.F90"
( 3839) LYEFB3 = ASSOCIATED (YD%YEFB3)
( 3840) IF (LYEFB3) THEN
( 3841)   CLIND = ''
( 3842)   CALL CRC64_TYPE_GFL_COMP (YD%YEFB3, KLUN, CDPATH//'%YEFB3'//TRIM(CLIND))
( 3843) ENDIF
( 3844) # 3845 "./util_type_gfld_mod.F90"
( 3845) LYA = ASSOCIATED (YD%YA)
( 3846) IF (LYA) THEN
( 3847)   CLIND = ''
( 3848)   CALL CRC64_TYPE_GFL_COMP (YD%YA, KLUN, CDPATH//'%YA'//TRIM(CLIND))
( 3849) ENDIF
( 3850) # 3851 "./util_type_gfld_mod.F90"
( 3851) LYO3 = ASSOCIATED (YD%YO3)
( 3852) IF (LYO3) THEN
( 3853)   CLIND = ''
( 3854)   CALL CRC64_TYPE_GFL_COMP (YD%YO3, KLUN, CDPATH//'%YO3'//TRIM(CLIND))
( 3855) ENDIF
( 3856) # 3857 "./util_type_gfld_mod.F90"
( 3857) LYSRC = ASSOCIATED (YD%YSRC)
( 3858) IF (LYSRC) THEN






NVFORTRAN (Version     24.5)          03/19/2025  06:54:44      page 185

( 3859)   CLIND = ''
( 3860)   CALL CRC64_TYPE_GFL_COMP (YD%YSRC, KLUN, CDPATH//'%YSRC'//TRIM(CLIND))
( 3861) ENDIF
( 3862) # 3863 "./util_type_gfld_mod.F90"
( 3863) LYLMF = ASSOCIATED (YD%YLMF)
( 3864) IF (LYLMF) THEN
( 3865)   CLIND = ''
( 3866)   CALL CRC64_TYPE_GFL_COMP (YD%YLMF, KLUN, CDPATH//'%YLMF'//TRIM(CLIND))
( 3867) ENDIF
( 3868) # 3869 "./util_type_gfld_mod.F90"
( 3869) LYIMF = ASSOCIATED (YD%YIMF)
( 3870) IF (LYIMF) THEN
( 3871)   CLIND = ''
( 3872)   CALL CRC64_TYPE_GFL_COMP (YD%YIMF, KLUN, CDPATH//'%YIMF'//TRIM(CLIND))
( 3873) ENDIF
( 3874) # 3875 "./util_type_gfld_mod.F90"
( 3875) LYAMF = ASSOCIATED (YD%YAMF)
( 3876) IF (LYAMF) THEN
( 3877)   CLIND = ''
( 3878)   CALL CRC64_TYPE_GFL_COMP (YD%YAMF, KLUN, CDPATH//'%YAMF'//TRIM(CLIND))
( 3879) ENDIF
( 3880) # 3881 "./util_type_gfld_mod.F90"
( 3881) LYMXL = ASSOCIATED (YD%YMXL)
( 3882) IF (LYMXL) THEN
( 3883)   CLIND = ''
( 3884)   CALL CRC64_TYPE_GFL_COMP (YD%YMXL, KLUN, CDPATH//'%YMXL'//TRIM(CLIND))
( 3885) ENDIF
( 3886) # 3887 "./util_type_gfld_mod.F90"
( 3887) LYSHTUR = ASSOCIATED (YD%YSHTUR)
( 3888) IF (LYSHTUR) THEN
( 3889)   CLIND = ''
( 3890)   CALL CRC64_TYPE_GFL_COMP (YD%YSHTUR, KLUN, CDPATH//'%YSHTUR'//TRIM(CLIND))
( 3891) ENDIF
( 3892) # 3893 "./util_type_gfld_mod.F90"
( 3893) LYFQTUR = ASSOCIATED (YD%YFQTUR)
( 3894) IF (LYFQTUR) THEN
( 3895)   CLIND = ''
( 3896)   CALL CRC64_TYPE_GFL_COMP (YD%YFQTUR, KLUN, CDPATH//'%YFQTUR'//TRIM(CLIND))
( 3897) ENDIF
( 3898) # 3899 "./util_type_gfld_mod.F90"
( 3899) LYFSTUR = ASSOCIATED (YD%YFSTUR)
( 3900) IF (LYFSTUR) THEN
( 3901)   CLIND = ''
( 3902)   CALL CRC64_TYPE_GFL_COMP (YD%YFSTUR, KLUN, CDPATH//'%YFSTUR'//TRIM(CLIND))
( 3903) ENDIF
( 3904) # 3905 "./util_type_gfld_mod.F90"
( 3905) LYCPF = ASSOCIATED (YD%YCPF)
( 3906) IF (LYCPF) THEN
( 3907)   CLIND = ''
( 3908)   CALL CRC64_TYPE_GFL_COMP (YD%YCPF, KLUN, CDPATH//'%YCPF'//TRIM(CLIND))
( 3909) ENDIF
( 3910) # 3911 "./util_type_gfld_mod.F90"
( 3911) LYSPF = ASSOCIATED (YD%YSPF)
( 3912) IF (LYSPF) THEN
( 3913)   CLIND = ''
( 3914)   CALL CRC64_TYPE_GFL_COMP (YD%YSPF, KLUN, CDPATH//'%YSPF'//TRIM(CLIND))
( 3915) ENDIF
( 3916) # 3917 "./util_type_gfld_mod.F90"






NVFORTRAN (Version     24.5)          03/19/2025  06:54:44      page 186

( 3917) LYCVGQ = ASSOCIATED (YD%YCVGQ)
( 3918) IF (LYCVGQ) THEN
( 3919)   CLIND = ''
( 3920)   CALL CRC64_TYPE_GFL_COMP (YD%YCVGQ, KLUN, CDPATH//'%YCVGQ'//TRIM(CLIND))
( 3921) ENDIF
( 3922) # 3923 "./util_type_gfld_mod.F90"
( 3923) LYQVA = ASSOCIATED (YD%YQVA)
( 3924) IF (LYQVA) THEN
( 3925)   CLIND = ''
( 3926)   CALL CRC64_TYPE_GFL_COMP (YD%YQVA, KLUN, CDPATH//'%YQVA'//TRIM(CLIND))
( 3927) ENDIF
( 3928) # 3929 "./util_type_gfld_mod.F90"
( 3929) LYGHG = ASSOCIATED (YD%YGHG)
( 3930) IF (LYGHG) THEN
( 3931)   DO J1 = LBOUND (YD%YGHG, 1), UBOUND (YD%YGHG, 1)
( 3932)     WRITE (CLIND, '("(",I0,")")') J1
( 3933)     CALL CRC64_TYPE_GFL_COMP (YD%YGHG (J1), KLUN, CDPATH//'%YGHG'//TRIM(CLIND))
( 3934)   ENDDO
( 3935) ENDIF
( 3936) # 3937 "./util_type_gfld_mod.F90"
( 3937) LYCHEM = ASSOCIATED (YD%YCHEM)
( 3938) IF (LYCHEM) THEN
( 3939)   DO J1 = LBOUND (YD%YCHEM, 1), UBOUND (YD%YCHEM, 1)
( 3940)     WRITE (CLIND, '("(",I0,")")') J1
( 3941)     CALL CRC64_TYPE_GFL_COMP (YD%YCHEM (J1), KLUN, CDPATH//'%YCHEM'//TRIM(CLIND))
( 3942)   ENDDO
( 3943) ENDIF
( 3944) # 3945 "./util_type_gfld_mod.F90"
( 3945) LYAERO = ASSOCIATED (YD%YAERO)
( 3946) IF (LYAERO) THEN
( 3947)   DO J1 = LBOUND (YD%YAERO, 1), UBOUND (YD%YAERO, 1)
( 3948)     WRITE (CLIND, '("(",I0,")")') J1
( 3949)     CALL CRC64_TYPE_GFL_COMP (YD%YAERO (J1), KLUN, CDPATH//'%YAERO'//TRIM(CLIND))
( 3950)   ENDDO
( 3951) ENDIF
( 3952) # 3953 "./util_type_gfld_mod.F90"
( 3953) LYLRCH4 = ASSOCIATED (YD%YLRCH4)
( 3954) IF (LYLRCH4) THEN
( 3955)   CLIND = ''
( 3956)   CALL CRC64_TYPE_GFL_COMP (YD%YLRCH4, KLUN, CDPATH//'%YLRCH4'//TRIM(CLIND))
( 3957) ENDIF
( 3958) # 3959 "./util_type_gfld_mod.F90"
( 3959) LYEMIS3D = ASSOCIATED (YD%YEMIS3D)
( 3960) IF (LYEMIS3D) THEN
( 3961)   DO J1 = LBOUND (YD%YEMIS3D, 1), UBOUND (YD%YEMIS3D, 1)
( 3962)     WRITE (CLIND, '("(",I0,")")') J1
( 3963)     CALL CRC64_TYPE_GFL_COMP (YD%YEMIS3D (J1), KLUN, CDPATH//'%YEMIS3D'//TRIM(CLIND))
( 3964)   ENDDO
( 3965) ENDIF
( 3966) # 3967 "./util_type_gfld_mod.F90"
( 3967) LYFORC = ASSOCIATED (YD%YFORC)
( 3968) IF (LYFORC) THEN
( 3969)   DO J1 = LBOUND (YD%YFORC, 1), UBOUND (YD%YFORC, 1)
( 3970)     WRITE (CLIND, '("(",I0,")")') J1
( 3971)     CALL CRC64_TYPE_GFL_COMP (YD%YFORC (J1), KLUN, CDPATH//'%YFORC'//TRIM(CLIND))
( 3972)   ENDDO
( 3973) ENDIF
( 3974) # 3975 "./util_type_gfld_mod.F90"






NVFORTRAN (Version     24.5)          03/19/2025  06:54:44      page 187

( 3975) LYEZDIAG = ASSOCIATED (YD%YEZDIAG)
( 3976) IF (LYEZDIAG) THEN
( 3977)   DO J1 = LBOUND (YD%YEZDIAG, 1), UBOUND (YD%YEZDIAG, 1)
( 3978)     WRITE (CLIND, '("(",I0,")")') J1
( 3979)     CALL CRC64_TYPE_GFL_COMP (YD%YEZDIAG (J1), KLUN, CDPATH//'%YEZDIAG'//TRIM(CLIND))
( 3980)   ENDDO
( 3981) ENDIF
( 3982) # 3983 "./util_type_gfld_mod.F90"
( 3983) LYERA40 = ASSOCIATED (YD%YERA40)
( 3984) IF (LYERA40) THEN
( 3985)   DO J1 = LBOUND (YD%YERA40, 1), UBOUND (YD%YERA40, 1)
( 3986)     WRITE (CLIND, '("(",I0,")")') J1
( 3987)     CALL CRC64_TYPE_GFL_COMP (YD%YERA40 (J1), KLUN, CDPATH//'%YERA40'//TRIM(CLIND))
( 3988)   ENDDO
( 3989) ENDIF
( 3990) # 3991 "./util_type_gfld_mod.F90"
( 3991) LYNOGW = ASSOCIATED (YD%YNOGW)
( 3992) IF (LYNOGW) THEN
( 3993)   DO J1 = LBOUND (YD%YNOGW, 1), UBOUND (YD%YNOGW, 1)
( 3994)     WRITE (CLIND, '("(",I0,")")') J1
( 3995)     CALL CRC64_TYPE_GFL_COMP (YD%YNOGW (J1), KLUN, CDPATH//'%YNOGW'//TRIM(CLIND))
( 3996)   ENDDO
( 3997) ENDIF
( 3998) # 3999 "./util_type_gfld_mod.F90"
( 3999) LYEDRP = ASSOCIATED (YD%YEDRP)
( 4000) IF (LYEDRP) THEN
( 4001)   DO J1 = LBOUND (YD%YEDRP, 1), UBOUND (YD%YEDRP, 1)
( 4002)     WRITE (CLIND, '("(",I0,")")') J1
( 4003)     CALL CRC64_TYPE_GFL_COMP (YD%YEDRP (J1), KLUN, CDPATH//'%YEDRP'//TRIM(CLIND))
( 4004)   ENDDO
( 4005) ENDIF
( 4006) # 4007 "./util_type_gfld_mod.F90"
( 4007) LYSLDIA = ASSOCIATED (YD%YSLDIA)
( 4008) IF (LYSLDIA) THEN
( 4009)   DO J1 = LBOUND (YD%YSLDIA, 1), UBOUND (YD%YSLDIA, 1)
( 4010)     WRITE (CLIND, '("(",I0,")")') J1
( 4011)     CALL CRC64_TYPE_GFL_COMP (YD%YSLDIA (J1), KLUN, CDPATH//'%YSLDIA'//TRIM(CLIND))
( 4012)   ENDDO
( 4013) ENDIF
( 4014) # 4015 "./util_type_gfld_mod.F90"
( 4015) LYAERAOT = ASSOCIATED (YD%YAERAOT)
( 4016) IF (LYAERAOT) THEN
( 4017)   DO J1 = LBOUND (YD%YAERAOT, 1), UBOUND (YD%YAERAOT, 1)
( 4018)     WRITE (CLIND, '("(",I0,")")') J1
( 4019)     CALL CRC64_TYPE_GFL_COMP (YD%YAERAOT (J1), KLUN, CDPATH//'%YAERAOT'//TRIM(CLIND))
( 4020)   ENDDO
( 4021) ENDIF
( 4022) # 4023 "./util_type_gfld_mod.F90"
( 4023) LYAERLISI = ASSOCIATED (YD%YAERLISI)
( 4024) IF (LYAERLISI) THEN
( 4025)   DO J1 = LBOUND (YD%YAERLISI, 1), UBOUND (YD%YAERLISI, 1)
( 4026)     WRITE (CLIND, '("(",I0,")")') J1
( 4027)     CALL CRC64_TYPE_GFL_COMP (YD%YAERLISI (J1), KLUN, CDPATH//'%YAERLISI'//TRIM(CLIND))
( 4028)   ENDDO
( 4029) ENDIF
( 4030) # 4031 "./util_type_gfld_mod.F90"
( 4031) LYAEROUT = ASSOCIATED (YD%YAEROUT)
( 4032) IF (LYAEROUT) THEN






NVFORTRAN (Version     24.5)          03/19/2025  06:54:44      page 188

( 4033)   DO J1 = LBOUND (YD%YAEROUT, 1), UBOUND (YD%YAEROUT, 1)
( 4034)     WRITE (CLIND, '("(",I0,")")') J1
( 4035)     CALL CRC64_TYPE_GFL_COMP (YD%YAEROUT (J1), KLUN, CDPATH//'%YAEROUT'//TRIM(CLIND))
( 4036)   ENDDO
( 4037) ENDIF
( 4038) # 4039 "./util_type_gfld_mod.F90"
( 4039) LYAEROCLIM = ASSOCIATED (YD%YAEROCLIM)
( 4040) IF (LYAEROCLIM) THEN
( 4041)   DO J1 = LBOUND (YD%YAEROCLIM, 1), UBOUND (YD%YAEROCLIM, 1)
( 4042)     WRITE (CLIND, '("(",I0,")")') J1
( 4043)     CALL CRC64_TYPE_GFL_COMP (YD%YAEROCLIM (J1), KLUN, CDPATH//'%YAEROCLIM'//TRIM(CLIND))
( 4044)   ENDDO
( 4045) ENDIF
( 4046) # 4047 "./util_type_gfld_mod.F90"
( 4047) LYUVP = ASSOCIATED (YD%YUVP)
( 4048) IF (LYUVP) THEN
( 4049)   DO J1 = LBOUND (YD%YUVP, 1), UBOUND (YD%YUVP, 1)
( 4050)     WRITE (CLIND, '("(",I0,")")') J1
( 4051)     CALL CRC64_TYPE_GFL_COMP (YD%YUVP (J1), KLUN, CDPATH//'%YUVP'//TRIM(CLIND))
( 4052)   ENDDO
( 4053) ENDIF
( 4054) # 4055 "./util_type_gfld_mod.F90"
( 4055) LYPHYS = ASSOCIATED (YD%YPHYS)
( 4056) IF (LYPHYS) THEN
( 4057)   DO J1 = LBOUND (YD%YPHYS, 1), UBOUND (YD%YPHYS, 1)
( 4058)     WRITE (CLIND, '("(",I0,")")') J1
( 4059)     CALL CRC64_TYPE_GFL_COMP (YD%YPHYS (J1), KLUN, CDPATH//'%YPHYS'//TRIM(CLIND))
( 4060)   ENDDO
( 4061) ENDIF
( 4062) # 4063 "./util_type_gfld_mod.F90"
( 4063) LYPHYCTY = ASSOCIATED (YD%YPHYCTY)
( 4064) IF (LYPHYCTY) THEN
( 4065)   CLIND = ''
( 4066)   CALL CRC64_TYPE_GFL_COMP (YD%YPHYCTY, KLUN, CDPATH//'%YPHYCTY'//TRIM(CLIND))
( 4067) ENDIF
( 4068) # 4069 "./util_type_gfld_mod.F90"
( 4069) LYRSPEC = ASSOCIATED (YD%YRSPEC)
( 4070) IF (LYRSPEC) THEN
( 4071)   CLIND = ''
( 4072)   CALL CRC64_TYPE_GFL_COMP (YD%YRSPEC, KLUN, CDPATH//'%YRSPEC'//TRIM(CLIND))
( 4073) ENDIF
( 4074) # 4075 "./util_type_gfld_mod.F90"
( 4075) LYSDSAT = ASSOCIATED (YD%YSDSAT)
( 4076) IF (LYSDSAT) THEN
( 4077)   CLIND = ''
( 4078)   CALL CRC64_TYPE_GFL_COMP (YD%YSDSAT, KLUN, CDPATH//'%YSDSAT'//TRIM(CLIND))
( 4079) ENDIF
( 4080) # 4081 "./util_type_gfld_mod.F90"
( 4081) LYCVV = ASSOCIATED (YD%YCVV)
( 4082) IF (LYCVV) THEN
( 4083)   CLIND = ''
( 4084)   CALL CRC64_TYPE_GFL_COMP (YD%YCVV, KLUN, CDPATH//'%YCVV'//TRIM(CLIND))
( 4085) ENDIF
( 4086) # 4087 "./util_type_gfld_mod.F90"
( 4087) LYRKTH = ASSOCIATED (YD%YRKTH)
( 4088) IF (LYRKTH) THEN
( 4089)   CLIND = ''
( 4090)   CALL CRC64_TYPE_GFL_COMP (YD%YRKTH, KLUN, CDPATH//'%YRKTH'//TRIM(CLIND))






NVFORTRAN (Version     24.5)          03/19/2025  06:54:44      page 189

( 4091) ENDIF
( 4092) # 4093 "./util_type_gfld_mod.F90"
( 4093) LYRKTQV = ASSOCIATED (YD%YRKTQV)
( 4094) IF (LYRKTQV) THEN
( 4095)   CLIND = ''
( 4096)   CALL CRC64_TYPE_GFL_COMP (YD%YRKTQV, KLUN, CDPATH//'%YRKTQV'//TRIM(CLIND))
( 4097) ENDIF
( 4098) # 4099 "./util_type_gfld_mod.F90"
( 4099) LYRKTQC = ASSOCIATED (YD%YRKTQC)
( 4100) IF (LYRKTQC) THEN
( 4101)   CLIND = ''
( 4102)   CALL CRC64_TYPE_GFL_COMP (YD%YRKTQC, KLUN, CDPATH//'%YRKTQC'//TRIM(CLIND))
( 4103) ENDIF
( 4104) # 4105 "./util_type_gfld_mod.F90"
( 4105) LYUOM = ASSOCIATED (YD%YUOM)
( 4106) IF (LYUOM) THEN
( 4107)   CLIND = ''
( 4108)   CALL CRC64_TYPE_GFL_COMP (YD%YUOM, KLUN, CDPATH//'%YUOM'//TRIM(CLIND))
( 4109) ENDIF
( 4110) # 4111 "./util_type_gfld_mod.F90"
( 4111) LYUAL = ASSOCIATED (YD%YUAL)
( 4112) IF (LYUAL) THEN
( 4113)   CLIND = ''
( 4114)   CALL CRC64_TYPE_GFL_COMP (YD%YUAL, KLUN, CDPATH//'%YUAL'//TRIM(CLIND))
( 4115) ENDIF
( 4116) # 4117 "./util_type_gfld_mod.F90"
( 4117) LYDOM = ASSOCIATED (YD%YDOM)
( 4118) IF (LYDOM) THEN
( 4119)   CLIND = ''
( 4120)   CALL CRC64_TYPE_GFL_COMP (YD%YDOM, KLUN, CDPATH//'%YDOM'//TRIM(CLIND))
( 4121) ENDIF
( 4122) # 4123 "./util_type_gfld_mod.F90"
( 4123) LYDAL = ASSOCIATED (YD%YDAL)
( 4124) IF (LYDAL) THEN
( 4125)   CLIND = ''
( 4126)   CALL CRC64_TYPE_GFL_COMP (YD%YDAL, KLUN, CDPATH//'%YDAL'//TRIM(CLIND))
( 4127) ENDIF
( 4128) # 4129 "./util_type_gfld_mod.F90"
( 4129) LYUEN = ASSOCIATED (YD%YUEN)
( 4130) IF (LYUEN) THEN
( 4131)   CLIND = ''
( 4132)   CALL CRC64_TYPE_GFL_COMP (YD%YUEN, KLUN, CDPATH//'%YUEN'//TRIM(CLIND))
( 4133) ENDIF
( 4134) # 4135 "./util_type_gfld_mod.F90"
( 4135) LYUNEBH = ASSOCIATED (YD%YUNEBH)
( 4136) IF (LYUNEBH) THEN
( 4137)   CLIND = ''
( 4138)   CALL CRC64_TYPE_GFL_COMP (YD%YUNEBH, KLUN, CDPATH//'%YUNEBH'//TRIM(CLIND))
( 4139) ENDIF
( 4140) # 4141 "./util_type_gfld_mod.F90"
( 4141) LYLIMA = ASSOCIATED (YD%YLIMA)
( 4142) IF (LYLIMA) THEN
( 4143)   DO J1 = LBOUND (YD%YLIMA, 1), UBOUND (YD%YLIMA, 1)
( 4144)     WRITE (CLIND, '("(",I0,")")') J1
( 4145)     CALL CRC64_TYPE_GFL_COMP (YD%YLIMA (J1), KLUN, CDPATH//'%YLIMA'//TRIM(CLIND))
( 4146)   ENDDO
( 4147) ENDIF
( 4148) # 4149 "./util_type_gfld_mod.F90"






NVFORTRAN (Version     24.5)          03/19/2025  06:54:44      page 190

( 4149) LYFSD = ASSOCIATED (YD%YFSD)
( 4150) IF (LYFSD) THEN
( 4151)   CLIND = ''
( 4152)   CALL CRC64_TYPE_GFL_COMP (YD%YFSD, KLUN, CDPATH//'%YFSD'//TRIM(CLIND))
( 4153) ENDIF
( 4154) # 4155 "./util_type_gfld_mod.F90"
( 4155) LYEXT = ASSOCIATED (YD%YEXT)
( 4156) IF (LYEXT) THEN
( 4157)   DO J1 = LBOUND (YD%YEXT, 1), UBOUND (YD%YEXT, 1)
( 4158)     WRITE (CLIND, '("(",I0,")")') J1
( 4159)     CALL CRC64_TYPE_GFL_COMP (YD%YEXT (J1), KLUN, CDPATH//'%YEXT'//TRIM(CLIND))
( 4160)   ENDDO
( 4161) ENDIF
( 4162) # 4163 "./util_type_gfld_mod.F90"
( 4163) CLIND = ''
( 4164) CALL CRC64_TYPE_GFL_NAML (YD%YQ_NL, KLUN, CDPATH//'%YQ_NL'//TRIM(CLIND))
( 4165) # 4166 "./util_type_gfld_mod.F90"
( 4166) CLIND = ''
( 4167) CALL CRC64_TYPE_GFL_NAML (YD%YI_NL, KLUN, CDPATH//'%YI_NL'//TRIM(CLIND))
( 4168) # 4169 "./util_type_gfld_mod.F90"
( 4169) CLIND = ''
( 4170) CALL CRC64_TYPE_GFL_NAML (YD%YL_NL, KLUN, CDPATH//'%YL_NL'//TRIM(CLIND))
( 4171) # 4172 "./util_type_gfld_mod.F90"
( 4172) CLIND = ''
( 4173) CALL CRC64_TYPE_GFL_NAML (YD%YLCONV_NL, KLUN, CDPATH//'%YLCONV_NL'//TRIM(CLIND))
( 4174) # 4175 "./util_type_gfld_mod.F90"
( 4175) CLIND = ''
( 4176) CALL CRC64_TYPE_GFL_NAML (YD%YICONV_NL, KLUN, CDPATH//'%YICONV_NL'//TRIM(CLIND))
( 4177) # 4178 "./util_type_gfld_mod.F90"
( 4178) CLIND = ''
( 4179) CALL CRC64_TYPE_GFL_NAML (YD%YRCONV_NL, KLUN, CDPATH//'%YRCONV_NL'//TRIM(CLIND))
( 4180) # 4181 "./util_type_gfld_mod.F90"
( 4181) CLIND = ''
( 4182) CALL CRC64_TYPE_GFL_NAML (YD%YSCONV_NL, KLUN, CDPATH//'%YSCONV_NL'//TRIM(CLIND))
( 4183) # 4184 "./util_type_gfld_mod.F90"
( 4184) CLIND = ''
( 4185) CALL CRC64_TYPE_GFL_NAML (YD%YIRAD_NL, KLUN, CDPATH//'%YIRAD_NL'//TRIM(CLIND))
( 4186) # 4187 "./util_type_gfld_mod.F90"
( 4187) CLIND = ''
( 4188) CALL CRC64_TYPE_GFL_NAML (YD%YLRAD_NL, KLUN, CDPATH//'%YLRAD_NL'//TRIM(CLIND))
( 4189) # 4190 "./util_type_gfld_mod.F90"
( 4190) CLIND = ''
( 4191) CALL CRC64_TYPE_GFL_NAML (YD%YS_NL, KLUN, CDPATH//'%YS_NL'//TRIM(CLIND))
( 4192) # 4193 "./util_type_gfld_mod.F90"
( 4193) CLIND = ''
( 4194) CALL CRC64_TYPE_GFL_NAML (YD%YR_NL, KLUN, CDPATH//'%YR_NL'//TRIM(CLIND))
( 4195) # 4196 "./util_type_gfld_mod.F90"
( 4196) CLIND = ''
( 4197) CALL CRC64_TYPE_GFL_NAML (YD%YG_NL, KLUN, CDPATH//'%YG_NL'//TRIM(CLIND))
( 4198) # 4199 "./util_type_gfld_mod.F90"
( 4199) CLIND = ''
( 4200) CALL CRC64_TYPE_GFL_NAML (YD%YH_NL, KLUN, CDPATH//'%YH_NL'//TRIM(CLIND))
( 4201) # 4202 "./util_type_gfld_mod.F90"
( 4202) CLIND = ''
( 4203) CALL CRC64_TYPE_GFL_NAML (YD%YTKE_NL, KLUN, CDPATH//'%YTKE_NL'//TRIM(CLIND))
( 4204) # 4205 "./util_type_gfld_mod.F90"
( 4205) CLIND = ''
( 4206) CALL CRC64_TYPE_GFL_NAML (YD%YTTE_NL, KLUN, CDPATH//'%YTTE_NL'//TRIM(CLIND))






NVFORTRAN (Version     24.5)          03/19/2025  06:54:44      page 191

( 4207) # 4208 "./util_type_gfld_mod.F90"
( 4208) CLIND = ''
( 4209) CALL CRC64_TYPE_GFL_NAML (YD%YEFB1_NL, KLUN, CDPATH//'%YEFB1_NL'//TRIM(CLIND))
( 4210) # 4211 "./util_type_gfld_mod.F90"
( 4211) CLIND = ''
( 4212) CALL CRC64_TYPE_GFL_NAML (YD%YEFB2_NL, KLUN, CDPATH//'%YEFB2_NL'//TRIM(CLIND))
( 4213) # 4214 "./util_type_gfld_mod.F90"
( 4214) CLIND = ''
( 4215) CALL CRC64_TYPE_GFL_NAML (YD%YEFB3_NL, KLUN, CDPATH//'%YEFB3_NL'//TRIM(CLIND))
( 4216) # 4217 "./util_type_gfld_mod.F90"
( 4217) CLIND = ''
( 4218) CALL CRC64_TYPE_GFL_NAML (YD%YA_NL, KLUN, CDPATH//'%YA_NL'//TRIM(CLIND))
( 4219) # 4220 "./util_type_gfld_mod.F90"
( 4220) CLIND = ''
( 4221) CALL CRC64_TYPE_GFL_NAML (YD%YO3_NL, KLUN, CDPATH//'%YO3_NL'//TRIM(CLIND))
( 4222) # 4223 "./util_type_gfld_mod.F90"
( 4223) CLIND = ''
( 4224) CALL CRC64_TYPE_GFL_NAML (YD%YSRC_NL, KLUN, CDPATH//'%YSRC_NL'//TRIM(CLIND))
( 4225) # 4226 "./util_type_gfld_mod.F90"
( 4226) CLIND = ''
( 4227) CALL CRC64_TYPE_GFL_NAML (YD%YAMF_NL, KLUN, CDPATH//'%YAMF_NL'//TRIM(CLIND))
( 4228) # 4229 "./util_type_gfld_mod.F90"
( 4229) CLIND = ''
( 4230) CALL CRC64_TYPE_GFL_NAML (YD%YLMF_NL, KLUN, CDPATH//'%YLMF_NL'//TRIM(CLIND))
( 4231) # 4232 "./util_type_gfld_mod.F90"
( 4232) CLIND = ''
( 4233) CALL CRC64_TYPE_GFL_NAML (YD%YIMF_NL, KLUN, CDPATH//'%YIMF_NL'//TRIM(CLIND))
( 4234) # 4235 "./util_type_gfld_mod.F90"
( 4235) CLIND = ''
( 4236) CALL CRC64_TYPE_GFL_NAML (YD%YMXL_NL, KLUN, CDPATH//'%YMXL_NL'//TRIM(CLIND))
( 4237) # 4238 "./util_type_gfld_mod.F90"
( 4238) CLIND = ''
( 4239) CALL CRC64_TYPE_GFL_NAML (YD%YSHTUR_NL, KLUN, CDPATH//'%YSHTUR_NL'//TRIM(CLIND))
( 4240) # 4241 "./util_type_gfld_mod.F90"
( 4241) CLIND = ''
( 4242) CALL CRC64_TYPE_GFL_NAML (YD%YFQTUR_NL, KLUN, CDPATH//'%YFQTUR_NL'//TRIM(CLIND))
( 4243) # 4244 "./util_type_gfld_mod.F90"
( 4244) CLIND = ''
( 4245) CALL CRC64_TYPE_GFL_NAML (YD%YFSTUR_NL, KLUN, CDPATH//'%YFSTUR_NL'//TRIM(CLIND))
( 4246) # 4247 "./util_type_gfld_mod.F90"
( 4247) CLIND = ''
( 4248) CALL CRC64_TYPE_GFL_NAML (YD%YCPF_NL, KLUN, CDPATH//'%YCPF_NL'//TRIM(CLIND))
( 4249) # 4250 "./util_type_gfld_mod.F90"
( 4250) CLIND = ''
( 4251) CALL CRC64_TYPE_GFL_NAML (YD%YSPF_NL, KLUN, CDPATH//'%YSPF_NL'//TRIM(CLIND))
( 4252) # 4253 "./util_type_gfld_mod.F90"
( 4253) CLIND = ''
( 4254) CALL CRC64_TYPE_GFL_NAML (YD%YCVGQ_NL, KLUN, CDPATH//'%YCVGQ_NL'//TRIM(CLIND))
( 4255) # 4256 "./util_type_gfld_mod.F90"
( 4256) CLIND = ''
( 4257) CALL CRC64_TYPE_GFL_NAML (YD%YQVA_NL, KLUN, CDPATH//'%YQVA_NL'//TRIM(CLIND))
( 4258) # 4259 "./util_type_gfld_mod.F90"
( 4259) DO J1 = LBOUND (YD%YGHG_NL, 1), UBOUND (YD%YGHG_NL, 1)
( 4260)   WRITE (CLIND, '("(",I0,")")') J1
( 4261)   CALL CRC64_TYPE_GFL_NAML (YD%YGHG_NL (J1), KLUN, CDPATH//'%YGHG_NL'//TRIM(CLIND))
( 4262) ENDDO
( 4263) # 4264 "./util_type_gfld_mod.F90"
( 4264) DO J1 = LBOUND (YD%YCHEM_NL, 1), UBOUND (YD%YCHEM_NL, 1)






NVFORTRAN (Version     24.5)          03/19/2025  06:54:44      page 192

( 4265)   WRITE (CLIND, '("(",I0,")")') J1
( 4266)   CALL CRC64_TYPE_GFL_NAML (YD%YCHEM_NL (J1), KLUN, CDPATH//'%YCHEM_NL'//TRIM(CLIND))
( 4267) ENDDO
( 4268) # 4269 "./util_type_gfld_mod.F90"
( 4269) DO J1 = LBOUND (YD%YAERO_NL, 1), UBOUND (YD%YAERO_NL, 1)
( 4270)   WRITE (CLIND, '("(",I0,")")') J1
( 4271)   CALL CRC64_TYPE_GFL_NAML (YD%YAERO_NL (J1), KLUN, CDPATH//'%YAERO_NL'//TRIM(CLIND))
( 4272) ENDDO
( 4273) # 4274 "./util_type_gfld_mod.F90"
( 4274) DO J1 = LBOUND (YD%YERA40_NL, 1), UBOUND (YD%YERA40_NL, 1)
( 4275)   WRITE (CLIND, '("(",I0,")")') J1
( 4276)   CALL CRC64_TYPE_GFL_NAML (YD%YERA40_NL (J1), KLUN, CDPATH//'%YERA40_NL'//TRIM(CLIND))
( 4277) ENDDO
( 4278) # 4279 "./util_type_gfld_mod.F90"
( 4279) DO J1 = LBOUND (YD%YNOGW_NL, 1), UBOUND (YD%YNOGW_NL, 1)
( 4280)   WRITE (CLIND, '("(",I0,")")') J1
( 4281)   CALL CRC64_TYPE_GFL_NAML (YD%YNOGW_NL (J1), KLUN, CDPATH//'%YNOGW_NL'//TRIM(CLIND))
( 4282) ENDDO
( 4283) # 4284 "./util_type_gfld_mod.F90"
( 4284) DO J1 = LBOUND (YD%YEDRP_NL, 1), UBOUND (YD%YEDRP_NL, 1)
( 4285)   WRITE (CLIND, '("(",I0,")")') J1
( 4286)   CALL CRC64_TYPE_GFL_NAML (YD%YEDRP_NL (J1), KLUN, CDPATH//'%YEDRP_NL'//TRIM(CLIND))
( 4287) ENDDO
( 4288) # 4289 "./util_type_gfld_mod.F90"
( 4289) DO J1 = LBOUND (YD%YSLDIA_NL, 1), UBOUND (YD%YSLDIA_NL, 1)
( 4290)   WRITE (CLIND, '("(",I0,")")') J1
( 4291)   CALL CRC64_TYPE_GFL_NAML (YD%YSLDIA_NL (J1), KLUN, CDPATH//'%YSLDIA_NL'//TRIM(CLIND))
( 4292) ENDDO
( 4293) # 4294 "./util_type_gfld_mod.F90"
( 4294) CLIND = ''
( 4295) CALL CRC64_TYPE_GFL_NAML (YD%YLRCH4_NL, KLUN, CDPATH//'%YLRCH4_NL'//TRIM(CLIND))
( 4296) # 4297 "./util_type_gfld_mod.F90"
( 4297) DO J1 = LBOUND (YD%YAERAOT_NL, 1), UBOUND (YD%YAERAOT_NL, 1)
( 4298)   WRITE (CLIND, '("(",I0,")")') J1
( 4299)   CALL CRC64_TYPE_GFL_NAML (YD%YAERAOT_NL (J1), KLUN, CDPATH//'%YAERAOT_NL'//TRIM(CLIND))
( 4300) ENDDO
( 4301) # 4302 "./util_type_gfld_mod.F90"
( 4302) DO J2 = LBOUND (YD%YAERLISI_NL, 2), UBOUND (YD%YAERLISI_NL, 2)
( 4303)   DO J1 = LBOUND (YD%YAERLISI_NL, 1), UBOUND (YD%YAERLISI_NL, 1)
( 4304)     WRITE (CLIND, '("(",I0,",",I0,")")') J1, J2
( 4305)     CALL CRC64_TYPE_GFL_NAML (YD%YAERLISI_NL (J1, J2), KLUN, CDPATH//'%YAERLISI_NL'//TRIM(CLIND))
( 4306)   ENDDO
( 4307) ENDDO
( 4308) # 4309 "./util_type_gfld_mod.F90"
( 4309) DO J1 = LBOUND (YD%YAEROUT_NL, 1), UBOUND (YD%YAEROUT_NL, 1)
( 4310)   WRITE (CLIND, '("(",I0,")")') J1
( 4311)   CALL CRC64_TYPE_GFL_NAML (YD%YAEROUT_NL (J1), KLUN, CDPATH//'%YAEROUT_NL'//TRIM(CLIND))
( 4312) ENDDO
( 4313) # 4314 "./util_type_gfld_mod.F90"
( 4314) DO J1 = LBOUND (YD%YAEROCLIM_NL, 1), UBOUND (YD%YAEROCLIM_NL, 1)
( 4315)   WRITE (CLIND, '("(",I0,")")') J1
( 4316)   CALL CRC64_TYPE_GFL_NAML (YD%YAEROCLIM_NL (J1), KLUN, CDPATH//'%YAEROCLIM_NL'//TRIM(CLIND))
( 4317) ENDDO
( 4318) # 4319 "./util_type_gfld_mod.F90"
( 4319) DO J1 = LBOUND (YD%YUVP_NL, 1), UBOUND (YD%YUVP_NL, 1)
( 4320)   WRITE (CLIND, '("(",I0,")")') J1
( 4321)   CALL CRC64_TYPE_GFL_NAML (YD%YUVP_NL (J1), KLUN, CDPATH//'%YUVP_NL'//TRIM(CLIND))
( 4322) ENDDO






NVFORTRAN (Version     24.5)          03/19/2025  06:54:44      page 193

( 4323) # 4324 "./util_type_gfld_mod.F90"
( 4324) CLIND = ''
( 4325) CALL CRC64_TYPE_GFL_NAML (YD%YRKTH_NL, KLUN, CDPATH//'%YRKTH_NL'//TRIM(CLIND))
( 4326) # 4327 "./util_type_gfld_mod.F90"
( 4327) CLIND = ''
( 4328) CALL CRC64_TYPE_GFL_NAML (YD%YRKTQV_NL, KLUN, CDPATH//'%YRKTQV_NL'//TRIM(CLIND))
( 4329) # 4330 "./util_type_gfld_mod.F90"
( 4330) CLIND = ''
( 4331) CALL CRC64_TYPE_GFL_NAML (YD%YRKTQC_NL, KLUN, CDPATH//'%YRKTQC_NL'//TRIM(CLIND))
( 4332) # 4333 "./util_type_gfld_mod.F90"
( 4333) CLIND = ''
( 4334) CALL CRC64_TYPE_GFL_NAML (YD%YPHYCTY_NL, KLUN, CDPATH//'%YPHYCTY_NL'//TRIM(CLIND))
( 4335) # 4336 "./util_type_gfld_mod.F90"
( 4336) CLIND = ''
( 4337) CALL CRC64_TYPE_GFL_NAML (YD%YFSD_NL, KLUN, CDPATH//'%YFSD_NL'//TRIM(CLIND))
( 4338) # 4339 "./util_type_gfld_mod.F90"
( 4339) CLIND = ''
( 4340) CALL CRC64_TYPE_GFL_NAML (YD%YRSPEC_NL, KLUN, CDPATH//'%YRSPEC_NL'//TRIM(CLIND))
( 4341) # 4342 "./util_type_gfld_mod.F90"
( 4342) CLIND = ''
( 4343) CALL CRC64_TYPE_GFL_NAML (YD%YSDSAT_NL, KLUN, CDPATH//'%YSDSAT_NL'//TRIM(CLIND))
( 4344) # 4345 "./util_type_gfld_mod.F90"
( 4345) CLIND = ''
( 4346) CALL CRC64_TYPE_GFL_NAML (YD%YCVV_NL, KLUN, CDPATH//'%YCVV_NL'//TRIM(CLIND))
( 4347) # 4348 "./util_type_gfld_mod.F90"
( 4348) DO J1 = LBOUND (YD%YFORC_NL, 1), UBOUND (YD%YFORC_NL, 1)
( 4349)   WRITE (CLIND, '("(",I0,")")') J1
( 4350)   CALL CRC64_TYPE_GFL_NAML (YD%YFORC_NL (J1), KLUN, CDPATH//'%YFORC_NL'//TRIM(CLIND))
( 4351) ENDDO
( 4352) # 4353 "./util_type_gfld_mod.F90"
( 4353) DO J1 = LBOUND (YD%YEZDIAG_NL, 1), UBOUND (YD%YEZDIAG_NL, 1)
( 4354)   WRITE (CLIND, '("(",I0,")")') J1
( 4355)   CALL CRC64_TYPE_GFL_NAML (YD%YEZDIAG_NL (J1), KLUN, CDPATH//'%YEZDIAG_NL'//TRIM(CLIND))
( 4356) ENDDO
( 4357) # 4358 "./util_type_gfld_mod.F90"
( 4358) DO J1 = LBOUND (YD%YEXT_NL, 1), UBOUND (YD%YEXT_NL, 1)
( 4359)   WRITE (CLIND, '("(",I0,")")') J1
( 4360)   CALL CRC64_TYPE_GFL_NAML (YD%YEXT_NL (J1), KLUN, CDPATH//'%YEXT_NL'//TRIM(CLIND))
( 4361) ENDDO
( 4362) # 4363 "./util_type_gfld_mod.F90"
( 4363) CLIND = ''
( 4364) CALL CRC64_TYPE_GFL_NAML (YD%YUOM_NL, KLUN, CDPATH//'%YUOM_NL'//TRIM(CLIND))
( 4365) # 4366 "./util_type_gfld_mod.F90"
( 4366) CLIND = ''
( 4367) CALL CRC64_TYPE_GFL_NAML (YD%YUAL_NL, KLUN, CDPATH//'%YUAL_NL'//TRIM(CLIND))
( 4368) # 4369 "./util_type_gfld_mod.F90"
( 4369) CLIND = ''
( 4370) CALL CRC64_TYPE_GFL_NAML (YD%YDOM_NL, KLUN, CDPATH//'%YDOM_NL'//TRIM(CLIND))
( 4371) # 4372 "./util_type_gfld_mod.F90"
( 4372) CLIND = ''
( 4373) CALL CRC64_TYPE_GFL_NAML (YD%YDAL_NL, KLUN, CDPATH//'%YDAL_NL'//TRIM(CLIND))
( 4374) # 4375 "./util_type_gfld_mod.F90"
( 4375) CLIND = ''
( 4376) CALL CRC64_TYPE_GFL_NAML (YD%YUEN_NL, KLUN, CDPATH//'%YUEN_NL'//TRIM(CLIND))
( 4377) # 4378 "./util_type_gfld_mod.F90"
( 4378) CLIND = ''
( 4379) CALL CRC64_TYPE_GFL_NAML (YD%YUNEBH_NL, KLUN, CDPATH//'%YUNEBH_NL'//TRIM(CLIND))
( 4380) # 4381 "./util_type_gfld_mod.F90"






NVFORTRAN (Version     24.5)          03/19/2025  06:54:44      page 194

( 4381) DO J1 = LBOUND (YD%YAERO_WVL_DIAG_NL, 1), UBOUND (YD%YAERO_WVL_DIAG_NL, 1)
( 4382)   WRITE (CLIND, '("(",I0,")")') J1
( 4383)   CALL CRC64_TYPE_AERO_WVL_DIAG (YD%YAERO_WVL_DIAG_NL (J1), KLUN, CDPATH//'%YAERO_WVL_DIAG_NL'//TRIM(CLIND))
( 4384) ENDDO
( 4385) # 4386 "./util_type_gfld_mod.F90"
( 4386) DO J1 = LBOUND (YD%YLIMA_NL, 1), UBOUND (YD%YLIMA_NL, 1)
( 4387)   WRITE (CLIND, '("(",I0,")")') J1
( 4388)   CALL CRC64_TYPE_GFL_NAML (YD%YLIMA_NL (J1), KLUN, CDPATH//'%YLIMA_NL'//TRIM(CLIND))
( 4389) ENDDO
( 4390) # 4391 "./util_type_gfld_mod.F90"
( 4391) END SUBROUTINE
( 4392) # 4393 "./util_type_gfld_mod.F90"
( 4393) SUBROUTINE WIPE_TYPE_GFLD (YD, LDDELETED, LDFIELDAPI)
( 4394) USE UTIL_TYPE_AERO_WVL_DIAG_MOD
( 4395) USE UTIL_TYPE_GFL_COMP_MOD
( 4396) USE UTIL_TYPE_GFL_NAML_MOD
( 4397) IMPLICIT NONE
( 4398) TYPE (TYPE_GFLD), INTENT (IN), TARGET :: YD
( 4399) LOGICAL, OPTIONAL, INTENT (IN) :: LDDELETED, LDFIELDAPI
( 4400) LOGICAL :: LLDELETED
( 4401) LOGICAL :: LLFIELDAPI
( 4402) INTEGER :: J1, J2
( 4403) LOGICAL :: LYA, LYAERAOT, LYAERLISI, LYAERO, LYAEROCLIM, LYAEROUT, LYAMF, LYCHEM, LYCPF, LYCVGQ
( 4404) LOGICAL :: LYCVV, LYDAL, LYDOM, LYEDRP, LYEFB1, LYEFB2, LYEFB3, LYEMIS3D, LYERA40, LYEXT
( 4405) LOGICAL :: LYEZDIAG, LYFORC, LYFQTUR, LYFSD, LYFSTUR, LYG, LYGHG, LYH, LYI, LYICONV
( 4406) LOGICAL :: LYIMF, LYIRAD, LYL, LYLASTCOMP, LYLCONV, LYLIMA, LYLMF, LYLRAD, LYLRCH4, LYMXL
( 4407) LOGICAL :: LYNOGW, LYO3, LYPHYCTY, LYPHYS, LYQ, LYQVA, LYR, LYRCONV, LYRKTH, LYRKTQC
( 4408) LOGICAL :: LYRKTQV, LYRSPEC, LYS, LYSCONV, LYSDSAT, LYSHTUR, LYSLDIA, LYSPF, LYSRC, LYTKE
( 4409) LOGICAL :: LYTTE, LYUAL, LYUEN, LYUNEBH, LYUOM, LYUVP
( 4410) # 4411 "./util_type_gfld_mod.F90"
( 4411) LLFIELDAPI = .FALSE.
( 4412) IF (PRESENT (LDFIELDAPI)) THEN
( 4413)   LLFIELDAPI = LDFIELDAPI
( 4414) ENDIF
( 4415) # 4503 "./util_type_gfld_mod.F90"
( 4503) DO J1 = LBOUND (YD%YCOMP, 1), UBOUND (YD%YCOMP, 1)
( 4504)   CALL WIPE_TYPE_GFL_COMP (YD%YCOMP (J1), LDDELETED=.TRUE., LDFIELDAPI=LDFIELDAPI)
( 4505) ENDDO
( 4506) # 4507 "./util_type_gfld_mod.F90"
( 4507) LYLASTCOMP = ASSOCIATED (YD%YLASTCOMP)
( 4508) IF (LYLASTCOMP) THEN
( 4509)   !$acc exit data detach (YD%YLASTCOMP)
( 4510)   CALL WIPE_TYPE_GFL_COMP (YD%YLASTCOMP, LDDELETED=.TRUE., LDFIELDAPI=LDFIELDAPI)
( 4511)   !$acc exit data delete (YD%YLASTCOMP)
( 4512) ENDIF
( 4513) # 4514 "./util_type_gfld_mod.F90"
( 4514) LYQ = ASSOCIATED (YD%YQ)
( 4515) IF (LYQ) THEN
( 4516)   !$acc exit data detach (YD%YQ)
( 4517)   CALL WIPE_TYPE_GFL_COMP (YD%YQ, LDDELETED=.TRUE., LDFIELDAPI=LDFIELDAPI)
( 4518)   !$acc exit data delete (YD%YQ)
( 4519) ENDIF
( 4520) # 4521 "./util_type_gfld_mod.F90"
( 4521) LYI = ASSOCIATED (YD%YI)
( 4522) IF (LYI) THEN
( 4523)   !$acc exit data detach (YD%YI)
( 4524)   CALL WIPE_TYPE_GFL_COMP (YD%YI, LDDELETED=.TRUE., LDFIELDAPI=LDFIELDAPI)
( 4525)   !$acc exit data delete (YD%YI)






NVFORTRAN (Version     24.5)          03/19/2025  06:54:44      page 195

( 4526) ENDIF
( 4527) # 4528 "./util_type_gfld_mod.F90"
( 4528) LYL = ASSOCIATED (YD%YL)
( 4529) IF (LYL) THEN
( 4530)   !$acc exit data detach (YD%YL)
( 4531)   CALL WIPE_TYPE_GFL_COMP (YD%YL, LDDELETED=.TRUE., LDFIELDAPI=LDFIELDAPI)
( 4532)   !$acc exit data delete (YD%YL)
( 4533) ENDIF
( 4534) # 4535 "./util_type_gfld_mod.F90"
( 4535) LYLCONV = ASSOCIATED (YD%YLCONV)
( 4536) IF (LYLCONV) THEN
( 4537)   !$acc exit data detach (YD%YLCONV)
( 4538)   CALL WIPE_TYPE_GFL_COMP (YD%YLCONV, LDDELETED=.TRUE., LDFIELDAPI=LDFIELDAPI)
( 4539)   !$acc exit data delete (YD%YLCONV)
( 4540) ENDIF
( 4541) # 4542 "./util_type_gfld_mod.F90"
( 4542) LYICONV = ASSOCIATED (YD%YICONV)
( 4543) IF (LYICONV) THEN
( 4544)   !$acc exit data detach (YD%YICONV)
( 4545)   CALL WIPE_TYPE_GFL_COMP (YD%YICONV, LDDELETED=.TRUE., LDFIELDAPI=LDFIELDAPI)
( 4546)   !$acc exit data delete (YD%YICONV)
( 4547) ENDIF
( 4548) # 4549 "./util_type_gfld_mod.F90"
( 4549) LYRCONV = ASSOCIATED (YD%YRCONV)
( 4550) IF (LYRCONV) THEN
( 4551)   !$acc exit data detach (YD%YRCONV)
( 4552)   CALL WIPE_TYPE_GFL_COMP (YD%YRCONV, LDDELETED=.TRUE., LDFIELDAPI=LDFIELDAPI)
( 4553)   !$acc exit data delete (YD%YRCONV)
( 4554) ENDIF
( 4555) # 4556 "./util_type_gfld_mod.F90"
( 4556) LYSCONV = ASSOCIATED (YD%YSCONV)
( 4557) IF (LYSCONV) THEN
( 4558)   !$acc exit data detach (YD%YSCONV)
( 4559)   CALL WIPE_TYPE_GFL_COMP (YD%YSCONV, LDDELETED=.TRUE., LDFIELDAPI=LDFIELDAPI)
( 4560)   !$acc exit data delete (YD%YSCONV)
( 4561) ENDIF
( 4562) # 4563 "./util_type_gfld_mod.F90"
( 4563) LYIRAD = ASSOCIATED (YD%YIRAD)
( 4564) IF (LYIRAD) THEN
( 4565)   !$acc exit data detach (YD%YIRAD)
( 4566)   CALL WIPE_TYPE_GFL_COMP (YD%YIRAD, LDDELETED=.TRUE., LDFIELDAPI=LDFIELDAPI)
( 4567)   !$acc exit data delete (YD%YIRAD)
( 4568) ENDIF
( 4569) # 4570 "./util_type_gfld_mod.F90"
( 4570) LYLRAD = ASSOCIATED (YD%YLRAD)
( 4571) IF (LYLRAD) THEN
( 4572)   !$acc exit data detach (YD%YLRAD)
( 4573)   CALL WIPE_TYPE_GFL_COMP (YD%YLRAD, LDDELETED=.TRUE., LDFIELDAPI=LDFIELDAPI)
( 4574)   !$acc exit data delete (YD%YLRAD)
( 4575) ENDIF
( 4576) # 4577 "./util_type_gfld_mod.F90"
( 4577) LYS = ASSOCIATED (YD%YS)
( 4578) IF (LYS) THEN
( 4579)   !$acc exit data detach (YD%YS)
( 4580)   CALL WIPE_TYPE_GFL_COMP (YD%YS, LDDELETED=.TRUE., LDFIELDAPI=LDFIELDAPI)
( 4581)   !$acc exit data delete (YD%YS)
( 4582) ENDIF
( 4583) # 4584 "./util_type_gfld_mod.F90"






NVFORTRAN (Version     24.5)          03/19/2025  06:54:44      page 196

( 4584) LYR = ASSOCIATED (YD%YR)
( 4585) IF (LYR) THEN
( 4586)   !$acc exit data detach (YD%YR)
( 4587)   CALL WIPE_TYPE_GFL_COMP (YD%YR, LDDELETED=.TRUE., LDFIELDAPI=LDFIELDAPI)
( 4588)   !$acc exit data delete (YD%YR)
( 4589) ENDIF
( 4590) # 4591 "./util_type_gfld_mod.F90"
( 4591) LYG = ASSOCIATED (YD%YG)
( 4592) IF (LYG) THEN
( 4593)   !$acc exit data detach (YD%YG)
( 4594)   CALL WIPE_TYPE_GFL_COMP (YD%YG, LDDELETED=.TRUE., LDFIELDAPI=LDFIELDAPI)
( 4595)   !$acc exit data delete (YD%YG)
( 4596) ENDIF
( 4597) # 4598 "./util_type_gfld_mod.F90"
( 4598) LYH = ASSOCIATED (YD%YH)
( 4599) IF (LYH) THEN
( 4600)   !$acc exit data detach (YD%YH)
( 4601)   CALL WIPE_TYPE_GFL_COMP (YD%YH, LDDELETED=.TRUE., LDFIELDAPI=LDFIELDAPI)
( 4602)   !$acc exit data delete (YD%YH)
( 4603) ENDIF
( 4604) # 4605 "./util_type_gfld_mod.F90"
( 4605) LYTKE = ASSOCIATED (YD%YTKE)
( 4606) IF (LYTKE) THEN
( 4607)   !$acc exit data detach (YD%YTKE)
( 4608)   CALL WIPE_TYPE_GFL_COMP (YD%YTKE, LDDELETED=.TRUE., LDFIELDAPI=LDFIELDAPI)
( 4609)   !$acc exit data delete (YD%YTKE)
( 4610) ENDIF
( 4611) # 4612 "./util_type_gfld_mod.F90"
( 4612) LYTTE = ASSOCIATED (YD%YTTE)
( 4613) IF (LYTTE) THEN
( 4614)   !$acc exit data detach (YD%YTTE)
( 4615)   CALL WIPE_TYPE_GFL_COMP (YD%YTTE, LDDELETED=.TRUE., LDFIELDAPI=LDFIELDAPI)
( 4616)   !$acc exit data delete (YD%YTTE)
( 4617) ENDIF
( 4618) # 4619 "./util_type_gfld_mod.F90"
( 4619) LYEFB1 = ASSOCIATED (YD%YEFB1)
( 4620) IF (LYEFB1) THEN
( 4621)   !$acc exit data detach (YD%YEFB1)
( 4622)   CALL WIPE_TYPE_GFL_COMP (YD%YEFB1, LDDELETED=.TRUE., LDFIELDAPI=LDFIELDAPI)
( 4623)   !$acc exit data delete (YD%YEFB1)
( 4624) ENDIF
( 4625) # 4626 "./util_type_gfld_mod.F90"
( 4626) LYEFB2 = ASSOCIATED (YD%YEFB2)
( 4627) IF (LYEFB2) THEN
( 4628)   !$acc exit data detach (YD%YEFB2)
( 4629)   CALL WIPE_TYPE_GFL_COMP (YD%YEFB2, LDDELETED=.TRUE., LDFIELDAPI=LDFIELDAPI)
( 4630)   !$acc exit data delete (YD%YEFB2)
( 4631) ENDIF
( 4632) # 4633 "./util_type_gfld_mod.F90"
( 4633) LYEFB3 = ASSOCIATED (YD%YEFB3)
( 4634) IF (LYEFB3) THEN
( 4635)   !$acc exit data detach (YD%YEFB3)
( 4636)   CALL WIPE_TYPE_GFL_COMP (YD%YEFB3, LDDELETED=.TRUE., LDFIELDAPI=LDFIELDAPI)
( 4637)   !$acc exit data delete (YD%YEFB3)
( 4638) ENDIF
( 4639) # 4640 "./util_type_gfld_mod.F90"
( 4640) LYA = ASSOCIATED (YD%YA)
( 4641) IF (LYA) THEN






NVFORTRAN (Version     24.5)          03/19/2025  06:54:44      page 197

( 4642)   !$acc exit data detach (YD%YA)
( 4643)   CALL WIPE_TYPE_GFL_COMP (YD%YA, LDDELETED=.TRUE., LDFIELDAPI=LDFIELDAPI)
( 4644)   !$acc exit data delete (YD%YA)
( 4645) ENDIF
( 4646) # 4647 "./util_type_gfld_mod.F90"
( 4647) LYO3 = ASSOCIATED (YD%YO3)
( 4648) IF (LYO3) THEN
( 4649)   !$acc exit data detach (YD%YO3)
( 4650)   CALL WIPE_TYPE_GFL_COMP (YD%YO3, LDDELETED=.TRUE., LDFIELDAPI=LDFIELDAPI)
( 4651)   !$acc exit data delete (YD%YO3)
( 4652) ENDIF
( 4653) # 4654 "./util_type_gfld_mod.F90"
( 4654) LYSRC = ASSOCIATED (YD%YSRC)
( 4655) IF (LYSRC) THEN
( 4656)   !$acc exit data detach (YD%YSRC)
( 4657)   CALL WIPE_TYPE_GFL_COMP (YD%YSRC, LDDELETED=.TRUE., LDFIELDAPI=LDFIELDAPI)
( 4658)   !$acc exit data delete (YD%YSRC)
( 4659) ENDIF
( 4660) # 4661 "./util_type_gfld_mod.F90"
( 4661) LYLMF = ASSOCIATED (YD%YLMF)
( 4662) IF (LYLMF) THEN
( 4663)   !$acc exit data detach (YD%YLMF)
( 4664)   CALL WIPE_TYPE_GFL_COMP (YD%YLMF, LDDELETED=.TRUE., LDFIELDAPI=LDFIELDAPI)
( 4665)   !$acc exit data delete (YD%YLMF)
( 4666) ENDIF
( 4667) # 4668 "./util_type_gfld_mod.F90"
( 4668) LYIMF = ASSOCIATED (YD%YIMF)
( 4669) IF (LYIMF) THEN
( 4670)   !$acc exit data detach (YD%YIMF)
( 4671)   CALL WIPE_TYPE_GFL_COMP (YD%YIMF, LDDELETED=.TRUE., LDFIELDAPI=LDFIELDAPI)
( 4672)   !$acc exit data delete (YD%YIMF)
( 4673) ENDIF
( 4674) # 4675 "./util_type_gfld_mod.F90"
( 4675) LYAMF = ASSOCIATED (YD%YAMF)
( 4676) IF (LYAMF) THEN
( 4677)   !$acc exit data detach (YD%YAMF)
( 4678)   CALL WIPE_TYPE_GFL_COMP (YD%YAMF, LDDELETED=.TRUE., LDFIELDAPI=LDFIELDAPI)
( 4679)   !$acc exit data delete (YD%YAMF)
( 4680) ENDIF
( 4681) # 4682 "./util_type_gfld_mod.F90"
( 4682) LYMXL = ASSOCIATED (YD%YMXL)
( 4683) IF (LYMXL) THEN
( 4684)   !$acc exit data detach (YD%YMXL)
( 4685)   CALL WIPE_TYPE_GFL_COMP (YD%YMXL, LDDELETED=.TRUE., LDFIELDAPI=LDFIELDAPI)
( 4686)   !$acc exit data delete (YD%YMXL)
( 4687) ENDIF
( 4688) # 4689 "./util_type_gfld_mod.F90"
( 4689) LYSHTUR = ASSOCIATED (YD%YSHTUR)
( 4690) IF (LYSHTUR) THEN
( 4691)   !$acc exit data detach (YD%YSHTUR)
( 4692)   CALL WIPE_TYPE_GFL_COMP (YD%YSHTUR, LDDELETED=.TRUE., LDFIELDAPI=LDFIELDAPI)
( 4693)   !$acc exit data delete (YD%YSHTUR)
( 4694) ENDIF
( 4695) # 4696 "./util_type_gfld_mod.F90"
( 4696) LYFQTUR = ASSOCIATED (YD%YFQTUR)
( 4697) IF (LYFQTUR) THEN
( 4698)   !$acc exit data detach (YD%YFQTUR)
( 4699)   CALL WIPE_TYPE_GFL_COMP (YD%YFQTUR, LDDELETED=.TRUE., LDFIELDAPI=LDFIELDAPI)






NVFORTRAN (Version     24.5)          03/19/2025  06:54:44      page 198

( 4700)   !$acc exit data delete (YD%YFQTUR)
( 4701) ENDIF
( 4702) # 4703 "./util_type_gfld_mod.F90"
( 4703) LYFSTUR = ASSOCIATED (YD%YFSTUR)
( 4704) IF (LYFSTUR) THEN
( 4705)   !$acc exit data detach (YD%YFSTUR)
( 4706)   CALL WIPE_TYPE_GFL_COMP (YD%YFSTUR, LDDELETED=.TRUE., LDFIELDAPI=LDFIELDAPI)
( 4707)   !$acc exit data delete (YD%YFSTUR)
( 4708) ENDIF
( 4709) # 4710 "./util_type_gfld_mod.F90"
( 4710) LYCPF = ASSOCIATED (YD%YCPF)
( 4711) IF (LYCPF) THEN
( 4712)   !$acc exit data detach (YD%YCPF)
( 4713)   CALL WIPE_TYPE_GFL_COMP (YD%YCPF, LDDELETED=.TRUE., LDFIELDAPI=LDFIELDAPI)
( 4714)   !$acc exit data delete (YD%YCPF)
( 4715) ENDIF
( 4716) # 4717 "./util_type_gfld_mod.F90"
( 4717) LYSPF = ASSOCIATED (YD%YSPF)
( 4718) IF (LYSPF) THEN
( 4719)   !$acc exit data detach (YD%YSPF)
( 4720)   CALL WIPE_TYPE_GFL_COMP (YD%YSPF, LDDELETED=.TRUE., LDFIELDAPI=LDFIELDAPI)
( 4721)   !$acc exit data delete (YD%YSPF)
( 4722) ENDIF
( 4723) # 4724 "./util_type_gfld_mod.F90"
( 4724) LYCVGQ = ASSOCIATED (YD%YCVGQ)
( 4725) IF (LYCVGQ) THEN
( 4726)   !$acc exit data detach (YD%YCVGQ)
( 4727)   CALL WIPE_TYPE_GFL_COMP (YD%YCVGQ, LDDELETED=.TRUE., LDFIELDAPI=LDFIELDAPI)
( 4728)   !$acc exit data delete (YD%YCVGQ)
( 4729) ENDIF
( 4730) # 4731 "./util_type_gfld_mod.F90"
( 4731) LYQVA = ASSOCIATED (YD%YQVA)
( 4732) IF (LYQVA) THEN
( 4733)   !$acc exit data detach (YD%YQVA)
( 4734)   CALL WIPE_TYPE_GFL_COMP (YD%YQVA, LDDELETED=.TRUE., LDFIELDAPI=LDFIELDAPI)
( 4735)   !$acc exit data delete (YD%YQVA)
( 4736) ENDIF
( 4737) # 4738 "./util_type_gfld_mod.F90"
( 4738) LYGHG = ASSOCIATED (YD%YGHG)
( 4739) IF (LYGHG) THEN
( 4740)   !$acc exit data detach (YD%YGHG)
( 4741)   DO J1 = LBOUND (YD%YGHG, 1), UBOUND (YD%YGHG, 1)
( 4742)     CALL WIPE_TYPE_GFL_COMP (YD%YGHG (J1), LDDELETED=.TRUE., LDFIELDAPI=LDFIELDAPI)
( 4743)   ENDDO
( 4744)   !$acc exit data delete (YD%YGHG)
( 4745) ENDIF
( 4746) # 4747 "./util_type_gfld_mod.F90"
( 4747) LYCHEM = ASSOCIATED (YD%YCHEM)
( 4748) IF (LYCHEM) THEN
( 4749)   !$acc exit data detach (YD%YCHEM)
( 4750)   DO J1 = LBOUND (YD%YCHEM, 1), UBOUND (YD%YCHEM, 1)
( 4751)     CALL WIPE_TYPE_GFL_COMP (YD%YCHEM (J1), LDDELETED=.TRUE., LDFIELDAPI=LDFIELDAPI)
( 4752)   ENDDO
( 4753)   !$acc exit data delete (YD%YCHEM)
( 4754) ENDIF
( 4755) # 4756 "./util_type_gfld_mod.F90"
( 4756) LYAERO = ASSOCIATED (YD%YAERO)
( 4757) IF (LYAERO) THEN






NVFORTRAN (Version     24.5)          03/19/2025  06:54:44      page 199

( 4758)   !$acc exit data detach (YD%YAERO)
( 4759)   DO J1 = LBOUND (YD%YAERO, 1), UBOUND (YD%YAERO, 1)
( 4760)     CALL WIPE_TYPE_GFL_COMP (YD%YAERO (J1), LDDELETED=.TRUE., LDFIELDAPI=LDFIELDAPI)
( 4761)   ENDDO
( 4762)   !$acc exit data delete (YD%YAERO)
( 4763) ENDIF
( 4764) # 4765 "./util_type_gfld_mod.F90"
( 4765) LYLRCH4 = ASSOCIATED (YD%YLRCH4)
( 4766) IF (LYLRCH4) THEN
( 4767)   !$acc exit data detach (YD%YLRCH4)
( 4768)   CALL WIPE_TYPE_GFL_COMP (YD%YLRCH4, LDDELETED=.TRUE., LDFIELDAPI=LDFIELDAPI)
( 4769)   !$acc exit data delete (YD%YLRCH4)
( 4770) ENDIF
( 4771) # 4772 "./util_type_gfld_mod.F90"
( 4772) LYEMIS3D = ASSOCIATED (YD%YEMIS3D)
( 4773) IF (LYEMIS3D) THEN
( 4774)   !$acc exit data detach (YD%YEMIS3D)
( 4775)   DO J1 = LBOUND (YD%YEMIS3D, 1), UBOUND (YD%YEMIS3D, 1)
( 4776)     CALL WIPE_TYPE_GFL_COMP (YD%YEMIS3D (J1), LDDELETED=.TRUE., LDFIELDAPI=LDFIELDAPI)
( 4777)   ENDDO
( 4778)   !$acc exit data delete (YD%YEMIS3D)
( 4779) ENDIF
( 4780) # 4781 "./util_type_gfld_mod.F90"
( 4781) LYFORC = ASSOCIATED (YD%YFORC)
( 4782) IF (LYFORC) THEN
( 4783)   !$acc exit data detach (YD%YFORC)
( 4784)   DO J1 = LBOUND (YD%YFORC, 1), UBOUND (YD%YFORC, 1)
( 4785)     CALL WIPE_TYPE_GFL_COMP (YD%YFORC (J1), LDDELETED=.TRUE., LDFIELDAPI=LDFIELDAPI)
( 4786)   ENDDO
( 4787)   !$acc exit data delete (YD%YFORC)
( 4788) ENDIF
( 4789) # 4790 "./util_type_gfld_mod.F90"
( 4790) LYEZDIAG = ASSOCIATED (YD%YEZDIAG)
( 4791) IF (LYEZDIAG) THEN
( 4792)   !$acc exit data detach (YD%YEZDIAG)
( 4793)   DO J1 = LBOUND (YD%YEZDIAG, 1), UBOUND (YD%YEZDIAG, 1)
( 4794)     CALL WIPE_TYPE_GFL_COMP (YD%YEZDIAG (J1), LDDELETED=.TRUE., LDFIELDAPI=LDFIELDAPI)
( 4795)   ENDDO
( 4796)   !$acc exit data delete (YD%YEZDIAG)
( 4797) ENDIF
( 4798) # 4799 "./util_type_gfld_mod.F90"
( 4799) LYERA40 = ASSOCIATED (YD%YERA40)
( 4800) IF (LYERA40) THEN
( 4801)   !$acc exit data detach (YD%YERA40)
( 4802)   DO J1 = LBOUND (YD%YERA40, 1), UBOUND (YD%YERA40, 1)
( 4803)     CALL WIPE_TYPE_GFL_COMP (YD%YERA40 (J1), LDDELETED=.TRUE., LDFIELDAPI=LDFIELDAPI)
( 4804)   ENDDO
( 4805)   !$acc exit data delete (YD%YERA40)
( 4806) ENDIF
( 4807) # 4808 "./util_type_gfld_mod.F90"
( 4808) LYNOGW = ASSOCIATED (YD%YNOGW)
( 4809) IF (LYNOGW) THEN
( 4810)   !$acc exit data detach (YD%YNOGW)
( 4811)   DO J1 = LBOUND (YD%YNOGW, 1), UBOUND (YD%YNOGW, 1)
( 4812)     CALL WIPE_TYPE_GFL_COMP (YD%YNOGW (J1), LDDELETED=.TRUE., LDFIELDAPI=LDFIELDAPI)
( 4813)   ENDDO
( 4814)   !$acc exit data delete (YD%YNOGW)
( 4815) ENDIF






NVFORTRAN (Version     24.5)          03/19/2025  06:54:44      page 200

( 4816) # 4817 "./util_type_gfld_mod.F90"
( 4817) LYEDRP = ASSOCIATED (YD%YEDRP)
( 4818) IF (LYEDRP) THEN
( 4819)   !$acc exit data detach (YD%YEDRP)
( 4820)   DO J1 = LBOUND (YD%YEDRP, 1), UBOUND (YD%YEDRP, 1)
( 4821)     CALL WIPE_TYPE_GFL_COMP (YD%YEDRP (J1), LDDELETED=.TRUE., LDFIELDAPI=LDFIELDAPI)
( 4822)   ENDDO
( 4823)   !$acc exit data delete (YD%YEDRP)
( 4824) ENDIF
( 4825) # 4826 "./util_type_gfld_mod.F90"
( 4826) LYSLDIA = ASSOCIATED (YD%YSLDIA)
( 4827) IF (LYSLDIA) THEN
( 4828)   !$acc exit data detach (YD%YSLDIA)
( 4829)   DO J1 = LBOUND (YD%YSLDIA, 1), UBOUND (YD%YSLDIA, 1)
( 4830)     CALL WIPE_TYPE_GFL_COMP (YD%YSLDIA (J1), LDDELETED=.TRUE., LDFIELDAPI=LDFIELDAPI)
( 4831)   ENDDO
( 4832)   !$acc exit data delete (YD%YSLDIA)
( 4833) ENDIF
( 4834) # 4835 "./util_type_gfld_mod.F90"
( 4835) LYAERAOT = ASSOCIATED (YD%YAERAOT)
( 4836) IF (LYAERAOT) THEN
( 4837)   !$acc exit data detach (YD%YAERAOT)
( 4838)   DO J1 = LBOUND (YD%YAERAOT, 1), UBOUND (YD%YAERAOT, 1)
( 4839)     CALL WIPE_TYPE_GFL_COMP (YD%YAERAOT (J1), LDDELETED=.TRUE., LDFIELDAPI=LDFIELDAPI)
( 4840)   ENDDO
( 4841)   !$acc exit data delete (YD%YAERAOT)
( 4842) ENDIF
( 4843) # 4844 "./util_type_gfld_mod.F90"
( 4844) LYAERLISI = ASSOCIATED (YD%YAERLISI)
( 4845) IF (LYAERLISI) THEN
( 4846)   !$acc exit data detach (YD%YAERLISI)
( 4847)   DO J1 = LBOUND (YD%YAERLISI, 1), UBOUND (YD%YAERLISI, 1)
( 4848)     CALL WIPE_TYPE_GFL_COMP (YD%YAERLISI (J1), LDDELETED=.TRUE., LDFIELDAPI=LDFIELDAPI)
( 4849)   ENDDO
( 4850)   !$acc exit data delete (YD%YAERLISI)
( 4851) ENDIF
( 4852) # 4853 "./util_type_gfld_mod.F90"
( 4853) LYAEROUT = ASSOCIATED (YD%YAEROUT)
( 4854) IF (LYAEROUT) THEN
( 4855)   !$acc exit data detach (YD%YAEROUT)
( 4856)   DO J1 = LBOUND (YD%YAEROUT, 1), UBOUND (YD%YAEROUT, 1)
( 4857)     CALL WIPE_TYPE_GFL_COMP (YD%YAEROUT (J1), LDDELETED=.TRUE., LDFIELDAPI=LDFIELDAPI)
( 4858)   ENDDO
( 4859)   !$acc exit data delete (YD%YAEROUT)
( 4860) ENDIF
( 4861) # 4862 "./util_type_gfld_mod.F90"
( 4862) LYAEROCLIM = ASSOCIATED (YD%YAEROCLIM)
( 4863) IF (LYAEROCLIM) THEN
( 4864)   !$acc exit data detach (YD%YAEROCLIM)
( 4865)   DO J1 = LBOUND (YD%YAEROCLIM, 1), UBOUND (YD%YAEROCLIM, 1)
( 4866)     CALL WIPE_TYPE_GFL_COMP (YD%YAEROCLIM (J1), LDDELETED=.TRUE., LDFIELDAPI=LDFIELDAPI)
( 4867)   ENDDO
( 4868)   !$acc exit data delete (YD%YAEROCLIM)
( 4869) ENDIF
( 4870) # 4871 "./util_type_gfld_mod.F90"
( 4871) LYUVP = ASSOCIATED (YD%YUVP)
( 4872) IF (LYUVP) THEN
( 4873)   !$acc exit data detach (YD%YUVP)






NVFORTRAN (Version     24.5)          03/19/2025  06:54:44      page 201

( 4874)   DO J1 = LBOUND (YD%YUVP, 1), UBOUND (YD%YUVP, 1)
( 4875)     CALL WIPE_TYPE_GFL_COMP (YD%YUVP (J1), LDDELETED=.TRUE., LDFIELDAPI=LDFIELDAPI)
( 4876)   ENDDO
( 4877)   !$acc exit data delete (YD%YUVP)
( 4878) ENDIF
( 4879) # 4880 "./util_type_gfld_mod.F90"
( 4880) LYPHYS = ASSOCIATED (YD%YPHYS)
( 4881) IF (LYPHYS) THEN
( 4882)   !$acc exit data detach (YD%YPHYS)
( 4883)   DO J1 = LBOUND (YD%YPHYS, 1), UBOUND (YD%YPHYS, 1)
( 4884)     CALL WIPE_TYPE_GFL_COMP (YD%YPHYS (J1), LDDELETED=.TRUE., LDFIELDAPI=LDFIELDAPI)
( 4885)   ENDDO
( 4886)   !$acc exit data delete (YD%YPHYS)
( 4887) ENDIF
( 4888) # 4889 "./util_type_gfld_mod.F90"
( 4889) LYPHYCTY = ASSOCIATED (YD%YPHYCTY)
( 4890) IF (LYPHYCTY) THEN
( 4891)   !$acc exit data detach (YD%YPHYCTY)
( 4892)   CALL WIPE_TYPE_GFL_COMP (YD%YPHYCTY, LDDELETED=.TRUE., LDFIELDAPI=LDFIELDAPI)
( 4893)   !$acc exit data delete (YD%YPHYCTY)
( 4894) ENDIF
( 4895) # 4896 "./util_type_gfld_mod.F90"
( 4896) LYRSPEC = ASSOCIATED (YD%YRSPEC)
( 4897) IF (LYRSPEC) THEN
( 4898)   !$acc exit data detach (YD%YRSPEC)
( 4899)   CALL WIPE_TYPE_GFL_COMP (YD%YRSPEC, LDDELETED=.TRUE., LDFIELDAPI=LDFIELDAPI)
( 4900)   !$acc exit data delete (YD%YRSPEC)
( 4901) ENDIF
( 4902) # 4903 "./util_type_gfld_mod.F90"
( 4903) LYSDSAT = ASSOCIATED (YD%YSDSAT)
( 4904) IF (LYSDSAT) THEN
( 4905)   !$acc exit data detach (YD%YSDSAT)
( 4906)   CALL WIPE_TYPE_GFL_COMP (YD%YSDSAT, LDDELETED=.TRUE., LDFIELDAPI=LDFIELDAPI)
( 4907)   !$acc exit data delete (YD%YSDSAT)
( 4908) ENDIF
( 4909) # 4910 "./util_type_gfld_mod.F90"
( 4910) LYCVV = ASSOCIATED (YD%YCVV)
( 4911) IF (LYCVV) THEN
( 4912)   !$acc exit data detach (YD%YCVV)
( 4913)   CALL WIPE_TYPE_GFL_COMP (YD%YCVV, LDDELETED=.TRUE., LDFIELDAPI=LDFIELDAPI)
( 4914)   !$acc exit data delete (YD%YCVV)
( 4915) ENDIF
( 4916) # 4917 "./util_type_gfld_mod.F90"
( 4917) LYRKTH = ASSOCIATED (YD%YRKTH)
( 4918) IF (LYRKTH) THEN
( 4919)   !$acc exit data detach (YD%YRKTH)
( 4920)   CALL WIPE_TYPE_GFL_COMP (YD%YRKTH, LDDELETED=.TRUE., LDFIELDAPI=LDFIELDAPI)
( 4921)   !$acc exit data delete (YD%YRKTH)
( 4922) ENDIF
( 4923) # 4924 "./util_type_gfld_mod.F90"
( 4924) LYRKTQV = ASSOCIATED (YD%YRKTQV)
( 4925) IF (LYRKTQV) THEN
( 4926)   !$acc exit data detach (YD%YRKTQV)
( 4927)   CALL WIPE_TYPE_GFL_COMP (YD%YRKTQV, LDDELETED=.TRUE., LDFIELDAPI=LDFIELDAPI)
( 4928)   !$acc exit data delete (YD%YRKTQV)
( 4929) ENDIF
( 4930) # 4931 "./util_type_gfld_mod.F90"
( 4931) LYRKTQC = ASSOCIATED (YD%YRKTQC)






NVFORTRAN (Version     24.5)          03/19/2025  06:54:44      page 202

( 4932) IF (LYRKTQC) THEN
( 4933)   !$acc exit data detach (YD%YRKTQC)
( 4934)   CALL WIPE_TYPE_GFL_COMP (YD%YRKTQC, LDDELETED=.TRUE., LDFIELDAPI=LDFIELDAPI)
( 4935)   !$acc exit data delete (YD%YRKTQC)
( 4936) ENDIF
( 4937) # 4938 "./util_type_gfld_mod.F90"
( 4938) LYUOM = ASSOCIATED (YD%YUOM)
( 4939) IF (LYUOM) THEN
( 4940)   !$acc exit data detach (YD%YUOM)
( 4941)   CALL WIPE_TYPE_GFL_COMP (YD%YUOM, LDDELETED=.TRUE., LDFIELDAPI=LDFIELDAPI)
( 4942)   !$acc exit data delete (YD%YUOM)
( 4943) ENDIF
( 4944) # 4945 "./util_type_gfld_mod.F90"
( 4945) LYUAL = ASSOCIATED (YD%YUAL)
( 4946) IF (LYUAL) THEN
( 4947)   !$acc exit data detach (YD%YUAL)
( 4948)   CALL WIPE_TYPE_GFL_COMP (YD%YUAL, LDDELETED=.TRUE., LDFIELDAPI=LDFIELDAPI)
( 4949)   !$acc exit data delete (YD%YUAL)
( 4950) ENDIF
( 4951) # 4952 "./util_type_gfld_mod.F90"
( 4952) LYDOM = ASSOCIATED (YD%YDOM)
( 4953) IF (LYDOM) THEN
( 4954)   !$acc exit data detach (YD%YDOM)
( 4955)   CALL WIPE_TYPE_GFL_COMP (YD%YDOM, LDDELETED=.TRUE., LDFIELDAPI=LDFIELDAPI)
( 4956)   !$acc exit data delete (YD%YDOM)
( 4957) ENDIF
( 4958) # 4959 "./util_type_gfld_mod.F90"
( 4959) LYDAL = ASSOCIATED (YD%YDAL)
( 4960) IF (LYDAL) THEN
( 4961)   !$acc exit data detach (YD%YDAL)
( 4962)   CALL WIPE_TYPE_GFL_COMP (YD%YDAL, LDDELETED=.TRUE., LDFIELDAPI=LDFIELDAPI)
( 4963)   !$acc exit data delete (YD%YDAL)
( 4964) ENDIF
( 4965) # 4966 "./util_type_gfld_mod.F90"
( 4966) LYUEN = ASSOCIATED (YD%YUEN)
( 4967) IF (LYUEN) THEN
( 4968)   !$acc exit data detach (YD%YUEN)
( 4969)   CALL WIPE_TYPE_GFL_COMP (YD%YUEN, LDDELETED=.TRUE., LDFIELDAPI=LDFIELDAPI)
( 4970)   !$acc exit data delete (YD%YUEN)
( 4971) ENDIF
( 4972) # 4973 "./util_type_gfld_mod.F90"
( 4973) LYUNEBH = ASSOCIATED (YD%YUNEBH)
( 4974) IF (LYUNEBH) THEN
( 4975)   !$acc exit data detach (YD%YUNEBH)
( 4976)   CALL WIPE_TYPE_GFL_COMP (YD%YUNEBH, LDDELETED=.TRUE., LDFIELDAPI=LDFIELDAPI)
( 4977)   !$acc exit data delete (YD%YUNEBH)
( 4978) ENDIF
( 4979) # 4980 "./util_type_gfld_mod.F90"
( 4980) LYLIMA = ASSOCIATED (YD%YLIMA)
( 4981) IF (LYLIMA) THEN
( 4982)   !$acc exit data detach (YD%YLIMA)
( 4983)   DO J1 = LBOUND (YD%YLIMA, 1), UBOUND (YD%YLIMA, 1)
( 4984)     CALL WIPE_TYPE_GFL_COMP (YD%YLIMA (J1), LDDELETED=.TRUE., LDFIELDAPI=LDFIELDAPI)
( 4985)   ENDDO
( 4986)   !$acc exit data delete (YD%YLIMA)
( 4987) ENDIF
( 4988) # 4989 "./util_type_gfld_mod.F90"
( 4989) LYFSD = ASSOCIATED (YD%YFSD)






NVFORTRAN (Version     24.5)          03/19/2025  06:54:44      page 203

( 4990) IF (LYFSD) THEN
( 4991)   !$acc exit data detach (YD%YFSD)
( 4992)   CALL WIPE_TYPE_GFL_COMP (YD%YFSD, LDDELETED=.TRUE., LDFIELDAPI=LDFIELDAPI)
( 4993)   !$acc exit data delete (YD%YFSD)
( 4994) ENDIF
( 4995) # 4996 "./util_type_gfld_mod.F90"
( 4996) LYEXT = ASSOCIATED (YD%YEXT)
( 4997) IF (LYEXT) THEN
( 4998)   !$acc exit data detach (YD%YEXT)
( 4999)   DO J1 = LBOUND (YD%YEXT, 1), UBOUND (YD%YEXT, 1)
( 5000)     CALL WIPE_TYPE_GFL_COMP (YD%YEXT (J1), LDDELETED=.TRUE., LDFIELDAPI=LDFIELDAPI)
( 5001)   ENDDO
( 5002)   !$acc exit data delete (YD%YEXT)
( 5003) ENDIF
( 5004) # 5005 "./util_type_gfld_mod.F90"
( 5005) CALL WIPE_TYPE_GFL_NAML (YD%YQ_NL, LDDELETED=.TRUE., LDFIELDAPI=LDFIELDAPI)
( 5006) # 5007 "./util_type_gfld_mod.F90"
( 5007) CALL WIPE_TYPE_GFL_NAML (YD%YI_NL, LDDELETED=.TRUE., LDFIELDAPI=LDFIELDAPI)
( 5008) # 5009 "./util_type_gfld_mod.F90"
( 5009) CALL WIPE_TYPE_GFL_NAML (YD%YL_NL, LDDELETED=.TRUE., LDFIELDAPI=LDFIELDAPI)
( 5010) # 5011 "./util_type_gfld_mod.F90"
( 5011) CALL WIPE_TYPE_GFL_NAML (YD%YLCONV_NL, LDDELETED=.TRUE., LDFIELDAPI=LDFIELDAPI)
( 5012) # 5013 "./util_type_gfld_mod.F90"
( 5013) CALL WIPE_TYPE_GFL_NAML (YD%YICONV_NL, LDDELETED=.TRUE., LDFIELDAPI=LDFIELDAPI)
( 5014) # 5015 "./util_type_gfld_mod.F90"
( 5015) CALL WIPE_TYPE_GFL_NAML (YD%YRCONV_NL, LDDELETED=.TRUE., LDFIELDAPI=LDFIELDAPI)
( 5016) # 5017 "./util_type_gfld_mod.F90"
( 5017) CALL WIPE_TYPE_GFL_NAML (YD%YSCONV_NL, LDDELETED=.TRUE., LDFIELDAPI=LDFIELDAPI)
( 5018) # 5019 "./util_type_gfld_mod.F90"
( 5019) CALL WIPE_TYPE_GFL_NAML (YD%YIRAD_NL, LDDELETED=.TRUE., LDFIELDAPI=LDFIELDAPI)
( 5020) # 5021 "./util_type_gfld_mod.F90"
( 5021) CALL WIPE_TYPE_GFL_NAML (YD%YLRAD_NL, LDDELETED=.TRUE., LDFIELDAPI=LDFIELDAPI)
( 5022) # 5023 "./util_type_gfld_mod.F90"
( 5023) CALL WIPE_TYPE_GFL_NAML (YD%YS_NL, LDDELETED=.TRUE., LDFIELDAPI=LDFIELDAPI)
( 5024) # 5025 "./util_type_gfld_mod.F90"
( 5025) CALL WIPE_TYPE_GFL_NAML (YD%YR_NL, LDDELETED=.TRUE., LDFIELDAPI=LDFIELDAPI)
( 5026) # 5027 "./util_type_gfld_mod.F90"
( 5027) CALL WIPE_TYPE_GFL_NAML (YD%YG_NL, LDDELETED=.TRUE., LDFIELDAPI=LDFIELDAPI)
( 5028) # 5029 "./util_type_gfld_mod.F90"
( 5029) CALL WIPE_TYPE_GFL_NAML (YD%YH_NL, LDDELETED=.TRUE., LDFIELDAPI=LDFIELDAPI)
( 5030) # 5031 "./util_type_gfld_mod.F90"
( 5031) CALL WIPE_TYPE_GFL_NAML (YD%YTKE_NL, LDDELETED=.TRUE., LDFIELDAPI=LDFIELDAPI)
( 5032) # 5033 "./util_type_gfld_mod.F90"
( 5033) CALL WIPE_TYPE_GFL_NAML (YD%YTTE_NL, LDDELETED=.TRUE., LDFIELDAPI=LDFIELDAPI)
( 5034) # 5035 "./util_type_gfld_mod.F90"
( 5035) CALL WIPE_TYPE_GFL_NAML (YD%YEFB1_NL, LDDELETED=.TRUE., LDFIELDAPI=LDFIELDAPI)
( 5036) # 5037 "./util_type_gfld_mod.F90"
( 5037) CALL WIPE_TYPE_GFL_NAML (YD%YEFB2_NL, LDDELETED=.TRUE., LDFIELDAPI=LDFIELDAPI)
( 5038) # 5039 "./util_type_gfld_mod.F90"
( 5039) CALL WIPE_TYPE_GFL_NAML (YD%YEFB3_NL, LDDELETED=.TRUE., LDFIELDAPI=LDFIELDAPI)
( 5040) # 5041 "./util_type_gfld_mod.F90"
( 5041) CALL WIPE_TYPE_GFL_NAML (YD%YA_NL, LDDELETED=.TRUE., LDFIELDAPI=LDFIELDAPI)
( 5042) # 5043 "./util_type_gfld_mod.F90"
( 5043) CALL WIPE_TYPE_GFL_NAML (YD%YO3_NL, LDDELETED=.TRUE., LDFIELDAPI=LDFIELDAPI)
( 5044) # 5045 "./util_type_gfld_mod.F90"
( 5045) CALL WIPE_TYPE_GFL_NAML (YD%YSRC_NL, LDDELETED=.TRUE., LDFIELDAPI=LDFIELDAPI)
( 5046) # 5047 "./util_type_gfld_mod.F90"
( 5047) CALL WIPE_TYPE_GFL_NAML (YD%YAMF_NL, LDDELETED=.TRUE., LDFIELDAPI=LDFIELDAPI)






NVFORTRAN (Version     24.5)          03/19/2025  06:54:44      page 204

( 5048) # 5049 "./util_type_gfld_mod.F90"
( 5049) CALL WIPE_TYPE_GFL_NAML (YD%YLMF_NL, LDDELETED=.TRUE., LDFIELDAPI=LDFIELDAPI)
( 5050) # 5051 "./util_type_gfld_mod.F90"
( 5051) CALL WIPE_TYPE_GFL_NAML (YD%YIMF_NL, LDDELETED=.TRUE., LDFIELDAPI=LDFIELDAPI)
( 5052) # 5053 "./util_type_gfld_mod.F90"
( 5053) CALL WIPE_TYPE_GFL_NAML (YD%YMXL_NL, LDDELETED=.TRUE., LDFIELDAPI=LDFIELDAPI)
( 5054) # 5055 "./util_type_gfld_mod.F90"
( 5055) CALL WIPE_TYPE_GFL_NAML (YD%YSHTUR_NL, LDDELETED=.TRUE., LDFIELDAPI=LDFIELDAPI)
( 5056) # 5057 "./util_type_gfld_mod.F90"
( 5057) CALL WIPE_TYPE_GFL_NAML (YD%YFQTUR_NL, LDDELETED=.TRUE., LDFIELDAPI=LDFIELDAPI)
( 5058) # 5059 "./util_type_gfld_mod.F90"
( 5059) CALL WIPE_TYPE_GFL_NAML (YD%YFSTUR_NL, LDDELETED=.TRUE., LDFIELDAPI=LDFIELDAPI)
( 5060) # 5061 "./util_type_gfld_mod.F90"
( 5061) CALL WIPE_TYPE_GFL_NAML (YD%YCPF_NL, LDDELETED=.TRUE., LDFIELDAPI=LDFIELDAPI)
( 5062) # 5063 "./util_type_gfld_mod.F90"
( 5063) CALL WIPE_TYPE_GFL_NAML (YD%YSPF_NL, LDDELETED=.TRUE., LDFIELDAPI=LDFIELDAPI)
( 5064) # 5065 "./util_type_gfld_mod.F90"
( 5065) CALL WIPE_TYPE_GFL_NAML (YD%YCVGQ_NL, LDDELETED=.TRUE., LDFIELDAPI=LDFIELDAPI)
( 5066) # 5067 "./util_type_gfld_mod.F90"
( 5067) CALL WIPE_TYPE_GFL_NAML (YD%YQVA_NL, LDDELETED=.TRUE., LDFIELDAPI=LDFIELDAPI)
( 5068) # 5069 "./util_type_gfld_mod.F90"
( 5069) DO J1 = LBOUND (YD%YGHG_NL, 1), UBOUND (YD%YGHG_NL, 1)
( 5070)   CALL WIPE_TYPE_GFL_NAML (YD%YGHG_NL (J1), LDDELETED=.TRUE., LDFIELDAPI=LDFIELDAPI)
( 5071) ENDDO
( 5072) # 5073 "./util_type_gfld_mod.F90"
( 5073) DO J1 = LBOUND (YD%YCHEM_NL, 1), UBOUND (YD%YCHEM_NL, 1)
( 5074)   CALL WIPE_TYPE_GFL_NAML (YD%YCHEM_NL (J1), LDDELETED=.TRUE., LDFIELDAPI=LDFIELDAPI)
( 5075) ENDDO
( 5076) # 5077 "./util_type_gfld_mod.F90"
( 5077) DO J1 = LBOUND (YD%YAERO_NL, 1), UBOUND (YD%YAERO_NL, 1)
( 5078)   CALL WIPE_TYPE_GFL_NAML (YD%YAERO_NL (J1), LDDELETED=.TRUE., LDFIELDAPI=LDFIELDAPI)
( 5079) ENDDO
( 5080) # 5081 "./util_type_gfld_mod.F90"
( 5081) DO J1 = LBOUND (YD%YERA40_NL, 1), UBOUND (YD%YERA40_NL, 1)
( 5082)   CALL WIPE_TYPE_GFL_NAML (YD%YERA40_NL (J1), LDDELETED=.TRUE., LDFIELDAPI=LDFIELDAPI)
( 5083) ENDDO
( 5084) # 5085 "./util_type_gfld_mod.F90"
( 5085) DO J1 = LBOUND (YD%YNOGW_NL, 1), UBOUND (YD%YNOGW_NL, 1)
( 5086)   CALL WIPE_TYPE_GFL_NAML (YD%YNOGW_NL (J1), LDDELETED=.TRUE., LDFIELDAPI=LDFIELDAPI)
( 5087) ENDDO
( 5088) # 5089 "./util_type_gfld_mod.F90"
( 5089) DO J1 = LBOUND (YD%YEDRP_NL, 1), UBOUND (YD%YEDRP_NL, 1)
( 5090)   CALL WIPE_TYPE_GFL_NAML (YD%YEDRP_NL (J1), LDDELETED=.TRUE., LDFIELDAPI=LDFIELDAPI)
( 5091) ENDDO
( 5092) # 5093 "./util_type_gfld_mod.F90"
( 5093) DO J1 = LBOUND (YD%YSLDIA_NL, 1), UBOUND (YD%YSLDIA_NL, 1)
( 5094)   CALL WIPE_TYPE_GFL_NAML (YD%YSLDIA_NL (J1), LDDELETED=.TRUE., LDFIELDAPI=LDFIELDAPI)
( 5095) ENDDO
( 5096) # 5097 "./util_type_gfld_mod.F90"
( 5097) CALL WIPE_TYPE_GFL_NAML (YD%YLRCH4_NL, LDDELETED=.TRUE., LDFIELDAPI=LDFIELDAPI)
( 5098) # 5099 "./util_type_gfld_mod.F90"
( 5099) DO J1 = LBOUND (YD%YAERAOT_NL, 1), UBOUND (YD%YAERAOT_NL, 1)
( 5100)   CALL WIPE_TYPE_GFL_NAML (YD%YAERAOT_NL (J1), LDDELETED=.TRUE., LDFIELDAPI=LDFIELDAPI)
( 5101) ENDDO
( 5102) # 5103 "./util_type_gfld_mod.F90"
( 5103) DO J2 = LBOUND (YD%YAERLISI_NL, 2), UBOUND (YD%YAERLISI_NL, 2)
( 5104)   DO J1 = LBOUND (YD%YAERLISI_NL, 1), UBOUND (YD%YAERLISI_NL, 1)
( 5105)     CALL WIPE_TYPE_GFL_NAML (YD%YAERLISI_NL (J1, J2), LDDELETED=.TRUE., LDFIELDAPI=LDFIELDAPI)






NVFORTRAN (Version     24.5)          03/19/2025  06:54:44      page 205

( 5106)   ENDDO
( 5107) ENDDO
( 5108) # 5109 "./util_type_gfld_mod.F90"
( 5109) DO J1 = LBOUND (YD%YAEROUT_NL, 1), UBOUND (YD%YAEROUT_NL, 1)
( 5110)   CALL WIPE_TYPE_GFL_NAML (YD%YAEROUT_NL (J1), LDDELETED=.TRUE., LDFIELDAPI=LDFIELDAPI)
( 5111) ENDDO
( 5112) # 5113 "./util_type_gfld_mod.F90"
( 5113) DO J1 = LBOUND (YD%YAEROCLIM_NL, 1), UBOUND (YD%YAEROCLIM_NL, 1)
( 5114)   CALL WIPE_TYPE_GFL_NAML (YD%YAEROCLIM_NL (J1), LDDELETED=.TRUE., LDFIELDAPI=LDFIELDAPI)
( 5115) ENDDO
( 5116) # 5117 "./util_type_gfld_mod.F90"
( 5117) DO J1 = LBOUND (YD%YUVP_NL, 1), UBOUND (YD%YUVP_NL, 1)
( 5118)   CALL WIPE_TYPE_GFL_NAML (YD%YUVP_NL (J1), LDDELETED=.TRUE., LDFIELDAPI=LDFIELDAPI)
( 5119) ENDDO
( 5120) # 5121 "./util_type_gfld_mod.F90"
( 5121) CALL WIPE_TYPE_GFL_NAML (YD%YRKTH_NL, LDDELETED=.TRUE., LDFIELDAPI=LDFIELDAPI)
( 5122) # 5123 "./util_type_gfld_mod.F90"
( 5123) CALL WIPE_TYPE_GFL_NAML (YD%YRKTQV_NL, LDDELETED=.TRUE., LDFIELDAPI=LDFIELDAPI)
( 5124) # 5125 "./util_type_gfld_mod.F90"
( 5125) CALL WIPE_TYPE_GFL_NAML (YD%YRKTQC_NL, LDDELETED=.TRUE., LDFIELDAPI=LDFIELDAPI)
( 5126) # 5127 "./util_type_gfld_mod.F90"
( 5127) CALL WIPE_TYPE_GFL_NAML (YD%YPHYCTY_NL, LDDELETED=.TRUE., LDFIELDAPI=LDFIELDAPI)
( 5128) # 5129 "./util_type_gfld_mod.F90"
( 5129) CALL WIPE_TYPE_GFL_NAML (YD%YFSD_NL, LDDELETED=.TRUE., LDFIELDAPI=LDFIELDAPI)
( 5130) # 5131 "./util_type_gfld_mod.F90"
( 5131) CALL WIPE_TYPE_GFL_NAML (YD%YRSPEC_NL, LDDELETED=.TRUE., LDFIELDAPI=LDFIELDAPI)
( 5132) # 5133 "./util_type_gfld_mod.F90"
( 5133) CALL WIPE_TYPE_GFL_NAML (YD%YSDSAT_NL, LDDELETED=.TRUE., LDFIELDAPI=LDFIELDAPI)
( 5134) # 5135 "./util_type_gfld_mod.F90"
( 5135) CALL WIPE_TYPE_GFL_NAML (YD%YCVV_NL, LDDELETED=.TRUE., LDFIELDAPI=LDFIELDAPI)
( 5136) # 5137 "./util_type_gfld_mod.F90"
( 5137) DO J1 = LBOUND (YD%YFORC_NL, 1), UBOUND (YD%YFORC_NL, 1)
( 5138)   CALL WIPE_TYPE_GFL_NAML (YD%YFORC_NL (J1), LDDELETED=.TRUE., LDFIELDAPI=LDFIELDAPI)
( 5139) ENDDO
( 5140) # 5141 "./util_type_gfld_mod.F90"
( 5141) DO J1 = LBOUND (YD%YEZDIAG_NL, 1), UBOUND (YD%YEZDIAG_NL, 1)
( 5142)   CALL WIPE_TYPE_GFL_NAML (YD%YEZDIAG_NL (J1), LDDELETED=.TRUE., LDFIELDAPI=LDFIELDAPI)
( 5143) ENDDO
( 5144) # 5145 "./util_type_gfld_mod.F90"
( 5145) DO J1 = LBOUND (YD%YEXT_NL, 1), UBOUND (YD%YEXT_NL, 1)
( 5146)   CALL WIPE_TYPE_GFL_NAML (YD%YEXT_NL (J1), LDDELETED=.TRUE., LDFIELDAPI=LDFIELDAPI)
( 5147) ENDDO
( 5148) # 5149 "./util_type_gfld_mod.F90"
( 5149) CALL WIPE_TYPE_GFL_NAML (YD%YUOM_NL, LDDELETED=.TRUE., LDFIELDAPI=LDFIELDAPI)
( 5150) # 5151 "./util_type_gfld_mod.F90"
( 5151) CALL WIPE_TYPE_GFL_NAML (YD%YUAL_NL, LDDELETED=.TRUE., LDFIELDAPI=LDFIELDAPI)
( 5152) # 5153 "./util_type_gfld_mod.F90"
( 5153) CALL WIPE_TYPE_GFL_NAML (YD%YDOM_NL, LDDELETED=.TRUE., LDFIELDAPI=LDFIELDAPI)
( 5154) # 5155 "./util_type_gfld_mod.F90"
( 5155) CALL WIPE_TYPE_GFL_NAML (YD%YDAL_NL, LDDELETED=.TRUE., LDFIELDAPI=LDFIELDAPI)
( 5156) # 5157 "./util_type_gfld_mod.F90"
( 5157) CALL WIPE_TYPE_GFL_NAML (YD%YUEN_NL, LDDELETED=.TRUE., LDFIELDAPI=LDFIELDAPI)
( 5158) # 5159 "./util_type_gfld_mod.F90"
( 5159) CALL WIPE_TYPE_GFL_NAML (YD%YUNEBH_NL, LDDELETED=.TRUE., LDFIELDAPI=LDFIELDAPI)
( 5160) # 5161 "./util_type_gfld_mod.F90"
( 5161) DO J1 = LBOUND (YD%YAERO_WVL_DIAG_NL, 1), UBOUND (YD%YAERO_WVL_DIAG_NL, 1)
( 5162)   CALL WIPE_TYPE_AERO_WVL_DIAG (YD%YAERO_WVL_DIAG_NL (J1), LDDELETED=.TRUE., LDFIELDAPI=LDFIELDAPI)
( 5163) ENDDO






NVFORTRAN (Version     24.5)          03/19/2025  06:54:44      page 206

( 5164) # 5165 "./util_type_gfld_mod.F90"
( 5165) DO J1 = LBOUND (YD%YLIMA_NL, 1), UBOUND (YD%YLIMA_NL, 1)
( 5166)   CALL WIPE_TYPE_GFL_NAML (YD%YLIMA_NL (J1), LDDELETED=.TRUE., LDFIELDAPI=LDFIELDAPI)
( 5167) ENDDO
( 5168) # 5169 "./util_type_gfld_mod.F90"
( 5169) LLDELETED = .FALSE.
( 5170) IF (PRESENT (LDDELETED)) THEN
( 5171)   LLDELETED = LDDELETED
( 5172) ENDIF
( 5173) IF (.NOT. LLDELETED) THEN
( 5174)   !$acc exit data delete (YD)
( 5175) ENDIF
( 5176) END SUBROUTINE
( 5177) # 5178 "./util_type_gfld_mod.F90"
( 5178) INTEGER*8 FUNCTION SIZE_TYPE_GFLD (YD, CDPATH, LDPRINT) RESULT (KSIZE)
( 5179) USE UTIL_TYPE_AERO_WVL_DIAG_MOD
( 5180) USE UTIL_TYPE_GFL_COMP_MOD
( 5181) USE UTIL_TYPE_GFL_NAML_MOD
( 5182) IMPLICIT NONE
( 5183) TYPE (TYPE_GFLD),     INTENT (IN), TARGET :: YD
( 5184) CHARACTER(LEN=*), INTENT (IN), OPTIONAL :: CDPATH
( 5185) LOGICAL,          INTENT (IN), OPTIONAL :: LDPRINT
( 5186) INTEGER*8 :: ISIZE, JSIZE
( 5187) LOGICAL :: LLPRINT
( 5188) CHARACTER(LEN=128) :: CLPATH
( 5189) INTEGER :: J1, J2
( 5190) LOGICAL :: LYA, LYAERAOT, LYAERLISI, LYAERO, LYAEROCLIM, LYAEROUT, LYAMF, LYCHEM, LYCPF, LYCVGQ
( 5191) LOGICAL :: LYCVV, LYDAL, LYDOM, LYEDRP, LYEFB1, LYEFB2, LYEFB3, LYEMIS3D, LYERA40, LYEXT
( 5192) LOGICAL :: LYEZDIAG, LYFORC, LYFQTUR, LYFSD, LYFSTUR, LYG, LYGHG, LYH, LYI, LYICONV
( 5193) LOGICAL :: LYIMF, LYIRAD, LYL, LYLASTCOMP, LYLCONV, LYLIMA, LYLMF, LYLRAD, LYLRCH4, LYMXL
( 5194) LOGICAL :: LYNOGW, LYO3, LYPHYCTY, LYPHYS, LYQ, LYQVA, LYR, LYRCONV, LYRKTH, LYRKTQC
( 5195) LOGICAL :: LYRKTQV, LYRSPEC, LYS, LYSCONV, LYSDSAT, LYSHTUR, LYSLDIA, LYSPF, LYSRC, LYTKE
( 5196) LOGICAL :: LYTTE, LYUAL, LYUEN, LYUNEBH, LYUOM, LYUVP
( 5197) # 5198 "./util_type_gfld_mod.F90"
( 5198) LLPRINT = .FALSE.
( 5199) IF (PRESENT (LDPRINT)) THEN
( 5200)   LLPRINT = LDPRINT
( 5201) ENDIF
( 5202) CLPATH=''
( 5203) IF (PRESENT (CDPATH)) THEN
( 5204)   CLPATH = CDPATH
( 5205) ENDIF
( 5206) KSIZE = 0
( 5207) ISIZE = KIND (YD%NUMFLDS)
( 5208) IF (LLPRINT) THEN
( 5209)   WRITE (*, '(I10," ")', ADVANCE='NO') ISIZE
( 5210)   WRITE (*, *) TRIM (CLPATH)//'%NUMFLDS'
( 5211) ENDIF
( 5212) KSIZE = KSIZE + ISIZE
( 5213) ISIZE = KIND (YD%NDERS)
( 5214) IF (LLPRINT) THEN
( 5215)   WRITE (*, '(I10," ")', ADVANCE='NO') ISIZE
( 5216)   WRITE (*, *) TRIM (CLPATH)//'%NDERS'
( 5217) ENDIF
( 5218) KSIZE = KSIZE + ISIZE
( 5219) ISIZE = KIND (YD%NUMSPFLDS)
( 5220) IF (LLPRINT) THEN
( 5221)   WRITE (*, '(I10," ")', ADVANCE='NO') ISIZE






NVFORTRAN (Version     24.5)          03/19/2025  06:54:44      page 207

( 5222)   WRITE (*, *) TRIM (CLPATH)//'%NUMSPFLDS'
( 5223) ENDIF
( 5224) KSIZE = KSIZE + ISIZE
( 5225) ISIZE = KIND (YD%NUMGPFLDS)
( 5226) IF (LLPRINT) THEN
( 5227)   WRITE (*, '(I10," ")', ADVANCE='NO') ISIZE
( 5228)   WRITE (*, *) TRIM (CLPATH)//'%NUMGPFLDS'
( 5229) ENDIF
( 5230) KSIZE = KSIZE + ISIZE
( 5231) ISIZE = KIND (YD%NUMFLDS9)
( 5232) IF (LLPRINT) THEN
( 5233)   WRITE (*, '(I10," ")', ADVANCE='NO') ISIZE
( 5234)   WRITE (*, *) TRIM (CLPATH)//'%NUMFLDS9'
( 5235) ENDIF
( 5236) KSIZE = KSIZE + ISIZE
( 5237) ISIZE = KIND (YD%NUMFLDS1)
( 5238) IF (LLPRINT) THEN
( 5239)   WRITE (*, '(I10," ")', ADVANCE='NO') ISIZE
( 5240)   WRITE (*, *) TRIM (CLPATH)//'%NUMFLDS1'
( 5241) ENDIF
( 5242) KSIZE = KSIZE + ISIZE
( 5243) ISIZE = KIND (YD%NUMSPFLDS1)
( 5244) IF (LLPRINT) THEN
( 5245)   WRITE (*, '(I10," ")', ADVANCE='NO') ISIZE
( 5246)   WRITE (*, *) TRIM (CLPATH)//'%NUMSPFLDS1'
( 5247) ENDIF
( 5248) KSIZE = KSIZE + ISIZE
( 5249) ISIZE = KIND (YD%NUMFLDS5)
( 5250) IF (LLPRINT) THEN
( 5251)   WRITE (*, '(I10," ")', ADVANCE='NO') ISIZE
( 5252)   WRITE (*, *) TRIM (CLPATH)//'%NUMFLDS5'
( 5253) ENDIF
( 5254) KSIZE = KSIZE + ISIZE
( 5255) ISIZE = KIND (YD%NUMFLDSPHY)
( 5256) IF (LLPRINT) THEN
( 5257)   WRITE (*, '(I10," ")', ADVANCE='NO') ISIZE
( 5258)   WRITE (*, *) TRIM (CLPATH)//'%NUMFLDSPHY'
( 5259) ENDIF
( 5260) KSIZE = KSIZE + ISIZE
( 5261) ISIZE = KIND (YD%NUMFLDS_SPL)
( 5262) IF (LLPRINT) THEN
( 5263)   WRITE (*, '(I10," ")', ADVANCE='NO') ISIZE
( 5264)   WRITE (*, *) TRIM (CLPATH)//'%NUMFLDS_SPL'
( 5265) ENDIF
( 5266) KSIZE = KSIZE + ISIZE
( 5267) ISIZE = KIND (YD%NUMFLDS_SL1)
( 5268) IF (LLPRINT) THEN
( 5269)   WRITE (*, '(I10," ")', ADVANCE='NO') ISIZE
( 5270)   WRITE (*, *) TRIM (CLPATH)//'%NUMFLDS_SL1'
( 5271) ENDIF
( 5272) KSIZE = KSIZE + ISIZE
( 5273) ISIZE = KIND (YD%NUMFLDSPC)
( 5274) IF (LLPRINT) THEN
( 5275)   WRITE (*, '(I10," ")', ADVANCE='NO') ISIZE
( 5276)   WRITE (*, *) TRIM (CLPATH)//'%NUMFLDSPC'
( 5277) ENDIF
( 5278) KSIZE = KSIZE + ISIZE
( 5279) ISIZE = KIND (YD%NDIM)






NVFORTRAN (Version     24.5)          03/19/2025  06:54:44      page 208

( 5280) IF (LLPRINT) THEN
( 5281)   WRITE (*, '(I10," ")', ADVANCE='NO') ISIZE
( 5282)   WRITE (*, *) TRIM (CLPATH)//'%NDIM'
( 5283) ENDIF
( 5284) KSIZE = KSIZE + ISIZE
( 5285) ISIZE = KIND (YD%NUMFLDSPT)
( 5286) IF (LLPRINT) THEN
( 5287)   WRITE (*, '(I10," ")', ADVANCE='NO') ISIZE
( 5288)   WRITE (*, *) TRIM (CLPATH)//'%NUMFLDSPT'
( 5289) ENDIF
( 5290) KSIZE = KSIZE + ISIZE
( 5291) ISIZE = KIND (YD%NDIM0)
( 5292) IF (LLPRINT) THEN
( 5293)   WRITE (*, '(I10," ")', ADVANCE='NO') ISIZE
( 5294)   WRITE (*, *) TRIM (CLPATH)//'%NDIM0'
( 5295) ENDIF
( 5296) KSIZE = KSIZE + ISIZE
( 5297) ISIZE = KIND (YD%NDIM9)
( 5298) IF (LLPRINT) THEN
( 5299)   WRITE (*, '(I10," ")', ADVANCE='NO') ISIZE
( 5300)   WRITE (*, *) TRIM (CLPATH)//'%NDIM9'
( 5301) ENDIF
( 5302) KSIZE = KSIZE + ISIZE
( 5303) ISIZE = KIND (YD%NDIM1)
( 5304) IF (LLPRINT) THEN
( 5305)   WRITE (*, '(I10," ")', ADVANCE='NO') ISIZE
( 5306)   WRITE (*, *) TRIM (CLPATH)//'%NDIM1'
( 5307) ENDIF
( 5308) KSIZE = KSIZE + ISIZE
( 5309) ISIZE = KIND (YD%NDIM5)
( 5310) IF (LLPRINT) THEN
( 5311)   WRITE (*, '(I10," ")', ADVANCE='NO') ISIZE
( 5312)   WRITE (*, *) TRIM (CLPATH)//'%NDIM5'
( 5313) ENDIF
( 5314) KSIZE = KSIZE + ISIZE
( 5315) ISIZE = KIND (YD%NDIMSLP)
( 5316) IF (LLPRINT) THEN
( 5317)   WRITE (*, '(I10," ")', ADVANCE='NO') ISIZE
( 5318)   WRITE (*, *) TRIM (CLPATH)//'%NDIMSLP'
( 5319) ENDIF
( 5320) KSIZE = KSIZE + ISIZE
( 5321) ISIZE = KIND (YD%NDIM_SPL)
( 5322) IF (LLPRINT) THEN
( 5323)   WRITE (*, '(I10," ")', ADVANCE='NO') ISIZE
( 5324)   WRITE (*, *) TRIM (CLPATH)//'%NDIM_SPL'
( 5325) ENDIF
( 5326) KSIZE = KSIZE + ISIZE
( 5327) ISIZE = KIND (YD%NDIMPT)
( 5328) IF (LLPRINT) THEN
( 5329)   WRITE (*, '(I10," ")', ADVANCE='NO') ISIZE
( 5330)   WRITE (*, *) TRIM (CLPATH)//'%NDIMPT'
( 5331) ENDIF
( 5332) KSIZE = KSIZE + ISIZE
( 5333) ISIZE = KIND (YD%NDIMPC)
( 5334) IF (LLPRINT) THEN
( 5335)   WRITE (*, '(I10," ")', ADVANCE='NO') ISIZE
( 5336)   WRITE (*, *) TRIM (CLPATH)//'%NDIMPC'
( 5337) ENDIF






NVFORTRAN (Version     24.5)          03/19/2025  06:54:44      page 209

( 5338) KSIZE = KSIZE + ISIZE
( 5339) ISIZE = KIND (YD%NGFL_EXT)
( 5340) IF (LLPRINT) THEN
( 5341)   WRITE (*, '(I10," ")', ADVANCE='NO') ISIZE
( 5342)   WRITE (*, *) TRIM (CLPATH)//'%NGFL_EXT'
( 5343) ENDIF
( 5344) KSIZE = KSIZE + ISIZE
( 5345) ISIZE = KIND (YD%NGFL_FORC)
( 5346) IF (LLPRINT) THEN
( 5347)   WRITE (*, '(I10," ")', ADVANCE='NO') ISIZE
( 5348)   WRITE (*, *) TRIM (CLPATH)//'%NGFL_FORC'
( 5349) ENDIF
( 5350) KSIZE = KSIZE + ISIZE
( 5351) ISIZE = KIND (YD%NGFL_EZDIAG)
( 5352) IF (LLPRINT) THEN
( 5353)   WRITE (*, '(I10," ")', ADVANCE='NO') ISIZE
( 5354)   WRITE (*, *) TRIM (CLPATH)//'%NGFL_EZDIAG'
( 5355) ENDIF
( 5356) KSIZE = KSIZE + ISIZE
( 5357) ISIZE = KIND (YD%NGHG)
( 5358) IF (LLPRINT) THEN
( 5359)   WRITE (*, '(I10," ")', ADVANCE='NO') ISIZE
( 5360)   WRITE (*, *) TRIM (CLPATH)//'%NGHG'
( 5361) ENDIF
( 5362) KSIZE = KSIZE + ISIZE
( 5363) ISIZE = KIND (YD%NGHG_ASSIM)
( 5364) IF (LLPRINT) THEN
( 5365)   WRITE (*, '(I10," ")', ADVANCE='NO') ISIZE
( 5366)   WRITE (*, *) TRIM (CLPATH)//'%NGHG_ASSIM'
( 5367) ENDIF
( 5368) KSIZE = KSIZE + ISIZE
( 5369) ISIZE = KIND (YD%NAERO)
( 5370) IF (LLPRINT) THEN
( 5371)   WRITE (*, '(I10," ")', ADVANCE='NO') ISIZE
( 5372)   WRITE (*, *) TRIM (CLPATH)//'%NAERO'
( 5373) ENDIF
( 5374) KSIZE = KSIZE + ISIZE
( 5375) ISIZE = KIND (YD%NACTAERO)
( 5376) IF (LLPRINT) THEN
( 5377)   WRITE (*, '(I10," ")', ADVANCE='NO') ISIZE
( 5378)   WRITE (*, *) TRIM (CLPATH)//'%NACTAERO'
( 5379) ENDIF
( 5380) KSIZE = KSIZE + ISIZE
( 5381) ISIZE = KIND (YD%NDDHAERO)
( 5382) IF (LLPRINT) THEN
( 5383)   WRITE (*, '(I10," ")', ADVANCE='NO') ISIZE
( 5384)   WRITE (*, *) TRIM (CLPATH)//'%NDDHAERO'
( 5385) ENDIF
( 5386) KSIZE = KSIZE + ISIZE
( 5387) ISIZE = KIND (YD%NERA40)
( 5388) IF (LLPRINT) THEN
( 5389)   WRITE (*, '(I10," ")', ADVANCE='NO') ISIZE
( 5390)   WRITE (*, *) TRIM (CLPATH)//'%NERA40'
( 5391) ENDIF
( 5392) KSIZE = KSIZE + ISIZE
( 5393) ISIZE = KIND (YD%NNOGW)
( 5394) IF (LLPRINT) THEN
( 5395)   WRITE (*, '(I10," ")', ADVANCE='NO') ISIZE






NVFORTRAN (Version     24.5)          03/19/2025  06:54:44      page 210

( 5396)   WRITE (*, *) TRIM (CLPATH)//'%NNOGW'
( 5397) ENDIF
( 5398) KSIZE = KSIZE + ISIZE
( 5399) ISIZE = KIND (YD%NEDRP)
( 5400) IF (LLPRINT) THEN
( 5401)   WRITE (*, '(I10," ")', ADVANCE='NO') ISIZE
( 5402)   WRITE (*, *) TRIM (CLPATH)//'%NEDRP'
( 5403) ENDIF
( 5404) KSIZE = KSIZE + ISIZE
( 5405) ISIZE = KIND (YD%NAEROUT)
( 5406) IF (LLPRINT) THEN
( 5407)   WRITE (*, '(I10," ")', ADVANCE='NO') ISIZE
( 5408)   WRITE (*, *) TRIM (CLPATH)//'%NAEROUT'
( 5409) ENDIF
( 5410) KSIZE = KSIZE + ISIZE
( 5411) ISIZE = KIND (YD%NAEROCLIM)
( 5412) IF (LLPRINT) THEN
( 5413)   WRITE (*, '(I10," ")', ADVANCE='NO') ISIZE
( 5414)   WRITE (*, *) TRIM (CLPATH)//'%NAEROCLIM'
( 5415) ENDIF
( 5416) KSIZE = KSIZE + ISIZE
( 5417) ISIZE = KIND (YD%NUVP)
( 5418) IF (LLPRINT) THEN
( 5419)   WRITE (*, '(I10," ")', ADVANCE='NO') ISIZE
( 5420)   WRITE (*, *) TRIM (CLPATH)//'%NUVP'
( 5421) ENDIF
( 5422) KSIZE = KSIZE + ISIZE
( 5423) ISIZE = KIND (YD%NSLDIA)
( 5424) IF (LLPRINT) THEN
( 5425)   WRITE (*, '(I10," ")', ADVANCE='NO') ISIZE
( 5426)   WRITE (*, *) TRIM (CLPATH)//'%NSLDIA'
( 5427) ENDIF
( 5428) KSIZE = KSIZE + ISIZE
( 5429) ISIZE = KIND (YD%NSLDIAGP)
( 5430) IF (LLPRINT) THEN
( 5431)   WRITE (*, '(I10," ")', ADVANCE='NO') ISIZE
( 5432)   WRITE (*, *) TRIM (CLPATH)//'%NSLDIAGP'
( 5433) ENDIF
( 5434) KSIZE = KSIZE + ISIZE
( 5435) ISIZE = KIND (YD%NFSD)
( 5436) IF (LLPRINT) THEN
( 5437)   WRITE (*, '(I10," ")', ADVANCE='NO') ISIZE
( 5438)   WRITE (*, *) TRIM (CLPATH)//'%NFSD'
( 5439) ENDIF
( 5440) KSIZE = KSIZE + ISIZE
( 5441) ISIZE = KIND (YD%LAERCHEM)
( 5442) IF (LLPRINT) THEN
( 5443)   WRITE (*, '(I10," ")', ADVANCE='NO') ISIZE
( 5444)   WRITE (*, *) TRIM (CLPATH)//'%LAERCHEM'
( 5445) ENDIF
( 5446) KSIZE = KSIZE + ISIZE
( 5447) ISIZE = KIND (YD%LTRCMFIX)
( 5448) IF (LLPRINT) THEN
( 5449)   WRITE (*, '(I10," ")', ADVANCE='NO') ISIZE
( 5450)   WRITE (*, *) TRIM (CLPATH)//'%LTRCMFIX'
( 5451) ENDIF
( 5452) KSIZE = KSIZE + ISIZE
( 5453) ISIZE = KIND (YD%LTRCMFIX_PS)






NVFORTRAN (Version     24.5)          03/19/2025  06:54:44      page 211

( 5454) IF (LLPRINT) THEN
( 5455)   WRITE (*, '(I10," ")', ADVANCE='NO') ISIZE
( 5456)   WRITE (*, *) TRIM (CLPATH)//'%LTRCMFIX_PS'
( 5457) ENDIF
( 5458) KSIZE = KSIZE + ISIZE
( 5459) ISIZE = KIND (YD%LTRCMFQM)
( 5460) IF (LLPRINT) THEN
( 5461)   WRITE (*, '(I10," ")', ADVANCE='NO') ISIZE
( 5462)   WRITE (*, *) TRIM (CLPATH)//'%LTRCMFQM'
( 5463) ENDIF
( 5464) KSIZE = KSIZE + ISIZE
( 5465) ISIZE = KIND (YD%LAERAOT)
( 5466) IF (LLPRINT) THEN
( 5467)   WRITE (*, '(I10," ")', ADVANCE='NO') ISIZE
( 5468)   WRITE (*, *) TRIM (CLPATH)//'%LAERAOT'
( 5469) ENDIF
( 5470) KSIZE = KSIZE + ISIZE
( 5471) ISIZE = KIND (YD%LAERLISI)
( 5472) IF (LLPRINT) THEN
( 5473)   WRITE (*, '(I10," ")', ADVANCE='NO') ISIZE
( 5474)   WRITE (*, *) TRIM (CLPATH)//'%LAERLISI'
( 5475) ENDIF
( 5476) KSIZE = KSIZE + ISIZE
( 5477) ISIZE = KIND (YD%LAEROUT)
( 5478) IF (LLPRINT) THEN
( 5479)   WRITE (*, '(I10," ")', ADVANCE='NO') ISIZE
( 5480)   WRITE (*, *) TRIM (CLPATH)//'%LAEROUT'
( 5481) ENDIF
( 5482) KSIZE = KSIZE + ISIZE
( 5483) ISIZE = KIND (YD%LAEROCLIM)
( 5484) IF (LLPRINT) THEN
( 5485)   WRITE (*, '(I10," ")', ADVANCE='NO') ISIZE
( 5486)   WRITE (*, *) TRIM (CLPATH)//'%LAEROCLIM'
( 5487) ENDIF
( 5488) KSIZE = KSIZE + ISIZE
( 5489) ISIZE = KIND (YD%LUVPOUT)
( 5490) IF (LLPRINT) THEN
( 5491)   WRITE (*, '(I10," ")', ADVANCE='NO') ISIZE
( 5492)   WRITE (*, *) TRIM (CLPATH)//'%LUVPOUT'
( 5493) ENDIF
( 5494) KSIZE = KSIZE + ISIZE
( 5495) ISIZE = KIND (YD%LSPPTGFL)
( 5496) IF (LLPRINT) THEN
( 5497)   WRITE (*, '(I10," ")', ADVANCE='NO') ISIZE
( 5498)   WRITE (*, *) TRIM (CLPATH)//'%LSPPTGFL'
( 5499) ENDIF
( 5500) KSIZE = KSIZE + ISIZE
( 5501) ISIZE = KIND (YD%NGEMS)
( 5502) IF (LLPRINT) THEN
( 5503)   WRITE (*, '(I10," ")', ADVANCE='NO') ISIZE
( 5504)   WRITE (*, *) TRIM (CLPATH)//'%NGEMS'
( 5505) ENDIF
( 5506) KSIZE = KSIZE + ISIZE
( 5507) ISIZE = KIND (YD%NCHEM)
( 5508) IF (LLPRINT) THEN
( 5509)   WRITE (*, '(I10," ")', ADVANCE='NO') ISIZE
( 5510)   WRITE (*, *) TRIM (CLPATH)//'%NCHEM'
( 5511) ENDIF






NVFORTRAN (Version     24.5)          03/19/2025  06:54:44      page 212

( 5512) KSIZE = KSIZE + ISIZE
( 5513) ISIZE = KIND (YD%NCHEM_ASSIM)
( 5514) IF (LLPRINT) THEN
( 5515)   WRITE (*, '(I10," ")', ADVANCE='NO') ISIZE
( 5516)   WRITE (*, *) TRIM (CLPATH)//'%NCHEM_ASSIM'
( 5517) ENDIF
( 5518) KSIZE = KSIZE + ISIZE
( 5519) ISIZE = KIND (YD%NCHEM_FLXO)
( 5520) IF (LLPRINT) THEN
( 5521)   WRITE (*, '(I10," ")', ADVANCE='NO') ISIZE
( 5522)   WRITE (*, *) TRIM (CLPATH)//'%NCHEM_FLXO'
( 5523) ENDIF
( 5524) KSIZE = KSIZE + ISIZE
( 5525) ISIZE = KIND (YD%NCHEM_WDFLX)
( 5526) IF (LLPRINT) THEN
( 5527)   WRITE (*, '(I10," ")', ADVANCE='NO') ISIZE
( 5528)   WRITE (*, *) TRIM (CLPATH)//'%NCHEM_WDFLX'
( 5529) ENDIF
( 5530) KSIZE = KSIZE + ISIZE
( 5531) ISIZE = KIND (YD%NCHEM_DDFLX)
( 5532) IF (LLPRINT) THEN
( 5533)   WRITE (*, '(I10," ")', ADVANCE='NO') ISIZE
( 5534)   WRITE (*, *) TRIM (CLPATH)//'%NCHEM_DDFLX'
( 5535) ENDIF
( 5536) KSIZE = KSIZE + ISIZE
( 5537) ISIZE = KIND (YD%NCHEM_DV)
( 5538) IF (LLPRINT) THEN
( 5539)   WRITE (*, '(I10," ")', ADVANCE='NO') ISIZE
( 5540)   WRITE (*, *) TRIM (CLPATH)//'%NCHEM_DV'
( 5541) ENDIF
( 5542) KSIZE = KSIZE + ISIZE
( 5543) ISIZE = KIND (YD%NCHEM_TC)
( 5544) IF (LLPRINT) THEN
( 5545)   WRITE (*, '(I10," ")', ADVANCE='NO') ISIZE
( 5546)   WRITE (*, *) TRIM (CLPATH)//'%NCHEM_TC'
( 5547) ENDIF
( 5548) KSIZE = KSIZE + ISIZE
( 5549) ISIZE = KIND (YD%NCHEM_SCV)
( 5550) IF (LLPRINT) THEN
( 5551)   WRITE (*, '(I10," ")', ADVANCE='NO') ISIZE
( 5552)   WRITE (*, *) TRIM (CLPATH)//'%NCHEM_SCV'
( 5553) ENDIF
( 5554) KSIZE = KSIZE + ISIZE
( 5555) ISIZE = KIND (YD%NEMIS2D)
( 5556) IF (LLPRINT) THEN
( 5557)   WRITE (*, '(I10," ")', ADVANCE='NO') ISIZE
( 5558)   WRITE (*, *) TRIM (CLPATH)//'%NEMIS2D'
( 5559) ENDIF
( 5560) KSIZE = KSIZE + ISIZE
( 5561) ISIZE = KIND (YD%NEMIS2DAUX)
( 5562) IF (LLPRINT) THEN
( 5563)   WRITE (*, '(I10," ")', ADVANCE='NO') ISIZE
( 5564)   WRITE (*, *) TRIM (CLPATH)//'%NEMIS2DAUX'
( 5565) ENDIF
( 5566) KSIZE = KSIZE + ISIZE
( 5567) ISIZE = KIND (YD%NEMIS3D)
( 5568) IF (LLPRINT) THEN
( 5569)   WRITE (*, '(I10," ")', ADVANCE='NO') ISIZE






NVFORTRAN (Version     24.5)          03/19/2025  06:54:44      page 213

( 5570)   WRITE (*, *) TRIM (CLPATH)//'%NEMIS3D'
( 5571) ENDIF
( 5572) KSIZE = KSIZE + ISIZE
( 5573) ISIZE = KIND (YD%NLIMA)
( 5574) IF (LLPRINT) THEN
( 5575)   WRITE (*, '(I10," ")', ADVANCE='NO') ISIZE
( 5576)   WRITE (*, *) TRIM (CLPATH)//'%NLIMA'
( 5577) ENDIF
( 5578) KSIZE = KSIZE + ISIZE
( 5579) ISIZE = KIND (YD%NAERO_WVL_DIAG)
( 5580) IF (LLPRINT) THEN
( 5581)   WRITE (*, '(I10," ")', ADVANCE='NO') ISIZE
( 5582)   WRITE (*, *) TRIM (CLPATH)//'%NAERO_WVL_DIAG'
( 5583) ENDIF
( 5584) KSIZE = KSIZE + ISIZE
( 5585) ISIZE = KIND (YD%NAERO_WVL_DIAG_TYPES)
( 5586) IF (LLPRINT) THEN
( 5587)   WRITE (*, '(I10," ")', ADVANCE='NO') ISIZE
( 5588)   WRITE (*, *) TRIM (CLPATH)//'%NAERO_WVL_DIAG_TYPES'
( 5589) ENDIF
( 5590) KSIZE = KSIZE + ISIZE
( 5591) ISIZE = KIND (YD%NCHEMSULF1)
( 5592) IF (LLPRINT) THEN
( 5593)   WRITE (*, '(I10," ")', ADVANCE='NO') ISIZE
( 5594)   WRITE (*, *) TRIM (CLPATH)//'%NCHEMSULF1'
( 5595) ENDIF
( 5596) KSIZE = KSIZE + ISIZE
( 5597) ISIZE = KIND (YD%NCHEMHNO3)
( 5598) IF (LLPRINT) THEN
( 5599)   WRITE (*, '(I10," ")', ADVANCE='NO') ISIZE
( 5600)   WRITE (*, *) TRIM (CLPATH)//'%NCHEMHNO3'
( 5601) ENDIF
( 5602) KSIZE = KSIZE + ISIZE
( 5603) ISIZE = KIND (YD%NNEGAFIX)
( 5604) IF (LLPRINT) THEN
( 5605)   WRITE (*, '(I10," ")', ADVANCE='NO') ISIZE
( 5606)   WRITE (*, *) TRIM (CLPATH)//'%NNEGAFIX'
( 5607) ENDIF
( 5608) KSIZE = KSIZE + ISIZE
( 5609) ISIZE = KIND (YD%NOPTNEGFIX)
( 5610) IF (LLPRINT) THEN
( 5611)   WRITE (*, '(I10," ")', ADVANCE='NO') ISIZE
( 5612)   WRITE (*, *) TRIM (CLPATH)//'%NOPTNEGFIX'
( 5613) ENDIF
( 5614) KSIZE = KSIZE + ISIZE
( 5615) ISIZE = KIND (YD%LQM3DCONS)
( 5616) IF (LLPRINT) THEN
( 5617)   WRITE (*, '(I10," ")', ADVANCE='NO') ISIZE
( 5618)   WRITE (*, *) TRIM (CLPATH)//'%LQM3DCONS'
( 5619) ENDIF
( 5620) KSIZE = KSIZE + ISIZE
( 5621) ISIZE = KIND (YD%LADVNEGFIX)
( 5622) IF (LLPRINT) THEN
( 5623)   WRITE (*, '(I10," ")', ADVANCE='NO') ISIZE
( 5624)   WRITE (*, *) TRIM (CLPATH)//'%LADVNEGFIX'
( 5625) ENDIF
( 5626) KSIZE = KSIZE + ISIZE
( 5627) ISIZE = KIND (YD%LTRCMFBC)






NVFORTRAN (Version     24.5)          03/19/2025  06:54:44      page 214

( 5628) IF (LLPRINT) THEN
( 5629)   WRITE (*, '(I10," ")', ADVANCE='NO') ISIZE
( 5630)   WRITE (*, *) TRIM (CLPATH)//'%LTRCMFBC'
( 5631) ENDIF
( 5632) KSIZE = KSIZE + ISIZE
( 5633) ISIZE = KIND (YD%LTRCMFPR)
( 5634) IF (LLPRINT) THEN
( 5635)   WRITE (*, '(I10," ")', ADVANCE='NO') ISIZE
( 5636)   WRITE (*, *) TRIM (CLPATH)//'%LTRCMFPR'
( 5637) ENDIF
( 5638) KSIZE = KSIZE + ISIZE
( 5639) ISIZE = KIND (YD%LTRCMFMG)
( 5640) IF (LLPRINT) THEN
( 5641)   WRITE (*, '(I10," ")', ADVANCE='NO') ISIZE
( 5642)   WRITE (*, *) TRIM (CLPATH)//'%LTRCMFMG'
( 5643) ENDIF
( 5644) KSIZE = KSIZE + ISIZE
( 5645) ISIZE = KIND (YD%LTRCMFP)
( 5646) IF (LLPRINT) THEN
( 5647)   WRITE (*, '(I10," ")', ADVANCE='NO') ISIZE
( 5648)   WRITE (*, *) TRIM (CLPATH)//'%LTRCMFP'
( 5649) ENDIF
( 5650) KSIZE = KSIZE + ISIZE
( 5651) ISIZE = KIND (YD%LTRCMFA_DIF)
( 5652) IF (LLPRINT) THEN
( 5653)   WRITE (*, '(I10," ")', ADVANCE='NO') ISIZE
( 5654)   WRITE (*, *) TRIM (CLPATH)//'%LTRCMFA_DIF'
( 5655) ENDIF
( 5656) KSIZE = KSIZE + ISIZE
( 5657) ISIZE = KIND (YD%LTRCMFA_LAP)
( 5658) IF (LLPRINT) THEN
( 5659)   WRITE (*, '(I10," ")', ADVANCE='NO') ISIZE
( 5660)   WRITE (*, *) TRIM (CLPATH)//'%LTRCMFA_LAP'
( 5661) ENDIF
( 5662) KSIZE = KSIZE + ISIZE
( 5663) ISIZE = KIND (YD%LTRCMFA_VER)
( 5664) IF (LLPRINT) THEN
( 5665)   WRITE (*, '(I10," ")', ADVANCE='NO') ISIZE
( 5666)   WRITE (*, *) TRIM (CLPATH)//'%LTRCMFA_VER'
( 5667) ENDIF
( 5668) KSIZE = KSIZE + ISIZE
( 5669) ISIZE = KIND (YD%LEXTRADF)
( 5670) IF (LLPRINT) THEN
( 5671)   WRITE (*, '(I10," ")', ADVANCE='NO') ISIZE
( 5672)   WRITE (*, *) TRIM (CLPATH)//'%LEXTRADF'
( 5673) ENDIF
( 5674) KSIZE = KSIZE + ISIZE
( 5675) ISIZE = KIND (YD%NFLDSFIX)
( 5676) IF (LLPRINT) THEN
( 5677)   WRITE (*, '(I10," ")', ADVANCE='NO') ISIZE
( 5678)   WRITE (*, *) TRIM (CLPATH)//'%NFLDSFIX'
( 5679) ENDIF
( 5680) KSIZE = KSIZE + ISIZE
( 5681) ISIZE = KIND (YD%NOPTMFBC)
( 5682) IF (LLPRINT) THEN
( 5683)   WRITE (*, '(I10," ")', ADVANCE='NO') ISIZE
( 5684)   WRITE (*, *) TRIM (CLPATH)//'%NOPTMFBC'
( 5685) ENDIF






NVFORTRAN (Version     24.5)          03/19/2025  06:54:44      page 215

( 5686) KSIZE = KSIZE + ISIZE
( 5687) ISIZE = KIND (YD%NOPTMFPR)
( 5688) IF (LLPRINT) THEN
( 5689)   WRITE (*, '(I10," ")', ADVANCE='NO') ISIZE
( 5690)   WRITE (*, *) TRIM (CLPATH)//'%NOPTMFPR'
( 5691) ENDIF
( 5692) KSIZE = KSIZE + ISIZE
( 5693) ISIZE = KIND (YD%NOPTVFE)
( 5694) IF (LLPRINT) THEN
( 5695)   WRITE (*, '(I10," ")', ADVANCE='NO') ISIZE
( 5696)   WRITE (*, *) TRIM (CLPATH)//'%NOPTVFE'
( 5697) ENDIF
( 5698) KSIZE = KSIZE + ISIZE
( 5699) ISIZE = KIND (YD%NMFDIAGLEV)
( 5700) IF (LLPRINT) THEN
( 5701)   WRITE (*, '(I10," ")', ADVANCE='NO') ISIZE
( 5702)   WRITE (*, *) TRIM (CLPATH)//'%NMFDIAGLEV'
( 5703) ENDIF
( 5704) KSIZE = KSIZE + ISIZE
( 5705) ISIZE = KIND (YD%NMFIXFLDS) * SIZE (YD%NMFIXFLDS)
( 5706) IF (LLPRINT) THEN
( 5707)   WRITE (*, '(I10," ")', ADVANCE='NO') ISIZE
( 5708)   WRITE (*, *) TRIM (CLPATH)//'%NMFIXFLDS'
( 5709) ENDIF
( 5710) KSIZE = KSIZE + ISIZE
( 5711) ISIZE = KIND (YD%NNEGFLDS) * SIZE (YD%NNEGFLDS)
( 5712) IF (LLPRINT) THEN
( 5713)   WRITE (*, '(I10," ")', ADVANCE='NO') ISIZE
( 5714)   WRITE (*, *) TRIM (CLPATH)//'%NNEGFLDS'
( 5715) ENDIF
( 5716) KSIZE = KSIZE + ISIZE
( 5717) ISIZE = KIND (YD%ZMFIXEPS)
( 5718) IF (LLPRINT) THEN
( 5719)   WRITE (*, '(I10," ")', ADVANCE='NO') ISIZE
( 5720)   WRITE (*, *) TRIM (CLPATH)//'%ZMFIXEPS'
( 5721) ENDIF
( 5722) KSIZE = KSIZE + ISIZE
( 5723) ISIZE = KIND (YD%NFMG)
( 5724) IF (LLPRINT) THEN
( 5725)   WRITE (*, '(I10," ")', ADVANCE='NO') ISIZE
( 5726)   WRITE (*, *) TRIM (CLPATH)//'%NFMG'
( 5727) ENDIF
( 5728) KSIZE = KSIZE + ISIZE
( 5729) ISIZE = KIND (YD%NMGFLDS) * SIZE (YD%NMGFLDS)
( 5730) IF (LLPRINT) THEN
( 5731)   WRITE (*, '(I10," ")', ADVANCE='NO') ISIZE
( 5732)   WRITE (*, *) TRIM (CLPATH)//'%NMGFLDS'
( 5733) ENDIF
( 5734) KSIZE = KSIZE + ISIZE
( 5735) JSIZE = 0
( 5736) DO J1 = LBOUND (YD%YCOMP, 1), UBOUND (YD%YCOMP, 1)
( 5737)   ISIZE = SIZE_TYPE_GFL_COMP (YD%YCOMP (J1), CLPATH//'%YCOMP', .FALSE.)
( 5738)   JSIZE = JSIZE + ISIZE
( 5739)   KSIZE = KSIZE + ISIZE
( 5740) ENDDO
( 5741) IF (LLPRINT) THEN
( 5742)   WRITE (*, '(I10," ")', ADVANCE='NO') JSIZE
( 5743)   WRITE (*, *) TRIM (CLPATH)//'%YCOMP'






NVFORTRAN (Version     24.5)          03/19/2025  06:54:44      page 216

( 5744) ENDIF
( 5745) LYLASTCOMP = ASSOCIATED (YD%YLASTCOMP)
( 5746) IF (LYLASTCOMP) THEN
( 5747)   JSIZE = 0
( 5748)   ISIZE = SIZE_TYPE_GFL_COMP (YD%YLASTCOMP, CLPATH//'%YLASTCOMP', .FALSE.)
( 5749)   JSIZE = JSIZE + ISIZE
( 5750)   KSIZE = KSIZE + ISIZE
( 5751)   IF (LLPRINT) THEN
( 5752)     WRITE (*, '(I10," ")', ADVANCE='NO') JSIZE
( 5753)     WRITE (*, *) TRIM (CLPATH)//'%YLASTCOMP'
( 5754)   ENDIF
( 5755) ENDIF
( 5756) LYQ = ASSOCIATED (YD%YQ)
( 5757) IF (LYQ) THEN
( 5758)   JSIZE = 0
( 5759)   ISIZE = SIZE_TYPE_GFL_COMP (YD%YQ, CLPATH//'%YQ', .FALSE.)
( 5760)   JSIZE = JSIZE + ISIZE
( 5761)   KSIZE = KSIZE + ISIZE
( 5762)   IF (LLPRINT) THEN
( 5763)     WRITE (*, '(I10," ")', ADVANCE='NO') JSIZE
( 5764)     WRITE (*, *) TRIM (CLPATH)//'%YQ'
( 5765)   ENDIF
( 5766) ENDIF
( 5767) LYI = ASSOCIATED (YD%YI)
( 5768) IF (LYI) THEN
( 5769)   JSIZE = 0
( 5770)   ISIZE = SIZE_TYPE_GFL_COMP (YD%YI, CLPATH//'%YI', .FALSE.)
( 5771)   JSIZE = JSIZE + ISIZE
( 5772)   KSIZE = KSIZE + ISIZE
( 5773)   IF (LLPRINT) THEN
( 5774)     WRITE (*, '(I10," ")', ADVANCE='NO') JSIZE
( 5775)     WRITE (*, *) TRIM (CLPATH)//'%YI'
( 5776)   ENDIF
( 5777) ENDIF
( 5778) LYL = ASSOCIATED (YD%YL)
( 5779) IF (LYL) THEN
( 5780)   JSIZE = 0
( 5781)   ISIZE = SIZE_TYPE_GFL_COMP (YD%YL, CLPATH//'%YL', .FALSE.)
( 5782)   JSIZE = JSIZE + ISIZE
( 5783)   KSIZE = KSIZE + ISIZE
( 5784)   IF (LLPRINT) THEN
( 5785)     WRITE (*, '(I10," ")', ADVANCE='NO') JSIZE
( 5786)     WRITE (*, *) TRIM (CLPATH)//'%YL'
( 5787)   ENDIF
( 5788) ENDIF
( 5789) LYLCONV = ASSOCIATED (YD%YLCONV)
( 5790) IF (LYLCONV) THEN
( 5791)   JSIZE = 0
( 5792)   ISIZE = SIZE_TYPE_GFL_COMP (YD%YLCONV, CLPATH//'%YLCONV', .FALSE.)
( 5793)   JSIZE = JSIZE + ISIZE
( 5794)   KSIZE = KSIZE + ISIZE
( 5795)   IF (LLPRINT) THEN
( 5796)     WRITE (*, '(I10," ")', ADVANCE='NO') JSIZE
( 5797)     WRITE (*, *) TRIM (CLPATH)//'%YLCONV'
( 5798)   ENDIF
( 5799) ENDIF
( 5800) LYICONV = ASSOCIATED (YD%YICONV)
( 5801) IF (LYICONV) THEN






NVFORTRAN (Version     24.5)          03/19/2025  06:54:44      page 217

( 5802)   JSIZE = 0
( 5803)   ISIZE = SIZE_TYPE_GFL_COMP (YD%YICONV, CLPATH//'%YICONV', .FALSE.)
( 5804)   JSIZE = JSIZE + ISIZE
( 5805)   KSIZE = KSIZE + ISIZE
( 5806)   IF (LLPRINT) THEN
( 5807)     WRITE (*, '(I10," ")', ADVANCE='NO') JSIZE
( 5808)     WRITE (*, *) TRIM (CLPATH)//'%YICONV'
( 5809)   ENDIF
( 5810) ENDIF
( 5811) LYRCONV = ASSOCIATED (YD%YRCONV)
( 5812) IF (LYRCONV) THEN
( 5813)   JSIZE = 0
( 5814)   ISIZE = SIZE_TYPE_GFL_COMP (YD%YRCONV, CLPATH//'%YRCONV', .FALSE.)
( 5815)   JSIZE = JSIZE + ISIZE
( 5816)   KSIZE = KSIZE + ISIZE
( 5817)   IF (LLPRINT) THEN
( 5818)     WRITE (*, '(I10," ")', ADVANCE='NO') JSIZE
( 5819)     WRITE (*, *) TRIM (CLPATH)//'%YRCONV'
( 5820)   ENDIF
( 5821) ENDIF
( 5822) LYSCONV = ASSOCIATED (YD%YSCONV)
( 5823) IF (LYSCONV) THEN
( 5824)   JSIZE = 0
( 5825)   ISIZE = SIZE_TYPE_GFL_COMP (YD%YSCONV, CLPATH//'%YSCONV', .FALSE.)
( 5826)   JSIZE = JSIZE + ISIZE
( 5827)   KSIZE = KSIZE + ISIZE
( 5828)   IF (LLPRINT) THEN
( 5829)     WRITE (*, '(I10," ")', ADVANCE='NO') JSIZE
( 5830)     WRITE (*, *) TRIM (CLPATH)//'%YSCONV'
( 5831)   ENDIF
( 5832) ENDIF
( 5833) LYIRAD = ASSOCIATED (YD%YIRAD)
( 5834) IF (LYIRAD) THEN
( 5835)   JSIZE = 0
( 5836)   ISIZE = SIZE_TYPE_GFL_COMP (YD%YIRAD, CLPATH//'%YIRAD', .FALSE.)
( 5837)   JSIZE = JSIZE + ISIZE
( 5838)   KSIZE = KSIZE + ISIZE
( 5839)   IF (LLPRINT) THEN
( 5840)     WRITE (*, '(I10," ")', ADVANCE='NO') JSIZE
( 5841)     WRITE (*, *) TRIM (CLPATH)//'%YIRAD'
( 5842)   ENDIF
( 5843) ENDIF
( 5844) LYLRAD = ASSOCIATED (YD%YLRAD)
( 5845) IF (LYLRAD) THEN
( 5846)   JSIZE = 0
( 5847)   ISIZE = SIZE_TYPE_GFL_COMP (YD%YLRAD, CLPATH//'%YLRAD', .FALSE.)
( 5848)   JSIZE = JSIZE + ISIZE
( 5849)   KSIZE = KSIZE + ISIZE
( 5850)   IF (LLPRINT) THEN
( 5851)     WRITE (*, '(I10," ")', ADVANCE='NO') JSIZE
( 5852)     WRITE (*, *) TRIM (CLPATH)//'%YLRAD'
( 5853)   ENDIF
( 5854) ENDIF
( 5855) LYS = ASSOCIATED (YD%YS)
( 5856) IF (LYS) THEN
( 5857)   JSIZE = 0
( 5858)   ISIZE = SIZE_TYPE_GFL_COMP (YD%YS, CLPATH//'%YS', .FALSE.)
( 5859)   JSIZE = JSIZE + ISIZE






NVFORTRAN (Version     24.5)          03/19/2025  06:54:44      page 218

( 5860)   KSIZE = KSIZE + ISIZE
( 5861)   IF (LLPRINT) THEN
( 5862)     WRITE (*, '(I10," ")', ADVANCE='NO') JSIZE
( 5863)     WRITE (*, *) TRIM (CLPATH)//'%YS'
( 5864)   ENDIF
( 5865) ENDIF
( 5866) LYR = ASSOCIATED (YD%YR)
( 5867) IF (LYR) THEN
( 5868)   JSIZE = 0
( 5869)   ISIZE = SIZE_TYPE_GFL_COMP (YD%YR, CLPATH//'%YR', .FALSE.)
( 5870)   JSIZE = JSIZE + ISIZE
( 5871)   KSIZE = KSIZE + ISIZE
( 5872)   IF (LLPRINT) THEN
( 5873)     WRITE (*, '(I10," ")', ADVANCE='NO') JSIZE
( 5874)     WRITE (*, *) TRIM (CLPATH)//'%YR'
( 5875)   ENDIF
( 5876) ENDIF
( 5877) LYG = ASSOCIATED (YD%YG)
( 5878) IF (LYG) THEN
( 5879)   JSIZE = 0
( 5880)   ISIZE = SIZE_TYPE_GFL_COMP (YD%YG, CLPATH//'%YG', .FALSE.)
( 5881)   JSIZE = JSIZE + ISIZE
( 5882)   KSIZE = KSIZE + ISIZE
( 5883)   IF (LLPRINT) THEN
( 5884)     WRITE (*, '(I10," ")', ADVANCE='NO') JSIZE
( 5885)     WRITE (*, *) TRIM (CLPATH)//'%YG'
( 5886)   ENDIF
( 5887) ENDIF
( 5888) LYH = ASSOCIATED (YD%YH)
( 5889) IF (LYH) THEN
( 5890)   JSIZE = 0
( 5891)   ISIZE = SIZE_TYPE_GFL_COMP (YD%YH, CLPATH//'%YH', .FALSE.)
( 5892)   JSIZE = JSIZE + ISIZE
( 5893)   KSIZE = KSIZE + ISIZE
( 5894)   IF (LLPRINT) THEN
( 5895)     WRITE (*, '(I10," ")', ADVANCE='NO') JSIZE
( 5896)     WRITE (*, *) TRIM (CLPATH)//'%YH'
( 5897)   ENDIF
( 5898) ENDIF
( 5899) LYTKE = ASSOCIATED (YD%YTKE)
( 5900) IF (LYTKE) THEN
( 5901)   JSIZE = 0
( 5902)   ISIZE = SIZE_TYPE_GFL_COMP (YD%YTKE, CLPATH//'%YTKE', .FALSE.)
( 5903)   JSIZE = JSIZE + ISIZE
( 5904)   KSIZE = KSIZE + ISIZE
( 5905)   IF (LLPRINT) THEN
( 5906)     WRITE (*, '(I10," ")', ADVANCE='NO') JSIZE
( 5907)     WRITE (*, *) TRIM (CLPATH)//'%YTKE'
( 5908)   ENDIF
( 5909) ENDIF
( 5910) LYTTE = ASSOCIATED (YD%YTTE)
( 5911) IF (LYTTE) THEN
( 5912)   JSIZE = 0
( 5913)   ISIZE = SIZE_TYPE_GFL_COMP (YD%YTTE, CLPATH//'%YTTE', .FALSE.)
( 5914)   JSIZE = JSIZE + ISIZE
( 5915)   KSIZE = KSIZE + ISIZE
( 5916)   IF (LLPRINT) THEN
( 5917)     WRITE (*, '(I10," ")', ADVANCE='NO') JSIZE






NVFORTRAN (Version     24.5)          03/19/2025  06:54:44      page 219

( 5918)     WRITE (*, *) TRIM (CLPATH)//'%YTTE'
( 5919)   ENDIF
( 5920) ENDIF
( 5921) LYEFB1 = ASSOCIATED (YD%YEFB1)
( 5922) IF (LYEFB1) THEN
( 5923)   JSIZE = 0
( 5924)   ISIZE = SIZE_TYPE_GFL_COMP (YD%YEFB1, CLPATH//'%YEFB1', .FALSE.)
( 5925)   JSIZE = JSIZE + ISIZE
( 5926)   KSIZE = KSIZE + ISIZE
( 5927)   IF (LLPRINT) THEN
( 5928)     WRITE (*, '(I10," ")', ADVANCE='NO') JSIZE
( 5929)     WRITE (*, *) TRIM (CLPATH)//'%YEFB1'
( 5930)   ENDIF
( 5931) ENDIF
( 5932) LYEFB2 = ASSOCIATED (YD%YEFB2)
( 5933) IF (LYEFB2) THEN
( 5934)   JSIZE = 0
( 5935)   ISIZE = SIZE_TYPE_GFL_COMP (YD%YEFB2, CLPATH//'%YEFB2', .FALSE.)
( 5936)   JSIZE = JSIZE + ISIZE
( 5937)   KSIZE = KSIZE + ISIZE
( 5938)   IF (LLPRINT) THEN
( 5939)     WRITE (*, '(I10," ")', ADVANCE='NO') JSIZE
( 5940)     WRITE (*, *) TRIM (CLPATH)//'%YEFB2'
( 5941)   ENDIF
( 5942) ENDIF
( 5943) LYEFB3 = ASSOCIATED (YD%YEFB3)
( 5944) IF (LYEFB3) THEN
( 5945)   JSIZE = 0
( 5946)   ISIZE = SIZE_TYPE_GFL_COMP (YD%YEFB3, CLPATH//'%YEFB3', .FALSE.)
( 5947)   JSIZE = JSIZE + ISIZE
( 5948)   KSIZE = KSIZE + ISIZE
( 5949)   IF (LLPRINT) THEN
( 5950)     WRITE (*, '(I10," ")', ADVANCE='NO') JSIZE
( 5951)     WRITE (*, *) TRIM (CLPATH)//'%YEFB3'
( 5952)   ENDIF
( 5953) ENDIF
( 5954) LYA = ASSOCIATED (YD%YA)
( 5955) IF (LYA) THEN
( 5956)   JSIZE = 0
( 5957)   ISIZE = SIZE_TYPE_GFL_COMP (YD%YA, CLPATH//'%YA', .FALSE.)
( 5958)   JSIZE = JSIZE + ISIZE
( 5959)   KSIZE = KSIZE + ISIZE
( 5960)   IF (LLPRINT) THEN
( 5961)     WRITE (*, '(I10," ")', ADVANCE='NO') JSIZE
( 5962)     WRITE (*, *) TRIM (CLPATH)//'%YA'
( 5963)   ENDIF
( 5964) ENDIF
( 5965) LYO3 = ASSOCIATED (YD%YO3)
( 5966) IF (LYO3) THEN
( 5967)   JSIZE = 0
( 5968)   ISIZE = SIZE_TYPE_GFL_COMP (YD%YO3, CLPATH//'%YO3', .FALSE.)
( 5969)   JSIZE = JSIZE + ISIZE
( 5970)   KSIZE = KSIZE + ISIZE
( 5971)   IF (LLPRINT) THEN
( 5972)     WRITE (*, '(I10," ")', ADVANCE='NO') JSIZE
( 5973)     WRITE (*, *) TRIM (CLPATH)//'%YO3'
( 5974)   ENDIF
( 5975) ENDIF






NVFORTRAN (Version     24.5)          03/19/2025  06:54:44      page 220

( 5976) LYSRC = ASSOCIATED (YD%YSRC)
( 5977) IF (LYSRC) THEN
( 5978)   JSIZE = 0
( 5979)   ISIZE = SIZE_TYPE_GFL_COMP (YD%YSRC, CLPATH//'%YSRC', .FALSE.)
( 5980)   JSIZE = JSIZE + ISIZE
( 5981)   KSIZE = KSIZE + ISIZE
( 5982)   IF (LLPRINT) THEN
( 5983)     WRITE (*, '(I10," ")', ADVANCE='NO') JSIZE
( 5984)     WRITE (*, *) TRIM (CLPATH)//'%YSRC'
( 5985)   ENDIF
( 5986) ENDIF
( 5987) LYLMF = ASSOCIATED (YD%YLMF)
( 5988) IF (LYLMF) THEN
( 5989)   JSIZE = 0
( 5990)   ISIZE = SIZE_TYPE_GFL_COMP (YD%YLMF, CLPATH//'%YLMF', .FALSE.)
( 5991)   JSIZE = JSIZE + ISIZE
( 5992)   KSIZE = KSIZE + ISIZE
( 5993)   IF (LLPRINT) THEN
( 5994)     WRITE (*, '(I10," ")', ADVANCE='NO') JSIZE
( 5995)     WRITE (*, *) TRIM (CLPATH)//'%YLMF'
( 5996)   ENDIF
( 5997) ENDIF
( 5998) LYIMF = ASSOCIATED (YD%YIMF)
( 5999) IF (LYIMF) THEN
( 6000)   JSIZE = 0
( 6001)   ISIZE = SIZE_TYPE_GFL_COMP (YD%YIMF, CLPATH//'%YIMF', .FALSE.)
( 6002)   JSIZE = JSIZE + ISIZE
( 6003)   KSIZE = KSIZE + ISIZE
( 6004)   IF (LLPRINT) THEN
( 6005)     WRITE (*, '(I10," ")', ADVANCE='NO') JSIZE
( 6006)     WRITE (*, *) TRIM (CLPATH)//'%YIMF'
( 6007)   ENDIF
( 6008) ENDIF
( 6009) LYAMF = ASSOCIATED (YD%YAMF)
( 6010) IF (LYAMF) THEN
( 6011)   JSIZE = 0
( 6012)   ISIZE = SIZE_TYPE_GFL_COMP (YD%YAMF, CLPATH//'%YAMF', .FALSE.)
( 6013)   JSIZE = JSIZE + ISIZE
( 6014)   KSIZE = KSIZE + ISIZE
( 6015)   IF (LLPRINT) THEN
( 6016)     WRITE (*, '(I10," ")', ADVANCE='NO') JSIZE
( 6017)     WRITE (*, *) TRIM (CLPATH)//'%YAMF'
( 6018)   ENDIF
( 6019) ENDIF
( 6020) LYMXL = ASSOCIATED (YD%YMXL)
( 6021) IF (LYMXL) THEN
( 6022)   JSIZE = 0
( 6023)   ISIZE = SIZE_TYPE_GFL_COMP (YD%YMXL, CLPATH//'%YMXL', .FALSE.)
( 6024)   JSIZE = JSIZE + ISIZE
( 6025)   KSIZE = KSIZE + ISIZE
( 6026)   IF (LLPRINT) THEN
( 6027)     WRITE (*, '(I10," ")', ADVANCE='NO') JSIZE
( 6028)     WRITE (*, *) TRIM (CLPATH)//'%YMXL'
( 6029)   ENDIF
( 6030) ENDIF
( 6031) LYSHTUR = ASSOCIATED (YD%YSHTUR)
( 6032) IF (LYSHTUR) THEN
( 6033)   JSIZE = 0






NVFORTRAN (Version     24.5)          03/19/2025  06:54:44      page 221

( 6034)   ISIZE = SIZE_TYPE_GFL_COMP (YD%YSHTUR, CLPATH//'%YSHTUR', .FALSE.)
( 6035)   JSIZE = JSIZE + ISIZE
( 6036)   KSIZE = KSIZE + ISIZE
( 6037)   IF (LLPRINT) THEN
( 6038)     WRITE (*, '(I10," ")', ADVANCE='NO') JSIZE
( 6039)     WRITE (*, *) TRIM (CLPATH)//'%YSHTUR'
( 6040)   ENDIF
( 6041) ENDIF
( 6042) LYFQTUR = ASSOCIATED (YD%YFQTUR)
( 6043) IF (LYFQTUR) THEN
( 6044)   JSIZE = 0
( 6045)   ISIZE = SIZE_TYPE_GFL_COMP (YD%YFQTUR, CLPATH//'%YFQTUR', .FALSE.)
( 6046)   JSIZE = JSIZE + ISIZE
( 6047)   KSIZE = KSIZE + ISIZE
( 6048)   IF (LLPRINT) THEN
( 6049)     WRITE (*, '(I10," ")', ADVANCE='NO') JSIZE
( 6050)     WRITE (*, *) TRIM (CLPATH)//'%YFQTUR'
( 6051)   ENDIF
( 6052) ENDIF
( 6053) LYFSTUR = ASSOCIATED (YD%YFSTUR)
( 6054) IF (LYFSTUR) THEN
( 6055)   JSIZE = 0
( 6056)   ISIZE = SIZE_TYPE_GFL_COMP (YD%YFSTUR, CLPATH//'%YFSTUR', .FALSE.)
( 6057)   JSIZE = JSIZE + ISIZE
( 6058)   KSIZE = KSIZE + ISIZE
( 6059)   IF (LLPRINT) THEN
( 6060)     WRITE (*, '(I10," ")', ADVANCE='NO') JSIZE
( 6061)     WRITE (*, *) TRIM (CLPATH)//'%YFSTUR'
( 6062)   ENDIF
( 6063) ENDIF
( 6064) LYCPF = ASSOCIATED (YD%YCPF)
( 6065) IF (LYCPF) THEN
( 6066)   JSIZE = 0
( 6067)   ISIZE = SIZE_TYPE_GFL_COMP (YD%YCPF, CLPATH//'%YCPF', .FALSE.)
( 6068)   JSIZE = JSIZE + ISIZE
( 6069)   KSIZE = KSIZE + ISIZE
( 6070)   IF (LLPRINT) THEN
( 6071)     WRITE (*, '(I10," ")', ADVANCE='NO') JSIZE
( 6072)     WRITE (*, *) TRIM (CLPATH)//'%YCPF'
( 6073)   ENDIF
( 6074) ENDIF
( 6075) LYSPF = ASSOCIATED (YD%YSPF)
( 6076) IF (LYSPF) THEN
( 6077)   JSIZE = 0
( 6078)   ISIZE = SIZE_TYPE_GFL_COMP (YD%YSPF, CLPATH//'%YSPF', .FALSE.)
( 6079)   JSIZE = JSIZE + ISIZE
( 6080)   KSIZE = KSIZE + ISIZE
( 6081)   IF (LLPRINT) THEN
( 6082)     WRITE (*, '(I10," ")', ADVANCE='NO') JSIZE
( 6083)     WRITE (*, *) TRIM (CLPATH)//'%YSPF'
( 6084)   ENDIF
( 6085) ENDIF
( 6086) LYCVGQ = ASSOCIATED (YD%YCVGQ)
( 6087) IF (LYCVGQ) THEN
( 6088)   JSIZE = 0
( 6089)   ISIZE = SIZE_TYPE_GFL_COMP (YD%YCVGQ, CLPATH//'%YCVGQ', .FALSE.)
( 6090)   JSIZE = JSIZE + ISIZE
( 6091)   KSIZE = KSIZE + ISIZE






NVFORTRAN (Version     24.5)          03/19/2025  06:54:44      page 222

( 6092)   IF (LLPRINT) THEN
( 6093)     WRITE (*, '(I10," ")', ADVANCE='NO') JSIZE
( 6094)     WRITE (*, *) TRIM (CLPATH)//'%YCVGQ'
( 6095)   ENDIF
( 6096) ENDIF
( 6097) LYQVA = ASSOCIATED (YD%YQVA)
( 6098) IF (LYQVA) THEN
( 6099)   JSIZE = 0
( 6100)   ISIZE = SIZE_TYPE_GFL_COMP (YD%YQVA, CLPATH//'%YQVA', .FALSE.)
( 6101)   JSIZE = JSIZE + ISIZE
( 6102)   KSIZE = KSIZE + ISIZE
( 6103)   IF (LLPRINT) THEN
( 6104)     WRITE (*, '(I10," ")', ADVANCE='NO') JSIZE
( 6105)     WRITE (*, *) TRIM (CLPATH)//'%YQVA'
( 6106)   ENDIF
( 6107) ENDIF
( 6108) LYGHG = ASSOCIATED (YD%YGHG)
( 6109) IF (LYGHG) THEN
( 6110)   JSIZE = 0
( 6111)   DO J1 = LBOUND (YD%YGHG, 1), UBOUND (YD%YGHG, 1)
( 6112)     ISIZE = SIZE_TYPE_GFL_COMP (YD%YGHG (J1), CLPATH//'%YGHG', .FALSE.)
( 6113)     JSIZE = JSIZE + ISIZE
( 6114)     KSIZE = KSIZE + ISIZE
( 6115)   ENDDO
( 6116)   IF (LLPRINT) THEN
( 6117)     WRITE (*, '(I10," ")', ADVANCE='NO') JSIZE
( 6118)     WRITE (*, *) TRIM (CLPATH)//'%YGHG'
( 6119)   ENDIF
( 6120) ENDIF
( 6121) LYCHEM = ASSOCIATED (YD%YCHEM)
( 6122) IF (LYCHEM) THEN
( 6123)   JSIZE = 0
( 6124)   DO J1 = LBOUND (YD%YCHEM, 1), UBOUND (YD%YCHEM, 1)
( 6125)     ISIZE = SIZE_TYPE_GFL_COMP (YD%YCHEM (J1), CLPATH//'%YCHEM', .FALSE.)
( 6126)     JSIZE = JSIZE + ISIZE
( 6127)     KSIZE = KSIZE + ISIZE
( 6128)   ENDDO
( 6129)   IF (LLPRINT) THEN
( 6130)     WRITE (*, '(I10," ")', ADVANCE='NO') JSIZE
( 6131)     WRITE (*, *) TRIM (CLPATH)//'%YCHEM'
( 6132)   ENDIF
( 6133) ENDIF
( 6134) LYAERO = ASSOCIATED (YD%YAERO)
( 6135) IF (LYAERO) THEN
( 6136)   JSIZE = 0
( 6137)   DO J1 = LBOUND (YD%YAERO, 1), UBOUND (YD%YAERO, 1)
( 6138)     ISIZE = SIZE_TYPE_GFL_COMP (YD%YAERO (J1), CLPATH//'%YAERO', .FALSE.)
( 6139)     JSIZE = JSIZE + ISIZE
( 6140)     KSIZE = KSIZE + ISIZE
( 6141)   ENDDO
( 6142)   IF (LLPRINT) THEN
( 6143)     WRITE (*, '(I10," ")', ADVANCE='NO') JSIZE
( 6144)     WRITE (*, *) TRIM (CLPATH)//'%YAERO'
( 6145)   ENDIF
( 6146) ENDIF
( 6147) LYLRCH4 = ASSOCIATED (YD%YLRCH4)
( 6148) IF (LYLRCH4) THEN
( 6149)   JSIZE = 0






NVFORTRAN (Version     24.5)          03/19/2025  06:54:44      page 223

( 6150)   ISIZE = SIZE_TYPE_GFL_COMP (YD%YLRCH4, CLPATH//'%YLRCH4', .FALSE.)
( 6151)   JSIZE = JSIZE + ISIZE
( 6152)   KSIZE = KSIZE + ISIZE
( 6153)   IF (LLPRINT) THEN
( 6154)     WRITE (*, '(I10," ")', ADVANCE='NO') JSIZE
( 6155)     WRITE (*, *) TRIM (CLPATH)//'%YLRCH4'
( 6156)   ENDIF
( 6157) ENDIF
( 6158) LYEMIS3D = ASSOCIATED (YD%YEMIS3D)
( 6159) IF (LYEMIS3D) THEN
( 6160)   JSIZE = 0
( 6161)   DO J1 = LBOUND (YD%YEMIS3D, 1), UBOUND (YD%YEMIS3D, 1)
( 6162)     ISIZE = SIZE_TYPE_GFL_COMP (YD%YEMIS3D (J1), CLPATH//'%YEMIS3D', .FALSE.)
( 6163)     JSIZE = JSIZE + ISIZE
( 6164)     KSIZE = KSIZE + ISIZE
( 6165)   ENDDO
( 6166)   IF (LLPRINT) THEN
( 6167)     WRITE (*, '(I10," ")', ADVANCE='NO') JSIZE
( 6168)     WRITE (*, *) TRIM (CLPATH)//'%YEMIS3D'
( 6169)   ENDIF
( 6170) ENDIF
( 6171) LYFORC = ASSOCIATED (YD%YFORC)
( 6172) IF (LYFORC) THEN
( 6173)   JSIZE = 0
( 6174)   DO J1 = LBOUND (YD%YFORC, 1), UBOUND (YD%YFORC, 1)
( 6175)     ISIZE = SIZE_TYPE_GFL_COMP (YD%YFORC (J1), CLPATH//'%YFORC', .FALSE.)
( 6176)     JSIZE = JSIZE + ISIZE
( 6177)     KSIZE = KSIZE + ISIZE
( 6178)   ENDDO
( 6179)   IF (LLPRINT) THEN
( 6180)     WRITE (*, '(I10," ")', ADVANCE='NO') JSIZE
( 6181)     WRITE (*, *) TRIM (CLPATH)//'%YFORC'
( 6182)   ENDIF
( 6183) ENDIF
( 6184) LYEZDIAG = ASSOCIATED (YD%YEZDIAG)
( 6185) IF (LYEZDIAG) THEN
( 6186)   JSIZE = 0
( 6187)   DO J1 = LBOUND (YD%YEZDIAG, 1), UBOUND (YD%YEZDIAG, 1)
( 6188)     ISIZE = SIZE_TYPE_GFL_COMP (YD%YEZDIAG (J1), CLPATH//'%YEZDIAG', .FALSE.)
( 6189)     JSIZE = JSIZE + ISIZE
( 6190)     KSIZE = KSIZE + ISIZE
( 6191)   ENDDO
( 6192)   IF (LLPRINT) THEN
( 6193)     WRITE (*, '(I10," ")', ADVANCE='NO') JSIZE
( 6194)     WRITE (*, *) TRIM (CLPATH)//'%YEZDIAG'
( 6195)   ENDIF
( 6196) ENDIF
( 6197) LYERA40 = ASSOCIATED (YD%YERA40)
( 6198) IF (LYERA40) THEN
( 6199)   JSIZE = 0
( 6200)   DO J1 = LBOUND (YD%YERA40, 1), UBOUND (YD%YERA40, 1)
( 6201)     ISIZE = SIZE_TYPE_GFL_COMP (YD%YERA40 (J1), CLPATH//'%YERA40', .FALSE.)
( 6202)     JSIZE = JSIZE + ISIZE
( 6203)     KSIZE = KSIZE + ISIZE
( 6204)   ENDDO
( 6205)   IF (LLPRINT) THEN
( 6206)     WRITE (*, '(I10," ")', ADVANCE='NO') JSIZE
( 6207)     WRITE (*, *) TRIM (CLPATH)//'%YERA40'






NVFORTRAN (Version     24.5)          03/19/2025  06:54:44      page 224

( 6208)   ENDIF
( 6209) ENDIF
( 6210) LYNOGW = ASSOCIATED (YD%YNOGW)
( 6211) IF (LYNOGW) THEN
( 6212)   JSIZE = 0
( 6213)   DO J1 = LBOUND (YD%YNOGW, 1), UBOUND (YD%YNOGW, 1)
( 6214)     ISIZE = SIZE_TYPE_GFL_COMP (YD%YNOGW (J1), CLPATH//'%YNOGW', .FALSE.)
( 6215)     JSIZE = JSIZE + ISIZE
( 6216)     KSIZE = KSIZE + ISIZE
( 6217)   ENDDO
( 6218)   IF (LLPRINT) THEN
( 6219)     WRITE (*, '(I10," ")', ADVANCE='NO') JSIZE
( 6220)     WRITE (*, *) TRIM (CLPATH)//'%YNOGW'
( 6221)   ENDIF
( 6222) ENDIF
( 6223) LYEDRP = ASSOCIATED (YD%YEDRP)
( 6224) IF (LYEDRP) THEN
( 6225)   JSIZE = 0
( 6226)   DO J1 = LBOUND (YD%YEDRP, 1), UBOUND (YD%YEDRP, 1)
( 6227)     ISIZE = SIZE_TYPE_GFL_COMP (YD%YEDRP (J1), CLPATH//'%YEDRP', .FALSE.)
( 6228)     JSIZE = JSIZE + ISIZE
( 6229)     KSIZE = KSIZE + ISIZE
( 6230)   ENDDO
( 6231)   IF (LLPRINT) THEN
( 6232)     WRITE (*, '(I10," ")', ADVANCE='NO') JSIZE
( 6233)     WRITE (*, *) TRIM (CLPATH)//'%YEDRP'
( 6234)   ENDIF
( 6235) ENDIF
( 6236) LYSLDIA = ASSOCIATED (YD%YSLDIA)
( 6237) IF (LYSLDIA) THEN
( 6238)   JSIZE = 0
( 6239)   DO J1 = LBOUND (YD%YSLDIA, 1), UBOUND (YD%YSLDIA, 1)
( 6240)     ISIZE = SIZE_TYPE_GFL_COMP (YD%YSLDIA (J1), CLPATH//'%YSLDIA', .FALSE.)
( 6241)     JSIZE = JSIZE + ISIZE
( 6242)     KSIZE = KSIZE + ISIZE
( 6243)   ENDDO
( 6244)   IF (LLPRINT) THEN
( 6245)     WRITE (*, '(I10," ")', ADVANCE='NO') JSIZE
( 6246)     WRITE (*, *) TRIM (CLPATH)//'%YSLDIA'
( 6247)   ENDIF
( 6248) ENDIF
( 6249) LYAERAOT = ASSOCIATED (YD%YAERAOT)
( 6250) IF (LYAERAOT) THEN
( 6251)   JSIZE = 0
( 6252)   DO J1 = LBOUND (YD%YAERAOT, 1), UBOUND (YD%YAERAOT, 1)
( 6253)     ISIZE = SIZE_TYPE_GFL_COMP (YD%YAERAOT (J1), CLPATH//'%YAERAOT', .FALSE.)
( 6254)     JSIZE = JSIZE + ISIZE
( 6255)     KSIZE = KSIZE + ISIZE
( 6256)   ENDDO
( 6257)   IF (LLPRINT) THEN
( 6258)     WRITE (*, '(I10," ")', ADVANCE='NO') JSIZE
( 6259)     WRITE (*, *) TRIM (CLPATH)//'%YAERAOT'
( 6260)   ENDIF
( 6261) ENDIF
( 6262) LYAERLISI = ASSOCIATED (YD%YAERLISI)
( 6263) IF (LYAERLISI) THEN
( 6264)   JSIZE = 0
( 6265)   DO J1 = LBOUND (YD%YAERLISI, 1), UBOUND (YD%YAERLISI, 1)






NVFORTRAN (Version     24.5)          03/19/2025  06:54:44      page 225

( 6266)     ISIZE = SIZE_TYPE_GFL_COMP (YD%YAERLISI (J1), CLPATH//'%YAERLISI', .FALSE.)
( 6267)     JSIZE = JSIZE + ISIZE
( 6268)     KSIZE = KSIZE + ISIZE
( 6269)   ENDDO
( 6270)   IF (LLPRINT) THEN
( 6271)     WRITE (*, '(I10," ")', ADVANCE='NO') JSIZE
( 6272)     WRITE (*, *) TRIM (CLPATH)//'%YAERLISI'
( 6273)   ENDIF
( 6274) ENDIF
( 6275) LYAEROUT = ASSOCIATED (YD%YAEROUT)
( 6276) IF (LYAEROUT) THEN
( 6277)   JSIZE = 0
( 6278)   DO J1 = LBOUND (YD%YAEROUT, 1), UBOUND (YD%YAEROUT, 1)
( 6279)     ISIZE = SIZE_TYPE_GFL_COMP (YD%YAEROUT (J1), CLPATH//'%YAEROUT', .FALSE.)
( 6280)     JSIZE = JSIZE + ISIZE
( 6281)     KSIZE = KSIZE + ISIZE
( 6282)   ENDDO
( 6283)   IF (LLPRINT) THEN
( 6284)     WRITE (*, '(I10," ")', ADVANCE='NO') JSIZE
( 6285)     WRITE (*, *) TRIM (CLPATH)//'%YAEROUT'
( 6286)   ENDIF
( 6287) ENDIF
( 6288) LYAEROCLIM = ASSOCIATED (YD%YAEROCLIM)
( 6289) IF (LYAEROCLIM) THEN
( 6290)   JSIZE = 0
( 6291)   DO J1 = LBOUND (YD%YAEROCLIM, 1), UBOUND (YD%YAEROCLIM, 1)
( 6292)     ISIZE = SIZE_TYPE_GFL_COMP (YD%YAEROCLIM (J1), CLPATH//'%YAEROCLIM', .FALSE.)
( 6293)     JSIZE = JSIZE + ISIZE
( 6294)     KSIZE = KSIZE + ISIZE
( 6295)   ENDDO
( 6296)   IF (LLPRINT) THEN
( 6297)     WRITE (*, '(I10," ")', ADVANCE='NO') JSIZE
( 6298)     WRITE (*, *) TRIM (CLPATH)//'%YAEROCLIM'
( 6299)   ENDIF
( 6300) ENDIF
( 6301) LYUVP = ASSOCIATED (YD%YUVP)
( 6302) IF (LYUVP) THEN
( 6303)   JSIZE = 0
( 6304)   DO J1 = LBOUND (YD%YUVP, 1), UBOUND (YD%YUVP, 1)
( 6305)     ISIZE = SIZE_TYPE_GFL_COMP (YD%YUVP (J1), CLPATH//'%YUVP', .FALSE.)
( 6306)     JSIZE = JSIZE + ISIZE
( 6307)     KSIZE = KSIZE + ISIZE
( 6308)   ENDDO
( 6309)   IF (LLPRINT) THEN
( 6310)     WRITE (*, '(I10," ")', ADVANCE='NO') JSIZE
( 6311)     WRITE (*, *) TRIM (CLPATH)//'%YUVP'
( 6312)   ENDIF
( 6313) ENDIF
( 6314) LYPHYS = ASSOCIATED (YD%YPHYS)
( 6315) IF (LYPHYS) THEN
( 6316)   JSIZE = 0
( 6317)   DO J1 = LBOUND (YD%YPHYS, 1), UBOUND (YD%YPHYS, 1)
( 6318)     ISIZE = SIZE_TYPE_GFL_COMP (YD%YPHYS (J1), CLPATH//'%YPHYS', .FALSE.)
( 6319)     JSIZE = JSIZE + ISIZE
( 6320)     KSIZE = KSIZE + ISIZE
( 6321)   ENDDO
( 6322)   IF (LLPRINT) THEN
( 6323)     WRITE (*, '(I10," ")', ADVANCE='NO') JSIZE






NVFORTRAN (Version     24.5)          03/19/2025  06:54:44      page 226

( 6324)     WRITE (*, *) TRIM (CLPATH)//'%YPHYS'
( 6325)   ENDIF
( 6326) ENDIF
( 6327) LYPHYCTY = ASSOCIATED (YD%YPHYCTY)
( 6328) IF (LYPHYCTY) THEN
( 6329)   JSIZE = 0
( 6330)   ISIZE = SIZE_TYPE_GFL_COMP (YD%YPHYCTY, CLPATH//'%YPHYCTY', .FALSE.)
( 6331)   JSIZE = JSIZE + ISIZE
( 6332)   KSIZE = KSIZE + ISIZE
( 6333)   IF (LLPRINT) THEN
( 6334)     WRITE (*, '(I10," ")', ADVANCE='NO') JSIZE
( 6335)     WRITE (*, *) TRIM (CLPATH)//'%YPHYCTY'
( 6336)   ENDIF
( 6337) ENDIF
( 6338) LYRSPEC = ASSOCIATED (YD%YRSPEC)
( 6339) IF (LYRSPEC) THEN
( 6340)   JSIZE = 0
( 6341)   ISIZE = SIZE_TYPE_GFL_COMP (YD%YRSPEC, CLPATH//'%YRSPEC', .FALSE.)
( 6342)   JSIZE = JSIZE + ISIZE
( 6343)   KSIZE = KSIZE + ISIZE
( 6344)   IF (LLPRINT) THEN
( 6345)     WRITE (*, '(I10," ")', ADVANCE='NO') JSIZE
( 6346)     WRITE (*, *) TRIM (CLPATH)//'%YRSPEC'
( 6347)   ENDIF
( 6348) ENDIF
( 6349) LYSDSAT = ASSOCIATED (YD%YSDSAT)
( 6350) IF (LYSDSAT) THEN
( 6351)   JSIZE = 0
( 6352)   ISIZE = SIZE_TYPE_GFL_COMP (YD%YSDSAT, CLPATH//'%YSDSAT', .FALSE.)
( 6353)   JSIZE = JSIZE + ISIZE
( 6354)   KSIZE = KSIZE + ISIZE
( 6355)   IF (LLPRINT) THEN
( 6356)     WRITE (*, '(I10," ")', ADVANCE='NO') JSIZE
( 6357)     WRITE (*, *) TRIM (CLPATH)//'%YSDSAT'
( 6358)   ENDIF
( 6359) ENDIF
( 6360) LYCVV = ASSOCIATED (YD%YCVV)
( 6361) IF (LYCVV) THEN
( 6362)   JSIZE = 0
( 6363)   ISIZE = SIZE_TYPE_GFL_COMP (YD%YCVV, CLPATH//'%YCVV', .FALSE.)
( 6364)   JSIZE = JSIZE + ISIZE
( 6365)   KSIZE = KSIZE + ISIZE
( 6366)   IF (LLPRINT) THEN
( 6367)     WRITE (*, '(I10," ")', ADVANCE='NO') JSIZE
( 6368)     WRITE (*, *) TRIM (CLPATH)//'%YCVV'
( 6369)   ENDIF
( 6370) ENDIF
( 6371) LYRKTH = ASSOCIATED (YD%YRKTH)
( 6372) IF (LYRKTH) THEN
( 6373)   JSIZE = 0
( 6374)   ISIZE = SIZE_TYPE_GFL_COMP (YD%YRKTH, CLPATH//'%YRKTH', .FALSE.)
( 6375)   JSIZE = JSIZE + ISIZE
( 6376)   KSIZE = KSIZE + ISIZE
( 6377)   IF (LLPRINT) THEN
( 6378)     WRITE (*, '(I10," ")', ADVANCE='NO') JSIZE
( 6379)     WRITE (*, *) TRIM (CLPATH)//'%YRKTH'
( 6380)   ENDIF
( 6381) ENDIF






NVFORTRAN (Version     24.5)          03/19/2025  06:54:44      page 227

( 6382) LYRKTQV = ASSOCIATED (YD%YRKTQV)
( 6383) IF (LYRKTQV) THEN
( 6384)   JSIZE = 0
( 6385)   ISIZE = SIZE_TYPE_GFL_COMP (YD%YRKTQV, CLPATH//'%YRKTQV', .FALSE.)
( 6386)   JSIZE = JSIZE + ISIZE
( 6387)   KSIZE = KSIZE + ISIZE
( 6388)   IF (LLPRINT) THEN
( 6389)     WRITE (*, '(I10," ")', ADVANCE='NO') JSIZE
( 6390)     WRITE (*, *) TRIM (CLPATH)//'%YRKTQV'
( 6391)   ENDIF
( 6392) ENDIF
( 6393) LYRKTQC = ASSOCIATED (YD%YRKTQC)
( 6394) IF (LYRKTQC) THEN
( 6395)   JSIZE = 0
( 6396)   ISIZE = SIZE_TYPE_GFL_COMP (YD%YRKTQC, CLPATH//'%YRKTQC', .FALSE.)
( 6397)   JSIZE = JSIZE + ISIZE
( 6398)   KSIZE = KSIZE + ISIZE
( 6399)   IF (LLPRINT) THEN
( 6400)     WRITE (*, '(I10," ")', ADVANCE='NO') JSIZE
( 6401)     WRITE (*, *) TRIM (CLPATH)//'%YRKTQC'
( 6402)   ENDIF
( 6403) ENDIF
( 6404) LYUOM = ASSOCIATED (YD%YUOM)
( 6405) IF (LYUOM) THEN
( 6406)   JSIZE = 0
( 6407)   ISIZE = SIZE_TYPE_GFL_COMP (YD%YUOM, CLPATH//'%YUOM', .FALSE.)
( 6408)   JSIZE = JSIZE + ISIZE
( 6409)   KSIZE = KSIZE + ISIZE
( 6410)   IF (LLPRINT) THEN
( 6411)     WRITE (*, '(I10," ")', ADVANCE='NO') JSIZE
( 6412)     WRITE (*, *) TRIM (CLPATH)//'%YUOM'
( 6413)   ENDIF
( 6414) ENDIF
( 6415) LYUAL = ASSOCIATED (YD%YUAL)
( 6416) IF (LYUAL) THEN
( 6417)   JSIZE = 0
( 6418)   ISIZE = SIZE_TYPE_GFL_COMP (YD%YUAL, CLPATH//'%YUAL', .FALSE.)
( 6419)   JSIZE = JSIZE + ISIZE
( 6420)   KSIZE = KSIZE + ISIZE
( 6421)   IF (LLPRINT) THEN
( 6422)     WRITE (*, '(I10," ")', ADVANCE='NO') JSIZE
( 6423)     WRITE (*, *) TRIM (CLPATH)//'%YUAL'
( 6424)   ENDIF
( 6425) ENDIF
( 6426) LYDOM = ASSOCIATED (YD%YDOM)
( 6427) IF (LYDOM) THEN
( 6428)   JSIZE = 0
( 6429)   ISIZE = SIZE_TYPE_GFL_COMP (YD%YDOM, CLPATH//'%YDOM', .FALSE.)
( 6430)   JSIZE = JSIZE + ISIZE
( 6431)   KSIZE = KSIZE + ISIZE
( 6432)   IF (LLPRINT) THEN
( 6433)     WRITE (*, '(I10," ")', ADVANCE='NO') JSIZE
( 6434)     WRITE (*, *) TRIM (CLPATH)//'%YDOM'
( 6435)   ENDIF
( 6436) ENDIF
( 6437) LYDAL = ASSOCIATED (YD%YDAL)
( 6438) IF (LYDAL) THEN
( 6439)   JSIZE = 0






NVFORTRAN (Version     24.5)          03/19/2025  06:54:44      page 228

( 6440)   ISIZE = SIZE_TYPE_GFL_COMP (YD%YDAL, CLPATH//'%YDAL', .FALSE.)
( 6441)   JSIZE = JSIZE + ISIZE
( 6442)   KSIZE = KSIZE + ISIZE
( 6443)   IF (LLPRINT) THEN
( 6444)     WRITE (*, '(I10," ")', ADVANCE='NO') JSIZE
( 6445)     WRITE (*, *) TRIM (CLPATH)//'%YDAL'
( 6446)   ENDIF
( 6447) ENDIF
( 6448) LYUEN = ASSOCIATED (YD%YUEN)
( 6449) IF (LYUEN) THEN
( 6450)   JSIZE = 0
( 6451)   ISIZE = SIZE_TYPE_GFL_COMP (YD%YUEN, CLPATH//'%YUEN', .FALSE.)
( 6452)   JSIZE = JSIZE + ISIZE
( 6453)   KSIZE = KSIZE + ISIZE
( 6454)   IF (LLPRINT) THEN
( 6455)     WRITE (*, '(I10," ")', ADVANCE='NO') JSIZE
( 6456)     WRITE (*, *) TRIM (CLPATH)//'%YUEN'
( 6457)   ENDIF
( 6458) ENDIF
( 6459) LYUNEBH = ASSOCIATED (YD%YUNEBH)
( 6460) IF (LYUNEBH) THEN
( 6461)   JSIZE = 0
( 6462)   ISIZE = SIZE_TYPE_GFL_COMP (YD%YUNEBH, CLPATH//'%YUNEBH', .FALSE.)
( 6463)   JSIZE = JSIZE + ISIZE
( 6464)   KSIZE = KSIZE + ISIZE
( 6465)   IF (LLPRINT) THEN
( 6466)     WRITE (*, '(I10," ")', ADVANCE='NO') JSIZE
( 6467)     WRITE (*, *) TRIM (CLPATH)//'%YUNEBH'
( 6468)   ENDIF
( 6469) ENDIF
( 6470) LYLIMA = ASSOCIATED (YD%YLIMA)
( 6471) IF (LYLIMA) THEN
( 6472)   JSIZE = 0
( 6473)   DO J1 = LBOUND (YD%YLIMA, 1), UBOUND (YD%YLIMA, 1)
( 6474)     ISIZE = SIZE_TYPE_GFL_COMP (YD%YLIMA (J1), CLPATH//'%YLIMA', .FALSE.)
( 6475)     JSIZE = JSIZE + ISIZE
( 6476)     KSIZE = KSIZE + ISIZE
( 6477)   ENDDO
( 6478)   IF (LLPRINT) THEN
( 6479)     WRITE (*, '(I10," ")', ADVANCE='NO') JSIZE
( 6480)     WRITE (*, *) TRIM (CLPATH)//'%YLIMA'
( 6481)   ENDIF
( 6482) ENDIF
( 6483) LYFSD = ASSOCIATED (YD%YFSD)
( 6484) IF (LYFSD) THEN
( 6485)   JSIZE = 0
( 6486)   ISIZE = SIZE_TYPE_GFL_COMP (YD%YFSD, CLPATH//'%YFSD', .FALSE.)
( 6487)   JSIZE = JSIZE + ISIZE
( 6488)   KSIZE = KSIZE + ISIZE
( 6489)   IF (LLPRINT) THEN
( 6490)     WRITE (*, '(I10," ")', ADVANCE='NO') JSIZE
( 6491)     WRITE (*, *) TRIM (CLPATH)//'%YFSD'
( 6492)   ENDIF
( 6493) ENDIF
( 6494) LYEXT = ASSOCIATED (YD%YEXT)
( 6495) IF (LYEXT) THEN
( 6496)   JSIZE = 0
( 6497)   DO J1 = LBOUND (YD%YEXT, 1), UBOUND (YD%YEXT, 1)






NVFORTRAN (Version     24.5)          03/19/2025  06:54:44      page 229

( 6498)     ISIZE = SIZE_TYPE_GFL_COMP (YD%YEXT (J1), CLPATH//'%YEXT', .FALSE.)
( 6499)     JSIZE = JSIZE + ISIZE
( 6500)     KSIZE = KSIZE + ISIZE
( 6501)   ENDDO
( 6502)   IF (LLPRINT) THEN
( 6503)     WRITE (*, '(I10," ")', ADVANCE='NO') JSIZE
( 6504)     WRITE (*, *) TRIM (CLPATH)//'%YEXT'
( 6505)   ENDIF
( 6506) ENDIF
( 6507) JSIZE = 0
( 6508) ISIZE = SIZE_TYPE_GFL_NAML (YD%YQ_NL, CLPATH//'%YQ_NL', .FALSE.)
( 6509) JSIZE = JSIZE + ISIZE
( 6510) KSIZE = KSIZE + ISIZE
( 6511) IF (LLPRINT) THEN
( 6512)   WRITE (*, '(I10," ")', ADVANCE='NO') JSIZE
( 6513)   WRITE (*, *) TRIM (CLPATH)//'%YQ_NL'
( 6514) ENDIF
( 6515) JSIZE = 0
( 6516) ISIZE = SIZE_TYPE_GFL_NAML (YD%YI_NL, CLPATH//'%YI_NL', .FALSE.)
( 6517) JSIZE = JSIZE + ISIZE
( 6518) KSIZE = KSIZE + ISIZE
( 6519) IF (LLPRINT) THEN
( 6520)   WRITE (*, '(I10," ")', ADVANCE='NO') JSIZE
( 6521)   WRITE (*, *) TRIM (CLPATH)//'%YI_NL'
( 6522) ENDIF
( 6523) JSIZE = 0
( 6524) ISIZE = SIZE_TYPE_GFL_NAML (YD%YL_NL, CLPATH//'%YL_NL', .FALSE.)
( 6525) JSIZE = JSIZE + ISIZE
( 6526) KSIZE = KSIZE + ISIZE
( 6527) IF (LLPRINT) THEN
( 6528)   WRITE (*, '(I10," ")', ADVANCE='NO') JSIZE
( 6529)   WRITE (*, *) TRIM (CLPATH)//'%YL_NL'
( 6530) ENDIF
( 6531) JSIZE = 0
( 6532) ISIZE = SIZE_TYPE_GFL_NAML (YD%YLCONV_NL, CLPATH//'%YLCONV_NL', .FALSE.)
( 6533) JSIZE = JSIZE + ISIZE
( 6534) KSIZE = KSIZE + ISIZE
( 6535) IF (LLPRINT) THEN
( 6536)   WRITE (*, '(I10," ")', ADVANCE='NO') JSIZE
( 6537)   WRITE (*, *) TRIM (CLPATH)//'%YLCONV_NL'
( 6538) ENDIF
( 6539) JSIZE = 0
( 6540) ISIZE = SIZE_TYPE_GFL_NAML (YD%YICONV_NL, CLPATH//'%YICONV_NL', .FALSE.)
( 6541) JSIZE = JSIZE + ISIZE
( 6542) KSIZE = KSIZE + ISIZE
( 6543) IF (LLPRINT) THEN
( 6544)   WRITE (*, '(I10," ")', ADVANCE='NO') JSIZE
( 6545)   WRITE (*, *) TRIM (CLPATH)//'%YICONV_NL'
( 6546) ENDIF
( 6547) JSIZE = 0
( 6548) ISIZE = SIZE_TYPE_GFL_NAML (YD%YRCONV_NL, CLPATH//'%YRCONV_NL', .FALSE.)
( 6549) JSIZE = JSIZE + ISIZE
( 6550) KSIZE = KSIZE + ISIZE
( 6551) IF (LLPRINT) THEN
( 6552)   WRITE (*, '(I10," ")', ADVANCE='NO') JSIZE
( 6553)   WRITE (*, *) TRIM (CLPATH)//'%YRCONV_NL'
( 6554) ENDIF
( 6555) JSIZE = 0






NVFORTRAN (Version     24.5)          03/19/2025  06:54:44      page 230

( 6556) ISIZE = SIZE_TYPE_GFL_NAML (YD%YSCONV_NL, CLPATH//'%YSCONV_NL', .FALSE.)
( 6557) JSIZE = JSIZE + ISIZE
( 6558) KSIZE = KSIZE + ISIZE
( 6559) IF (LLPRINT) THEN
( 6560)   WRITE (*, '(I10," ")', ADVANCE='NO') JSIZE
( 6561)   WRITE (*, *) TRIM (CLPATH)//'%YSCONV_NL'
( 6562) ENDIF
( 6563) JSIZE = 0
( 6564) ISIZE = SIZE_TYPE_GFL_NAML (YD%YIRAD_NL, CLPATH//'%YIRAD_NL', .FALSE.)
( 6565) JSIZE = JSIZE + ISIZE
( 6566) KSIZE = KSIZE + ISIZE
( 6567) IF (LLPRINT) THEN
( 6568)   WRITE (*, '(I10," ")', ADVANCE='NO') JSIZE
( 6569)   WRITE (*, *) TRIM (CLPATH)//'%YIRAD_NL'
( 6570) ENDIF
( 6571) JSIZE = 0
( 6572) ISIZE = SIZE_TYPE_GFL_NAML (YD%YLRAD_NL, CLPATH//'%YLRAD_NL', .FALSE.)
( 6573) JSIZE = JSIZE + ISIZE
( 6574) KSIZE = KSIZE + ISIZE
( 6575) IF (LLPRINT) THEN
( 6576)   WRITE (*, '(I10," ")', ADVANCE='NO') JSIZE
( 6577)   WRITE (*, *) TRIM (CLPATH)//'%YLRAD_NL'
( 6578) ENDIF
( 6579) JSIZE = 0
( 6580) ISIZE = SIZE_TYPE_GFL_NAML (YD%YS_NL, CLPATH//'%YS_NL', .FALSE.)
( 6581) JSIZE = JSIZE + ISIZE
( 6582) KSIZE = KSIZE + ISIZE
( 6583) IF (LLPRINT) THEN
( 6584)   WRITE (*, '(I10," ")', ADVANCE='NO') JSIZE
( 6585)   WRITE (*, *) TRIM (CLPATH)//'%YS_NL'
( 6586) ENDIF
( 6587) JSIZE = 0
( 6588) ISIZE = SIZE_TYPE_GFL_NAML (YD%YR_NL, CLPATH//'%YR_NL', .FALSE.)
( 6589) JSIZE = JSIZE + ISIZE
( 6590) KSIZE = KSIZE + ISIZE
( 6591) IF (LLPRINT) THEN
( 6592)   WRITE (*, '(I10," ")', ADVANCE='NO') JSIZE
( 6593)   WRITE (*, *) TRIM (CLPATH)//'%YR_NL'
( 6594) ENDIF
( 6595) JSIZE = 0
( 6596) ISIZE = SIZE_TYPE_GFL_NAML (YD%YG_NL, CLPATH//'%YG_NL', .FALSE.)
( 6597) JSIZE = JSIZE + ISIZE
( 6598) KSIZE = KSIZE + ISIZE
( 6599) IF (LLPRINT) THEN
( 6600)   WRITE (*, '(I10," ")', ADVANCE='NO') JSIZE
( 6601)   WRITE (*, *) TRIM (CLPATH)//'%YG_NL'
( 6602) ENDIF
( 6603) JSIZE = 0
( 6604) ISIZE = SIZE_TYPE_GFL_NAML (YD%YH_NL, CLPATH//'%YH_NL', .FALSE.)
( 6605) JSIZE = JSIZE + ISIZE
( 6606) KSIZE = KSIZE + ISIZE
( 6607) IF (LLPRINT) THEN
( 6608)   WRITE (*, '(I10," ")', ADVANCE='NO') JSIZE
( 6609)   WRITE (*, *) TRIM (CLPATH)//'%YH_NL'
( 6610) ENDIF
( 6611) JSIZE = 0
( 6612) ISIZE = SIZE_TYPE_GFL_NAML (YD%YTKE_NL, CLPATH//'%YTKE_NL', .FALSE.)
( 6613) JSIZE = JSIZE + ISIZE






NVFORTRAN (Version     24.5)          03/19/2025  06:54:44      page 231

( 6614) KSIZE = KSIZE + ISIZE
( 6615) IF (LLPRINT) THEN
( 6616)   WRITE (*, '(I10," ")', ADVANCE='NO') JSIZE
( 6617)   WRITE (*, *) TRIM (CLPATH)//'%YTKE_NL'
( 6618) ENDIF
( 6619) JSIZE = 0
( 6620) ISIZE = SIZE_TYPE_GFL_NAML (YD%YTTE_NL, CLPATH//'%YTTE_NL', .FALSE.)
( 6621) JSIZE = JSIZE + ISIZE
( 6622) KSIZE = KSIZE + ISIZE
( 6623) IF (LLPRINT) THEN
( 6624)   WRITE (*, '(I10," ")', ADVANCE='NO') JSIZE
( 6625)   WRITE (*, *) TRIM (CLPATH)//'%YTTE_NL'
( 6626) ENDIF
( 6627) JSIZE = 0
( 6628) ISIZE = SIZE_TYPE_GFL_NAML (YD%YEFB1_NL, CLPATH//'%YEFB1_NL', .FALSE.)
( 6629) JSIZE = JSIZE + ISIZE
( 6630) KSIZE = KSIZE + ISIZE
( 6631) IF (LLPRINT) THEN
( 6632)   WRITE (*, '(I10," ")', ADVANCE='NO') JSIZE
( 6633)   WRITE (*, *) TRIM (CLPATH)//'%YEFB1_NL'
( 6634) ENDIF
( 6635) JSIZE = 0
( 6636) ISIZE = SIZE_TYPE_GFL_NAML (YD%YEFB2_NL, CLPATH//'%YEFB2_NL', .FALSE.)
( 6637) JSIZE = JSIZE + ISIZE
( 6638) KSIZE = KSIZE + ISIZE
( 6639) IF (LLPRINT) THEN
( 6640)   WRITE (*, '(I10," ")', ADVANCE='NO') JSIZE
( 6641)   WRITE (*, *) TRIM (CLPATH)//'%YEFB2_NL'
( 6642) ENDIF
( 6643) JSIZE = 0
( 6644) ISIZE = SIZE_TYPE_GFL_NAML (YD%YEFB3_NL, CLPATH//'%YEFB3_NL', .FALSE.)
( 6645) JSIZE = JSIZE + ISIZE
( 6646) KSIZE = KSIZE + ISIZE
( 6647) IF (LLPRINT) THEN
( 6648)   WRITE (*, '(I10," ")', ADVANCE='NO') JSIZE
( 6649)   WRITE (*, *) TRIM (CLPATH)//'%YEFB3_NL'
( 6650) ENDIF
( 6651) JSIZE = 0
( 6652) ISIZE = SIZE_TYPE_GFL_NAML (YD%YA_NL, CLPATH//'%YA_NL', .FALSE.)
( 6653) JSIZE = JSIZE + ISIZE
( 6654) KSIZE = KSIZE + ISIZE
( 6655) IF (LLPRINT) THEN
( 6656)   WRITE (*, '(I10," ")', ADVANCE='NO') JSIZE
( 6657)   WRITE (*, *) TRIM (CLPATH)//'%YA_NL'
( 6658) ENDIF
( 6659) JSIZE = 0
( 6660) ISIZE = SIZE_TYPE_GFL_NAML (YD%YO3_NL, CLPATH//'%YO3_NL', .FALSE.)
( 6661) JSIZE = JSIZE + ISIZE
( 6662) KSIZE = KSIZE + ISIZE
( 6663) IF (LLPRINT) THEN
( 6664)   WRITE (*, '(I10," ")', ADVANCE='NO') JSIZE
( 6665)   WRITE (*, *) TRIM (CLPATH)//'%YO3_NL'
( 6666) ENDIF
( 6667) JSIZE = 0
( 6668) ISIZE = SIZE_TYPE_GFL_NAML (YD%YSRC_NL, CLPATH//'%YSRC_NL', .FALSE.)
( 6669) JSIZE = JSIZE + ISIZE
( 6670) KSIZE = KSIZE + ISIZE
( 6671) IF (LLPRINT) THEN






NVFORTRAN (Version     24.5)          03/19/2025  06:54:44      page 232

( 6672)   WRITE (*, '(I10," ")', ADVANCE='NO') JSIZE
( 6673)   WRITE (*, *) TRIM (CLPATH)//'%YSRC_NL'
( 6674) ENDIF
( 6675) JSIZE = 0
( 6676) ISIZE = SIZE_TYPE_GFL_NAML (YD%YAMF_NL, CLPATH//'%YAMF_NL', .FALSE.)
( 6677) JSIZE = JSIZE + ISIZE
( 6678) KSIZE = KSIZE + ISIZE
( 6679) IF (LLPRINT) THEN
( 6680)   WRITE (*, '(I10," ")', ADVANCE='NO') JSIZE
( 6681)   WRITE (*, *) TRIM (CLPATH)//'%YAMF_NL'
( 6682) ENDIF
( 6683) JSIZE = 0
( 6684) ISIZE = SIZE_TYPE_GFL_NAML (YD%YLMF_NL, CLPATH//'%YLMF_NL', .FALSE.)
( 6685) JSIZE = JSIZE + ISIZE
( 6686) KSIZE = KSIZE + ISIZE
( 6687) IF (LLPRINT) THEN
( 6688)   WRITE (*, '(I10," ")', ADVANCE='NO') JSIZE
( 6689)   WRITE (*, *) TRIM (CLPATH)//'%YLMF_NL'
( 6690) ENDIF
( 6691) JSIZE = 0
( 6692) ISIZE = SIZE_TYPE_GFL_NAML (YD%YIMF_NL, CLPATH//'%YIMF_NL', .FALSE.)
( 6693) JSIZE = JSIZE + ISIZE
( 6694) KSIZE = KSIZE + ISIZE
( 6695) IF (LLPRINT) THEN
( 6696)   WRITE (*, '(I10," ")', ADVANCE='NO') JSIZE
( 6697)   WRITE (*, *) TRIM (CLPATH)//'%YIMF_NL'
( 6698) ENDIF
( 6699) JSIZE = 0
( 6700) ISIZE = SIZE_TYPE_GFL_NAML (YD%YMXL_NL, CLPATH//'%YMXL_NL', .FALSE.)
( 6701) JSIZE = JSIZE + ISIZE
( 6702) KSIZE = KSIZE + ISIZE
( 6703) IF (LLPRINT) THEN
( 6704)   WRITE (*, '(I10," ")', ADVANCE='NO') JSIZE
( 6705)   WRITE (*, *) TRIM (CLPATH)//'%YMXL_NL'
( 6706) ENDIF
( 6707) JSIZE = 0
( 6708) ISIZE = SIZE_TYPE_GFL_NAML (YD%YSHTUR_NL, CLPATH//'%YSHTUR_NL', .FALSE.)
( 6709) JSIZE = JSIZE + ISIZE
( 6710) KSIZE = KSIZE + ISIZE
( 6711) IF (LLPRINT) THEN
( 6712)   WRITE (*, '(I10," ")', ADVANCE='NO') JSIZE
( 6713)   WRITE (*, *) TRIM (CLPATH)//'%YSHTUR_NL'
( 6714) ENDIF
( 6715) JSIZE = 0
( 6716) ISIZE = SIZE_TYPE_GFL_NAML (YD%YFQTUR_NL, CLPATH//'%YFQTUR_NL', .FALSE.)
( 6717) JSIZE = JSIZE + ISIZE
( 6718) KSIZE = KSIZE + ISIZE
( 6719) IF (LLPRINT) THEN
( 6720)   WRITE (*, '(I10," ")', ADVANCE='NO') JSIZE
( 6721)   WRITE (*, *) TRIM (CLPATH)//'%YFQTUR_NL'
( 6722) ENDIF
( 6723) JSIZE = 0
( 6724) ISIZE = SIZE_TYPE_GFL_NAML (YD%YFSTUR_NL, CLPATH//'%YFSTUR_NL', .FALSE.)
( 6725) JSIZE = JSIZE + ISIZE
( 6726) KSIZE = KSIZE + ISIZE
( 6727) IF (LLPRINT) THEN
( 6728)   WRITE (*, '(I10," ")', ADVANCE='NO') JSIZE
( 6729)   WRITE (*, *) TRIM (CLPATH)//'%YFSTUR_NL'






NVFORTRAN (Version     24.5)          03/19/2025  06:54:44      page 233

( 6730) ENDIF
( 6731) JSIZE = 0
( 6732) ISIZE = SIZE_TYPE_GFL_NAML (YD%YCPF_NL, CLPATH//'%YCPF_NL', .FALSE.)
( 6733) JSIZE = JSIZE + ISIZE
( 6734) KSIZE = KSIZE + ISIZE
( 6735) IF (LLPRINT) THEN
( 6736)   WRITE (*, '(I10," ")', ADVANCE='NO') JSIZE
( 6737)   WRITE (*, *) TRIM (CLPATH)//'%YCPF_NL'
( 6738) ENDIF
( 6739) JSIZE = 0
( 6740) ISIZE = SIZE_TYPE_GFL_NAML (YD%YSPF_NL, CLPATH//'%YSPF_NL', .FALSE.)
( 6741) JSIZE = JSIZE + ISIZE
( 6742) KSIZE = KSIZE + ISIZE
( 6743) IF (LLPRINT) THEN
( 6744)   WRITE (*, '(I10," ")', ADVANCE='NO') JSIZE
( 6745)   WRITE (*, *) TRIM (CLPATH)//'%YSPF_NL'
( 6746) ENDIF
( 6747) JSIZE = 0
( 6748) ISIZE = SIZE_TYPE_GFL_NAML (YD%YCVGQ_NL, CLPATH//'%YCVGQ_NL', .FALSE.)
( 6749) JSIZE = JSIZE + ISIZE
( 6750) KSIZE = KSIZE + ISIZE
( 6751) IF (LLPRINT) THEN
( 6752)   WRITE (*, '(I10," ")', ADVANCE='NO') JSIZE
( 6753)   WRITE (*, *) TRIM (CLPATH)//'%YCVGQ_NL'
( 6754) ENDIF
( 6755) JSIZE = 0
( 6756) ISIZE = SIZE_TYPE_GFL_NAML (YD%YQVA_NL, CLPATH//'%YQVA_NL', .FALSE.)
( 6757) JSIZE = JSIZE + ISIZE
( 6758) KSIZE = KSIZE + ISIZE
( 6759) IF (LLPRINT) THEN
( 6760)   WRITE (*, '(I10," ")', ADVANCE='NO') JSIZE
( 6761)   WRITE (*, *) TRIM (CLPATH)//'%YQVA_NL'
( 6762) ENDIF
( 6763) JSIZE = 0
( 6764) DO J1 = LBOUND (YD%YGHG_NL, 1), UBOUND (YD%YGHG_NL, 1)
( 6765)   ISIZE = SIZE_TYPE_GFL_NAML (YD%YGHG_NL (J1), CLPATH//'%YGHG_NL', .FALSE.)
( 6766)   JSIZE = JSIZE + ISIZE
( 6767)   KSIZE = KSIZE + ISIZE
( 6768) ENDDO
( 6769) IF (LLPRINT) THEN
( 6770)   WRITE (*, '(I10," ")', ADVANCE='NO') JSIZE
( 6771)   WRITE (*, *) TRIM (CLPATH)//'%YGHG_NL'
( 6772) ENDIF
( 6773) JSIZE = 0
( 6774) DO J1 = LBOUND (YD%YCHEM_NL, 1), UBOUND (YD%YCHEM_NL, 1)
( 6775)   ISIZE = SIZE_TYPE_GFL_NAML (YD%YCHEM_NL (J1), CLPATH//'%YCHEM_NL', .FALSE.)
( 6776)   JSIZE = JSIZE + ISIZE
( 6777)   KSIZE = KSIZE + ISIZE
( 6778) ENDDO
( 6779) IF (LLPRINT) THEN
( 6780)   WRITE (*, '(I10," ")', ADVANCE='NO') JSIZE
( 6781)   WRITE (*, *) TRIM (CLPATH)//'%YCHEM_NL'
( 6782) ENDIF
( 6783) JSIZE = 0
( 6784) DO J1 = LBOUND (YD%YAERO_NL, 1), UBOUND (YD%YAERO_NL, 1)
( 6785)   ISIZE = SIZE_TYPE_GFL_NAML (YD%YAERO_NL (J1), CLPATH//'%YAERO_NL', .FALSE.)
( 6786)   JSIZE = JSIZE + ISIZE
( 6787)   KSIZE = KSIZE + ISIZE






NVFORTRAN (Version     24.5)          03/19/2025  06:54:44      page 234

( 6788) ENDDO
( 6789) IF (LLPRINT) THEN
( 6790)   WRITE (*, '(I10," ")', ADVANCE='NO') JSIZE
( 6791)   WRITE (*, *) TRIM (CLPATH)//'%YAERO_NL'
( 6792) ENDIF
( 6793) JSIZE = 0
( 6794) DO J1 = LBOUND (YD%YERA40_NL, 1), UBOUND (YD%YERA40_NL, 1)
( 6795)   ISIZE = SIZE_TYPE_GFL_NAML (YD%YERA40_NL (J1), CLPATH//'%YERA40_NL', .FALSE.)
( 6796)   JSIZE = JSIZE + ISIZE
( 6797)   KSIZE = KSIZE + ISIZE
( 6798) ENDDO
( 6799) IF (LLPRINT) THEN
( 6800)   WRITE (*, '(I10," ")', ADVANCE='NO') JSIZE
( 6801)   WRITE (*, *) TRIM (CLPATH)//'%YERA40_NL'
( 6802) ENDIF
( 6803) JSIZE = 0
( 6804) DO J1 = LBOUND (YD%YNOGW_NL, 1), UBOUND (YD%YNOGW_NL, 1)
( 6805)   ISIZE = SIZE_TYPE_GFL_NAML (YD%YNOGW_NL (J1), CLPATH//'%YNOGW_NL', .FALSE.)
( 6806)   JSIZE = JSIZE + ISIZE
( 6807)   KSIZE = KSIZE + ISIZE
( 6808) ENDDO
( 6809) IF (LLPRINT) THEN
( 6810)   WRITE (*, '(I10," ")', ADVANCE='NO') JSIZE
( 6811)   WRITE (*, *) TRIM (CLPATH)//'%YNOGW_NL'
( 6812) ENDIF
( 6813) JSIZE = 0
( 6814) DO J1 = LBOUND (YD%YEDRP_NL, 1), UBOUND (YD%YEDRP_NL, 1)
( 6815)   ISIZE = SIZE_TYPE_GFL_NAML (YD%YEDRP_NL (J1), CLPATH//'%YEDRP_NL', .FALSE.)
( 6816)   JSIZE = JSIZE + ISIZE
( 6817)   KSIZE = KSIZE + ISIZE
( 6818) ENDDO
( 6819) IF (LLPRINT) THEN
( 6820)   WRITE (*, '(I10," ")', ADVANCE='NO') JSIZE
( 6821)   WRITE (*, *) TRIM (CLPATH)//'%YEDRP_NL'
( 6822) ENDIF
( 6823) JSIZE = 0
( 6824) DO J1 = LBOUND (YD%YSLDIA_NL, 1), UBOUND (YD%YSLDIA_NL, 1)
( 6825)   ISIZE = SIZE_TYPE_GFL_NAML (YD%YSLDIA_NL (J1), CLPATH//'%YSLDIA_NL', .FALSE.)
( 6826)   JSIZE = JSIZE + ISIZE
( 6827)   KSIZE = KSIZE + ISIZE
( 6828) ENDDO
( 6829) IF (LLPRINT) THEN
( 6830)   WRITE (*, '(I10," ")', ADVANCE='NO') JSIZE
( 6831)   WRITE (*, *) TRIM (CLPATH)//'%YSLDIA_NL'
( 6832) ENDIF
( 6833) JSIZE = 0
( 6834) ISIZE = SIZE_TYPE_GFL_NAML (YD%YLRCH4_NL, CLPATH//'%YLRCH4_NL', .FALSE.)
( 6835) JSIZE = JSIZE + ISIZE
( 6836) KSIZE = KSIZE + ISIZE
( 6837) IF (LLPRINT) THEN
( 6838)   WRITE (*, '(I10," ")', ADVANCE='NO') JSIZE
( 6839)   WRITE (*, *) TRIM (CLPATH)//'%YLRCH4_NL'
( 6840) ENDIF
( 6841) JSIZE = 0
( 6842) DO J1 = LBOUND (YD%YAERAOT_NL, 1), UBOUND (YD%YAERAOT_NL, 1)
( 6843)   ISIZE = SIZE_TYPE_GFL_NAML (YD%YAERAOT_NL (J1), CLPATH//'%YAERAOT_NL', .FALSE.)
( 6844)   JSIZE = JSIZE + ISIZE
( 6845)   KSIZE = KSIZE + ISIZE






NVFORTRAN (Version     24.5)          03/19/2025  06:54:44      page 235

( 6846) ENDDO
( 6847) IF (LLPRINT) THEN
( 6848)   WRITE (*, '(I10," ")', ADVANCE='NO') JSIZE
( 6849)   WRITE (*, *) TRIM (CLPATH)//'%YAERAOT_NL'
( 6850) ENDIF
( 6851) JSIZE = 0
( 6852) DO J2 = LBOUND (YD%YAERLISI_NL, 2), UBOUND (YD%YAERLISI_NL, 2)
( 6853)   DO J1 = LBOUND (YD%YAERLISI_NL, 1), UBOUND (YD%YAERLISI_NL, 1)
( 6854)     ISIZE = SIZE_TYPE_GFL_NAML (YD%YAERLISI_NL (J1, J2), CLPATH//'%YAERLISI_NL', .FALSE.)
( 6855)     JSIZE = JSIZE + ISIZE
( 6856)     KSIZE = KSIZE + ISIZE
( 6857)   ENDDO
( 6858) ENDDO
( 6859) IF (LLPRINT) THEN
( 6860)   WRITE (*, '(I10," ")', ADVANCE='NO') JSIZE
( 6861)   WRITE (*, *) TRIM (CLPATH)//'%YAERLISI_NL'
( 6862) ENDIF
( 6863) JSIZE = 0
( 6864) DO J1 = LBOUND (YD%YAEROUT_NL, 1), UBOUND (YD%YAEROUT_NL, 1)
( 6865)   ISIZE = SIZE_TYPE_GFL_NAML (YD%YAEROUT_NL (J1), CLPATH//'%YAEROUT_NL', .FALSE.)
( 6866)   JSIZE = JSIZE + ISIZE
( 6867)   KSIZE = KSIZE + ISIZE
( 6868) ENDDO
( 6869) IF (LLPRINT) THEN
( 6870)   WRITE (*, '(I10," ")', ADVANCE='NO') JSIZE
( 6871)   WRITE (*, *) TRIM (CLPATH)//'%YAEROUT_NL'
( 6872) ENDIF
( 6873) JSIZE = 0
( 6874) DO J1 = LBOUND (YD%YAEROCLIM_NL, 1), UBOUND (YD%YAEROCLIM_NL, 1)
( 6875)   ISIZE = SIZE_TYPE_GFL_NAML (YD%YAEROCLIM_NL (J1), CLPATH//'%YAEROCLIM_NL', .FALSE.)
( 6876)   JSIZE = JSIZE + ISIZE
( 6877)   KSIZE = KSIZE + ISIZE
( 6878) ENDDO
( 6879) IF (LLPRINT) THEN
( 6880)   WRITE (*, '(I10," ")', ADVANCE='NO') JSIZE
( 6881)   WRITE (*, *) TRIM (CLPATH)//'%YAEROCLIM_NL'
( 6882) ENDIF
( 6883) JSIZE = 0
( 6884) DO J1 = LBOUND (YD%YUVP_NL, 1), UBOUND (YD%YUVP_NL, 1)
( 6885)   ISIZE = SIZE_TYPE_GFL_NAML (YD%YUVP_NL (J1), CLPATH//'%YUVP_NL', .FALSE.)
( 6886)   JSIZE = JSIZE + ISIZE
( 6887)   KSIZE = KSIZE + ISIZE
( 6888) ENDDO
( 6889) IF (LLPRINT) THEN
( 6890)   WRITE (*, '(I10," ")', ADVANCE='NO') JSIZE
( 6891)   WRITE (*, *) TRIM (CLPATH)//'%YUVP_NL'
( 6892) ENDIF
( 6893) JSIZE = 0
( 6894) ISIZE = SIZE_TYPE_GFL_NAML (YD%YRKTH_NL, CLPATH//'%YRKTH_NL', .FALSE.)
( 6895) JSIZE = JSIZE + ISIZE
( 6896) KSIZE = KSIZE + ISIZE
( 6897) IF (LLPRINT) THEN
( 6898)   WRITE (*, '(I10," ")', ADVANCE='NO') JSIZE
( 6899)   WRITE (*, *) TRIM (CLPATH)//'%YRKTH_NL'
( 6900) ENDIF
( 6901) JSIZE = 0
( 6902) ISIZE = SIZE_TYPE_GFL_NAML (YD%YRKTQV_NL, CLPATH//'%YRKTQV_NL', .FALSE.)
( 6903) JSIZE = JSIZE + ISIZE






NVFORTRAN (Version     24.5)          03/19/2025  06:54:44      page 236

( 6904) KSIZE = KSIZE + ISIZE
( 6905) IF (LLPRINT) THEN
( 6906)   WRITE (*, '(I10," ")', ADVANCE='NO') JSIZE
( 6907)   WRITE (*, *) TRIM (CLPATH)//'%YRKTQV_NL'
( 6908) ENDIF
( 6909) JSIZE = 0
( 6910) ISIZE = SIZE_TYPE_GFL_NAML (YD%YRKTQC_NL, CLPATH//'%YRKTQC_NL', .FALSE.)
( 6911) JSIZE = JSIZE + ISIZE
( 6912) KSIZE = KSIZE + ISIZE
( 6913) IF (LLPRINT) THEN
( 6914)   WRITE (*, '(I10," ")', ADVANCE='NO') JSIZE
( 6915)   WRITE (*, *) TRIM (CLPATH)//'%YRKTQC_NL'
( 6916) ENDIF
( 6917) JSIZE = 0
( 6918) ISIZE = SIZE_TYPE_GFL_NAML (YD%YPHYCTY_NL, CLPATH//'%YPHYCTY_NL', .FALSE.)
( 6919) JSIZE = JSIZE + ISIZE
( 6920) KSIZE = KSIZE + ISIZE
( 6921) IF (LLPRINT) THEN
( 6922)   WRITE (*, '(I10," ")', ADVANCE='NO') JSIZE
( 6923)   WRITE (*, *) TRIM (CLPATH)//'%YPHYCTY_NL'
( 6924) ENDIF
( 6925) JSIZE = 0
( 6926) ISIZE = SIZE_TYPE_GFL_NAML (YD%YFSD_NL, CLPATH//'%YFSD_NL', .FALSE.)
( 6927) JSIZE = JSIZE + ISIZE
( 6928) KSIZE = KSIZE + ISIZE
( 6929) IF (LLPRINT) THEN
( 6930)   WRITE (*, '(I10," ")', ADVANCE='NO') JSIZE
( 6931)   WRITE (*, *) TRIM (CLPATH)//'%YFSD_NL'
( 6932) ENDIF
( 6933) JSIZE = 0
( 6934) ISIZE = SIZE_TYPE_GFL_NAML (YD%YRSPEC_NL, CLPATH//'%YRSPEC_NL', .FALSE.)
( 6935) JSIZE = JSIZE + ISIZE
( 6936) KSIZE = KSIZE + ISIZE
( 6937) IF (LLPRINT) THEN
( 6938)   WRITE (*, '(I10," ")', ADVANCE='NO') JSIZE
( 6939)   WRITE (*, *) TRIM (CLPATH)//'%YRSPEC_NL'
( 6940) ENDIF
( 6941) JSIZE = 0
( 6942) ISIZE = SIZE_TYPE_GFL_NAML (YD%YSDSAT_NL, CLPATH//'%YSDSAT_NL', .FALSE.)
( 6943) JSIZE = JSIZE + ISIZE
( 6944) KSIZE = KSIZE + ISIZE
( 6945) IF (LLPRINT) THEN
( 6946)   WRITE (*, '(I10," ")', ADVANCE='NO') JSIZE
( 6947)   WRITE (*, *) TRIM (CLPATH)//'%YSDSAT_NL'
( 6948) ENDIF
( 6949) JSIZE = 0
( 6950) ISIZE = SIZE_TYPE_GFL_NAML (YD%YCVV_NL, CLPATH//'%YCVV_NL', .FALSE.)
( 6951) JSIZE = JSIZE + ISIZE
( 6952) KSIZE = KSIZE + ISIZE
( 6953) IF (LLPRINT) THEN
( 6954)   WRITE (*, '(I10," ")', ADVANCE='NO') JSIZE
( 6955)   WRITE (*, *) TRIM (CLPATH)//'%YCVV_NL'
( 6956) ENDIF
( 6957) JSIZE = 0
( 6958) DO J1 = LBOUND (YD%YFORC_NL, 1), UBOUND (YD%YFORC_NL, 1)
( 6959)   ISIZE = SIZE_TYPE_GFL_NAML (YD%YFORC_NL (J1), CLPATH//'%YFORC_NL', .FALSE.)
( 6960)   JSIZE = JSIZE + ISIZE
( 6961)   KSIZE = KSIZE + ISIZE






NVFORTRAN (Version     24.5)          03/19/2025  06:54:44      page 237

( 6962) ENDDO
( 6963) IF (LLPRINT) THEN
( 6964)   WRITE (*, '(I10," ")', ADVANCE='NO') JSIZE
( 6965)   WRITE (*, *) TRIM (CLPATH)//'%YFORC_NL'
( 6966) ENDIF
( 6967) JSIZE = 0
( 6968) DO J1 = LBOUND (YD%YEZDIAG_NL, 1), UBOUND (YD%YEZDIAG_NL, 1)
( 6969)   ISIZE = SIZE_TYPE_GFL_NAML (YD%YEZDIAG_NL (J1), CLPATH//'%YEZDIAG_NL', .FALSE.)
( 6970)   JSIZE = JSIZE + ISIZE
( 6971)   KSIZE = KSIZE + ISIZE
( 6972) ENDDO
( 6973) IF (LLPRINT) THEN
( 6974)   WRITE (*, '(I10," ")', ADVANCE='NO') JSIZE
( 6975)   WRITE (*, *) TRIM (CLPATH)//'%YEZDIAG_NL'
( 6976) ENDIF
( 6977) JSIZE = 0
( 6978) DO J1 = LBOUND (YD%YEXT_NL, 1), UBOUND (YD%YEXT_NL, 1)
( 6979)   ISIZE = SIZE_TYPE_GFL_NAML (YD%YEXT_NL (J1), CLPATH//'%YEXT_NL', .FALSE.)
( 6980)   JSIZE = JSIZE + ISIZE
( 6981)   KSIZE = KSIZE + ISIZE
( 6982) ENDDO
( 6983) IF (LLPRINT) THEN
( 6984)   WRITE (*, '(I10," ")', ADVANCE='NO') JSIZE
( 6985)   WRITE (*, *) TRIM (CLPATH)//'%YEXT_NL'
( 6986) ENDIF
( 6987) JSIZE = 0
( 6988) ISIZE = SIZE_TYPE_GFL_NAML (YD%YUOM_NL, CLPATH//'%YUOM_NL', .FALSE.)
( 6989) JSIZE = JSIZE + ISIZE
( 6990) KSIZE = KSIZE + ISIZE
( 6991) IF (LLPRINT) THEN
( 6992)   WRITE (*, '(I10," ")', ADVANCE='NO') JSIZE
( 6993)   WRITE (*, *) TRIM (CLPATH)//'%YUOM_NL'
( 6994) ENDIF
( 6995) JSIZE = 0
( 6996) ISIZE = SIZE_TYPE_GFL_NAML (YD%YUAL_NL, CLPATH//'%YUAL_NL', .FALSE.)
( 6997) JSIZE = JSIZE + ISIZE
( 6998) KSIZE = KSIZE + ISIZE
( 6999) IF (LLPRINT) THEN
( 7000)   WRITE (*, '(I10," ")', ADVANCE='NO') JSIZE
( 7001)   WRITE (*, *) TRIM (CLPATH)//'%YUAL_NL'
( 7002) ENDIF
( 7003) JSIZE = 0
( 7004) ISIZE = SIZE_TYPE_GFL_NAML (YD%YDOM_NL, CLPATH//'%YDOM_NL', .FALSE.)
( 7005) JSIZE = JSIZE + ISIZE
( 7006) KSIZE = KSIZE + ISIZE
( 7007) IF (LLPRINT) THEN
( 7008)   WRITE (*, '(I10," ")', ADVANCE='NO') JSIZE
( 7009)   WRITE (*, *) TRIM (CLPATH)//'%YDOM_NL'
( 7010) ENDIF
( 7011) JSIZE = 0
( 7012) ISIZE = SIZE_TYPE_GFL_NAML (YD%YDAL_NL, CLPATH//'%YDAL_NL', .FALSE.)
( 7013) JSIZE = JSIZE + ISIZE
( 7014) KSIZE = KSIZE + ISIZE
( 7015) IF (LLPRINT) THEN
( 7016)   WRITE (*, '(I10," ")', ADVANCE='NO') JSIZE
( 7017)   WRITE (*, *) TRIM (CLPATH)//'%YDAL_NL'
( 7018) ENDIF
( 7019) JSIZE = 0






NVFORTRAN (Version     24.5)          03/19/2025  06:54:44      page 238

( 7020) ISIZE = SIZE_TYPE_GFL_NAML (YD%YUEN_NL, CLPATH//'%YUEN_NL', .FALSE.)
( 7021) JSIZE = JSIZE + ISIZE
( 7022) KSIZE = KSIZE + ISIZE
( 7023) IF (LLPRINT) THEN
( 7024)   WRITE (*, '(I10," ")', ADVANCE='NO') JSIZE
( 7025)   WRITE (*, *) TRIM (CLPATH)//'%YUEN_NL'
( 7026) ENDIF
( 7027) JSIZE = 0
( 7028) ISIZE = SIZE_TYPE_GFL_NAML (YD%YUNEBH_NL, CLPATH//'%YUNEBH_NL', .FALSE.)
( 7029) JSIZE = JSIZE + ISIZE
( 7030) KSIZE = KSIZE + ISIZE
( 7031) IF (LLPRINT) THEN
( 7032)   WRITE (*, '(I10," ")', ADVANCE='NO') JSIZE
( 7033)   WRITE (*, *) TRIM (CLPATH)//'%YUNEBH_NL'
( 7034) ENDIF
( 7035) JSIZE = 0
( 7036) DO J1 = LBOUND (YD%YAERO_WVL_DIAG_NL, 1), UBOUND (YD%YAERO_WVL_DIAG_NL, 1)
( 7037)   ISIZE = SIZE_TYPE_AERO_WVL_DIAG (YD%YAERO_WVL_DIAG_NL (J1), CLPATH//'%YAERO_WVL_DIAG_NL', .FALSE.)
( 7038)   JSIZE = JSIZE + ISIZE
( 7039)   KSIZE = KSIZE + ISIZE
( 7040) ENDDO
( 7041) IF (LLPRINT) THEN
( 7042)   WRITE (*, '(I10," ")', ADVANCE='NO') JSIZE
( 7043)   WRITE (*, *) TRIM (CLPATH)//'%YAERO_WVL_DIAG_NL'
( 7044) ENDIF
( 7045) JSIZE = 0
( 7046) DO J1 = LBOUND (YD%YLIMA_NL, 1), UBOUND (YD%YLIMA_NL, 1)
( 7047)   ISIZE = SIZE_TYPE_GFL_NAML (YD%YLIMA_NL (J1), CLPATH//'%YLIMA_NL', .FALSE.)
( 7048)   JSIZE = JSIZE + ISIZE
( 7049)   KSIZE = KSIZE + ISIZE
( 7050) ENDDO
( 7051) IF (LLPRINT) THEN
( 7052)   WRITE (*, '(I10," ")', ADVANCE='NO') JSIZE
( 7053)   WRITE (*, *) TRIM (CLPATH)//'%YLIMA_NL'
( 7054) ENDIF
( 7055) END FUNCTION
( 7056) # 7057 "./util_type_gfld_mod.F90"
( 7057) END MODULE
