


NVFORTRAN (Version     24.5)          03/19/2025  06:54:31      page 1

Switches: -noasm -nodclchk -debug -nodlines -line -list
          -idir /opt/softs/gcc/9.2.0/hpc_sdk/Linux_x86_64/24.5/comm_libs/12.4/hpcx/hpcx-2.19/ompi/include
          -idir /opt/softs/gcc/9.2.0/hpc_sdk/Linux_x86_64/24.5/comm_libs/12.4/hpcx/hpcx-2.19/ompi/lib
          -inform severe -opt 1 -nosave -object -noonetrip
          -depchk on -nostandard     
          -symbol -noupcase    

Filename: ./util_tecuconvca_mod.F90

(    1) MODULE UTIL_TECUCONVCA_MOD
(    2) 
(    3) USE YOE_CUCONVCA, ONLY : TECUCONVCA
(    4) 
(    5) INTERFACE SAVE
(    6) MODULE PROCEDURE SAVE_TECUCONVCA
(    7) END INTERFACE
(    8) 
(    9) INTERFACE LOAD
(   10) MODULE PROCEDURE LOAD_TECUCONVCA
(   11) END INTERFACE
(   12) 
(   13) INTERFACE COPY
(   14) MODULE PROCEDURE COPY_TECUCONVCA
(   15) END INTERFACE
(   16) 
(   17) INTERFACE HOST
(   18) MODULE PROCEDURE HOST_TECUCONVCA
(   19) END INTERFACE
(   20) 
(   21)      
(   22) INTERFACE CRC64
(   23) MODULE PROCEDURE CRC64_TECUCONVCA
(   24) END INTERFACE
(   25) 
(   26) INTERFACE WIPE
(   27) MODULE PROCEDURE WIPE_TECUCONVCA
(   28) END INTERFACE
(   29) 
(   30) INTERFACE SIZE
(   31) MODULE PROCEDURE SIZE_TECUCONVCA
(   32) END INTERFACE
(   33) 
(   34) 
(   35) CONTAINS
(   36) 
(   37) SUBROUTINE SAVE_TECUCONVCA (KLUN, YD)
(   38) 
(   39) IMPLICIT NONE
(   40) INTEGER, INTENT (IN) :: KLUN
(   41) TYPE (TECUCONVCA), INTENT (IN), TARGET :: YD
(   42) LOGICAL :: LNBEW, LNBLS, LNBNS, LNBSS, LNCELLCU, LNFERTCU, LNRNBLS, LNRNBSS, LRCAPECONVCA, LRCUCONVCA
(   43) LOGICAL :: LRLATDEP, LRLATLONNBLS, LRLATLONNBSS, LRLONDEP, LRNLCONVCA, LRWASALIVE, LRWGHTCU, LSLDDLAT, LSLDLAT, LSLDLONG
(   44) LOGICAL :: LSLLAT, LSLLONG
(   45) WRITE (KLUN) YD%NLIVES
(   46) WRITE (KLUN) YD%NFERTYRS
(   47) WRITE (KLUN) YD%NSPINUP
(   48) LNCELLCU = ALLOCATED (YD%NCELLCU)
(   49) WRITE (KLUN) LNCELLCU
(   50) IF (LNCELLCU) THEN






NVFORTRAN (Version     24.5)          03/19/2025  06:54:31      page 2

(   51)   WRITE (KLUN) LBOUND (YD%NCELLCU)
(   52)   WRITE (KLUN) UBOUND (YD%NCELLCU)
(   53)   WRITE (KLUN) YD%NCELLCU
(   54) ENDIF
(   55) LNFERTCU = ALLOCATED (YD%NFERTCU)
(   56) WRITE (KLUN) LNFERTCU
(   57) IF (LNFERTCU) THEN
(   58)   WRITE (KLUN) LBOUND (YD%NFERTCU)
(   59)   WRITE (KLUN) UBOUND (YD%NFERTCU)
(   60)   WRITE (KLUN) YD%NFERTCU
(   61) ENDIF
(   62) LNBLS = ALLOCATED (YD%NBLS)
(   63) WRITE (KLUN) LNBLS
(   64) IF (LNBLS) THEN
(   65)   WRITE (KLUN) LBOUND (YD%NBLS)
(   66)   WRITE (KLUN) UBOUND (YD%NBLS)
(   67)   WRITE (KLUN) YD%NBLS
(   68) ENDIF
(   69) LNBSS = ALLOCATED (YD%NBSS)
(   70) WRITE (KLUN) LNBSS
(   71) IF (LNBSS) THEN
(   72)   WRITE (KLUN) LBOUND (YD%NBSS)
(   73)   WRITE (KLUN) UBOUND (YD%NBSS)
(   74)   WRITE (KLUN) YD%NBSS
(   75) ENDIF
(   76) LNRNBLS = ALLOCATED (YD%NRNBLS)
(   77) WRITE (KLUN) LNRNBLS
(   78) IF (LNRNBLS) THEN
(   79)   WRITE (KLUN) LBOUND (YD%NRNBLS)
(   80)   WRITE (KLUN) UBOUND (YD%NRNBLS)
(   81)   WRITE (KLUN) YD%NRNBLS
(   82) ENDIF
(   83) LNRNBSS = ALLOCATED (YD%NRNBSS)
(   84) WRITE (KLUN) LNRNBSS
(   85) IF (LNRNBSS) THEN
(   86)   WRITE (KLUN) LBOUND (YD%NRNBSS)
(   87)   WRITE (KLUN) UBOUND (YD%NRNBSS)
(   88)   WRITE (KLUN) YD%NRNBSS
(   89) ENDIF
(   90) LNBEW = ALLOCATED (YD%NBEW)
(   91) WRITE (KLUN) LNBEW
(   92) IF (LNBEW) THEN
(   93)   WRITE (KLUN) LBOUND (YD%NBEW)
(   94)   WRITE (KLUN) UBOUND (YD%NBEW)
(   95)   WRITE (KLUN) YD%NBEW
(   96) ENDIF
(   97) LNBNS = ALLOCATED (YD%NBNS)
(   98) WRITE (KLUN) LNBNS
(   99) IF (LNBNS) THEN
(  100)   WRITE (KLUN) LBOUND (YD%NBNS)
(  101)   WRITE (KLUN) UBOUND (YD%NBNS)
(  102)   WRITE (KLUN) YD%NBNS
(  103) ENDIF
(  104) LRCUCONVCA = ALLOCATED (YD%RCUCONVCA)
(  105) WRITE (KLUN) LRCUCONVCA
(  106) IF (LRCUCONVCA) THEN
(  107)   WRITE (KLUN) LBOUND (YD%RCUCONVCA)
(  108)   WRITE (KLUN) UBOUND (YD%RCUCONVCA)






NVFORTRAN (Version     24.5)          03/19/2025  06:54:31      page 3

(  109)   WRITE (KLUN) YD%RCUCONVCA
(  110) ENDIF
(  111) LRNLCONVCA = ALLOCATED (YD%RNLCONVCA)
(  112) WRITE (KLUN) LRNLCONVCA
(  113) IF (LRNLCONVCA) THEN
(  114)   WRITE (KLUN) LBOUND (YD%RNLCONVCA)
(  115)   WRITE (KLUN) UBOUND (YD%RNLCONVCA)
(  116)   WRITE (KLUN) YD%RNLCONVCA
(  117) ENDIF
(  118) LRCAPECONVCA = ALLOCATED (YD%RCAPECONVCA)
(  119) WRITE (KLUN) LRCAPECONVCA
(  120) IF (LRCAPECONVCA) THEN
(  121)   WRITE (KLUN) LBOUND (YD%RCAPECONVCA)
(  122)   WRITE (KLUN) UBOUND (YD%RCAPECONVCA)
(  123)   WRITE (KLUN) YD%RCAPECONVCA
(  124) ENDIF
(  125) LRWASALIVE = ALLOCATED (YD%RWASALIVE)
(  126) WRITE (KLUN) LRWASALIVE
(  127) IF (LRWASALIVE) THEN
(  128)   WRITE (KLUN) LBOUND (YD%RWASALIVE)
(  129)   WRITE (KLUN) UBOUND (YD%RWASALIVE)
(  130)   WRITE (KLUN) YD%RWASALIVE
(  131) ENDIF
(  132) LRWGHTCU = ALLOCATED (YD%RWGHTCU)
(  133) WRITE (KLUN) LRWGHTCU
(  134) IF (LRWGHTCU) THEN
(  135)   WRITE (KLUN) LBOUND (YD%RWGHTCU)
(  136)   WRITE (KLUN) UBOUND (YD%RWGHTCU)
(  137)   WRITE (KLUN) YD%RWGHTCU
(  138) ENDIF
(  139) LRLATLONNBLS = ALLOCATED (YD%RLATLONNBLS)
(  140) WRITE (KLUN) LRLATLONNBLS
(  141) IF (LRLATLONNBLS) THEN
(  142)   WRITE (KLUN) LBOUND (YD%RLATLONNBLS)
(  143)   WRITE (KLUN) UBOUND (YD%RLATLONNBLS)
(  144)   WRITE (KLUN) YD%RLATLONNBLS
(  145) ENDIF
(  146) LRLATLONNBSS = ALLOCATED (YD%RLATLONNBSS)
(  147) WRITE (KLUN) LRLATLONNBSS
(  148) IF (LRLATLONNBSS) THEN
(  149)   WRITE (KLUN) LBOUND (YD%RLATLONNBSS)
(  150)   WRITE (KLUN) UBOUND (YD%RLATLONNBSS)
(  151)   WRITE (KLUN) YD%RLATLONNBSS
(  152) ENDIF
(  153) WRITE (KLUN) YD%RPROB_SURVIVE
(  154) WRITE (KLUN) YD%RPROB_BIRTH
(  155) WRITE (KLUN) YD%RPROB_FUN_FERT_S
(  156) WRITE (KLUN) YD%RPROB_FUN_UW_DW_S
(  157) WRITE (KLUN) YD%RPROB_FUN_FERT_B
(  158) WRITE (KLUN) YD%RPROB_FUN_UW_DW_B
(  159) LRLONDEP = ALLOCATED (YD%RLONDEP)
(  160) WRITE (KLUN) LRLONDEP
(  161) IF (LRLONDEP) THEN
(  162)   WRITE (KLUN) LBOUND (YD%RLONDEP)
(  163)   WRITE (KLUN) UBOUND (YD%RLONDEP)
(  164)   WRITE (KLUN) YD%RLONDEP
(  165) ENDIF
(  166) LRLATDEP = ALLOCATED (YD%RLATDEP)






NVFORTRAN (Version     24.5)          03/19/2025  06:54:31      page 4

(  167) WRITE (KLUN) LRLATDEP
(  168) IF (LRLATDEP) THEN
(  169)   WRITE (KLUN) LBOUND (YD%RLATDEP)
(  170)   WRITE (KLUN) UBOUND (YD%RLATDEP)
(  171)   WRITE (KLUN) YD%RLATDEP
(  172) ENDIF
(  173) WRITE (KLUN) YD%RCA_SEEDPROB
(  174) WRITE (KLUN) YD%RCADELX
(  175) WRITE (KLUN) YD%LCUCONV_CA
(  176) WRITE (KLUN) YD%LCA_ADVECT
(  177) WRITE (KLUN) YD%LCA_GLOBAL
(  178) WRITE (KLUN) YD%LCA_SMOOTH
(  179) WRITE (KLUN) YD%LCA_TEST
(  180) WRITE (KLUN) YD%LCA_ADVTEST
(  181) WRITE (KLUN) YD%LCA_RANTROP
(  182) WRITE (KLUN) YD%LCA_NBDEBUG
(  183) WRITE (KLUN) YD%LCA_EXTRACT
(  184) WRITE (KLUN) YD%CA_FORC
(  185) WRITE (KLUN) YD%CA_WIND
(  186) WRITE (KLUN) YD%CA_PROB
(  187) WRITE (KLUN) YD%NFRCASEED
(  188) WRITE (KLUN) YD%NTESTPROC
(  189) WRITE (KLUN) YD%NTESTGP
(  190) WRITE (KLUN) YD%NDXUNREAL
(  191) WRITE (KLUN) YD%NDYUNREAL
(  192) LSLLONG = ALLOCATED (YD%SLLONG)
(  193) WRITE (KLUN) LSLLONG
(  194) IF (LSLLONG) THEN
(  195)   WRITE (KLUN) LBOUND (YD%SLLONG)
(  196)   WRITE (KLUN) UBOUND (YD%SLLONG)
(  197)   WRITE (KLUN) YD%SLLONG
(  198) ENDIF
(  199) LSLLAT = ALLOCATED (YD%SLLAT)
(  200) WRITE (KLUN) LSLLAT
(  201) IF (LSLLAT) THEN
(  202)   WRITE (KLUN) LBOUND (YD%SLLAT)
(  203)   WRITE (KLUN) UBOUND (YD%SLLAT)
(  204)   WRITE (KLUN) YD%SLLAT
(  205) ENDIF
(  206) LSLDLONG = ALLOCATED (YD%SLDLONG)
(  207) WRITE (KLUN) LSLDLONG
(  208) IF (LSLDLONG) THEN
(  209)   WRITE (KLUN) LBOUND (YD%SLDLONG)
(  210)   WRITE (KLUN) UBOUND (YD%SLDLONG)
(  211)   WRITE (KLUN) YD%SLDLONG
(  212) ENDIF
(  213) LSLDLAT = ALLOCATED (YD%SLDLAT)
(  214) WRITE (KLUN) LSLDLAT
(  215) IF (LSLDLAT) THEN
(  216)   WRITE (KLUN) LBOUND (YD%SLDLAT)
(  217)   WRITE (KLUN) UBOUND (YD%SLDLAT)
(  218)   WRITE (KLUN) YD%SLDLAT
(  219) ENDIF
(  220) LSLDDLAT = ALLOCATED (YD%SLDDLAT)
(  221) WRITE (KLUN) LSLDDLAT
(  222) IF (LSLDDLAT) THEN
(  223)   WRITE (KLUN) LBOUND (YD%SLDDLAT)
(  224)   WRITE (KLUN) UBOUND (YD%SLDDLAT)






NVFORTRAN (Version     24.5)          03/19/2025  06:54:31      page 5

(  225)   WRITE (KLUN) YD%SLDDLAT
(  226) ENDIF
(  227) END SUBROUTINE
(  228) 
(  229) SUBROUTINE LOAD_TECUCONVCA (KLUN, YD)
(  230) USE PARKIND1, ONLY : JPRD
(  231) 
(  232) IMPLICIT NONE
(  233) INTEGER, INTENT (IN) :: KLUN
(  234) TYPE (TECUCONVCA), INTENT (OUT), TARGET :: YD
(  235) INTEGER :: IL1(1), IU1(1), IL2(2), IU2(2), IL3(3), IU3(3), IL4(4), IU4(4)
(  236) LOGICAL :: LNBEW, LNBLS, LNBNS, LNBSS, LNCELLCU, LNFERTCU, LNRNBLS, LNRNBSS, LRCAPECONVCA, LRCUCONVCA
(  237) LOGICAL :: LRLATDEP, LRLATLONNBLS, LRLATLONNBSS, LRLONDEP, LRNLCONVCA, LRWASALIVE, LRWGHTCU, LSLDDLAT, LSLDLAT, LSLDLONG
(  238) LOGICAL :: LSLLAT, LSLLONG
(  239) REAL(KIND=JPRD) :: ZTMP0
(  240) REAL(KIND=JPRD), ALLOCATABLE :: ZTMP1 (:)
(  241) REAL(KIND=JPRD), ALLOCATABLE :: ZTMP2 (:,:)
(  242) REAL(KIND=JPRD), ALLOCATABLE :: ZTMP3 (:,:,:)
(  243) REAL(KIND=JPRD), ALLOCATABLE :: ZTMP4 (:,:,:,:)
(  244) READ (KLUN) YD%NLIVES
(  245) READ (KLUN) YD%NFERTYRS
(  246) READ (KLUN) YD%NSPINUP
(  247) READ (KLUN) LNCELLCU
(  248) IF (LNCELLCU) THEN
(  249)   READ (KLUN) IL2
(  250)   READ (KLUN) IU2
(  251)   ALLOCATE (YD%NCELLCU (IL2(1):IU2(1), IL2(2):IU2(2)))
(  252)   READ (KLUN) YD%NCELLCU
(  253) ENDIF
(  254) READ (KLUN) LNFERTCU
(  255) IF (LNFERTCU) THEN
(  256)   READ (KLUN) IL2
(  257)   READ (KLUN) IU2
(  258)   ALLOCATE (YD%NFERTCU (IL2(1):IU2(1), IL2(2):IU2(2)))
(  259)   READ (KLUN) YD%NFERTCU
(  260) ENDIF
(  261) READ (KLUN) LNBLS
(  262) IF (LNBLS) THEN
(  263)   READ (KLUN) IL2
(  264)   READ (KLUN) IU2
(  265)   ALLOCATE (YD%NBLS (IL2(1):IU2(1), IL2(2):IU2(2)))
(  266)   READ (KLUN) YD%NBLS
(  267) ENDIF
(  268) READ (KLUN) LNBSS
(  269) IF (LNBSS) THEN
(  270)   READ (KLUN) IL4
(  271)   READ (KLUN) IU4
(  272)   ALLOCATE (YD%NBSS (IL4(1):IU4(1), IL4(2):IU4(2), IL4(3):IU4(3), IL4(4):IU4(4)))
(  273)   READ (KLUN) YD%NBSS
(  274) ENDIF
(  275) READ (KLUN) LNRNBLS
(  276) IF (LNRNBLS) THEN
(  277)   READ (KLUN) IL1
(  278)   READ (KLUN) IU1
(  279)   ALLOCATE (YD%NRNBLS (IL1(1):IU1(1)))
(  280)   READ (KLUN) YD%NRNBLS
(  281) ENDIF
(  282) READ (KLUN) LNRNBSS






NVFORTRAN (Version     24.5)          03/19/2025  06:54:31      page 6

(  283) IF (LNRNBSS) THEN
(  284)   READ (KLUN) IL2
(  285)   READ (KLUN) IU2
(  286)   ALLOCATE (YD%NRNBSS (IL2(1):IU2(1), IL2(2):IU2(2)))
(  287)   READ (KLUN) YD%NRNBSS
(  288) ENDIF
(  289) READ (KLUN) LNBEW
(  290) IF (LNBEW) THEN
(  291)   READ (KLUN) IL3
(  292)   READ (KLUN) IU3
(  293)   ALLOCATE (YD%NBEW (IL3(1):IU3(1), IL3(2):IU3(2), IL3(3):IU3(3)))
(  294)   READ (KLUN) YD%NBEW
(  295) ENDIF
(  296) READ (KLUN) LNBNS
(  297) IF (LNBNS) THEN
(  298)   READ (KLUN) IL3
(  299)   READ (KLUN) IU3
(  300)   ALLOCATE (YD%NBNS (IL3(1):IU3(1), IL3(2):IU3(2), IL3(3):IU3(3)))
(  301)   READ (KLUN) YD%NBNS
(  302) ENDIF
(  303) READ (KLUN) LRCUCONVCA
(  304) IF (LRCUCONVCA) THEN
(  305)   READ (KLUN) IL1
(  306)   READ (KLUN) IU1
(  307)   ALLOCATE (YD%RCUCONVCA (IL1(1):IU1(1)))
(  308)   ALLOCATE (ZTMP1(LBOUND(YD%RCUCONVCA,1):UBOUND(YD%RCUCONVCA,1)))
(  309)   READ (KLUN) ZTMP1
(  310)   YD%RCUCONVCA = ZTMP1
(  311)   DEALLOCATE (ZTMP1)
(  312) ENDIF
(  313) READ (KLUN) LRNLCONVCA
(  314) IF (LRNLCONVCA) THEN
(  315)   READ (KLUN) IL1
(  316)   READ (KLUN) IU1
(  317)   ALLOCATE (YD%RNLCONVCA (IL1(1):IU1(1)))
(  318)   ALLOCATE (ZTMP1(LBOUND(YD%RNLCONVCA,1):UBOUND(YD%RNLCONVCA,1)))
(  319)   READ (KLUN) ZTMP1
(  320)   YD%RNLCONVCA = ZTMP1
(  321)   DEALLOCATE (ZTMP1)
(  322) ENDIF
(  323) READ (KLUN) LRCAPECONVCA
(  324) IF (LRCAPECONVCA) THEN
(  325)   READ (KLUN) IL1
(  326)   READ (KLUN) IU1
(  327)   ALLOCATE (YD%RCAPECONVCA (IL1(1):IU1(1)))
(  328)   ALLOCATE (ZTMP1(LBOUND(YD%RCAPECONVCA,1):UBOUND(YD%RCAPECONVCA,1)))
(  329)   READ (KLUN) ZTMP1
(  330)   YD%RCAPECONVCA = ZTMP1
(  331)   DEALLOCATE (ZTMP1)
(  332) ENDIF
(  333) READ (KLUN) LRWASALIVE
(  334) IF (LRWASALIVE) THEN
(  335)   READ (KLUN) IL1
(  336)   READ (KLUN) IU1
(  337)   ALLOCATE (YD%RWASALIVE (IL1(1):IU1(1)))
(  338)   ALLOCATE (ZTMP1(LBOUND(YD%RWASALIVE,1):UBOUND(YD%RWASALIVE,1)))
(  339)   READ (KLUN) ZTMP1
(  340)   YD%RWASALIVE = ZTMP1






NVFORTRAN (Version     24.5)          03/19/2025  06:54:31      page 7

(  341)   DEALLOCATE (ZTMP1)
(  342) ENDIF
(  343) READ (KLUN) LRWGHTCU
(  344) IF (LRWGHTCU) THEN
(  345)   READ (KLUN) IL1
(  346)   READ (KLUN) IU1
(  347)   ALLOCATE (YD%RWGHTCU (IL1(1):IU1(1)))
(  348)   ALLOCATE (ZTMP1(LBOUND(YD%RWGHTCU,1):UBOUND(YD%RWGHTCU,1)))
(  349)   READ (KLUN) ZTMP1
(  350)   YD%RWGHTCU = ZTMP1
(  351)   DEALLOCATE (ZTMP1)
(  352) ENDIF
(  353) READ (KLUN) LRLATLONNBLS
(  354) IF (LRLATLONNBLS) THEN
(  355)   READ (KLUN) IL3
(  356)   READ (KLUN) IU3
(  357)   ALLOCATE (YD%RLATLONNBLS (IL3(1):IU3(1), IL3(2):IU3(2), IL3(3):IU3(3)))
(  358)   ALLOCATE (ZTMP3(LBOUND(YD%RLATLONNBLS,1):UBOUND(YD%RLATLONNBLS,1), LBOUND(YD%RLATLONNBLS,2):UBOUND(YD%RLATLONNBLS,2), LBOU
(  359)   READ (KLUN) ZTMP3
(  360)   YD%RLATLONNBLS = ZTMP3
(  361)   DEALLOCATE (ZTMP3)
(  362) ENDIF
(  363) READ (KLUN) LRLATLONNBSS
(  364) IF (LRLATLONNBSS) THEN
(  365)   READ (KLUN) IL4
(  366)   READ (KLUN) IU4
(  367)   ALLOCATE (YD%RLATLONNBSS (IL4(1):IU4(1), IL4(2):IU4(2), IL4(3):IU4(3), IL4(4):IU4(4)))
(  368)   ALLOCATE (ZTMP4(LBOUND(YD%RLATLONNBSS,1):UBOUND(YD%RLATLONNBSS,1), LBOUND(YD%RLATLONNBSS,2):UBOUND(YD%RLATLONNBSS,2), LBOU
(  369)   READ (KLUN) ZTMP4
(  370)   YD%RLATLONNBSS = ZTMP4
(  371)   DEALLOCATE (ZTMP4)
(  372) ENDIF
(  373) ALLOCATE (ZTMP2(LBOUND(YD%RPROB_SURVIVE,1):UBOUND(YD%RPROB_SURVIVE,1), LBOUND(YD%RPROB_SURVIVE,2):UBOUND(YD%RPROB_SURVIVE,2)
(  374) READ (KLUN) ZTMP2
(  375) YD%RPROB_SURVIVE = ZTMP2
(  376) DEALLOCATE (ZTMP2)
(  377) ALLOCATE (ZTMP2(LBOUND(YD%RPROB_BIRTH,1):UBOUND(YD%RPROB_BIRTH,1), LBOUND(YD%RPROB_BIRTH,2):UBOUND(YD%RPROB_BIRTH,2)))
(  378) READ (KLUN) ZTMP2
(  379) YD%RPROB_BIRTH = ZTMP2
(  380) DEALLOCATE (ZTMP2)
(  381) ALLOCATE (ZTMP1(LBOUND(YD%RPROB_FUN_FERT_S,1):UBOUND(YD%RPROB_FUN_FERT_S,1)))
(  382) READ (KLUN) ZTMP1
(  383) YD%RPROB_FUN_FERT_S = ZTMP1
(  384) DEALLOCATE (ZTMP1)
(  385) ALLOCATE (ZTMP1(LBOUND(YD%RPROB_FUN_UW_DW_S,1):UBOUND(YD%RPROB_FUN_UW_DW_S,1)))
(  386) READ (KLUN) ZTMP1
(  387) YD%RPROB_FUN_UW_DW_S = ZTMP1
(  388) DEALLOCATE (ZTMP1)
(  389) ALLOCATE (ZTMP1(LBOUND(YD%RPROB_FUN_FERT_B,1):UBOUND(YD%RPROB_FUN_FERT_B,1)))
(  390) READ (KLUN) ZTMP1
(  391) YD%RPROB_FUN_FERT_B = ZTMP1
(  392) DEALLOCATE (ZTMP1)
(  393) ALLOCATE (ZTMP1(LBOUND(YD%RPROB_FUN_UW_DW_B,1):UBOUND(YD%RPROB_FUN_UW_DW_B,1)))
(  394) READ (KLUN) ZTMP1
(  395) YD%RPROB_FUN_UW_DW_B = ZTMP1
(  396) DEALLOCATE (ZTMP1)
(  397) READ (KLUN) LRLONDEP
(  398) IF (LRLONDEP) THEN






NVFORTRAN (Version     24.5)          03/19/2025  06:54:31      page 8

(  399)   READ (KLUN) IL3
(  400)   READ (KLUN) IU3
(  401)   ALLOCATE (YD%RLONDEP (IL3(1):IU3(1), IL3(2):IU3(2), IL3(3):IU3(3)))
(  402)   ALLOCATE (ZTMP3(LBOUND(YD%RLONDEP,1):UBOUND(YD%RLONDEP,1), LBOUND(YD%RLONDEP,2):UBOUND(YD%RLONDEP,2), LBOUND(YD%RLONDEP,3)
(  403)   READ (KLUN) ZTMP3
(  404)   YD%RLONDEP = ZTMP3
(  405)   DEALLOCATE (ZTMP3)
(  406) ENDIF
(  407) READ (KLUN) LRLATDEP
(  408) IF (LRLATDEP) THEN
(  409)   READ (KLUN) IL3
(  410)   READ (KLUN) IU3
(  411)   ALLOCATE (YD%RLATDEP (IL3(1):IU3(1), IL3(2):IU3(2), IL3(3):IU3(3)))
(  412)   ALLOCATE (ZTMP3(LBOUND(YD%RLATDEP,1):UBOUND(YD%RLATDEP,1), LBOUND(YD%RLATDEP,2):UBOUND(YD%RLATDEP,2), LBOUND(YD%RLATDEP,3)
(  413)   READ (KLUN) ZTMP3
(  414)   YD%RLATDEP = ZTMP3
(  415)   DEALLOCATE (ZTMP3)
(  416) ENDIF
(  417) READ (KLUN) ZTMP0
(  418) YD%RCA_SEEDPROB = ZTMP0
(  419) READ (KLUN) ZTMP0
(  420) YD%RCADELX = ZTMP0
(  421) READ (KLUN) YD%LCUCONV_CA
(  422) READ (KLUN) YD%LCA_ADVECT
(  423) READ (KLUN) YD%LCA_GLOBAL
(  424) READ (KLUN) YD%LCA_SMOOTH
(  425) READ (KLUN) YD%LCA_TEST
(  426) READ (KLUN) YD%LCA_ADVTEST
(  427) READ (KLUN) YD%LCA_RANTROP
(  428) READ (KLUN) YD%LCA_NBDEBUG
(  429) READ (KLUN) YD%LCA_EXTRACT
(  430) READ (KLUN) YD%CA_FORC
(  431) READ (KLUN) YD%CA_WIND
(  432) READ (KLUN) YD%CA_PROB
(  433) READ (KLUN) YD%NFRCASEED
(  434) READ (KLUN) YD%NTESTPROC
(  435) READ (KLUN) YD%NTESTGP
(  436) READ (KLUN) YD%NDXUNREAL
(  437) READ (KLUN) YD%NDYUNREAL
(  438) READ (KLUN) LSLLONG
(  439) IF (LSLLONG) THEN
(  440)   READ (KLUN) IL1
(  441)   READ (KLUN) IU1
(  442)   ALLOCATE (YD%SLLONG (IL1(1):IU1(1)))
(  443)   ALLOCATE (ZTMP1(LBOUND(YD%SLLONG,1):UBOUND(YD%SLLONG,1)))
(  444)   READ (KLUN) ZTMP1
(  445)   YD%SLLONG = ZTMP1
(  446)   DEALLOCATE (ZTMP1)
(  447) ENDIF
(  448) READ (KLUN) LSLLAT
(  449) IF (LSLLAT) THEN
(  450)   READ (KLUN) IL1
(  451)   READ (KLUN) IU1
(  452)   ALLOCATE (YD%SLLAT (IL1(1):IU1(1)))
(  453)   ALLOCATE (ZTMP1(LBOUND(YD%SLLAT,1):UBOUND(YD%SLLAT,1)))
(  454)   READ (KLUN) ZTMP1
(  455)   YD%SLLAT = ZTMP1
(  456)   DEALLOCATE (ZTMP1)






NVFORTRAN (Version     24.5)          03/19/2025  06:54:31      page 9

(  457) ENDIF
(  458) READ (KLUN) LSLDLONG
(  459) IF (LSLDLONG) THEN
(  460)   READ (KLUN) IL1
(  461)   READ (KLUN) IU1
(  462)   ALLOCATE (YD%SLDLONG (IL1(1):IU1(1)))
(  463)   ALLOCATE (ZTMP1(LBOUND(YD%SLDLONG,1):UBOUND(YD%SLDLONG,1)))
(  464)   READ (KLUN) ZTMP1
(  465)   YD%SLDLONG = ZTMP1
(  466)   DEALLOCATE (ZTMP1)
(  467) ENDIF
(  468) READ (KLUN) LSLDLAT
(  469) IF (LSLDLAT) THEN
(  470)   READ (KLUN) IL1
(  471)   READ (KLUN) IU1
(  472)   ALLOCATE (YD%SLDLAT (IL1(1):IU1(1)))
(  473)   ALLOCATE (ZTMP1(LBOUND(YD%SLDLAT,1):UBOUND(YD%SLDLAT,1)))
(  474)   READ (KLUN) ZTMP1
(  475)   YD%SLDLAT = ZTMP1
(  476)   DEALLOCATE (ZTMP1)
(  477) ENDIF
(  478) READ (KLUN) LSLDDLAT
(  479) IF (LSLDDLAT) THEN
(  480)   READ (KLUN) IL1
(  481)   READ (KLUN) IU1
(  482)   ALLOCATE (YD%SLDDLAT (IL1(1):IU1(1)))
(  483)   ALLOCATE (ZTMP1(LBOUND(YD%SLDDLAT,1):UBOUND(YD%SLDDLAT,1)))
(  484)   READ (KLUN) ZTMP1
(  485)   YD%SLDDLAT = ZTMP1
(  486)   DEALLOCATE (ZTMP1)
(  487) ENDIF
(  488) END SUBROUTINE
(  489) 
(  490) 
(  491) SUBROUTINE COPY_TECUCONVCA (YD, LDCREATED, LDFIELDAPI)
(  492) 
(  493) IMPLICIT NONE
(  494) TYPE (TECUCONVCA), INTENT (IN), TARGET :: YD
(  495) LOGICAL, OPTIONAL, INTENT (IN) :: LDCREATED, LDFIELDAPI
(  496) LOGICAL :: LLCREATED
(  497) LOGICAL :: LLFIELDAPI
(  498) LOGICAL :: LNBEW, LNBLS, LNBNS, LNBSS, LNCELLCU, LNFERTCU, LNRNBLS, LNRNBSS, LRCAPECONVCA, LRCUCONVCA
(  499) LOGICAL :: LRLATDEP, LRLATLONNBLS, LRLATLONNBSS, LRLONDEP, LRNLCONVCA, LRWASALIVE, LRWGHTCU, LSLDDLAT, LSLDLAT, LSLDLONG
(  500) LOGICAL :: LSLLAT, LSLLONG
(  501) 
(  502) LLFIELDAPI = .FALSE.
(  503) IF (PRESENT (LDFIELDAPI)) THEN
(  504)   LLFIELDAPI = LDFIELDAPI
(  505) ENDIF
(  506) LLCREATED = .FALSE.
(  507) IF (PRESENT (LDCREATED)) THEN
(  508)   LLCREATED = LDCREATED
(  509) ENDIF
(  510) IF (.NOT. LLCREATED) THEN
(  511)   !$acc enter data create (YD)
(  512)   !$acc update device (YD)
(  513) ENDIF
(  514) 






NVFORTRAN (Version     24.5)          03/19/2025  06:54:31      page 10

(  515) 
(  516) 
(  517) LNCELLCU = ALLOCATED (YD%NCELLCU)
(  518) IF (LNCELLCU) THEN
(  519)   !$acc enter data create (YD%NCELLCU)
(  520)   !$acc update device (YD%NCELLCU)
(  521)   !$acc enter data attach (YD%NCELLCU)
(  522) ENDIF
(  523) 
(  524) LNFERTCU = ALLOCATED (YD%NFERTCU)
(  525) IF (LNFERTCU) THEN
(  526)   !$acc enter data create (YD%NFERTCU)
(  527)   !$acc update device (YD%NFERTCU)
(  528)   !$acc enter data attach (YD%NFERTCU)
(  529) ENDIF
(  530) 
(  531) LNBLS = ALLOCATED (YD%NBLS)
(  532) IF (LNBLS) THEN
(  533)   !$acc enter data create (YD%NBLS)
(  534)   !$acc update device (YD%NBLS)
(  535)   !$acc enter data attach (YD%NBLS)
(  536) ENDIF
(  537) 
(  538) LNBSS = ALLOCATED (YD%NBSS)
(  539) IF (LNBSS) THEN
(  540)   !$acc enter data create (YD%NBSS)
(  541)   !$acc update device (YD%NBSS)
(  542)   !$acc enter data attach (YD%NBSS)
(  543) ENDIF
(  544) 
(  545) LNRNBLS = ALLOCATED (YD%NRNBLS)
(  546) IF (LNRNBLS) THEN
(  547)   !$acc enter data create (YD%NRNBLS)
(  548)   !$acc update device (YD%NRNBLS)
(  549)   !$acc enter data attach (YD%NRNBLS)
(  550) ENDIF
(  551) 
(  552) LNRNBSS = ALLOCATED (YD%NRNBSS)
(  553) IF (LNRNBSS) THEN
(  554)   !$acc enter data create (YD%NRNBSS)
(  555)   !$acc update device (YD%NRNBSS)
(  556)   !$acc enter data attach (YD%NRNBSS)
(  557) ENDIF
(  558) 
(  559) LNBEW = ALLOCATED (YD%NBEW)
(  560) IF (LNBEW) THEN
(  561)   !$acc enter data create (YD%NBEW)
(  562)   !$acc update device (YD%NBEW)
(  563)   !$acc enter data attach (YD%NBEW)
(  564) ENDIF
(  565) 
(  566) LNBNS = ALLOCATED (YD%NBNS)
(  567) IF (LNBNS) THEN
(  568)   !$acc enter data create (YD%NBNS)
(  569)   !$acc update device (YD%NBNS)
(  570)   !$acc enter data attach (YD%NBNS)
(  571) ENDIF
(  572) 






NVFORTRAN (Version     24.5)          03/19/2025  06:54:31      page 11

(  573) LRCUCONVCA = ALLOCATED (YD%RCUCONVCA)
(  574) IF (LRCUCONVCA) THEN
(  575)   !$acc enter data create (YD%RCUCONVCA)
(  576)   !$acc update device (YD%RCUCONVCA)
(  577)   !$acc enter data attach (YD%RCUCONVCA)
(  578) ENDIF
(  579) 
(  580) LRNLCONVCA = ALLOCATED (YD%RNLCONVCA)
(  581) IF (LRNLCONVCA) THEN
(  582)   !$acc enter data create (YD%RNLCONVCA)
(  583)   !$acc update device (YD%RNLCONVCA)
(  584)   !$acc enter data attach (YD%RNLCONVCA)
(  585) ENDIF
(  586) 
(  587) LRCAPECONVCA = ALLOCATED (YD%RCAPECONVCA)
(  588) IF (LRCAPECONVCA) THEN
(  589)   !$acc enter data create (YD%RCAPECONVCA)
(  590)   !$acc update device (YD%RCAPECONVCA)
(  591)   !$acc enter data attach (YD%RCAPECONVCA)
(  592) ENDIF
(  593) 
(  594) LRWASALIVE = ALLOCATED (YD%RWASALIVE)
(  595) IF (LRWASALIVE) THEN
(  596)   !$acc enter data create (YD%RWASALIVE)
(  597)   !$acc update device (YD%RWASALIVE)
(  598)   !$acc enter data attach (YD%RWASALIVE)
(  599) ENDIF
(  600) 
(  601) LRWGHTCU = ALLOCATED (YD%RWGHTCU)
(  602) IF (LRWGHTCU) THEN
(  603)   !$acc enter data create (YD%RWGHTCU)
(  604)   !$acc update device (YD%RWGHTCU)
(  605)   !$acc enter data attach (YD%RWGHTCU)
(  606) ENDIF
(  607) 
(  608) LRLATLONNBLS = ALLOCATED (YD%RLATLONNBLS)
(  609) IF (LRLATLONNBLS) THEN
(  610)   !$acc enter data create (YD%RLATLONNBLS)
(  611)   !$acc update device (YD%RLATLONNBLS)
(  612)   !$acc enter data attach (YD%RLATLONNBLS)
(  613) ENDIF
(  614) 
(  615) LRLATLONNBSS = ALLOCATED (YD%RLATLONNBSS)
(  616) IF (LRLATLONNBSS) THEN
(  617)   !$acc enter data create (YD%RLATLONNBSS)
(  618)   !$acc update device (YD%RLATLONNBSS)
(  619)   !$acc enter data attach (YD%RLATLONNBSS)
(  620) ENDIF
(  621) 
(  622) 
(  623) 
(  624) 
(  625) 
(  626) 
(  627) 
(  628) LRLONDEP = ALLOCATED (YD%RLONDEP)
(  629) IF (LRLONDEP) THEN
(  630)   !$acc enter data create (YD%RLONDEP)






NVFORTRAN (Version     24.5)          03/19/2025  06:54:31      page 12

(  631)   !$acc update device (YD%RLONDEP)
(  632)   !$acc enter data attach (YD%RLONDEP)
(  633) ENDIF
(  634) 
(  635) LRLATDEP = ALLOCATED (YD%RLATDEP)
(  636) IF (LRLATDEP) THEN
(  637)   !$acc enter data create (YD%RLATDEP)
(  638)   !$acc update device (YD%RLATDEP)
(  639)   !$acc enter data attach (YD%RLATDEP)
(  640) ENDIF
(  641) 
(  642) 
(  643) 
(  644) 
(  645) 
(  646) 
(  647) 
(  648) 
(  649) 
(  650) 
(  651) 
(  652) 
(  653) 
(  654) 
(  655) 
(  656) 
(  657) 
(  658) 
(  659) 
(  660) 
(  661) LSLLONG = ALLOCATED (YD%SLLONG)
(  662) IF (LSLLONG) THEN
(  663)   !$acc enter data create (YD%SLLONG)
(  664)   !$acc update device (YD%SLLONG)
(  665)   !$acc enter data attach (YD%SLLONG)
(  666) ENDIF
(  667) 
(  668) LSLLAT = ALLOCATED (YD%SLLAT)
(  669) IF (LSLLAT) THEN
(  670)   !$acc enter data create (YD%SLLAT)
(  671)   !$acc update device (YD%SLLAT)
(  672)   !$acc enter data attach (YD%SLLAT)
(  673) ENDIF
(  674) 
(  675) LSLDLONG = ALLOCATED (YD%SLDLONG)
(  676) IF (LSLDLONG) THEN
(  677)   !$acc enter data create (YD%SLDLONG)
(  678)   !$acc update device (YD%SLDLONG)
(  679)   !$acc enter data attach (YD%SLDLONG)
(  680) ENDIF
(  681) 
(  682) LSLDLAT = ALLOCATED (YD%SLDLAT)
(  683) IF (LSLDLAT) THEN
(  684)   !$acc enter data create (YD%SLDLAT)
(  685)   !$acc update device (YD%SLDLAT)
(  686)   !$acc enter data attach (YD%SLDLAT)
(  687) ENDIF
(  688) 






NVFORTRAN (Version     24.5)          03/19/2025  06:54:31      page 13

(  689) LSLDDLAT = ALLOCATED (YD%SLDDLAT)
(  690) IF (LSLDDLAT) THEN
(  691)   !$acc enter data create (YD%SLDDLAT)
(  692)   !$acc update device (YD%SLDDLAT)
(  693)   !$acc enter data attach (YD%SLDDLAT)
(  694) ENDIF
(  695) 
(  696) END SUBROUTINE
(  697) 
(  698) SUBROUTINE HOST_TECUCONVCA (YD)
(  699) 
(  700) IMPLICIT NONE
(  701) TYPE (TECUCONVCA), TARGET :: YD
(  702) LOGICAL :: LNBEW, LNBLS, LNBNS, LNBSS, LNCELLCU, LNFERTCU, LNRNBLS, LNRNBSS, LRCAPECONVCA, LRCUCONVCA
(  703) LOGICAL :: LRLATDEP, LRLATLONNBLS, LRLATLONNBSS, LRLONDEP, LRNLCONVCA, LRWASALIVE, LRWGHTCU, LSLDDLAT, LSLDLAT, LSLDLONG
(  704) LOGICAL :: LSLLAT, LSLLONG
(  705) 
(  706) 
(  707) 
(  708) 
(  709) 
(  710) 
(  711) 
(  712) 
(  713) 
(  714) 
(  715) 
(  716) 
(  717) 
(  718) 
(  719) 
(  720) 
(  721) 
(  722) 
(  723) 
(  724) 
(  725) 
(  726) 
(  727) 
(  728) 
(  729) 
(  730) 
(  731) 
(  732) 
(  733) 
(  734) 
(  735) 
(  736) 
(  737) 
(  738) 
(  739) 
(  740) 
(  741) 
(  742) 
(  743) 
(  744) 
(  745) 
(  746) 






NVFORTRAN (Version     24.5)          03/19/2025  06:54:31      page 14

(  747) 
(  748) 
(  749) 
(  750) 
(  751) 
(  752) 
(  753) 
(  754) 
(  755) END SUBROUTINE
(  756) 
(  757)      
(  758) 
(  759) SUBROUTINE CRC64_TECUCONVCA (YD, KLUN, CDPATH)
(  760) USE CRC64_INTRINSIC
(  761) 
(  762) IMPLICIT NONE
(  763) TYPE (TECUCONVCA), TARGET :: YD
(  764) INTEGER, INTENT (IN) :: KLUN
(  765) CHARACTER(LEN=*), INTENT (IN) :: CDPATH
(  766) CHARACTER(LEN=128) :: CLIND
(  767) LOGICAL :: LNBEW, LNBLS, LNBNS, LNBSS, LNCELLCU, LNFERTCU, LNRNBLS, LNRNBSS, LRCAPECONVCA, LRCUCONVCA
(  768) LOGICAL :: LRLATDEP, LRLATLONNBLS, LRLATLONNBSS, LRLONDEP, LRNLCONVCA, LRWASALIVE, LRWGHTCU, LSLDDLAT, LSLDLAT, LSLDLONG
(  769) LOGICAL :: LSLLAT, LSLLONG
(  770) WRITE (KLUN, '(Z16.16," ",A)') CRC64 (YD%NLIVES), CDPATH//'%NLIVES'
(  771) 
(  772) WRITE (KLUN, '(Z16.16," ",A)') CRC64 (YD%NFERTYRS), CDPATH//'%NFERTYRS'
(  773) 
(  774) WRITE (KLUN, '(Z16.16," ",A)') CRC64 (YD%NSPINUP), CDPATH//'%NSPINUP'
(  775) 
(  776) WRITE (KLUN, '(Z16.16," ",A)') CRC64 (YD%NCELLCU), CDPATH//'%NCELLCU'
(  777) 
(  778) WRITE (KLUN, '(Z16.16," ",A)') CRC64 (YD%NFERTCU), CDPATH//'%NFERTCU'
(  779) 
(  780) WRITE (KLUN, '(Z16.16," ",A)') CRC64 (YD%NBLS), CDPATH//'%NBLS'
(  781) 
(  782) WRITE (KLUN, '(Z16.16," ",A)') CRC64 (YD%NBSS), CDPATH//'%NBSS'
(  783) 
(  784) WRITE (KLUN, '(Z16.16," ",A)') CRC64 (YD%NRNBLS), CDPATH//'%NRNBLS'
(  785) 
(  786) WRITE (KLUN, '(Z16.16," ",A)') CRC64 (YD%NRNBSS), CDPATH//'%NRNBSS'
(  787) 
(  788) WRITE (KLUN, '(Z16.16," ",A)') CRC64 (YD%NBEW), CDPATH//'%NBEW'
(  789) 
(  790) WRITE (KLUN, '(Z16.16," ",A)') CRC64 (YD%NBNS), CDPATH//'%NBNS'
(  791) 
(  792) WRITE (KLUN, '(Z16.16," ",A)') CRC64 (YD%RCUCONVCA), CDPATH//'%RCUCONVCA'
(  793) 
(  794) WRITE (KLUN, '(Z16.16," ",A)') CRC64 (YD%RNLCONVCA), CDPATH//'%RNLCONVCA'
(  795) 
(  796) WRITE (KLUN, '(Z16.16," ",A)') CRC64 (YD%RCAPECONVCA), CDPATH//'%RCAPECONVCA'
(  797) 
(  798) WRITE (KLUN, '(Z16.16," ",A)') CRC64 (YD%RWASALIVE), CDPATH//'%RWASALIVE'
(  799) 
(  800) WRITE (KLUN, '(Z16.16," ",A)') CRC64 (YD%RWGHTCU), CDPATH//'%RWGHTCU'
(  801) 
(  802) WRITE (KLUN, '(Z16.16," ",A)') CRC64 (YD%RLATLONNBLS), CDPATH//'%RLATLONNBLS'
(  803) 
(  804) WRITE (KLUN, '(Z16.16," ",A)') CRC64 (YD%RLATLONNBSS), CDPATH//'%RLATLONNBSS'






NVFORTRAN (Version     24.5)          03/19/2025  06:54:31      page 15

(  805) 
(  806) WRITE (KLUN, '(Z16.16," ",A)') CRC64 (YD%RPROB_SURVIVE), CDPATH//'%RPROB_SURVIVE'
(  807) 
(  808) WRITE (KLUN, '(Z16.16," ",A)') CRC64 (YD%RPROB_BIRTH), CDPATH//'%RPROB_BIRTH'
(  809) 
(  810) WRITE (KLUN, '(Z16.16," ",A)') CRC64 (YD%RPROB_FUN_FERT_S), CDPATH//'%RPROB_FUN_FERT_S'
(  811) 
(  812) WRITE (KLUN, '(Z16.16," ",A)') CRC64 (YD%RPROB_FUN_UW_DW_S), CDPATH//'%RPROB_FUN_UW_DW_S'
(  813) 
(  814) WRITE (KLUN, '(Z16.16," ",A)') CRC64 (YD%RPROB_FUN_FERT_B), CDPATH//'%RPROB_FUN_FERT_B'
(  815) 
(  816) WRITE (KLUN, '(Z16.16," ",A)') CRC64 (YD%RPROB_FUN_UW_DW_B), CDPATH//'%RPROB_FUN_UW_DW_B'
(  817) 
(  818) WRITE (KLUN, '(Z16.16," ",A)') CRC64 (YD%RLONDEP), CDPATH//'%RLONDEP'
(  819) 
(  820) WRITE (KLUN, '(Z16.16," ",A)') CRC64 (YD%RLATDEP), CDPATH//'%RLATDEP'
(  821) 
(  822) WRITE (KLUN, '(Z16.16," ",A)') CRC64 (YD%RCA_SEEDPROB), CDPATH//'%RCA_SEEDPROB'
(  823) 
(  824) WRITE (KLUN, '(Z16.16," ",A)') CRC64 (YD%RCADELX), CDPATH//'%RCADELX'
(  825) 
(  826) WRITE (KLUN, '(Z16.16," ",A)') CRC64 (YD%LCUCONV_CA), CDPATH//'%LCUCONV_CA'
(  827) 
(  828) WRITE (KLUN, '(Z16.16," ",A)') CRC64 (YD%LCA_ADVECT), CDPATH//'%LCA_ADVECT'
(  829) 
(  830) WRITE (KLUN, '(Z16.16," ",A)') CRC64 (YD%LCA_GLOBAL), CDPATH//'%LCA_GLOBAL'
(  831) 
(  832) WRITE (KLUN, '(Z16.16," ",A)') CRC64 (YD%LCA_SMOOTH), CDPATH//'%LCA_SMOOTH'
(  833) 
(  834) WRITE (KLUN, '(Z16.16," ",A)') CRC64 (YD%LCA_TEST), CDPATH//'%LCA_TEST'
(  835) 
(  836) WRITE (KLUN, '(Z16.16," ",A)') CRC64 (YD%LCA_ADVTEST), CDPATH//'%LCA_ADVTEST'
(  837) 
(  838) WRITE (KLUN, '(Z16.16," ",A)') CRC64 (YD%LCA_RANTROP), CDPATH//'%LCA_RANTROP'
(  839) 
(  840) WRITE (KLUN, '(Z16.16," ",A)') CRC64 (YD%LCA_NBDEBUG), CDPATH//'%LCA_NBDEBUG'
(  841) 
(  842) WRITE (KLUN, '(Z16.16," ",A)') CRC64 (YD%LCA_EXTRACT), CDPATH//'%LCA_EXTRACT'
(  843) 
(  844) WRITE (KLUN, '(Z16.16," ",A)') CRC64 (YD%CA_FORC), CDPATH//'%CA_FORC'
(  845) 
(  846) WRITE (KLUN, '(Z16.16," ",A)') CRC64 (YD%CA_WIND), CDPATH//'%CA_WIND'
(  847) 
(  848) WRITE (KLUN, '(Z16.16," ",A)') CRC64 (YD%CA_PROB), CDPATH//'%CA_PROB'
(  849) 
(  850) WRITE (KLUN, '(Z16.16," ",A)') CRC64 (YD%NFRCASEED), CDPATH//'%NFRCASEED'
(  851) 
(  852) WRITE (KLUN, '(Z16.16," ",A)') CRC64 (YD%NTESTPROC), CDPATH//'%NTESTPROC'
(  853) 
(  854) WRITE (KLUN, '(Z16.16," ",A)') CRC64 (YD%NTESTGP), CDPATH//'%NTESTGP'
(  855) 
(  856) WRITE (KLUN, '(Z16.16," ",A)') CRC64 (YD%NDXUNREAL), CDPATH//'%NDXUNREAL'
(  857) 
(  858) WRITE (KLUN, '(Z16.16," ",A)') CRC64 (YD%NDYUNREAL), CDPATH//'%NDYUNREAL'
(  859) 
(  860) WRITE (KLUN, '(Z16.16," ",A)') CRC64 (YD%SLLONG), CDPATH//'%SLLONG'
(  861) 
(  862) WRITE (KLUN, '(Z16.16," ",A)') CRC64 (YD%SLLAT), CDPATH//'%SLLAT'






NVFORTRAN (Version     24.5)          03/19/2025  06:54:31      page 16

(  863) 
(  864) WRITE (KLUN, '(Z16.16," ",A)') CRC64 (YD%SLDLONG), CDPATH//'%SLDLONG'
(  865) 
(  866) WRITE (KLUN, '(Z16.16," ",A)') CRC64 (YD%SLDLAT), CDPATH//'%SLDLAT'
(  867) 
(  868) WRITE (KLUN, '(Z16.16," ",A)') CRC64 (YD%SLDDLAT), CDPATH//'%SLDDLAT'
(  869) 
(  870) END SUBROUTINE
(  871) 
(  872) SUBROUTINE WIPE_TECUCONVCA (YD, LDDELETED, LDFIELDAPI)
(  873) 
(  874) IMPLICIT NONE
(  875) TYPE (TECUCONVCA), INTENT (IN), TARGET :: YD
(  876) LOGICAL, OPTIONAL, INTENT (IN) :: LDDELETED, LDFIELDAPI
(  877) LOGICAL :: LLDELETED
(  878) LOGICAL :: LLFIELDAPI
(  879) LOGICAL :: LNBEW, LNBLS, LNBNS, LNBSS, LNCELLCU, LNFERTCU, LNRNBLS, LNRNBSS, LRCAPECONVCA, LRCUCONVCA
(  880) LOGICAL :: LRLATDEP, LRLATLONNBLS, LRLATLONNBSS, LRLONDEP, LRNLCONVCA, LRWASALIVE, LRWGHTCU, LSLDDLAT, LSLDLAT, LSLDLONG
(  881) LOGICAL :: LSLLAT, LSLLONG
(  882) 
(  883) LLFIELDAPI = .FALSE.
(  884) IF (PRESENT (LDFIELDAPI)) THEN
(  885)   LLFIELDAPI = LDFIELDAPI
(  886) ENDIF
(  887) 
(  888) 
(  889) 
(  890) LNCELLCU = ALLOCATED (YD%NCELLCU)
(  891) IF (LNCELLCU) THEN
(  892)   !$acc exit data detach (YD%NCELLCU)
(  893)   !$acc exit data delete (YD%NCELLCU)
(  894) ENDIF
(  895) 
(  896) LNFERTCU = ALLOCATED (YD%NFERTCU)
(  897) IF (LNFERTCU) THEN
(  898)   !$acc exit data detach (YD%NFERTCU)
(  899)   !$acc exit data delete (YD%NFERTCU)
(  900) ENDIF
(  901) 
(  902) LNBLS = ALLOCATED (YD%NBLS)
(  903) IF (LNBLS) THEN
(  904)   !$acc exit data detach (YD%NBLS)
(  905)   !$acc exit data delete (YD%NBLS)
(  906) ENDIF
(  907) 
(  908) LNBSS = ALLOCATED (YD%NBSS)
(  909) IF (LNBSS) THEN
(  910)   !$acc exit data detach (YD%NBSS)
(  911)   !$acc exit data delete (YD%NBSS)
(  912) ENDIF
(  913) 
(  914) LNRNBLS = ALLOCATED (YD%NRNBLS)
(  915) IF (LNRNBLS) THEN
(  916)   !$acc exit data detach (YD%NRNBLS)
(  917)   !$acc exit data delete (YD%NRNBLS)
(  918) ENDIF
(  919) 
(  920) LNRNBSS = ALLOCATED (YD%NRNBSS)






NVFORTRAN (Version     24.5)          03/19/2025  06:54:31      page 17

(  921) IF (LNRNBSS) THEN
(  922)   !$acc exit data detach (YD%NRNBSS)
(  923)   !$acc exit data delete (YD%NRNBSS)
(  924) ENDIF
(  925) 
(  926) LNBEW = ALLOCATED (YD%NBEW)
(  927) IF (LNBEW) THEN
(  928)   !$acc exit data detach (YD%NBEW)
(  929)   !$acc exit data delete (YD%NBEW)
(  930) ENDIF
(  931) 
(  932) LNBNS = ALLOCATED (YD%NBNS)
(  933) IF (LNBNS) THEN
(  934)   !$acc exit data detach (YD%NBNS)
(  935)   !$acc exit data delete (YD%NBNS)
(  936) ENDIF
(  937) 
(  938) LRCUCONVCA = ALLOCATED (YD%RCUCONVCA)
(  939) IF (LRCUCONVCA) THEN
(  940)   !$acc exit data detach (YD%RCUCONVCA)
(  941)   !$acc exit data delete (YD%RCUCONVCA)
(  942) ENDIF
(  943) 
(  944) LRNLCONVCA = ALLOCATED (YD%RNLCONVCA)
(  945) IF (LRNLCONVCA) THEN
(  946)   !$acc exit data detach (YD%RNLCONVCA)
(  947)   !$acc exit data delete (YD%RNLCONVCA)
(  948) ENDIF
(  949) 
(  950) LRCAPECONVCA = ALLOCATED (YD%RCAPECONVCA)
(  951) IF (LRCAPECONVCA) THEN
(  952)   !$acc exit data detach (YD%RCAPECONVCA)
(  953)   !$acc exit data delete (YD%RCAPECONVCA)
(  954) ENDIF
(  955) 
(  956) LRWASALIVE = ALLOCATED (YD%RWASALIVE)
(  957) IF (LRWASALIVE) THEN
(  958)   !$acc exit data detach (YD%RWASALIVE)
(  959)   !$acc exit data delete (YD%RWASALIVE)
(  960) ENDIF
(  961) 
(  962) LRWGHTCU = ALLOCATED (YD%RWGHTCU)
(  963) IF (LRWGHTCU) THEN
(  964)   !$acc exit data detach (YD%RWGHTCU)
(  965)   !$acc exit data delete (YD%RWGHTCU)
(  966) ENDIF
(  967) 
(  968) LRLATLONNBLS = ALLOCATED (YD%RLATLONNBLS)
(  969) IF (LRLATLONNBLS) THEN
(  970)   !$acc exit data detach (YD%RLATLONNBLS)
(  971)   !$acc exit data delete (YD%RLATLONNBLS)
(  972) ENDIF
(  973) 
(  974) LRLATLONNBSS = ALLOCATED (YD%RLATLONNBSS)
(  975) IF (LRLATLONNBSS) THEN
(  976)   !$acc exit data detach (YD%RLATLONNBSS)
(  977)   !$acc exit data delete (YD%RLATLONNBSS)
(  978) ENDIF






NVFORTRAN (Version     24.5)          03/19/2025  06:54:31      page 18

(  979) 
(  980) 
(  981) 
(  982) 
(  983) 
(  984) 
(  985) 
(  986) LRLONDEP = ALLOCATED (YD%RLONDEP)
(  987) IF (LRLONDEP) THEN
(  988)   !$acc exit data detach (YD%RLONDEP)
(  989)   !$acc exit data delete (YD%RLONDEP)
(  990) ENDIF
(  991) 
(  992) LRLATDEP = ALLOCATED (YD%RLATDEP)
(  993) IF (LRLATDEP) THEN
(  994)   !$acc exit data detach (YD%RLATDEP)
(  995)   !$acc exit data delete (YD%RLATDEP)
(  996) ENDIF
(  997) 
(  998) 
(  999) 
( 1000) 
( 1001) 
( 1002) 
( 1003) 
( 1004) 
( 1005) 
( 1006) 
( 1007) 
( 1008) 
( 1009) 
( 1010) 
( 1011) 
( 1012) 
( 1013) 
( 1014) 
( 1015) 
( 1016) 
( 1017) LSLLONG = ALLOCATED (YD%SLLONG)
( 1018) IF (LSLLONG) THEN
( 1019)   !$acc exit data detach (YD%SLLONG)
( 1020)   !$acc exit data delete (YD%SLLONG)
( 1021) ENDIF
( 1022) 
( 1023) LSLLAT = ALLOCATED (YD%SLLAT)
( 1024) IF (LSLLAT) THEN
( 1025)   !$acc exit data detach (YD%SLLAT)
( 1026)   !$acc exit data delete (YD%SLLAT)
( 1027) ENDIF
( 1028) 
( 1029) LSLDLONG = ALLOCATED (YD%SLDLONG)
( 1030) IF (LSLDLONG) THEN
( 1031)   !$acc exit data detach (YD%SLDLONG)
( 1032)   !$acc exit data delete (YD%SLDLONG)
( 1033) ENDIF
( 1034) 
( 1035) LSLDLAT = ALLOCATED (YD%SLDLAT)
( 1036) IF (LSLDLAT) THEN






NVFORTRAN (Version     24.5)          03/19/2025  06:54:31      page 19

( 1037)   !$acc exit data detach (YD%SLDLAT)
( 1038)   !$acc exit data delete (YD%SLDLAT)
( 1039) ENDIF
( 1040) 
( 1041) LSLDDLAT = ALLOCATED (YD%SLDDLAT)
( 1042) IF (LSLDDLAT) THEN
( 1043)   !$acc exit data detach (YD%SLDDLAT)
( 1044)   !$acc exit data delete (YD%SLDDLAT)
( 1045) ENDIF
( 1046) 
( 1047) LLDELETED = .FALSE.
( 1048) IF (PRESENT (LDDELETED)) THEN
( 1049)   LLDELETED = LDDELETED
( 1050) ENDIF
( 1051) IF (.NOT. LLDELETED) THEN
( 1052)   !$acc exit data delete (YD)
( 1053) ENDIF
( 1054) END SUBROUTINE
( 1055) 
( 1056) INTEGER*8 FUNCTION SIZE_TECUCONVCA (YD, CDPATH, LDPRINT) RESULT (KSIZE)
( 1057) 
( 1058) IMPLICIT NONE
( 1059) TYPE (TECUCONVCA),     INTENT (IN), TARGET :: YD
( 1060) CHARACTER(LEN=*), INTENT (IN), OPTIONAL :: CDPATH
( 1061) LOGICAL,          INTENT (IN), OPTIONAL :: LDPRINT
( 1062) INTEGER*8 :: ISIZE, JSIZE
( 1063) LOGICAL :: LLPRINT
( 1064) CHARACTER(LEN=128) :: CLPATH
( 1065) LOGICAL :: LNBEW, LNBLS, LNBNS, LNBSS, LNCELLCU, LNFERTCU, LNRNBLS, LNRNBSS, LRCAPECONVCA, LRCUCONVCA
( 1066) LOGICAL :: LRLATDEP, LRLATLONNBLS, LRLATLONNBSS, LRLONDEP, LRNLCONVCA, LRWASALIVE, LRWGHTCU, LSLDDLAT, LSLDLAT, LSLDLONG
( 1067) LOGICAL :: LSLLAT, LSLLONG
( 1068) 
( 1069) LLPRINT = .FALSE.
( 1070) IF (PRESENT (LDPRINT)) THEN
( 1071)   LLPRINT = LDPRINT
( 1072) ENDIF
( 1073) CLPATH=''
( 1074) IF (PRESENT (CDPATH)) THEN
( 1075)   CLPATH = CDPATH
( 1076) ENDIF
( 1077) KSIZE = 0
( 1078) ISIZE = KIND (YD%NLIVES)
( 1079) IF (LLPRINT) THEN
( 1080)   WRITE (*, '(I10," ")', ADVANCE='NO') ISIZE
( 1081)   WRITE (*, *) TRIM (CLPATH)//'%NLIVES'
( 1082) ENDIF
( 1083) KSIZE = KSIZE + ISIZE
( 1084) ISIZE = KIND (YD%NFERTYRS)
( 1085) IF (LLPRINT) THEN
( 1086)   WRITE (*, '(I10," ")', ADVANCE='NO') ISIZE
( 1087)   WRITE (*, *) TRIM (CLPATH)//'%NFERTYRS'
( 1088) ENDIF
( 1089) KSIZE = KSIZE + ISIZE
( 1090) ISIZE = KIND (YD%NSPINUP)
( 1091) IF (LLPRINT) THEN
( 1092)   WRITE (*, '(I10," ")', ADVANCE='NO') ISIZE
( 1093)   WRITE (*, *) TRIM (CLPATH)//'%NSPINUP'
( 1094) ENDIF






NVFORTRAN (Version     24.5)          03/19/2025  06:54:31      page 20

( 1095) KSIZE = KSIZE + ISIZE
( 1096) LNCELLCU = ALLOCATED (YD%NCELLCU)
( 1097) IF (LNCELLCU) THEN
( 1098)   ISIZE = KIND (YD%NCELLCU) * SIZE (YD%NCELLCU)
( 1099)   IF (LLPRINT) THEN
( 1100)     WRITE (*, '(I10," ")', ADVANCE='NO') ISIZE
( 1101)     WRITE (*, *) TRIM (CLPATH)//'%NCELLCU'
( 1102)   ENDIF
( 1103)   KSIZE = KSIZE + ISIZE
( 1104) ENDIF
( 1105) LNFERTCU = ALLOCATED (YD%NFERTCU)
( 1106) IF (LNFERTCU) THEN
( 1107)   ISIZE = KIND (YD%NFERTCU) * SIZE (YD%NFERTCU)
( 1108)   IF (LLPRINT) THEN
( 1109)     WRITE (*, '(I10," ")', ADVANCE='NO') ISIZE
( 1110)     WRITE (*, *) TRIM (CLPATH)//'%NFERTCU'
( 1111)   ENDIF
( 1112)   KSIZE = KSIZE + ISIZE
( 1113) ENDIF
( 1114) LNBLS = ALLOCATED (YD%NBLS)
( 1115) IF (LNBLS) THEN
( 1116)   ISIZE = KIND (YD%NBLS) * SIZE (YD%NBLS)
( 1117)   IF (LLPRINT) THEN
( 1118)     WRITE (*, '(I10," ")', ADVANCE='NO') ISIZE
( 1119)     WRITE (*, *) TRIM (CLPATH)//'%NBLS'
( 1120)   ENDIF
( 1121)   KSIZE = KSIZE + ISIZE
( 1122) ENDIF
( 1123) LNBSS = ALLOCATED (YD%NBSS)
( 1124) IF (LNBSS) THEN
( 1125)   ISIZE = KIND (YD%NBSS) * SIZE (YD%NBSS)
( 1126)   IF (LLPRINT) THEN
( 1127)     WRITE (*, '(I10," ")', ADVANCE='NO') ISIZE
( 1128)     WRITE (*, *) TRIM (CLPATH)//'%NBSS'
( 1129)   ENDIF
( 1130)   KSIZE = KSIZE + ISIZE
( 1131) ENDIF
( 1132) LNRNBLS = ALLOCATED (YD%NRNBLS)
( 1133) IF (LNRNBLS) THEN
( 1134)   ISIZE = KIND (YD%NRNBLS) * SIZE (YD%NRNBLS)
( 1135)   IF (LLPRINT) THEN
( 1136)     WRITE (*, '(I10," ")', ADVANCE='NO') ISIZE
( 1137)     WRITE (*, *) TRIM (CLPATH)//'%NRNBLS'
( 1138)   ENDIF
( 1139)   KSIZE = KSIZE + ISIZE
( 1140) ENDIF
( 1141) LNRNBSS = ALLOCATED (YD%NRNBSS)
( 1142) IF (LNRNBSS) THEN
( 1143)   ISIZE = KIND (YD%NRNBSS) * SIZE (YD%NRNBSS)
( 1144)   IF (LLPRINT) THEN
( 1145)     WRITE (*, '(I10," ")', ADVANCE='NO') ISIZE
( 1146)     WRITE (*, *) TRIM (CLPATH)//'%NRNBSS'
( 1147)   ENDIF
( 1148)   KSIZE = KSIZE + ISIZE
( 1149) ENDIF
( 1150) LNBEW = ALLOCATED (YD%NBEW)
( 1151) IF (LNBEW) THEN
( 1152)   ISIZE = KIND (YD%NBEW) * SIZE (YD%NBEW)






NVFORTRAN (Version     24.5)          03/19/2025  06:54:31      page 21

( 1153)   IF (LLPRINT) THEN
( 1154)     WRITE (*, '(I10," ")', ADVANCE='NO') ISIZE
( 1155)     WRITE (*, *) TRIM (CLPATH)//'%NBEW'
( 1156)   ENDIF
( 1157)   KSIZE = KSIZE + ISIZE
( 1158) ENDIF
( 1159) LNBNS = ALLOCATED (YD%NBNS)
( 1160) IF (LNBNS) THEN
( 1161)   ISIZE = KIND (YD%NBNS) * SIZE (YD%NBNS)
( 1162)   IF (LLPRINT) THEN
( 1163)     WRITE (*, '(I10," ")', ADVANCE='NO') ISIZE
( 1164)     WRITE (*, *) TRIM (CLPATH)//'%NBNS'
( 1165)   ENDIF
( 1166)   KSIZE = KSIZE + ISIZE
( 1167) ENDIF
( 1168) LRCUCONVCA = ALLOCATED (YD%RCUCONVCA)
( 1169) IF (LRCUCONVCA) THEN
( 1170)   ISIZE = KIND (YD%RCUCONVCA) * SIZE (YD%RCUCONVCA)
( 1171)   IF (LLPRINT) THEN
( 1172)     WRITE (*, '(I10," ")', ADVANCE='NO') ISIZE
( 1173)     WRITE (*, *) TRIM (CLPATH)//'%RCUCONVCA'
( 1174)   ENDIF
( 1175)   KSIZE = KSIZE + ISIZE
( 1176) ENDIF
( 1177) LRNLCONVCA = ALLOCATED (YD%RNLCONVCA)
( 1178) IF (LRNLCONVCA) THEN
( 1179)   ISIZE = KIND (YD%RNLCONVCA) * SIZE (YD%RNLCONVCA)
( 1180)   IF (LLPRINT) THEN
( 1181)     WRITE (*, '(I10," ")', ADVANCE='NO') ISIZE
( 1182)     WRITE (*, *) TRIM (CLPATH)//'%RNLCONVCA'
( 1183)   ENDIF
( 1184)   KSIZE = KSIZE + ISIZE
( 1185) ENDIF
( 1186) LRCAPECONVCA = ALLOCATED (YD%RCAPECONVCA)
( 1187) IF (LRCAPECONVCA) THEN
( 1188)   ISIZE = KIND (YD%RCAPECONVCA) * SIZE (YD%RCAPECONVCA)
( 1189)   IF (LLPRINT) THEN
( 1190)     WRITE (*, '(I10," ")', ADVANCE='NO') ISIZE
( 1191)     WRITE (*, *) TRIM (CLPATH)//'%RCAPECONVCA'
( 1192)   ENDIF
( 1193)   KSIZE = KSIZE + ISIZE
( 1194) ENDIF
( 1195) LRWASALIVE = ALLOCATED (YD%RWASALIVE)
( 1196) IF (LRWASALIVE) THEN
( 1197)   ISIZE = KIND (YD%RWASALIVE) * SIZE (YD%RWASALIVE)
( 1198)   IF (LLPRINT) THEN
( 1199)     WRITE (*, '(I10," ")', ADVANCE='NO') ISIZE
( 1200)     WRITE (*, *) TRIM (CLPATH)//'%RWASALIVE'
( 1201)   ENDIF
( 1202)   KSIZE = KSIZE + ISIZE
( 1203) ENDIF
( 1204) LRWGHTCU = ALLOCATED (YD%RWGHTCU)
( 1205) IF (LRWGHTCU) THEN
( 1206)   ISIZE = KIND (YD%RWGHTCU) * SIZE (YD%RWGHTCU)
( 1207)   IF (LLPRINT) THEN
( 1208)     WRITE (*, '(I10," ")', ADVANCE='NO') ISIZE
( 1209)     WRITE (*, *) TRIM (CLPATH)//'%RWGHTCU'
( 1210)   ENDIF






NVFORTRAN (Version     24.5)          03/19/2025  06:54:31      page 22

( 1211)   KSIZE = KSIZE + ISIZE
( 1212) ENDIF
( 1213) LRLATLONNBLS = ALLOCATED (YD%RLATLONNBLS)
( 1214) IF (LRLATLONNBLS) THEN
( 1215)   ISIZE = KIND (YD%RLATLONNBLS) * SIZE (YD%RLATLONNBLS)
( 1216)   IF (LLPRINT) THEN
( 1217)     WRITE (*, '(I10," ")', ADVANCE='NO') ISIZE
( 1218)     WRITE (*, *) TRIM (CLPATH)//'%RLATLONNBLS'
( 1219)   ENDIF
( 1220)   KSIZE = KSIZE + ISIZE
( 1221) ENDIF
( 1222) LRLATLONNBSS = ALLOCATED (YD%RLATLONNBSS)
( 1223) IF (LRLATLONNBSS) THEN
( 1224)   ISIZE = KIND (YD%RLATLONNBSS) * SIZE (YD%RLATLONNBSS)
( 1225)   IF (LLPRINT) THEN
( 1226)     WRITE (*, '(I10," ")', ADVANCE='NO') ISIZE
( 1227)     WRITE (*, *) TRIM (CLPATH)//'%RLATLONNBSS'
( 1228)   ENDIF
( 1229)   KSIZE = KSIZE + ISIZE
( 1230) ENDIF
( 1231) ISIZE = KIND (YD%RPROB_SURVIVE) * SIZE (YD%RPROB_SURVIVE)
( 1232) IF (LLPRINT) THEN
( 1233)   WRITE (*, '(I10," ")', ADVANCE='NO') ISIZE
( 1234)   WRITE (*, *) TRIM (CLPATH)//'%RPROB_SURVIVE'
( 1235) ENDIF
( 1236) KSIZE = KSIZE + ISIZE
( 1237) ISIZE = KIND (YD%RPROB_BIRTH) * SIZE (YD%RPROB_BIRTH)
( 1238) IF (LLPRINT) THEN
( 1239)   WRITE (*, '(I10," ")', ADVANCE='NO') ISIZE
( 1240)   WRITE (*, *) TRIM (CLPATH)//'%RPROB_BIRTH'
( 1241) ENDIF
( 1242) KSIZE = KSIZE + ISIZE
( 1243) ISIZE = KIND (YD%RPROB_FUN_FERT_S) * SIZE (YD%RPROB_FUN_FERT_S)
( 1244) IF (LLPRINT) THEN
( 1245)   WRITE (*, '(I10," ")', ADVANCE='NO') ISIZE
( 1246)   WRITE (*, *) TRIM (CLPATH)//'%RPROB_FUN_FERT_S'
( 1247) ENDIF
( 1248) KSIZE = KSIZE + ISIZE
( 1249) ISIZE = KIND (YD%RPROB_FUN_UW_DW_S) * SIZE (YD%RPROB_FUN_UW_DW_S)
( 1250) IF (LLPRINT) THEN
( 1251)   WRITE (*, '(I10," ")', ADVANCE='NO') ISIZE
( 1252)   WRITE (*, *) TRIM (CLPATH)//'%RPROB_FUN_UW_DW_S'
( 1253) ENDIF
( 1254) KSIZE = KSIZE + ISIZE
( 1255) ISIZE = KIND (YD%RPROB_FUN_FERT_B) * SIZE (YD%RPROB_FUN_FERT_B)
( 1256) IF (LLPRINT) THEN
( 1257)   WRITE (*, '(I10," ")', ADVANCE='NO') ISIZE
( 1258)   WRITE (*, *) TRIM (CLPATH)//'%RPROB_FUN_FERT_B'
( 1259) ENDIF
( 1260) KSIZE = KSIZE + ISIZE
( 1261) ISIZE = KIND (YD%RPROB_FUN_UW_DW_B) * SIZE (YD%RPROB_FUN_UW_DW_B)
( 1262) IF (LLPRINT) THEN
( 1263)   WRITE (*, '(I10," ")', ADVANCE='NO') ISIZE
( 1264)   WRITE (*, *) TRIM (CLPATH)//'%RPROB_FUN_UW_DW_B'
( 1265) ENDIF
( 1266) KSIZE = KSIZE + ISIZE
( 1267) LRLONDEP = ALLOCATED (YD%RLONDEP)
( 1268) IF (LRLONDEP) THEN






NVFORTRAN (Version     24.5)          03/19/2025  06:54:31      page 23

( 1269)   ISIZE = KIND (YD%RLONDEP) * SIZE (YD%RLONDEP)
( 1270)   IF (LLPRINT) THEN
( 1271)     WRITE (*, '(I10," ")', ADVANCE='NO') ISIZE
( 1272)     WRITE (*, *) TRIM (CLPATH)//'%RLONDEP'
( 1273)   ENDIF
( 1274)   KSIZE = KSIZE + ISIZE
( 1275) ENDIF
( 1276) LRLATDEP = ALLOCATED (YD%RLATDEP)
( 1277) IF (LRLATDEP) THEN
( 1278)   ISIZE = KIND (YD%RLATDEP) * SIZE (YD%RLATDEP)
( 1279)   IF (LLPRINT) THEN
( 1280)     WRITE (*, '(I10," ")', ADVANCE='NO') ISIZE
( 1281)     WRITE (*, *) TRIM (CLPATH)//'%RLATDEP'
( 1282)   ENDIF
( 1283)   KSIZE = KSIZE + ISIZE
( 1284) ENDIF
( 1285) ISIZE = KIND (YD%RCA_SEEDPROB)
( 1286) IF (LLPRINT) THEN
( 1287)   WRITE (*, '(I10," ")', ADVANCE='NO') ISIZE
( 1288)   WRITE (*, *) TRIM (CLPATH)//'%RCA_SEEDPROB'
( 1289) ENDIF
( 1290) KSIZE = KSIZE + ISIZE
( 1291) ISIZE = KIND (YD%RCADELX)
( 1292) IF (LLPRINT) THEN
( 1293)   WRITE (*, '(I10," ")', ADVANCE='NO') ISIZE
( 1294)   WRITE (*, *) TRIM (CLPATH)//'%RCADELX'
( 1295) ENDIF
( 1296) KSIZE = KSIZE + ISIZE
( 1297) ISIZE = KIND (YD%LCUCONV_CA)
( 1298) IF (LLPRINT) THEN
( 1299)   WRITE (*, '(I10," ")', ADVANCE='NO') ISIZE
( 1300)   WRITE (*, *) TRIM (CLPATH)//'%LCUCONV_CA'
( 1301) ENDIF
( 1302) KSIZE = KSIZE + ISIZE
( 1303) ISIZE = KIND (YD%LCA_ADVECT)
( 1304) IF (LLPRINT) THEN
( 1305)   WRITE (*, '(I10," ")', ADVANCE='NO') ISIZE
( 1306)   WRITE (*, *) TRIM (CLPATH)//'%LCA_ADVECT'
( 1307) ENDIF
( 1308) KSIZE = KSIZE + ISIZE
( 1309) ISIZE = KIND (YD%LCA_GLOBAL)
( 1310) IF (LLPRINT) THEN
( 1311)   WRITE (*, '(I10," ")', ADVANCE='NO') ISIZE
( 1312)   WRITE (*, *) TRIM (CLPATH)//'%LCA_GLOBAL'
( 1313) ENDIF
( 1314) KSIZE = KSIZE + ISIZE
( 1315) ISIZE = KIND (YD%LCA_SMOOTH)
( 1316) IF (LLPRINT) THEN
( 1317)   WRITE (*, '(I10," ")', ADVANCE='NO') ISIZE
( 1318)   WRITE (*, *) TRIM (CLPATH)//'%LCA_SMOOTH'
( 1319) ENDIF
( 1320) KSIZE = KSIZE + ISIZE
( 1321) ISIZE = KIND (YD%LCA_TEST)
( 1322) IF (LLPRINT) THEN
( 1323)   WRITE (*, '(I10," ")', ADVANCE='NO') ISIZE
( 1324)   WRITE (*, *) TRIM (CLPATH)//'%LCA_TEST'
( 1325) ENDIF
( 1326) KSIZE = KSIZE + ISIZE






NVFORTRAN (Version     24.5)          03/19/2025  06:54:31      page 24

( 1327) ISIZE = KIND (YD%LCA_ADVTEST)
( 1328) IF (LLPRINT) THEN
( 1329)   WRITE (*, '(I10," ")', ADVANCE='NO') ISIZE
( 1330)   WRITE (*, *) TRIM (CLPATH)//'%LCA_ADVTEST'
( 1331) ENDIF
( 1332) KSIZE = KSIZE + ISIZE
( 1333) ISIZE = KIND (YD%LCA_RANTROP)
( 1334) IF (LLPRINT) THEN
( 1335)   WRITE (*, '(I10," ")', ADVANCE='NO') ISIZE
( 1336)   WRITE (*, *) TRIM (CLPATH)//'%LCA_RANTROP'
( 1337) ENDIF
( 1338) KSIZE = KSIZE + ISIZE
( 1339) ISIZE = KIND (YD%LCA_NBDEBUG)
( 1340) IF (LLPRINT) THEN
( 1341)   WRITE (*, '(I10," ")', ADVANCE='NO') ISIZE
( 1342)   WRITE (*, *) TRIM (CLPATH)//'%LCA_NBDEBUG'
( 1343) ENDIF
( 1344) KSIZE = KSIZE + ISIZE
( 1345) ISIZE = KIND (YD%LCA_EXTRACT)
( 1346) IF (LLPRINT) THEN
( 1347)   WRITE (*, '(I10," ")', ADVANCE='NO') ISIZE
( 1348)   WRITE (*, *) TRIM (CLPATH)//'%LCA_EXTRACT'
( 1349) ENDIF
( 1350) KSIZE = KSIZE + ISIZE
( 1351) ISIZE = KIND (YD%CA_FORC) * LEN (YD%CA_FORC)
( 1352) IF (LLPRINT) THEN
( 1353)   WRITE (*, '(I10," ")', ADVANCE='NO') ISIZE
( 1354)   WRITE (*, *) TRIM (CLPATH)//'%CA_FORC'
( 1355) ENDIF
( 1356) KSIZE = KSIZE + ISIZE
( 1357) ISIZE = KIND (YD%CA_WIND) * LEN (YD%CA_WIND)
( 1358) IF (LLPRINT) THEN
( 1359)   WRITE (*, '(I10," ")', ADVANCE='NO') ISIZE
( 1360)   WRITE (*, *) TRIM (CLPATH)//'%CA_WIND'
( 1361) ENDIF
( 1362) KSIZE = KSIZE + ISIZE
( 1363) ISIZE = KIND (YD%CA_PROB) * LEN (YD%CA_PROB)
( 1364) IF (LLPRINT) THEN
( 1365)   WRITE (*, '(I10," ")', ADVANCE='NO') ISIZE
( 1366)   WRITE (*, *) TRIM (CLPATH)//'%CA_PROB'
( 1367) ENDIF
( 1368) KSIZE = KSIZE + ISIZE
( 1369) ISIZE = KIND (YD%NFRCASEED)
( 1370) IF (LLPRINT) THEN
( 1371)   WRITE (*, '(I10," ")', ADVANCE='NO') ISIZE
( 1372)   WRITE (*, *) TRIM (CLPATH)//'%NFRCASEED'
( 1373) ENDIF
( 1374) KSIZE = KSIZE + ISIZE
( 1375) ISIZE = KIND (YD%NTESTPROC)
( 1376) IF (LLPRINT) THEN
( 1377)   WRITE (*, '(I10," ")', ADVANCE='NO') ISIZE
( 1378)   WRITE (*, *) TRIM (CLPATH)//'%NTESTPROC'
( 1379) ENDIF
( 1380) KSIZE = KSIZE + ISIZE
( 1381) ISIZE = KIND (YD%NTESTGP)
( 1382) IF (LLPRINT) THEN
( 1383)   WRITE (*, '(I10," ")', ADVANCE='NO') ISIZE
( 1384)   WRITE (*, *) TRIM (CLPATH)//'%NTESTGP'






NVFORTRAN (Version     24.5)          03/19/2025  06:54:31      page 25

( 1385) ENDIF
( 1386) KSIZE = KSIZE + ISIZE
( 1387) ISIZE = KIND (YD%NDXUNREAL)
( 1388) IF (LLPRINT) THEN
( 1389)   WRITE (*, '(I10," ")', ADVANCE='NO') ISIZE
( 1390)   WRITE (*, *) TRIM (CLPATH)//'%NDXUNREAL'
( 1391) ENDIF
( 1392) KSIZE = KSIZE + ISIZE
( 1393) ISIZE = KIND (YD%NDYUNREAL)
( 1394) IF (LLPRINT) THEN
( 1395)   WRITE (*, '(I10," ")', ADVANCE='NO') ISIZE
( 1396)   WRITE (*, *) TRIM (CLPATH)//'%NDYUNREAL'
( 1397) ENDIF
( 1398) KSIZE = KSIZE + ISIZE
( 1399) LSLLONG = ALLOCATED (YD%SLLONG)
( 1400) IF (LSLLONG) THEN
( 1401)   ISIZE = KIND (YD%SLLONG) * SIZE (YD%SLLONG)
( 1402)   IF (LLPRINT) THEN
( 1403)     WRITE (*, '(I10," ")', ADVANCE='NO') ISIZE
( 1404)     WRITE (*, *) TRIM (CLPATH)//'%SLLONG'
( 1405)   ENDIF
( 1406)   KSIZE = KSIZE + ISIZE
( 1407) ENDIF
( 1408) LSLLAT = ALLOCATED (YD%SLLAT)
( 1409) IF (LSLLAT) THEN
( 1410)   ISIZE = KIND (YD%SLLAT) * SIZE (YD%SLLAT)
( 1411)   IF (LLPRINT) THEN
( 1412)     WRITE (*, '(I10," ")', ADVANCE='NO') ISIZE
( 1413)     WRITE (*, *) TRIM (CLPATH)//'%SLLAT'
( 1414)   ENDIF
( 1415)   KSIZE = KSIZE + ISIZE
( 1416) ENDIF
( 1417) LSLDLONG = ALLOCATED (YD%SLDLONG)
( 1418) IF (LSLDLONG) THEN
( 1419)   ISIZE = KIND (YD%SLDLONG) * SIZE (YD%SLDLONG)
( 1420)   IF (LLPRINT) THEN
( 1421)     WRITE (*, '(I10," ")', ADVANCE='NO') ISIZE
( 1422)     WRITE (*, *) TRIM (CLPATH)//'%SLDLONG'
( 1423)   ENDIF
( 1424)   KSIZE = KSIZE + ISIZE
( 1425) ENDIF
( 1426) LSLDLAT = ALLOCATED (YD%SLDLAT)
( 1427) IF (LSLDLAT) THEN
( 1428)   ISIZE = KIND (YD%SLDLAT) * SIZE (YD%SLDLAT)
( 1429)   IF (LLPRINT) THEN
( 1430)     WRITE (*, '(I10," ")', ADVANCE='NO') ISIZE
( 1431)     WRITE (*, *) TRIM (CLPATH)//'%SLDLAT'
( 1432)   ENDIF
( 1433)   KSIZE = KSIZE + ISIZE
( 1434) ENDIF
( 1435) LSLDDLAT = ALLOCATED (YD%SLDDLAT)
( 1436) IF (LSLDDLAT) THEN
( 1437)   ISIZE = KIND (YD%SLDDLAT) * SIZE (YD%SLDDLAT)
( 1438)   IF (LLPRINT) THEN
( 1439)     WRITE (*, '(I10," ")', ADVANCE='NO') ISIZE
( 1440)     WRITE (*, *) TRIM (CLPATH)//'%SLDDLAT'
( 1441)   ENDIF
( 1442)   KSIZE = KSIZE + ISIZE






NVFORTRAN (Version     24.5)          03/19/2025  06:54:31      page 26

( 1443) ENDIF
( 1444) END FUNCTION
( 1445) 
( 1446) END MODULE




























































NVFORTRAN (Version     24.5)          03/19/2025  06:54:31      page 27

(    1) # 1 "./util_tecuconvca_mod.F90"
(    1) MODULE UTIL_TECUCONVCA_MOD
(    2) # 3 "./util_tecuconvca_mod.F90"
(    3) USE YOE_CUCONVCA, ONLY : TECUCONVCA
(    4) # 5 "./util_tecuconvca_mod.F90"
(    5) INTERFACE SAVE
(    6) MODULE PROCEDURE SAVE_TECUCONVCA
(    7) END INTERFACE
(    8) # 9 "./util_tecuconvca_mod.F90"
(    9) INTERFACE LOAD
(   10) MODULE PROCEDURE LOAD_TECUCONVCA
(   11) END INTERFACE
(   12) # 13 "./util_tecuconvca_mod.F90"
(   13) INTERFACE COPY
(   14) MODULE PROCEDURE COPY_TECUCONVCA
(   15) END INTERFACE
(   16) # 17 "./util_tecuconvca_mod.F90"
(   17) INTERFACE HOST
(   18) MODULE PROCEDURE HOST_TECUCONVCA
(   19) END INTERFACE
(   20) # 21 "./util_tecuconvca_mod.F90"
(   21)      
(   22) INTERFACE CRC64
(   23) MODULE PROCEDURE CRC64_TECUCONVCA
(   24) END INTERFACE
(   25) # 26 "./util_tecuconvca_mod.F90"
(   26) INTERFACE WIPE
(   27) MODULE PROCEDURE WIPE_TECUCONVCA
(   28) END INTERFACE
(   29) # 30 "./util_tecuconvca_mod.F90"
(   30) INTERFACE SIZE
(   31) MODULE PROCEDURE SIZE_TECUCONVCA
(   32) END INTERFACE
(   33) # 35 "./util_tecuconvca_mod.F90"
(   35) CONTAINS
(   36) # 37 "./util_tecuconvca_mod.F90"
(   37) SUBROUTINE SAVE_TECUCONVCA (KLUN, YD)
(   38) # 39 "./util_tecuconvca_mod.F90"
(   39) IMPLICIT NONE
(   40) INTEGER, INTENT (IN) :: KLUN
(   41) TYPE (TECUCONVCA), INTENT (IN), TARGET :: YD
(   42) LOGICAL :: LNBEW, LNBLS, LNBNS, LNBSS, LNCELLCU, LNFERTCU, LNRNBLS, LNRNBSS, LRCAPECONVCA, LRCUCONVCA
(   43) LOGICAL :: LRLATDEP, LRLATLONNBLS, LRLATLONNBSS, LRLONDEP, LRNLCONVCA, LRWASALIVE, LRWGHTCU, LSLDDLAT, LSLDLAT, LSLDLONG
(   44) LOGICAL :: LSLLAT, LSLLONG
(   45) WRITE (KLUN) YD%NLIVES
(   46) WRITE (KLUN) YD%NFERTYRS
(   47) WRITE (KLUN) YD%NSPINUP
(   48) LNCELLCU = ALLOCATED (YD%NCELLCU)
(   49) WRITE (KLUN) LNCELLCU
(   50) IF (LNCELLCU) THEN
(   51)   WRITE (KLUN) LBOUND (YD%NCELLCU)
(   52)   WRITE (KLUN) UBOUND (YD%NCELLCU)
(   53)   WRITE (KLUN) YD%NCELLCU
(   54) ENDIF
(   55) LNFERTCU = ALLOCATED (YD%NFERTCU)
(   56) WRITE (KLUN) LNFERTCU
(   57) IF (LNFERTCU) THEN
(   58)   WRITE (KLUN) LBOUND (YD%NFERTCU)






NVFORTRAN (Version     24.5)          03/19/2025  06:54:31      page 28

(   59)   WRITE (KLUN) UBOUND (YD%NFERTCU)
(   60)   WRITE (KLUN) YD%NFERTCU
(   61) ENDIF
(   62) LNBLS = ALLOCATED (YD%NBLS)
(   63) WRITE (KLUN) LNBLS
(   64) IF (LNBLS) THEN
(   65)   WRITE (KLUN) LBOUND (YD%NBLS)
(   66)   WRITE (KLUN) UBOUND (YD%NBLS)
(   67)   WRITE (KLUN) YD%NBLS
(   68) ENDIF
(   69) LNBSS = ALLOCATED (YD%NBSS)
(   70) WRITE (KLUN) LNBSS
(   71) IF (LNBSS) THEN
(   72)   WRITE (KLUN) LBOUND (YD%NBSS)
(   73)   WRITE (KLUN) UBOUND (YD%NBSS)
(   74)   WRITE (KLUN) YD%NBSS
(   75) ENDIF
(   76) LNRNBLS = ALLOCATED (YD%NRNBLS)
(   77) WRITE (KLUN) LNRNBLS
(   78) IF (LNRNBLS) THEN
(   79)   WRITE (KLUN) LBOUND (YD%NRNBLS)
(   80)   WRITE (KLUN) UBOUND (YD%NRNBLS)
(   81)   WRITE (KLUN) YD%NRNBLS
(   82) ENDIF
(   83) LNRNBSS = ALLOCATED (YD%NRNBSS)
(   84) WRITE (KLUN) LNRNBSS
(   85) IF (LNRNBSS) THEN
(   86)   WRITE (KLUN) LBOUND (YD%NRNBSS)
(   87)   WRITE (KLUN) UBOUND (YD%NRNBSS)
(   88)   WRITE (KLUN) YD%NRNBSS
(   89) ENDIF
(   90) LNBEW = ALLOCATED (YD%NBEW)
(   91) WRITE (KLUN) LNBEW
(   92) IF (LNBEW) THEN
(   93)   WRITE (KLUN) LBOUND (YD%NBEW)
(   94)   WRITE (KLUN) UBOUND (YD%NBEW)
(   95)   WRITE (KLUN) YD%NBEW
(   96) ENDIF
(   97) LNBNS = ALLOCATED (YD%NBNS)
(   98) WRITE (KLUN) LNBNS
(   99) IF (LNBNS) THEN
(  100)   WRITE (KLUN) LBOUND (YD%NBNS)
(  101)   WRITE (KLUN) UBOUND (YD%NBNS)
(  102)   WRITE (KLUN) YD%NBNS
(  103) ENDIF
(  104) LRCUCONVCA = ALLOCATED (YD%RCUCONVCA)
(  105) WRITE (KLUN) LRCUCONVCA
(  106) IF (LRCUCONVCA) THEN
(  107)   WRITE (KLUN) LBOUND (YD%RCUCONVCA)
(  108)   WRITE (KLUN) UBOUND (YD%RCUCONVCA)
(  109)   WRITE (KLUN) YD%RCUCONVCA
(  110) ENDIF
(  111) LRNLCONVCA = ALLOCATED (YD%RNLCONVCA)
(  112) WRITE (KLUN) LRNLCONVCA
(  113) IF (LRNLCONVCA) THEN
(  114)   WRITE (KLUN) LBOUND (YD%RNLCONVCA)
(  115)   WRITE (KLUN) UBOUND (YD%RNLCONVCA)
(  116)   WRITE (KLUN) YD%RNLCONVCA






NVFORTRAN (Version     24.5)          03/19/2025  06:54:31      page 29

(  117) ENDIF
(  118) LRCAPECONVCA = ALLOCATED (YD%RCAPECONVCA)
(  119) WRITE (KLUN) LRCAPECONVCA
(  120) IF (LRCAPECONVCA) THEN
(  121)   WRITE (KLUN) LBOUND (YD%RCAPECONVCA)
(  122)   WRITE (KLUN) UBOUND (YD%RCAPECONVCA)
(  123)   WRITE (KLUN) YD%RCAPECONVCA
(  124) ENDIF
(  125) LRWASALIVE = ALLOCATED (YD%RWASALIVE)
(  126) WRITE (KLUN) LRWASALIVE
(  127) IF (LRWASALIVE) THEN
(  128)   WRITE (KLUN) LBOUND (YD%RWASALIVE)
(  129)   WRITE (KLUN) UBOUND (YD%RWASALIVE)
(  130)   WRITE (KLUN) YD%RWASALIVE
(  131) ENDIF
(  132) LRWGHTCU = ALLOCATED (YD%RWGHTCU)
(  133) WRITE (KLUN) LRWGHTCU
(  134) IF (LRWGHTCU) THEN
(  135)   WRITE (KLUN) LBOUND (YD%RWGHTCU)
(  136)   WRITE (KLUN) UBOUND (YD%RWGHTCU)
(  137)   WRITE (KLUN) YD%RWGHTCU
(  138) ENDIF
(  139) LRLATLONNBLS = ALLOCATED (YD%RLATLONNBLS)
(  140) WRITE (KLUN) LRLATLONNBLS
(  141) IF (LRLATLONNBLS) THEN
(  142)   WRITE (KLUN) LBOUND (YD%RLATLONNBLS)
(  143)   WRITE (KLUN) UBOUND (YD%RLATLONNBLS)
(  144)   WRITE (KLUN) YD%RLATLONNBLS
(  145) ENDIF
(  146) LRLATLONNBSS = ALLOCATED (YD%RLATLONNBSS)
(  147) WRITE (KLUN) LRLATLONNBSS
(  148) IF (LRLATLONNBSS) THEN
(  149)   WRITE (KLUN) LBOUND (YD%RLATLONNBSS)
(  150)   WRITE (KLUN) UBOUND (YD%RLATLONNBSS)
(  151)   WRITE (KLUN) YD%RLATLONNBSS
(  152) ENDIF
(  153) WRITE (KLUN) YD%RPROB_SURVIVE
(  154) WRITE (KLUN) YD%RPROB_BIRTH
(  155) WRITE (KLUN) YD%RPROB_FUN_FERT_S
(  156) WRITE (KLUN) YD%RPROB_FUN_UW_DW_S
(  157) WRITE (KLUN) YD%RPROB_FUN_FERT_B
(  158) WRITE (KLUN) YD%RPROB_FUN_UW_DW_B
(  159) LRLONDEP = ALLOCATED (YD%RLONDEP)
(  160) WRITE (KLUN) LRLONDEP
(  161) IF (LRLONDEP) THEN
(  162)   WRITE (KLUN) LBOUND (YD%RLONDEP)
(  163)   WRITE (KLUN) UBOUND (YD%RLONDEP)
(  164)   WRITE (KLUN) YD%RLONDEP
(  165) ENDIF
(  166) LRLATDEP = ALLOCATED (YD%RLATDEP)
(  167) WRITE (KLUN) LRLATDEP
(  168) IF (LRLATDEP) THEN
(  169)   WRITE (KLUN) LBOUND (YD%RLATDEP)
(  170)   WRITE (KLUN) UBOUND (YD%RLATDEP)
(  171)   WRITE (KLUN) YD%RLATDEP
(  172) ENDIF
(  173) WRITE (KLUN) YD%RCA_SEEDPROB
(  174) WRITE (KLUN) YD%RCADELX






NVFORTRAN (Version     24.5)          03/19/2025  06:54:31      page 30

(  175) WRITE (KLUN) YD%LCUCONV_CA
(  176) WRITE (KLUN) YD%LCA_ADVECT
(  177) WRITE (KLUN) YD%LCA_GLOBAL
(  178) WRITE (KLUN) YD%LCA_SMOOTH
(  179) WRITE (KLUN) YD%LCA_TEST
(  180) WRITE (KLUN) YD%LCA_ADVTEST
(  181) WRITE (KLUN) YD%LCA_RANTROP
(  182) WRITE (KLUN) YD%LCA_NBDEBUG
(  183) WRITE (KLUN) YD%LCA_EXTRACT
(  184) WRITE (KLUN) YD%CA_FORC
(  185) WRITE (KLUN) YD%CA_WIND
(  186) WRITE (KLUN) YD%CA_PROB
(  187) WRITE (KLUN) YD%NFRCASEED
(  188) WRITE (KLUN) YD%NTESTPROC
(  189) WRITE (KLUN) YD%NTESTGP
(  190) WRITE (KLUN) YD%NDXUNREAL
(  191) WRITE (KLUN) YD%NDYUNREAL
(  192) LSLLONG = ALLOCATED (YD%SLLONG)
(  193) WRITE (KLUN) LSLLONG
(  194) IF (LSLLONG) THEN
(  195)   WRITE (KLUN) LBOUND (YD%SLLONG)
(  196)   WRITE (KLUN) UBOUND (YD%SLLONG)
(  197)   WRITE (KLUN) YD%SLLONG
(  198) ENDIF
(  199) LSLLAT = ALLOCATED (YD%SLLAT)
(  200) WRITE (KLUN) LSLLAT
(  201) IF (LSLLAT) THEN
(  202)   WRITE (KLUN) LBOUND (YD%SLLAT)
(  203)   WRITE (KLUN) UBOUND (YD%SLLAT)
(  204)   WRITE (KLUN) YD%SLLAT
(  205) ENDIF
(  206) LSLDLONG = ALLOCATED (YD%SLDLONG)
(  207) WRITE (KLUN) LSLDLONG
(  208) IF (LSLDLONG) THEN
(  209)   WRITE (KLUN) LBOUND (YD%SLDLONG)
(  210)   WRITE (KLUN) UBOUND (YD%SLDLONG)
(  211)   WRITE (KLUN) YD%SLDLONG
(  212) ENDIF
(  213) LSLDLAT = ALLOCATED (YD%SLDLAT)
(  214) WRITE (KLUN) LSLDLAT
(  215) IF (LSLDLAT) THEN
(  216)   WRITE (KLUN) LBOUND (YD%SLDLAT)
(  217)   WRITE (KLUN) UBOUND (YD%SLDLAT)
(  218)   WRITE (KLUN) YD%SLDLAT
(  219) ENDIF
(  220) LSLDDLAT = ALLOCATED (YD%SLDDLAT)
(  221) WRITE (KLUN) LSLDDLAT
(  222) IF (LSLDDLAT) THEN
(  223)   WRITE (KLUN) LBOUND (YD%SLDDLAT)
(  224)   WRITE (KLUN) UBOUND (YD%SLDDLAT)
(  225)   WRITE (KLUN) YD%SLDDLAT
(  226) ENDIF
(  227) END SUBROUTINE
(  228) # 229 "./util_tecuconvca_mod.F90"
(  229) SUBROUTINE LOAD_TECUCONVCA (KLUN, YD)
(  230) USE PARKIND1, ONLY : JPRD
(  231) # 232 "./util_tecuconvca_mod.F90"
(  232) IMPLICIT NONE






NVFORTRAN (Version     24.5)          03/19/2025  06:54:31      page 31

(  233) INTEGER, INTENT (IN) :: KLUN
(  234) TYPE (TECUCONVCA), INTENT (OUT), TARGET :: YD
(  235) INTEGER :: IL1(1), IU1(1), IL2(2), IU2(2), IL3(3), IU3(3), IL4(4), IU4(4)
(  236) LOGICAL :: LNBEW, LNBLS, LNBNS, LNBSS, LNCELLCU, LNFERTCU, LNRNBLS, LNRNBSS, LRCAPECONVCA, LRCUCONVCA
(  237) LOGICAL :: LRLATDEP, LRLATLONNBLS, LRLATLONNBSS, LRLONDEP, LRNLCONVCA, LRWASALIVE, LRWGHTCU, LSLDDLAT, LSLDLAT, LSLDLONG
(  238) LOGICAL :: LSLLAT, LSLLONG
(  239) REAL(KIND=JPRD) :: ZTMP0
(  240) REAL(KIND=JPRD), ALLOCATABLE :: ZTMP1 (:)
(  241) REAL(KIND=JPRD), ALLOCATABLE :: ZTMP2 (:,:)
(  242) REAL(KIND=JPRD), ALLOCATABLE :: ZTMP3 (:,:,:)
(  243) REAL(KIND=JPRD), ALLOCATABLE :: ZTMP4 (:,:,:,:)
(  244) READ (KLUN) YD%NLIVES
(  245) READ (KLUN) YD%NFERTYRS
(  246) READ (KLUN) YD%NSPINUP
(  247) READ (KLUN) LNCELLCU
(  248) IF (LNCELLCU) THEN
(  249)   READ (KLUN) IL2
(  250)   READ (KLUN) IU2
(  251)   ALLOCATE (YD%NCELLCU (IL2(1):IU2(1), IL2(2):IU2(2)))
(  252)   READ (KLUN) YD%NCELLCU
(  253) ENDIF
(  254) READ (KLUN) LNFERTCU
(  255) IF (LNFERTCU) THEN
(  256)   READ (KLUN) IL2
(  257)   READ (KLUN) IU2
(  258)   ALLOCATE (YD%NFERTCU (IL2(1):IU2(1), IL2(2):IU2(2)))
(  259)   READ (KLUN) YD%NFERTCU
(  260) ENDIF
(  261) READ (KLUN) LNBLS
(  262) IF (LNBLS) THEN
(  263)   READ (KLUN) IL2
(  264)   READ (KLUN) IU2
(  265)   ALLOCATE (YD%NBLS (IL2(1):IU2(1), IL2(2):IU2(2)))
(  266)   READ (KLUN) YD%NBLS
(  267) ENDIF
(  268) READ (KLUN) LNBSS
(  269) IF (LNBSS) THEN
(  270)   READ (KLUN) IL4
(  271)   READ (KLUN) IU4
(  272)   ALLOCATE (YD%NBSS (IL4(1):IU4(1), IL4(2):IU4(2), IL4(3):IU4(3), IL4(4):IU4(4)))
(  273)   READ (KLUN) YD%NBSS
(  274) ENDIF
(  275) READ (KLUN) LNRNBLS
(  276) IF (LNRNBLS) THEN
(  277)   READ (KLUN) IL1
(  278)   READ (KLUN) IU1
(  279)   ALLOCATE (YD%NRNBLS (IL1(1):IU1(1)))
(  280)   READ (KLUN) YD%NRNBLS
(  281) ENDIF
(  282) READ (KLUN) LNRNBSS
(  283) IF (LNRNBSS) THEN
(  284)   READ (KLUN) IL2
(  285)   READ (KLUN) IU2
(  286)   ALLOCATE (YD%NRNBSS (IL2(1):IU2(1), IL2(2):IU2(2)))
(  287)   READ (KLUN) YD%NRNBSS
(  288) ENDIF
(  289) READ (KLUN) LNBEW
(  290) IF (LNBEW) THEN






NVFORTRAN (Version     24.5)          03/19/2025  06:54:31      page 32

(  291)   READ (KLUN) IL3
(  292)   READ (KLUN) IU3
(  293)   ALLOCATE (YD%NBEW (IL3(1):IU3(1), IL3(2):IU3(2), IL3(3):IU3(3)))
(  294)   READ (KLUN) YD%NBEW
(  295) ENDIF
(  296) READ (KLUN) LNBNS
(  297) IF (LNBNS) THEN
(  298)   READ (KLUN) IL3
(  299)   READ (KLUN) IU3
(  300)   ALLOCATE (YD%NBNS (IL3(1):IU3(1), IL3(2):IU3(2), IL3(3):IU3(3)))
(  301)   READ (KLUN) YD%NBNS
(  302) ENDIF
(  303) READ (KLUN) LRCUCONVCA
(  304) IF (LRCUCONVCA) THEN
(  305)   READ (KLUN) IL1
(  306)   READ (KLUN) IU1
(  307)   ALLOCATE (YD%RCUCONVCA (IL1(1):IU1(1)))
(  308)   ALLOCATE (ZTMP1(LBOUND(YD%RCUCONVCA,1):UBOUND(YD%RCUCONVCA,1)))
(  309)   READ (KLUN) ZTMP1
(  310)   YD%RCUCONVCA = ZTMP1
(  311)   DEALLOCATE (ZTMP1)
(  312) ENDIF
(  313) READ (KLUN) LRNLCONVCA
(  314) IF (LRNLCONVCA) THEN
(  315)   READ (KLUN) IL1
(  316)   READ (KLUN) IU1
(  317)   ALLOCATE (YD%RNLCONVCA (IL1(1):IU1(1)))
(  318)   ALLOCATE (ZTMP1(LBOUND(YD%RNLCONVCA,1):UBOUND(YD%RNLCONVCA,1)))
(  319)   READ (KLUN) ZTMP1
(  320)   YD%RNLCONVCA = ZTMP1
(  321)   DEALLOCATE (ZTMP1)
(  322) ENDIF
(  323) READ (KLUN) LRCAPECONVCA
(  324) IF (LRCAPECONVCA) THEN
(  325)   READ (KLUN) IL1
(  326)   READ (KLUN) IU1
(  327)   ALLOCATE (YD%RCAPECONVCA (IL1(1):IU1(1)))
(  328)   ALLOCATE (ZTMP1(LBOUND(YD%RCAPECONVCA,1):UBOUND(YD%RCAPECONVCA,1)))
(  329)   READ (KLUN) ZTMP1
(  330)   YD%RCAPECONVCA = ZTMP1
(  331)   DEALLOCATE (ZTMP1)
(  332) ENDIF
(  333) READ (KLUN) LRWASALIVE
(  334) IF (LRWASALIVE) THEN
(  335)   READ (KLUN) IL1
(  336)   READ (KLUN) IU1
(  337)   ALLOCATE (YD%RWASALIVE (IL1(1):IU1(1)))
(  338)   ALLOCATE (ZTMP1(LBOUND(YD%RWASALIVE,1):UBOUND(YD%RWASALIVE,1)))
(  339)   READ (KLUN) ZTMP1
(  340)   YD%RWASALIVE = ZTMP1
(  341)   DEALLOCATE (ZTMP1)
(  342) ENDIF
(  343) READ (KLUN) LRWGHTCU
(  344) IF (LRWGHTCU) THEN
(  345)   READ (KLUN) IL1
(  346)   READ (KLUN) IU1
(  347)   ALLOCATE (YD%RWGHTCU (IL1(1):IU1(1)))
(  348)   ALLOCATE (ZTMP1(LBOUND(YD%RWGHTCU,1):UBOUND(YD%RWGHTCU,1)))






NVFORTRAN (Version     24.5)          03/19/2025  06:54:31      page 33

(  349)   READ (KLUN) ZTMP1
(  350)   YD%RWGHTCU = ZTMP1
(  351)   DEALLOCATE (ZTMP1)
(  352) ENDIF
(  353) READ (KLUN) LRLATLONNBLS
(  354) IF (LRLATLONNBLS) THEN
(  355)   READ (KLUN) IL3
(  356)   READ (KLUN) IU3
(  357)   ALLOCATE (YD%RLATLONNBLS (IL3(1):IU3(1), IL3(2):IU3(2), IL3(3):IU3(3)))
(  358)   ALLOCATE (ZTMP3(LBOUND(YD%RLATLONNBLS,1):UBOUND(YD%RLATLONNBLS,1), LBOUND(YD%RLATLONNBLS,2):UBOUND(YD%RLATLONNBLS,2), LBOUND(YD%RLATLONNBLS,3):UBOUND(YD%RLATLONNBLS,3)))
(  359)   READ (KLUN) ZTMP3
(  360)   YD%RLATLONNBLS = ZTMP3
(  361)   DEALLOCATE (ZTMP3)
(  362) ENDIF
(  363) READ (KLUN) LRLATLONNBSS
(  364) IF (LRLATLONNBSS) THEN
(  365)   READ (KLUN) IL4
(  366)   READ (KLUN) IU4
(  367)   ALLOCATE (YD%RLATLONNBSS (IL4(1):IU4(1), IL4(2):IU4(2), IL4(3):IU4(3), IL4(4):IU4(4)))
(  368)   ALLOCATE (ZTMP4(LBOUND(YD%RLATLONNBSS,1):UBOUND(YD%RLATLONNBSS,1), LBOUND(YD%RLATLONNBSS,2):UBOUND(YD%RLATLONNBSS,2), LBOUND(YD%RLATLONNBSS,3):UBOUND(YD%RLATLONNBSS,3), LBOUND(YD%RLATLONNBSS,4):UBOUND(YD%RLATLONNBSS,4)))
(  369)   READ (KLUN) ZTMP4
(  370)   YD%RLATLONNBSS = ZTMP4
(  371)   DEALLOCATE (ZTMP4)
(  372) ENDIF
(  373) ALLOCATE (ZTMP2(LBOUND(YD%RPROB_SURVIVE,1):UBOUND(YD%RPROB_SURVIVE,1), LBOUND(YD%RPROB_SURVIVE,2):UBOUND(YD%RPROB_SURVIVE,2)))
(  374) READ (KLUN) ZTMP2
(  375) YD%RPROB_SURVIVE = ZTMP2
(  376) DEALLOCATE (ZTMP2)
(  377) ALLOCATE (ZTMP2(LBOUND(YD%RPROB_BIRTH,1):UBOUND(YD%RPROB_BIRTH,1), LBOUND(YD%RPROB_BIRTH,2):UBOUND(YD%RPROB_BIRTH,2)))
(  378) READ (KLUN) ZTMP2
(  379) YD%RPROB_BIRTH = ZTMP2
(  380) DEALLOCATE (ZTMP2)
(  381) ALLOCATE (ZTMP1(LBOUND(YD%RPROB_FUN_FERT_S,1):UBOUND(YD%RPROB_FUN_FERT_S,1)))
(  382) READ (KLUN) ZTMP1
(  383) YD%RPROB_FUN_FERT_S = ZTMP1
(  384) DEALLOCATE (ZTMP1)
(  385) ALLOCATE (ZTMP1(LBOUND(YD%RPROB_FUN_UW_DW_S,1):UBOUND(YD%RPROB_FUN_UW_DW_S,1)))
(  386) READ (KLUN) ZTMP1
(  387) YD%RPROB_FUN_UW_DW_S = ZTMP1
(  388) DEALLOCATE (ZTMP1)
(  389) ALLOCATE (ZTMP1(LBOUND(YD%RPROB_FUN_FERT_B,1):UBOUND(YD%RPROB_FUN_FERT_B,1)))
(  390) READ (KLUN) ZTMP1
(  391) YD%RPROB_FUN_FERT_B = ZTMP1
(  392) DEALLOCATE (ZTMP1)
(  393) ALLOCATE (ZTMP1(LBOUND(YD%RPROB_FUN_UW_DW_B,1):UBOUND(YD%RPROB_FUN_UW_DW_B,1)))
(  394) READ (KLUN) ZTMP1
(  395) YD%RPROB_FUN_UW_DW_B = ZTMP1
(  396) DEALLOCATE (ZTMP1)
(  397) READ (KLUN) LRLONDEP
(  398) IF (LRLONDEP) THEN
(  399)   READ (KLUN) IL3
(  400)   READ (KLUN) IU3
(  401)   ALLOCATE (YD%RLONDEP (IL3(1):IU3(1), IL3(2):IU3(2), IL3(3):IU3(3)))
(  402)   ALLOCATE (ZTMP3(LBOUND(YD%RLONDEP,1):UBOUND(YD%RLONDEP,1), LBOUND(YD%RLONDEP,2):UBOUND(YD%RLONDEP,2), LBOUND(YD%RLONDEP,3):UBOUND(YD%RLONDEP,3)))
(  403)   READ (KLUN) ZTMP3
(  404)   YD%RLONDEP = ZTMP3
(  405)   DEALLOCATE (ZTMP3)
(  406) ENDIF






NVFORTRAN (Version     24.5)          03/19/2025  06:54:31      page 34

(  407) READ (KLUN) LRLATDEP
(  408) IF (LRLATDEP) THEN
(  409)   READ (KLUN) IL3
(  410)   READ (KLUN) IU3
(  411)   ALLOCATE (YD%RLATDEP (IL3(1):IU3(1), IL3(2):IU3(2), IL3(3):IU3(3)))
(  412)   ALLOCATE (ZTMP3(LBOUND(YD%RLATDEP,1):UBOUND(YD%RLATDEP,1), LBOUND(YD%RLATDEP,2):UBOUND(YD%RLATDEP,2), LBOUND(YD%RLATDEP,3):UBOUND(YD%RLATDEP,3)))
(  413)   READ (KLUN) ZTMP3
(  414)   YD%RLATDEP = ZTMP3
(  415)   DEALLOCATE (ZTMP3)
(  416) ENDIF
(  417) READ (KLUN) ZTMP0
(  418) YD%RCA_SEEDPROB = ZTMP0
(  419) READ (KLUN) ZTMP0
(  420) YD%RCADELX = ZTMP0
(  421) READ (KLUN) YD%LCUCONV_CA
(  422) READ (KLUN) YD%LCA_ADVECT
(  423) READ (KLUN) YD%LCA_GLOBAL
(  424) READ (KLUN) YD%LCA_SMOOTH
(  425) READ (KLUN) YD%LCA_TEST
(  426) READ (KLUN) YD%LCA_ADVTEST
(  427) READ (KLUN) YD%LCA_RANTROP
(  428) READ (KLUN) YD%LCA_NBDEBUG
(  429) READ (KLUN) YD%LCA_EXTRACT
(  430) READ (KLUN) YD%CA_FORC
(  431) READ (KLUN) YD%CA_WIND
(  432) READ (KLUN) YD%CA_PROB
(  433) READ (KLUN) YD%NFRCASEED
(  434) READ (KLUN) YD%NTESTPROC
(  435) READ (KLUN) YD%NTESTGP
(  436) READ (KLUN) YD%NDXUNREAL
(  437) READ (KLUN) YD%NDYUNREAL
(  438) READ (KLUN) LSLLONG
(  439) IF (LSLLONG) THEN
(  440)   READ (KLUN) IL1
(  441)   READ (KLUN) IU1
(  442)   ALLOCATE (YD%SLLONG (IL1(1):IU1(1)))
(  443)   ALLOCATE (ZTMP1(LBOUND(YD%SLLONG,1):UBOUND(YD%SLLONG,1)))
(  444)   READ (KLUN) ZTMP1
(  445)   YD%SLLONG = ZTMP1
(  446)   DEALLOCATE (ZTMP1)
(  447) ENDIF
(  448) READ (KLUN) LSLLAT
(  449) IF (LSLLAT) THEN
(  450)   READ (KLUN) IL1
(  451)   READ (KLUN) IU1
(  452)   ALLOCATE (YD%SLLAT (IL1(1):IU1(1)))
(  453)   ALLOCATE (ZTMP1(LBOUND(YD%SLLAT,1):UBOUND(YD%SLLAT,1)))
(  454)   READ (KLUN) ZTMP1
(  455)   YD%SLLAT = ZTMP1
(  456)   DEALLOCATE (ZTMP1)
(  457) ENDIF
(  458) READ (KLUN) LSLDLONG
(  459) IF (LSLDLONG) THEN
(  460)   READ (KLUN) IL1
(  461)   READ (KLUN) IU1
(  462)   ALLOCATE (YD%SLDLONG (IL1(1):IU1(1)))
(  463)   ALLOCATE (ZTMP1(LBOUND(YD%SLDLONG,1):UBOUND(YD%SLDLONG,1)))
(  464)   READ (KLUN) ZTMP1






NVFORTRAN (Version     24.5)          03/19/2025  06:54:31      page 35

(  465)   YD%SLDLONG = ZTMP1
(  466)   DEALLOCATE (ZTMP1)
(  467) ENDIF
(  468) READ (KLUN) LSLDLAT
(  469) IF (LSLDLAT) THEN
(  470)   READ (KLUN) IL1
(  471)   READ (KLUN) IU1
(  472)   ALLOCATE (YD%SLDLAT (IL1(1):IU1(1)))
(  473)   ALLOCATE (ZTMP1(LBOUND(YD%SLDLAT,1):UBOUND(YD%SLDLAT,1)))
(  474)   READ (KLUN) ZTMP1
(  475)   YD%SLDLAT = ZTMP1
(  476)   DEALLOCATE (ZTMP1)
(  477) ENDIF
(  478) READ (KLUN) LSLDDLAT
(  479) IF (LSLDDLAT) THEN
(  480)   READ (KLUN) IL1
(  481)   READ (KLUN) IU1
(  482)   ALLOCATE (YD%SLDDLAT (IL1(1):IU1(1)))
(  483)   ALLOCATE (ZTMP1(LBOUND(YD%SLDDLAT,1):UBOUND(YD%SLDDLAT,1)))
(  484)   READ (KLUN) ZTMP1
(  485)   YD%SLDDLAT = ZTMP1
(  486)   DEALLOCATE (ZTMP1)
(  487) ENDIF
(  488) END SUBROUTINE
(  489) # 491 "./util_tecuconvca_mod.F90"
(  491) SUBROUTINE COPY_TECUCONVCA (YD, LDCREATED, LDFIELDAPI)
(  492) # 493 "./util_tecuconvca_mod.F90"
(  493) IMPLICIT NONE
(  494) TYPE (TECUCONVCA), INTENT (IN), TARGET :: YD
(  495) LOGICAL, OPTIONAL, INTENT (IN) :: LDCREATED, LDFIELDAPI
(  496) LOGICAL :: LLCREATED
(  497) LOGICAL :: LLFIELDAPI
(  498) LOGICAL :: LNBEW, LNBLS, LNBNS, LNBSS, LNCELLCU, LNFERTCU, LNRNBLS, LNRNBSS, LRCAPECONVCA, LRCUCONVCA
(  499) LOGICAL :: LRLATDEP, LRLATLONNBLS, LRLATLONNBSS, LRLONDEP, LRNLCONVCA, LRWASALIVE, LRWGHTCU, LSLDDLAT, LSLDLAT, LSLDLONG
(  500) LOGICAL :: LSLLAT, LSLLONG
(  501) # 502 "./util_tecuconvca_mod.F90"
(  502) LLFIELDAPI = .FALSE.
(  503) IF (PRESENT (LDFIELDAPI)) THEN
(  504)   LLFIELDAPI = LDFIELDAPI
(  505) ENDIF
(  506) LLCREATED = .FALSE.
(  507) IF (PRESENT (LDCREATED)) THEN
(  508)   LLCREATED = LDCREATED
(  509) ENDIF
(  510) IF (.NOT. LLCREATED) THEN
(  511)   !$acc enter data create (YD)
(  512)   !$acc update device (YD)
(  513) ENDIF
(  514) # 517 "./util_tecuconvca_mod.F90"
(  517) LNCELLCU = ALLOCATED (YD%NCELLCU)
(  518) IF (LNCELLCU) THEN
(  519)   !$acc enter data create (YD%NCELLCU)
(  520)   !$acc update device (YD%NCELLCU)
(  521)   !$acc enter data attach (YD%NCELLCU)
(  522) ENDIF
(  523) # 524 "./util_tecuconvca_mod.F90"
(  524) LNFERTCU = ALLOCATED (YD%NFERTCU)
(  525) IF (LNFERTCU) THEN






NVFORTRAN (Version     24.5)          03/19/2025  06:54:31      page 36

(  526)   !$acc enter data create (YD%NFERTCU)
(  527)   !$acc update device (YD%NFERTCU)
(  528)   !$acc enter data attach (YD%NFERTCU)
(  529) ENDIF
(  530) # 531 "./util_tecuconvca_mod.F90"
(  531) LNBLS = ALLOCATED (YD%NBLS)
(  532) IF (LNBLS) THEN
(  533)   !$acc enter data create (YD%NBLS)
(  534)   !$acc update device (YD%NBLS)
(  535)   !$acc enter data attach (YD%NBLS)
(  536) ENDIF
(  537) # 538 "./util_tecuconvca_mod.F90"
(  538) LNBSS = ALLOCATED (YD%NBSS)
(  539) IF (LNBSS) THEN
(  540)   !$acc enter data create (YD%NBSS)
(  541)   !$acc update device (YD%NBSS)
(  542)   !$acc enter data attach (YD%NBSS)
(  543) ENDIF
(  544) # 545 "./util_tecuconvca_mod.F90"
(  545) LNRNBLS = ALLOCATED (YD%NRNBLS)
(  546) IF (LNRNBLS) THEN
(  547)   !$acc enter data create (YD%NRNBLS)
(  548)   !$acc update device (YD%NRNBLS)
(  549)   !$acc enter data attach (YD%NRNBLS)
(  550) ENDIF
(  551) # 552 "./util_tecuconvca_mod.F90"
(  552) LNRNBSS = ALLOCATED (YD%NRNBSS)
(  553) IF (LNRNBSS) THEN
(  554)   !$acc enter data create (YD%NRNBSS)
(  555)   !$acc update device (YD%NRNBSS)
(  556)   !$acc enter data attach (YD%NRNBSS)
(  557) ENDIF
(  558) # 559 "./util_tecuconvca_mod.F90"
(  559) LNBEW = ALLOCATED (YD%NBEW)
(  560) IF (LNBEW) THEN
(  561)   !$acc enter data create (YD%NBEW)
(  562)   !$acc update device (YD%NBEW)
(  563)   !$acc enter data attach (YD%NBEW)
(  564) ENDIF
(  565) # 566 "./util_tecuconvca_mod.F90"
(  566) LNBNS = ALLOCATED (YD%NBNS)
(  567) IF (LNBNS) THEN
(  568)   !$acc enter data create (YD%NBNS)
(  569)   !$acc update device (YD%NBNS)
(  570)   !$acc enter data attach (YD%NBNS)
(  571) ENDIF
(  572) # 573 "./util_tecuconvca_mod.F90"
(  573) LRCUCONVCA = ALLOCATED (YD%RCUCONVCA)
(  574) IF (LRCUCONVCA) THEN
(  575)   !$acc enter data create (YD%RCUCONVCA)
(  576)   !$acc update device (YD%RCUCONVCA)
(  577)   !$acc enter data attach (YD%RCUCONVCA)
(  578) ENDIF
(  579) # 580 "./util_tecuconvca_mod.F90"
(  580) LRNLCONVCA = ALLOCATED (YD%RNLCONVCA)
(  581) IF (LRNLCONVCA) THEN
(  582)   !$acc enter data create (YD%RNLCONVCA)
(  583)   !$acc update device (YD%RNLCONVCA)






NVFORTRAN (Version     24.5)          03/19/2025  06:54:31      page 37

(  584)   !$acc enter data attach (YD%RNLCONVCA)
(  585) ENDIF
(  586) # 587 "./util_tecuconvca_mod.F90"
(  587) LRCAPECONVCA = ALLOCATED (YD%RCAPECONVCA)
(  588) IF (LRCAPECONVCA) THEN
(  589)   !$acc enter data create (YD%RCAPECONVCA)
(  590)   !$acc update device (YD%RCAPECONVCA)
(  591)   !$acc enter data attach (YD%RCAPECONVCA)
(  592) ENDIF
(  593) # 594 "./util_tecuconvca_mod.F90"
(  594) LRWASALIVE = ALLOCATED (YD%RWASALIVE)
(  595) IF (LRWASALIVE) THEN
(  596)   !$acc enter data create (YD%RWASALIVE)
(  597)   !$acc update device (YD%RWASALIVE)
(  598)   !$acc enter data attach (YD%RWASALIVE)
(  599) ENDIF
(  600) # 601 "./util_tecuconvca_mod.F90"
(  601) LRWGHTCU = ALLOCATED (YD%RWGHTCU)
(  602) IF (LRWGHTCU) THEN
(  603)   !$acc enter data create (YD%RWGHTCU)
(  604)   !$acc update device (YD%RWGHTCU)
(  605)   !$acc enter data attach (YD%RWGHTCU)
(  606) ENDIF
(  607) # 608 "./util_tecuconvca_mod.F90"
(  608) LRLATLONNBLS = ALLOCATED (YD%RLATLONNBLS)
(  609) IF (LRLATLONNBLS) THEN
(  610)   !$acc enter data create (YD%RLATLONNBLS)
(  611)   !$acc update device (YD%RLATLONNBLS)
(  612)   !$acc enter data attach (YD%RLATLONNBLS)
(  613) ENDIF
(  614) # 615 "./util_tecuconvca_mod.F90"
(  615) LRLATLONNBSS = ALLOCATED (YD%RLATLONNBSS)
(  616) IF (LRLATLONNBSS) THEN
(  617)   !$acc enter data create (YD%RLATLONNBSS)
(  618)   !$acc update device (YD%RLATLONNBSS)
(  619)   !$acc enter data attach (YD%RLATLONNBSS)
(  620) ENDIF
(  621) # 628 "./util_tecuconvca_mod.F90"
(  628) LRLONDEP = ALLOCATED (YD%RLONDEP)
(  629) IF (LRLONDEP) THEN
(  630)   !$acc enter data create (YD%RLONDEP)
(  631)   !$acc update device (YD%RLONDEP)
(  632)   !$acc enter data attach (YD%RLONDEP)
(  633) ENDIF
(  634) # 635 "./util_tecuconvca_mod.F90"
(  635) LRLATDEP = ALLOCATED (YD%RLATDEP)
(  636) IF (LRLATDEP) THEN
(  637)   !$acc enter data create (YD%RLATDEP)
(  638)   !$acc update device (YD%RLATDEP)
(  639)   !$acc enter data attach (YD%RLATDEP)
(  640) ENDIF
(  641) # 661 "./util_tecuconvca_mod.F90"
(  661) LSLLONG = ALLOCATED (YD%SLLONG)
(  662) IF (LSLLONG) THEN
(  663)   !$acc enter data create (YD%SLLONG)
(  664)   !$acc update device (YD%SLLONG)
(  665)   !$acc enter data attach (YD%SLLONG)
(  666) ENDIF






NVFORTRAN (Version     24.5)          03/19/2025  06:54:31      page 38

(  667) # 668 "./util_tecuconvca_mod.F90"
(  668) LSLLAT = ALLOCATED (YD%SLLAT)
(  669) IF (LSLLAT) THEN
(  670)   !$acc enter data create (YD%SLLAT)
(  671)   !$acc update device (YD%SLLAT)
(  672)   !$acc enter data attach (YD%SLLAT)
(  673) ENDIF
(  674) # 675 "./util_tecuconvca_mod.F90"
(  675) LSLDLONG = ALLOCATED (YD%SLDLONG)
(  676) IF (LSLDLONG) THEN
(  677)   !$acc enter data create (YD%SLDLONG)
(  678)   !$acc update device (YD%SLDLONG)
(  679)   !$acc enter data attach (YD%SLDLONG)
(  680) ENDIF
(  681) # 682 "./util_tecuconvca_mod.F90"
(  682) LSLDLAT = ALLOCATED (YD%SLDLAT)
(  683) IF (LSLDLAT) THEN
(  684)   !$acc enter data create (YD%SLDLAT)
(  685)   !$acc update device (YD%SLDLAT)
(  686)   !$acc enter data attach (YD%SLDLAT)
(  687) ENDIF
(  688) # 689 "./util_tecuconvca_mod.F90"
(  689) LSLDDLAT = ALLOCATED (YD%SLDDLAT)
(  690) IF (LSLDDLAT) THEN
(  691)   !$acc enter data create (YD%SLDDLAT)
(  692)   !$acc update device (YD%SLDDLAT)
(  693)   !$acc enter data attach (YD%SLDDLAT)
(  694) ENDIF
(  695) # 696 "./util_tecuconvca_mod.F90"
(  696) END SUBROUTINE
(  697) # 698 "./util_tecuconvca_mod.F90"
(  698) SUBROUTINE HOST_TECUCONVCA (YD)
(  699) # 700 "./util_tecuconvca_mod.F90"
(  700) IMPLICIT NONE
(  701) TYPE (TECUCONVCA), TARGET :: YD
(  702) LOGICAL :: LNBEW, LNBLS, LNBNS, LNBSS, LNCELLCU, LNFERTCU, LNRNBLS, LNRNBSS, LRCAPECONVCA, LRCUCONVCA
(  703) LOGICAL :: LRLATDEP, LRLATLONNBLS, LRLATLONNBSS, LRLONDEP, LRNLCONVCA, LRWASALIVE, LRWGHTCU, LSLDDLAT, LSLDLAT, LSLDLONG
(  704) LOGICAL :: LSLLAT, LSLLONG
(  705) # 755 "./util_tecuconvca_mod.F90"
(  755) END SUBROUTINE
(  756) # 757 "./util_tecuconvca_mod.F90"
(  757)      
(  758) # 759 "./util_tecuconvca_mod.F90"
(  759) SUBROUTINE CRC64_TECUCONVCA (YD, KLUN, CDPATH)
(  760) USE CRC64_INTRINSIC
(  761) # 762 "./util_tecuconvca_mod.F90"
(  762) IMPLICIT NONE
(  763) TYPE (TECUCONVCA), TARGET :: YD
(  764) INTEGER, INTENT (IN) :: KLUN
(  765) CHARACTER(LEN=*), INTENT (IN) :: CDPATH
(  766) CHARACTER(LEN=128) :: CLIND
(  767) LOGICAL :: LNBEW, LNBLS, LNBNS, LNBSS, LNCELLCU, LNFERTCU, LNRNBLS, LNRNBSS, LRCAPECONVCA, LRCUCONVCA
(  768) LOGICAL :: LRLATDEP, LRLATLONNBLS, LRLATLONNBSS, LRLONDEP, LRNLCONVCA, LRWASALIVE, LRWGHTCU, LSLDDLAT, LSLDLAT, LSLDLONG
(  769) LOGICAL :: LSLLAT, LSLLONG
(  770) WRITE (KLUN, '(Z16.16," ",A)') CRC64 (YD%NLIVES), CDPATH//'%NLIVES'
(  771) # 772 "./util_tecuconvca_mod.F90"
(  772) WRITE (KLUN, '(Z16.16," ",A)') CRC64 (YD%NFERTYRS), CDPATH//'%NFERTYRS'
(  773) # 774 "./util_tecuconvca_mod.F90"






NVFORTRAN (Version     24.5)          03/19/2025  06:54:31      page 39

(  774) WRITE (KLUN, '(Z16.16," ",A)') CRC64 (YD%NSPINUP), CDPATH//'%NSPINUP'
(  775) # 776 "./util_tecuconvca_mod.F90"
(  776) WRITE (KLUN, '(Z16.16," ",A)') CRC64 (YD%NCELLCU), CDPATH//'%NCELLCU'
(  777) # 778 "./util_tecuconvca_mod.F90"
(  778) WRITE (KLUN, '(Z16.16," ",A)') CRC64 (YD%NFERTCU), CDPATH//'%NFERTCU'
(  779) # 780 "./util_tecuconvca_mod.F90"
(  780) WRITE (KLUN, '(Z16.16," ",A)') CRC64 (YD%NBLS), CDPATH//'%NBLS'
(  781) # 782 "./util_tecuconvca_mod.F90"
(  782) WRITE (KLUN, '(Z16.16," ",A)') CRC64 (YD%NBSS), CDPATH//'%NBSS'
(  783) # 784 "./util_tecuconvca_mod.F90"
(  784) WRITE (KLUN, '(Z16.16," ",A)') CRC64 (YD%NRNBLS), CDPATH//'%NRNBLS'
(  785) # 786 "./util_tecuconvca_mod.F90"
(  786) WRITE (KLUN, '(Z16.16," ",A)') CRC64 (YD%NRNBSS), CDPATH//'%NRNBSS'
(  787) # 788 "./util_tecuconvca_mod.F90"
(  788) WRITE (KLUN, '(Z16.16," ",A)') CRC64 (YD%NBEW), CDPATH//'%NBEW'
(  789) # 790 "./util_tecuconvca_mod.F90"
(  790) WRITE (KLUN, '(Z16.16," ",A)') CRC64 (YD%NBNS), CDPATH//'%NBNS'
(  791) # 792 "./util_tecuconvca_mod.F90"
(  792) WRITE (KLUN, '(Z16.16," ",A)') CRC64 (YD%RCUCONVCA), CDPATH//'%RCUCONVCA'
(  793) # 794 "./util_tecuconvca_mod.F90"
(  794) WRITE (KLUN, '(Z16.16," ",A)') CRC64 (YD%RNLCONVCA), CDPATH//'%RNLCONVCA'
(  795) # 796 "./util_tecuconvca_mod.F90"
(  796) WRITE (KLUN, '(Z16.16," ",A)') CRC64 (YD%RCAPECONVCA), CDPATH//'%RCAPECONVCA'
(  797) # 798 "./util_tecuconvca_mod.F90"
(  798) WRITE (KLUN, '(Z16.16," ",A)') CRC64 (YD%RWASALIVE), CDPATH//'%RWASALIVE'
(  799) # 800 "./util_tecuconvca_mod.F90"
(  800) WRITE (KLUN, '(Z16.16," ",A)') CRC64 (YD%RWGHTCU), CDPATH//'%RWGHTCU'
(  801) # 802 "./util_tecuconvca_mod.F90"
(  802) WRITE (KLUN, '(Z16.16," ",A)') CRC64 (YD%RLATLONNBLS), CDPATH//'%RLATLONNBLS'
(  803) # 804 "./util_tecuconvca_mod.F90"
(  804) WRITE (KLUN, '(Z16.16," ",A)') CRC64 (YD%RLATLONNBSS), CDPATH//'%RLATLONNBSS'
(  805) # 806 "./util_tecuconvca_mod.F90"
(  806) WRITE (KLUN, '(Z16.16," ",A)') CRC64 (YD%RPROB_SURVIVE), CDPATH//'%RPROB_SURVIVE'
(  807) # 808 "./util_tecuconvca_mod.F90"
(  808) WRITE (KLUN, '(Z16.16," ",A)') CRC64 (YD%RPROB_BIRTH), CDPATH//'%RPROB_BIRTH'
(  809) # 810 "./util_tecuconvca_mod.F90"
(  810) WRITE (KLUN, '(Z16.16," ",A)') CRC64 (YD%RPROB_FUN_FERT_S), CDPATH//'%RPROB_FUN_FERT_S'
(  811) # 812 "./util_tecuconvca_mod.F90"
(  812) WRITE (KLUN, '(Z16.16," ",A)') CRC64 (YD%RPROB_FUN_UW_DW_S), CDPATH//'%RPROB_FUN_UW_DW_S'
(  813) # 814 "./util_tecuconvca_mod.F90"
(  814) WRITE (KLUN, '(Z16.16," ",A)') CRC64 (YD%RPROB_FUN_FERT_B), CDPATH//'%RPROB_FUN_FERT_B'
(  815) # 816 "./util_tecuconvca_mod.F90"
(  816) WRITE (KLUN, '(Z16.16," ",A)') CRC64 (YD%RPROB_FUN_UW_DW_B), CDPATH//'%RPROB_FUN_UW_DW_B'
(  817) # 818 "./util_tecuconvca_mod.F90"
(  818) WRITE (KLUN, '(Z16.16," ",A)') CRC64 (YD%RLONDEP), CDPATH//'%RLONDEP'
(  819) # 820 "./util_tecuconvca_mod.F90"
(  820) WRITE (KLUN, '(Z16.16," ",A)') CRC64 (YD%RLATDEP), CDPATH//'%RLATDEP'
(  821) # 822 "./util_tecuconvca_mod.F90"
(  822) WRITE (KLUN, '(Z16.16," ",A)') CRC64 (YD%RCA_SEEDPROB), CDPATH//'%RCA_SEEDPROB'
(  823) # 824 "./util_tecuconvca_mod.F90"
(  824) WRITE (KLUN, '(Z16.16," ",A)') CRC64 (YD%RCADELX), CDPATH//'%RCADELX'
(  825) # 826 "./util_tecuconvca_mod.F90"
(  826) WRITE (KLUN, '(Z16.16," ",A)') CRC64 (YD%LCUCONV_CA), CDPATH//'%LCUCONV_CA'
(  827) # 828 "./util_tecuconvca_mod.F90"
(  828) WRITE (KLUN, '(Z16.16," ",A)') CRC64 (YD%LCA_ADVECT), CDPATH//'%LCA_ADVECT'
(  829) # 830 "./util_tecuconvca_mod.F90"
(  830) WRITE (KLUN, '(Z16.16," ",A)') CRC64 (YD%LCA_GLOBAL), CDPATH//'%LCA_GLOBAL'
(  831) # 832 "./util_tecuconvca_mod.F90"






NVFORTRAN (Version     24.5)          03/19/2025  06:54:31      page 40

(  832) WRITE (KLUN, '(Z16.16," ",A)') CRC64 (YD%LCA_SMOOTH), CDPATH//'%LCA_SMOOTH'
(  833) # 834 "./util_tecuconvca_mod.F90"
(  834) WRITE (KLUN, '(Z16.16," ",A)') CRC64 (YD%LCA_TEST), CDPATH//'%LCA_TEST'
(  835) # 836 "./util_tecuconvca_mod.F90"
(  836) WRITE (KLUN, '(Z16.16," ",A)') CRC64 (YD%LCA_ADVTEST), CDPATH//'%LCA_ADVTEST'
(  837) # 838 "./util_tecuconvca_mod.F90"
(  838) WRITE (KLUN, '(Z16.16," ",A)') CRC64 (YD%LCA_RANTROP), CDPATH//'%LCA_RANTROP'
(  839) # 840 "./util_tecuconvca_mod.F90"
(  840) WRITE (KLUN, '(Z16.16," ",A)') CRC64 (YD%LCA_NBDEBUG), CDPATH//'%LCA_NBDEBUG'
(  841) # 842 "./util_tecuconvca_mod.F90"
(  842) WRITE (KLUN, '(Z16.16," ",A)') CRC64 (YD%LCA_EXTRACT), CDPATH//'%LCA_EXTRACT'
(  843) # 844 "./util_tecuconvca_mod.F90"
(  844) WRITE (KLUN, '(Z16.16," ",A)') CRC64 (YD%CA_FORC), CDPATH//'%CA_FORC'
(  845) # 846 "./util_tecuconvca_mod.F90"
(  846) WRITE (KLUN, '(Z16.16," ",A)') CRC64 (YD%CA_WIND), CDPATH//'%CA_WIND'
(  847) # 848 "./util_tecuconvca_mod.F90"
(  848) WRITE (KLUN, '(Z16.16," ",A)') CRC64 (YD%CA_PROB), CDPATH//'%CA_PROB'
(  849) # 850 "./util_tecuconvca_mod.F90"
(  850) WRITE (KLUN, '(Z16.16," ",A)') CRC64 (YD%NFRCASEED), CDPATH//'%NFRCASEED'
(  851) # 852 "./util_tecuconvca_mod.F90"
(  852) WRITE (KLUN, '(Z16.16," ",A)') CRC64 (YD%NTESTPROC), CDPATH//'%NTESTPROC'
(  853) # 854 "./util_tecuconvca_mod.F90"
(  854) WRITE (KLUN, '(Z16.16," ",A)') CRC64 (YD%NTESTGP), CDPATH//'%NTESTGP'
(  855) # 856 "./util_tecuconvca_mod.F90"
(  856) WRITE (KLUN, '(Z16.16," ",A)') CRC64 (YD%NDXUNREAL), CDPATH//'%NDXUNREAL'
(  857) # 858 "./util_tecuconvca_mod.F90"
(  858) WRITE (KLUN, '(Z16.16," ",A)') CRC64 (YD%NDYUNREAL), CDPATH//'%NDYUNREAL'
(  859) # 860 "./util_tecuconvca_mod.F90"
(  860) WRITE (KLUN, '(Z16.16," ",A)') CRC64 (YD%SLLONG), CDPATH//'%SLLONG'
(  861) # 862 "./util_tecuconvca_mod.F90"
(  862) WRITE (KLUN, '(Z16.16," ",A)') CRC64 (YD%SLLAT), CDPATH//'%SLLAT'
(  863) # 864 "./util_tecuconvca_mod.F90"
(  864) WRITE (KLUN, '(Z16.16," ",A)') CRC64 (YD%SLDLONG), CDPATH//'%SLDLONG'
(  865) # 866 "./util_tecuconvca_mod.F90"
(  866) WRITE (KLUN, '(Z16.16," ",A)') CRC64 (YD%SLDLAT), CDPATH//'%SLDLAT'
(  867) # 868 "./util_tecuconvca_mod.F90"
(  868) WRITE (KLUN, '(Z16.16," ",A)') CRC64 (YD%SLDDLAT), CDPATH//'%SLDDLAT'
(  869) # 870 "./util_tecuconvca_mod.F90"
(  870) END SUBROUTINE
(  871) # 872 "./util_tecuconvca_mod.F90"
(  872) SUBROUTINE WIPE_TECUCONVCA (YD, LDDELETED, LDFIELDAPI)
(  873) # 874 "./util_tecuconvca_mod.F90"
(  874) IMPLICIT NONE
(  875) TYPE (TECUCONVCA), INTENT (IN), TARGET :: YD
(  876) LOGICAL, OPTIONAL, INTENT (IN) :: LDDELETED, LDFIELDAPI
(  877) LOGICAL :: LLDELETED
(  878) LOGICAL :: LLFIELDAPI
(  879) LOGICAL :: LNBEW, LNBLS, LNBNS, LNBSS, LNCELLCU, LNFERTCU, LNRNBLS, LNRNBSS, LRCAPECONVCA, LRCUCONVCA
(  880) LOGICAL :: LRLATDEP, LRLATLONNBLS, LRLATLONNBSS, LRLONDEP, LRNLCONVCA, LRWASALIVE, LRWGHTCU, LSLDDLAT, LSLDLAT, LSLDLONG
(  881) LOGICAL :: LSLLAT, LSLLONG
(  882) # 883 "./util_tecuconvca_mod.F90"
(  883) LLFIELDAPI = .FALSE.
(  884) IF (PRESENT (LDFIELDAPI)) THEN
(  885)   LLFIELDAPI = LDFIELDAPI
(  886) ENDIF
(  887) # 890 "./util_tecuconvca_mod.F90"
(  890) LNCELLCU = ALLOCATED (YD%NCELLCU)
(  891) IF (LNCELLCU) THEN






NVFORTRAN (Version     24.5)          03/19/2025  06:54:31      page 41

(  892)   !$acc exit data detach (YD%NCELLCU)
(  893)   !$acc exit data delete (YD%NCELLCU)
(  894) ENDIF
(  895) # 896 "./util_tecuconvca_mod.F90"
(  896) LNFERTCU = ALLOCATED (YD%NFERTCU)
(  897) IF (LNFERTCU) THEN
(  898)   !$acc exit data detach (YD%NFERTCU)
(  899)   !$acc exit data delete (YD%NFERTCU)
(  900) ENDIF
(  901) # 902 "./util_tecuconvca_mod.F90"
(  902) LNBLS = ALLOCATED (YD%NBLS)
(  903) IF (LNBLS) THEN
(  904)   !$acc exit data detach (YD%NBLS)
(  905)   !$acc exit data delete (YD%NBLS)
(  906) ENDIF
(  907) # 908 "./util_tecuconvca_mod.F90"
(  908) LNBSS = ALLOCATED (YD%NBSS)
(  909) IF (LNBSS) THEN
(  910)   !$acc exit data detach (YD%NBSS)
(  911)   !$acc exit data delete (YD%NBSS)
(  912) ENDIF
(  913) # 914 "./util_tecuconvca_mod.F90"
(  914) LNRNBLS = ALLOCATED (YD%NRNBLS)
(  915) IF (LNRNBLS) THEN
(  916)   !$acc exit data detach (YD%NRNBLS)
(  917)   !$acc exit data delete (YD%NRNBLS)
(  918) ENDIF
(  919) # 920 "./util_tecuconvca_mod.F90"
(  920) LNRNBSS = ALLOCATED (YD%NRNBSS)
(  921) IF (LNRNBSS) THEN
(  922)   !$acc exit data detach (YD%NRNBSS)
(  923)   !$acc exit data delete (YD%NRNBSS)
(  924) ENDIF
(  925) # 926 "./util_tecuconvca_mod.F90"
(  926) LNBEW = ALLOCATED (YD%NBEW)
(  927) IF (LNBEW) THEN
(  928)   !$acc exit data detach (YD%NBEW)
(  929)   !$acc exit data delete (YD%NBEW)
(  930) ENDIF
(  931) # 932 "./util_tecuconvca_mod.F90"
(  932) LNBNS = ALLOCATED (YD%NBNS)
(  933) IF (LNBNS) THEN
(  934)   !$acc exit data detach (YD%NBNS)
(  935)   !$acc exit data delete (YD%NBNS)
(  936) ENDIF
(  937) # 938 "./util_tecuconvca_mod.F90"
(  938) LRCUCONVCA = ALLOCATED (YD%RCUCONVCA)
(  939) IF (LRCUCONVCA) THEN
(  940)   !$acc exit data detach (YD%RCUCONVCA)
(  941)   !$acc exit data delete (YD%RCUCONVCA)
(  942) ENDIF
(  943) # 944 "./util_tecuconvca_mod.F90"
(  944) LRNLCONVCA = ALLOCATED (YD%RNLCONVCA)
(  945) IF (LRNLCONVCA) THEN
(  946)   !$acc exit data detach (YD%RNLCONVCA)
(  947)   !$acc exit data delete (YD%RNLCONVCA)
(  948) ENDIF
(  949) # 950 "./util_tecuconvca_mod.F90"






NVFORTRAN (Version     24.5)          03/19/2025  06:54:31      page 42

(  950) LRCAPECONVCA = ALLOCATED (YD%RCAPECONVCA)
(  951) IF (LRCAPECONVCA) THEN
(  952)   !$acc exit data detach (YD%RCAPECONVCA)
(  953)   !$acc exit data delete (YD%RCAPECONVCA)
(  954) ENDIF
(  955) # 956 "./util_tecuconvca_mod.F90"
(  956) LRWASALIVE = ALLOCATED (YD%RWASALIVE)
(  957) IF (LRWASALIVE) THEN
(  958)   !$acc exit data detach (YD%RWASALIVE)
(  959)   !$acc exit data delete (YD%RWASALIVE)
(  960) ENDIF
(  961) # 962 "./util_tecuconvca_mod.F90"
(  962) LRWGHTCU = ALLOCATED (YD%RWGHTCU)
(  963) IF (LRWGHTCU) THEN
(  964)   !$acc exit data detach (YD%RWGHTCU)
(  965)   !$acc exit data delete (YD%RWGHTCU)
(  966) ENDIF
(  967) # 968 "./util_tecuconvca_mod.F90"
(  968) LRLATLONNBLS = ALLOCATED (YD%RLATLONNBLS)
(  969) IF (LRLATLONNBLS) THEN
(  970)   !$acc exit data detach (YD%RLATLONNBLS)
(  971)   !$acc exit data delete (YD%RLATLONNBLS)
(  972) ENDIF
(  973) # 974 "./util_tecuconvca_mod.F90"
(  974) LRLATLONNBSS = ALLOCATED (YD%RLATLONNBSS)
(  975) IF (LRLATLONNBSS) THEN
(  976)   !$acc exit data detach (YD%RLATLONNBSS)
(  977)   !$acc exit data delete (YD%RLATLONNBSS)
(  978) ENDIF
(  979) # 986 "./util_tecuconvca_mod.F90"
(  986) LRLONDEP = ALLOCATED (YD%RLONDEP)
(  987) IF (LRLONDEP) THEN
(  988)   !$acc exit data detach (YD%RLONDEP)
(  989)   !$acc exit data delete (YD%RLONDEP)
(  990) ENDIF
(  991) # 992 "./util_tecuconvca_mod.F90"
(  992) LRLATDEP = ALLOCATED (YD%RLATDEP)
(  993) IF (LRLATDEP) THEN
(  994)   !$acc exit data detach (YD%RLATDEP)
(  995)   !$acc exit data delete (YD%RLATDEP)
(  996) ENDIF
(  997) # 1017 "./util_tecuconvca_mod.F90"
( 1017) LSLLONG = ALLOCATED (YD%SLLONG)
( 1018) IF (LSLLONG) THEN
( 1019)   !$acc exit data detach (YD%SLLONG)
( 1020)   !$acc exit data delete (YD%SLLONG)
( 1021) ENDIF
( 1022) # 1023 "./util_tecuconvca_mod.F90"
( 1023) LSLLAT = ALLOCATED (YD%SLLAT)
( 1024) IF (LSLLAT) THEN
( 1025)   !$acc exit data detach (YD%SLLAT)
( 1026)   !$acc exit data delete (YD%SLLAT)
( 1027) ENDIF
( 1028) # 1029 "./util_tecuconvca_mod.F90"
( 1029) LSLDLONG = ALLOCATED (YD%SLDLONG)
( 1030) IF (LSLDLONG) THEN
( 1031)   !$acc exit data detach (YD%SLDLONG)
( 1032)   !$acc exit data delete (YD%SLDLONG)






NVFORTRAN (Version     24.5)          03/19/2025  06:54:31      page 43

( 1033) ENDIF
( 1034) # 1035 "./util_tecuconvca_mod.F90"
( 1035) LSLDLAT = ALLOCATED (YD%SLDLAT)
( 1036) IF (LSLDLAT) THEN
( 1037)   !$acc exit data detach (YD%SLDLAT)
( 1038)   !$acc exit data delete (YD%SLDLAT)
( 1039) ENDIF
( 1040) # 1041 "./util_tecuconvca_mod.F90"
( 1041) LSLDDLAT = ALLOCATED (YD%SLDDLAT)
( 1042) IF (LSLDDLAT) THEN
( 1043)   !$acc exit data detach (YD%SLDDLAT)
( 1044)   !$acc exit data delete (YD%SLDDLAT)
( 1045) ENDIF
( 1046) # 1047 "./util_tecuconvca_mod.F90"
( 1047) LLDELETED = .FALSE.
( 1048) IF (PRESENT (LDDELETED)) THEN
( 1049)   LLDELETED = LDDELETED
( 1050) ENDIF
( 1051) IF (.NOT. LLDELETED) THEN
( 1052)   !$acc exit data delete (YD)
( 1053) ENDIF
( 1054) END SUBROUTINE
( 1055) # 1056 "./util_tecuconvca_mod.F90"
( 1056) INTEGER*8 FUNCTION SIZE_TECUCONVCA (YD, CDPATH, LDPRINT) RESULT (KSIZE)
( 1057) # 1058 "./util_tecuconvca_mod.F90"
( 1058) IMPLICIT NONE
( 1059) TYPE (TECUCONVCA),     INTENT (IN), TARGET :: YD
( 1060) CHARACTER(LEN=*), INTENT (IN), OPTIONAL :: CDPATH
( 1061) LOGICAL,          INTENT (IN), OPTIONAL :: LDPRINT
( 1062) INTEGER*8 :: ISIZE, JSIZE
( 1063) LOGICAL :: LLPRINT
( 1064) CHARACTER(LEN=128) :: CLPATH
( 1065) LOGICAL :: LNBEW, LNBLS, LNBNS, LNBSS, LNCELLCU, LNFERTCU, LNRNBLS, LNRNBSS, LRCAPECONVCA, LRCUCONVCA
( 1066) LOGICAL :: LRLATDEP, LRLATLONNBLS, LRLATLONNBSS, LRLONDEP, LRNLCONVCA, LRWASALIVE, LRWGHTCU, LSLDDLAT, LSLDLAT, LSLDLONG
( 1067) LOGICAL :: LSLLAT, LSLLONG
( 1068) # 1069 "./util_tecuconvca_mod.F90"
( 1069) LLPRINT = .FALSE.
( 1070) IF (PRESENT (LDPRINT)) THEN
( 1071)   LLPRINT = LDPRINT
( 1072) ENDIF
( 1073) CLPATH=''
( 1074) IF (PRESENT (CDPATH)) THEN
( 1075)   CLPATH = CDPATH
( 1076) ENDIF
( 1077) KSIZE = 0
( 1078) ISIZE = KIND (YD%NLIVES)
( 1079) IF (LLPRINT) THEN
( 1080)   WRITE (*, '(I10," ")', ADVANCE='NO') ISIZE
( 1081)   WRITE (*, *) TRIM (CLPATH)//'%NLIVES'
( 1082) ENDIF
( 1083) KSIZE = KSIZE + ISIZE
( 1084) ISIZE = KIND (YD%NFERTYRS)
( 1085) IF (LLPRINT) THEN
( 1086)   WRITE (*, '(I10," ")', ADVANCE='NO') ISIZE
( 1087)   WRITE (*, *) TRIM (CLPATH)//'%NFERTYRS'
( 1088) ENDIF
( 1089) KSIZE = KSIZE + ISIZE
( 1090) ISIZE = KIND (YD%NSPINUP)






NVFORTRAN (Version     24.5)          03/19/2025  06:54:31      page 44

( 1091) IF (LLPRINT) THEN
( 1092)   WRITE (*, '(I10," ")', ADVANCE='NO') ISIZE
( 1093)   WRITE (*, *) TRIM (CLPATH)//'%NSPINUP'
( 1094) ENDIF
( 1095) KSIZE = KSIZE + ISIZE
( 1096) LNCELLCU = ALLOCATED (YD%NCELLCU)
( 1097) IF (LNCELLCU) THEN
( 1098)   ISIZE = KIND (YD%NCELLCU) * SIZE (YD%NCELLCU)
( 1099)   IF (LLPRINT) THEN
( 1100)     WRITE (*, '(I10," ")', ADVANCE='NO') ISIZE
( 1101)     WRITE (*, *) TRIM (CLPATH)//'%NCELLCU'
( 1102)   ENDIF
( 1103)   KSIZE = KSIZE + ISIZE
( 1104) ENDIF
( 1105) LNFERTCU = ALLOCATED (YD%NFERTCU)
( 1106) IF (LNFERTCU) THEN
( 1107)   ISIZE = KIND (YD%NFERTCU) * SIZE (YD%NFERTCU)
( 1108)   IF (LLPRINT) THEN
( 1109)     WRITE (*, '(I10," ")', ADVANCE='NO') ISIZE
( 1110)     WRITE (*, *) TRIM (CLPATH)//'%NFERTCU'
( 1111)   ENDIF
( 1112)   KSIZE = KSIZE + ISIZE
( 1113) ENDIF
( 1114) LNBLS = ALLOCATED (YD%NBLS)
( 1115) IF (LNBLS) THEN
( 1116)   ISIZE = KIND (YD%NBLS) * SIZE (YD%NBLS)
( 1117)   IF (LLPRINT) THEN
( 1118)     WRITE (*, '(I10," ")', ADVANCE='NO') ISIZE
( 1119)     WRITE (*, *) TRIM (CLPATH)//'%NBLS'
( 1120)   ENDIF
( 1121)   KSIZE = KSIZE + ISIZE
( 1122) ENDIF
( 1123) LNBSS = ALLOCATED (YD%NBSS)
( 1124) IF (LNBSS) THEN
( 1125)   ISIZE = KIND (YD%NBSS) * SIZE (YD%NBSS)
( 1126)   IF (LLPRINT) THEN
( 1127)     WRITE (*, '(I10," ")', ADVANCE='NO') ISIZE
( 1128)     WRITE (*, *) TRIM (CLPATH)//'%NBSS'
( 1129)   ENDIF
( 1130)   KSIZE = KSIZE + ISIZE
( 1131) ENDIF
( 1132) LNRNBLS = ALLOCATED (YD%NRNBLS)
( 1133) IF (LNRNBLS) THEN
( 1134)   ISIZE = KIND (YD%NRNBLS) * SIZE (YD%NRNBLS)
( 1135)   IF (LLPRINT) THEN
( 1136)     WRITE (*, '(I10," ")', ADVANCE='NO') ISIZE
( 1137)     WRITE (*, *) TRIM (CLPATH)//'%NRNBLS'
( 1138)   ENDIF
( 1139)   KSIZE = KSIZE + ISIZE
( 1140) ENDIF
( 1141) LNRNBSS = ALLOCATED (YD%NRNBSS)
( 1142) IF (LNRNBSS) THEN
( 1143)   ISIZE = KIND (YD%NRNBSS) * SIZE (YD%NRNBSS)
( 1144)   IF (LLPRINT) THEN
( 1145)     WRITE (*, '(I10," ")', ADVANCE='NO') ISIZE
( 1146)     WRITE (*, *) TRIM (CLPATH)//'%NRNBSS'
( 1147)   ENDIF
( 1148)   KSIZE = KSIZE + ISIZE






NVFORTRAN (Version     24.5)          03/19/2025  06:54:31      page 45

( 1149) ENDIF
( 1150) LNBEW = ALLOCATED (YD%NBEW)
( 1151) IF (LNBEW) THEN
( 1152)   ISIZE = KIND (YD%NBEW) * SIZE (YD%NBEW)
( 1153)   IF (LLPRINT) THEN
( 1154)     WRITE (*, '(I10," ")', ADVANCE='NO') ISIZE
( 1155)     WRITE (*, *) TRIM (CLPATH)//'%NBEW'
( 1156)   ENDIF
( 1157)   KSIZE = KSIZE + ISIZE
( 1158) ENDIF
( 1159) LNBNS = ALLOCATED (YD%NBNS)
( 1160) IF (LNBNS) THEN
( 1161)   ISIZE = KIND (YD%NBNS) * SIZE (YD%NBNS)
( 1162)   IF (LLPRINT) THEN
( 1163)     WRITE (*, '(I10," ")', ADVANCE='NO') ISIZE
( 1164)     WRITE (*, *) TRIM (CLPATH)//'%NBNS'
( 1165)   ENDIF
( 1166)   KSIZE = KSIZE + ISIZE
( 1167) ENDIF
( 1168) LRCUCONVCA = ALLOCATED (YD%RCUCONVCA)
( 1169) IF (LRCUCONVCA) THEN
( 1170)   ISIZE = KIND (YD%RCUCONVCA) * SIZE (YD%RCUCONVCA)
( 1171)   IF (LLPRINT) THEN
( 1172)     WRITE (*, '(I10," ")', ADVANCE='NO') ISIZE
( 1173)     WRITE (*, *) TRIM (CLPATH)//'%RCUCONVCA'
( 1174)   ENDIF
( 1175)   KSIZE = KSIZE + ISIZE
( 1176) ENDIF
( 1177) LRNLCONVCA = ALLOCATED (YD%RNLCONVCA)
( 1178) IF (LRNLCONVCA) THEN
( 1179)   ISIZE = KIND (YD%RNLCONVCA) * SIZE (YD%RNLCONVCA)
( 1180)   IF (LLPRINT) THEN
( 1181)     WRITE (*, '(I10," ")', ADVANCE='NO') ISIZE
( 1182)     WRITE (*, *) TRIM (CLPATH)//'%RNLCONVCA'
( 1183)   ENDIF
( 1184)   KSIZE = KSIZE + ISIZE
( 1185) ENDIF
( 1186) LRCAPECONVCA = ALLOCATED (YD%RCAPECONVCA)
( 1187) IF (LRCAPECONVCA) THEN
( 1188)   ISIZE = KIND (YD%RCAPECONVCA) * SIZE (YD%RCAPECONVCA)
( 1189)   IF (LLPRINT) THEN
( 1190)     WRITE (*, '(I10," ")', ADVANCE='NO') ISIZE
( 1191)     WRITE (*, *) TRIM (CLPATH)//'%RCAPECONVCA'
( 1192)   ENDIF
( 1193)   KSIZE = KSIZE + ISIZE
( 1194) ENDIF
( 1195) LRWASALIVE = ALLOCATED (YD%RWASALIVE)
( 1196) IF (LRWASALIVE) THEN
( 1197)   ISIZE = KIND (YD%RWASALIVE) * SIZE (YD%RWASALIVE)
( 1198)   IF (LLPRINT) THEN
( 1199)     WRITE (*, '(I10," ")', ADVANCE='NO') ISIZE
( 1200)     WRITE (*, *) TRIM (CLPATH)//'%RWASALIVE'
( 1201)   ENDIF
( 1202)   KSIZE = KSIZE + ISIZE
( 1203) ENDIF
( 1204) LRWGHTCU = ALLOCATED (YD%RWGHTCU)
( 1205) IF (LRWGHTCU) THEN
( 1206)   ISIZE = KIND (YD%RWGHTCU) * SIZE (YD%RWGHTCU)






NVFORTRAN (Version     24.5)          03/19/2025  06:54:31      page 46

( 1207)   IF (LLPRINT) THEN
( 1208)     WRITE (*, '(I10," ")', ADVANCE='NO') ISIZE
( 1209)     WRITE (*, *) TRIM (CLPATH)//'%RWGHTCU'
( 1210)   ENDIF
( 1211)   KSIZE = KSIZE + ISIZE
( 1212) ENDIF
( 1213) LRLATLONNBLS = ALLOCATED (YD%RLATLONNBLS)
( 1214) IF (LRLATLONNBLS) THEN
( 1215)   ISIZE = KIND (YD%RLATLONNBLS) * SIZE (YD%RLATLONNBLS)
( 1216)   IF (LLPRINT) THEN
( 1217)     WRITE (*, '(I10," ")', ADVANCE='NO') ISIZE
( 1218)     WRITE (*, *) TRIM (CLPATH)//'%RLATLONNBLS'
( 1219)   ENDIF
( 1220)   KSIZE = KSIZE + ISIZE
( 1221) ENDIF
( 1222) LRLATLONNBSS = ALLOCATED (YD%RLATLONNBSS)
( 1223) IF (LRLATLONNBSS) THEN
( 1224)   ISIZE = KIND (YD%RLATLONNBSS) * SIZE (YD%RLATLONNBSS)
( 1225)   IF (LLPRINT) THEN
( 1226)     WRITE (*, '(I10," ")', ADVANCE='NO') ISIZE
( 1227)     WRITE (*, *) TRIM (CLPATH)//'%RLATLONNBSS'
( 1228)   ENDIF
( 1229)   KSIZE = KSIZE + ISIZE
( 1230) ENDIF
( 1231) ISIZE = KIND (YD%RPROB_SURVIVE) * SIZE (YD%RPROB_SURVIVE)
( 1232) IF (LLPRINT) THEN
( 1233)   WRITE (*, '(I10," ")', ADVANCE='NO') ISIZE
( 1234)   WRITE (*, *) TRIM (CLPATH)//'%RPROB_SURVIVE'
( 1235) ENDIF
( 1236) KSIZE = KSIZE + ISIZE
( 1237) ISIZE = KIND (YD%RPROB_BIRTH) * SIZE (YD%RPROB_BIRTH)
( 1238) IF (LLPRINT) THEN
( 1239)   WRITE (*, '(I10," ")', ADVANCE='NO') ISIZE
( 1240)   WRITE (*, *) TRIM (CLPATH)//'%RPROB_BIRTH'
( 1241) ENDIF
( 1242) KSIZE = KSIZE + ISIZE
( 1243) ISIZE = KIND (YD%RPROB_FUN_FERT_S) * SIZE (YD%RPROB_FUN_FERT_S)
( 1244) IF (LLPRINT) THEN
( 1245)   WRITE (*, '(I10," ")', ADVANCE='NO') ISIZE
( 1246)   WRITE (*, *) TRIM (CLPATH)//'%RPROB_FUN_FERT_S'
( 1247) ENDIF
( 1248) KSIZE = KSIZE + ISIZE
( 1249) ISIZE = KIND (YD%RPROB_FUN_UW_DW_S) * SIZE (YD%RPROB_FUN_UW_DW_S)
( 1250) IF (LLPRINT) THEN
( 1251)   WRITE (*, '(I10," ")', ADVANCE='NO') ISIZE
( 1252)   WRITE (*, *) TRIM (CLPATH)//'%RPROB_FUN_UW_DW_S'
( 1253) ENDIF
( 1254) KSIZE = KSIZE + ISIZE
( 1255) ISIZE = KIND (YD%RPROB_FUN_FERT_B) * SIZE (YD%RPROB_FUN_FERT_B)
( 1256) IF (LLPRINT) THEN
( 1257)   WRITE (*, '(I10," ")', ADVANCE='NO') ISIZE
( 1258)   WRITE (*, *) TRIM (CLPATH)//'%RPROB_FUN_FERT_B'
( 1259) ENDIF
( 1260) KSIZE = KSIZE + ISIZE
( 1261) ISIZE = KIND (YD%RPROB_FUN_UW_DW_B) * SIZE (YD%RPROB_FUN_UW_DW_B)
( 1262) IF (LLPRINT) THEN
( 1263)   WRITE (*, '(I10," ")', ADVANCE='NO') ISIZE
( 1264)   WRITE (*, *) TRIM (CLPATH)//'%RPROB_FUN_UW_DW_B'






NVFORTRAN (Version     24.5)          03/19/2025  06:54:31      page 47

( 1265) ENDIF
( 1266) KSIZE = KSIZE + ISIZE
( 1267) LRLONDEP = ALLOCATED (YD%RLONDEP)
( 1268) IF (LRLONDEP) THEN
( 1269)   ISIZE = KIND (YD%RLONDEP) * SIZE (YD%RLONDEP)
( 1270)   IF (LLPRINT) THEN
( 1271)     WRITE (*, '(I10," ")', ADVANCE='NO') ISIZE
( 1272)     WRITE (*, *) TRIM (CLPATH)//'%RLONDEP'
( 1273)   ENDIF
( 1274)   KSIZE = KSIZE + ISIZE
( 1275) ENDIF
( 1276) LRLATDEP = ALLOCATED (YD%RLATDEP)
( 1277) IF (LRLATDEP) THEN
( 1278)   ISIZE = KIND (YD%RLATDEP) * SIZE (YD%RLATDEP)
( 1279)   IF (LLPRINT) THEN
( 1280)     WRITE (*, '(I10," ")', ADVANCE='NO') ISIZE
( 1281)     WRITE (*, *) TRIM (CLPATH)//'%RLATDEP'
( 1282)   ENDIF
( 1283)   KSIZE = KSIZE + ISIZE
( 1284) ENDIF
( 1285) ISIZE = KIND (YD%RCA_SEEDPROB)
( 1286) IF (LLPRINT) THEN
( 1287)   WRITE (*, '(I10," ")', ADVANCE='NO') ISIZE
( 1288)   WRITE (*, *) TRIM (CLPATH)//'%RCA_SEEDPROB'
( 1289) ENDIF
( 1290) KSIZE = KSIZE + ISIZE
( 1291) ISIZE = KIND (YD%RCADELX)
( 1292) IF (LLPRINT) THEN
( 1293)   WRITE (*, '(I10," ")', ADVANCE='NO') ISIZE
( 1294)   WRITE (*, *) TRIM (CLPATH)//'%RCADELX'
( 1295) ENDIF
( 1296) KSIZE = KSIZE + ISIZE
( 1297) ISIZE = KIND (YD%LCUCONV_CA)
( 1298) IF (LLPRINT) THEN
( 1299)   WRITE (*, '(I10," ")', ADVANCE='NO') ISIZE
( 1300)   WRITE (*, *) TRIM (CLPATH)//'%LCUCONV_CA'
( 1301) ENDIF
( 1302) KSIZE = KSIZE + ISIZE
( 1303) ISIZE = KIND (YD%LCA_ADVECT)
( 1304) IF (LLPRINT) THEN
( 1305)   WRITE (*, '(I10," ")', ADVANCE='NO') ISIZE
( 1306)   WRITE (*, *) TRIM (CLPATH)//'%LCA_ADVECT'
( 1307) ENDIF
( 1308) KSIZE = KSIZE + ISIZE
( 1309) ISIZE = KIND (YD%LCA_GLOBAL)
( 1310) IF (LLPRINT) THEN
( 1311)   WRITE (*, '(I10," ")', ADVANCE='NO') ISIZE
( 1312)   WRITE (*, *) TRIM (CLPATH)//'%LCA_GLOBAL'
( 1313) ENDIF
( 1314) KSIZE = KSIZE + ISIZE
( 1315) ISIZE = KIND (YD%LCA_SMOOTH)
( 1316) IF (LLPRINT) THEN
( 1317)   WRITE (*, '(I10," ")', ADVANCE='NO') ISIZE
( 1318)   WRITE (*, *) TRIM (CLPATH)//'%LCA_SMOOTH'
( 1319) ENDIF
( 1320) KSIZE = KSIZE + ISIZE
( 1321) ISIZE = KIND (YD%LCA_TEST)
( 1322) IF (LLPRINT) THEN






NVFORTRAN (Version     24.5)          03/19/2025  06:54:31      page 48

( 1323)   WRITE (*, '(I10," ")', ADVANCE='NO') ISIZE
( 1324)   WRITE (*, *) TRIM (CLPATH)//'%LCA_TEST'
( 1325) ENDIF
( 1326) KSIZE = KSIZE + ISIZE
( 1327) ISIZE = KIND (YD%LCA_ADVTEST)
( 1328) IF (LLPRINT) THEN
( 1329)   WRITE (*, '(I10," ")', ADVANCE='NO') ISIZE
( 1330)   WRITE (*, *) TRIM (CLPATH)//'%LCA_ADVTEST'
( 1331) ENDIF
( 1332) KSIZE = KSIZE + ISIZE
( 1333) ISIZE = KIND (YD%LCA_RANTROP)
( 1334) IF (LLPRINT) THEN
( 1335)   WRITE (*, '(I10," ")', ADVANCE='NO') ISIZE
( 1336)   WRITE (*, *) TRIM (CLPATH)//'%LCA_RANTROP'
( 1337) ENDIF
( 1338) KSIZE = KSIZE + ISIZE
( 1339) ISIZE = KIND (YD%LCA_NBDEBUG)
( 1340) IF (LLPRINT) THEN
( 1341)   WRITE (*, '(I10," ")', ADVANCE='NO') ISIZE
( 1342)   WRITE (*, *) TRIM (CLPATH)//'%LCA_NBDEBUG'
( 1343) ENDIF
( 1344) KSIZE = KSIZE + ISIZE
( 1345) ISIZE = KIND (YD%LCA_EXTRACT)
( 1346) IF (LLPRINT) THEN
( 1347)   WRITE (*, '(I10," ")', ADVANCE='NO') ISIZE
( 1348)   WRITE (*, *) TRIM (CLPATH)//'%LCA_EXTRACT'
( 1349) ENDIF
( 1350) KSIZE = KSIZE + ISIZE
( 1351) ISIZE = KIND (YD%CA_FORC) * LEN (YD%CA_FORC)
( 1352) IF (LLPRINT) THEN
( 1353)   WRITE (*, '(I10," ")', ADVANCE='NO') ISIZE
( 1354)   WRITE (*, *) TRIM (CLPATH)//'%CA_FORC'
( 1355) ENDIF
( 1356) KSIZE = KSIZE + ISIZE
( 1357) ISIZE = KIND (YD%CA_WIND) * LEN (YD%CA_WIND)
( 1358) IF (LLPRINT) THEN
( 1359)   WRITE (*, '(I10," ")', ADVANCE='NO') ISIZE
( 1360)   WRITE (*, *) TRIM (CLPATH)//'%CA_WIND'
( 1361) ENDIF
( 1362) KSIZE = KSIZE + ISIZE
( 1363) ISIZE = KIND (YD%CA_PROB) * LEN (YD%CA_PROB)
( 1364) IF (LLPRINT) THEN
( 1365)   WRITE (*, '(I10," ")', ADVANCE='NO') ISIZE
( 1366)   WRITE (*, *) TRIM (CLPATH)//'%CA_PROB'
( 1367) ENDIF
( 1368) KSIZE = KSIZE + ISIZE
( 1369) ISIZE = KIND (YD%NFRCASEED)
( 1370) IF (LLPRINT) THEN
( 1371)   WRITE (*, '(I10," ")', ADVANCE='NO') ISIZE
( 1372)   WRITE (*, *) TRIM (CLPATH)//'%NFRCASEED'
( 1373) ENDIF
( 1374) KSIZE = KSIZE + ISIZE
( 1375) ISIZE = KIND (YD%NTESTPROC)
( 1376) IF (LLPRINT) THEN
( 1377)   WRITE (*, '(I10," ")', ADVANCE='NO') ISIZE
( 1378)   WRITE (*, *) TRIM (CLPATH)//'%NTESTPROC'
( 1379) ENDIF
( 1380) KSIZE = KSIZE + ISIZE






NVFORTRAN (Version     24.5)          03/19/2025  06:54:31      page 49

( 1381) ISIZE = KIND (YD%NTESTGP)
( 1382) IF (LLPRINT) THEN
( 1383)   WRITE (*, '(I10," ")', ADVANCE='NO') ISIZE
( 1384)   WRITE (*, *) TRIM (CLPATH)//'%NTESTGP'
( 1385) ENDIF
( 1386) KSIZE = KSIZE + ISIZE
( 1387) ISIZE = KIND (YD%NDXUNREAL)
( 1388) IF (LLPRINT) THEN
( 1389)   WRITE (*, '(I10," ")', ADVANCE='NO') ISIZE
( 1390)   WRITE (*, *) TRIM (CLPATH)//'%NDXUNREAL'
( 1391) ENDIF
( 1392) KSIZE = KSIZE + ISIZE
( 1393) ISIZE = KIND (YD%NDYUNREAL)
( 1394) IF (LLPRINT) THEN
( 1395)   WRITE (*, '(I10," ")', ADVANCE='NO') ISIZE
( 1396)   WRITE (*, *) TRIM (CLPATH)//'%NDYUNREAL'
( 1397) ENDIF
( 1398) KSIZE = KSIZE + ISIZE
( 1399) LSLLONG = ALLOCATED (YD%SLLONG)
( 1400) IF (LSLLONG) THEN
( 1401)   ISIZE = KIND (YD%SLLONG) * SIZE (YD%SLLONG)
( 1402)   IF (LLPRINT) THEN
( 1403)     WRITE (*, '(I10," ")', ADVANCE='NO') ISIZE
( 1404)     WRITE (*, *) TRIM (CLPATH)//'%SLLONG'
( 1405)   ENDIF
( 1406)   KSIZE = KSIZE + ISIZE
( 1407) ENDIF
( 1408) LSLLAT = ALLOCATED (YD%SLLAT)
( 1409) IF (LSLLAT) THEN
( 1410)   ISIZE = KIND (YD%SLLAT) * SIZE (YD%SLLAT)
( 1411)   IF (LLPRINT) THEN
( 1412)     WRITE (*, '(I10," ")', ADVANCE='NO') ISIZE
( 1413)     WRITE (*, *) TRIM (CLPATH)//'%SLLAT'
( 1414)   ENDIF
( 1415)   KSIZE = KSIZE + ISIZE
( 1416) ENDIF
( 1417) LSLDLONG = ALLOCATED (YD%SLDLONG)
( 1418) IF (LSLDLONG) THEN
( 1419)   ISIZE = KIND (YD%SLDLONG) * SIZE (YD%SLDLONG)
( 1420)   IF (LLPRINT) THEN
( 1421)     WRITE (*, '(I10," ")', ADVANCE='NO') ISIZE
( 1422)     WRITE (*, *) TRIM (CLPATH)//'%SLDLONG'
( 1423)   ENDIF
( 1424)   KSIZE = KSIZE + ISIZE
( 1425) ENDIF
( 1426) LSLDLAT = ALLOCATED (YD%SLDLAT)
( 1427) IF (LSLDLAT) THEN
( 1428)   ISIZE = KIND (YD%SLDLAT) * SIZE (YD%SLDLAT)
( 1429)   IF (LLPRINT) THEN
( 1430)     WRITE (*, '(I10," ")', ADVANCE='NO') ISIZE
( 1431)     WRITE (*, *) TRIM (CLPATH)//'%SLDLAT'
( 1432)   ENDIF
( 1433)   KSIZE = KSIZE + ISIZE
( 1434) ENDIF
( 1435) LSLDDLAT = ALLOCATED (YD%SLDDLAT)
( 1436) IF (LSLDDLAT) THEN
( 1437)   ISIZE = KIND (YD%SLDDLAT) * SIZE (YD%SLDDLAT)
( 1438)   IF (LLPRINT) THEN






NVFORTRAN (Version     24.5)          03/19/2025  06:54:31      page 50

( 1439)     WRITE (*, '(I10," ")', ADVANCE='NO') ISIZE
( 1440)     WRITE (*, *) TRIM (CLPATH)//'%SLDDLAT'
( 1441)   ENDIF
( 1442)   KSIZE = KSIZE + ISIZE
( 1443) ENDIF
( 1444) END FUNCTION
( 1445) # 1446 "./util_tecuconvca_mod.F90"
( 1446) END MODULE
