


NVFORTRAN (Version     24.5)          03/19/2025  06:54:51      page 1

Switches: -noasm -nodclchk -debug -nodlines -line -list
          -idir /opt/softs/gcc/9.2.0/hpc_sdk/Linux_x86_64/24.5/comm_libs/12.4/hpcx/hpcx-2.19/ompi/include
          -idir /opt/softs/gcc/9.2.0/hpc_sdk/Linux_x86_64/24.5/comm_libs/12.4/hpcx/hpcx-2.19/ompi/lib
          -inform severe -opt 1 -nosave -object -noonetrip
          -depchk on -nostandard     
          -symbol -noupcase    

Filename: ./util_tpertpar_mod.F90

(    1) MODULE UTIL_TPERTPAR_MOD
(    2) 
(    3) USE YOMPERTPAR, ONLY : TPERTPAR
(    4) 
(    5) INTERFACE SAVE
(    6) MODULE PROCEDURE SAVE_TPERTPAR
(    7) END INTERFACE
(    8) 
(    9) INTERFACE LOAD
(   10) MODULE PROCEDURE LOAD_TPERTPAR
(   11) END INTERFACE
(   12) 
(   13) INTERFACE COPY
(   14) MODULE PROCEDURE COPY_TPERTPAR
(   15) END INTERFACE
(   16) 
(   17) INTERFACE HOST
(   18) MODULE PROCEDURE HOST_TPERTPAR
(   19) END INTERFACE
(   20) 
(   21)      
(   22) INTERFACE CRC64
(   23) MODULE PROCEDURE CRC64_TPERTPAR
(   24) END INTERFACE
(   25) 
(   26) INTERFACE WIPE
(   27) MODULE PROCEDURE WIPE_TPERTPAR
(   28) END INTERFACE
(   29) 
(   30) INTERFACE SIZE
(   31) MODULE PROCEDURE SIZE_TPERTPAR
(   32) END INTERFACE
(   33) 
(   34) 
(   35) CONTAINS
(   36) 
(   37) SUBROUTINE SAVE_TPERTPAR (KLUN, YD)
(   38) 
(   39) IMPLICIT NONE
(   40) INTEGER, INTENT (IN) :: KLUN
(   41) TYPE (TPERTPAR), INTENT (IN), TARGET :: YD
(   42) 
(   43) WRITE (KLUN) YD%LPERTPAR
(   44) WRITE (KLUN) YD%NSEED_MBR
(   45) WRITE (KLUN) YD%LPERT_RMFDEPS
(   46) WRITE (KLUN) YD%RMFDEPS_MAX
(   47) WRITE (KLUN) YD%RMFDEPS_MIN
(   48) WRITE (KLUN) YD%LPERT_RPRCON
(   49) WRITE (KLUN) YD%RPRCON_MAX
(   50) WRITE (KLUN) YD%RPRCON_MIN






NVFORTRAN (Version     24.5)          03/19/2025  06:54:51      page 2

(   51) WRITE (KLUN) YD%LPERT_ENTRORG
(   52) WRITE (KLUN) YD%ENTRORG_MAX
(   53) WRITE (KLUN) YD%ENTRORG_MIN
(   54) WRITE (KLUN) YD%LPERT_DETRPEN
(   55) WRITE (KLUN) YD%DETRPEN_MAX
(   56) WRITE (KLUN) YD%DETRPEN_MIN
(   57) WRITE (KLUN) YD%LPERT_RTAUFAC
(   58) WRITE (KLUN) YD%RTAUFAC_MAX
(   59) WRITE (KLUN) YD%RTAUFAC_MIN
(   60) WRITE (KLUN) YD%LPERT_CUDUV
(   61) WRITE (KLUN) YD%CUDU_MOD
(   62) WRITE (KLUN) YD%CUDV_MOD
(   63) WRITE (KLUN) YD%CUDUV_MAX
(   64) WRITE (KLUN) YD%CUDUV_MIN
(   65) WRITE (KLUN) YD%LPERT_GCVRE
(   66) WRITE (KLUN) YD%GCVRE_MAX
(   67) WRITE (KLUN) YD%GCVRE_MIN
(   68) WRITE (KLUN) YD%LPERT_GCVEZ
(   69) WRITE (KLUN) YD%GCVEZ_MAX
(   70) WRITE (KLUN) YD%GCVEZ_MIN
(   71) WRITE (KLUN) YD%LPERT_GCVUV
(   72) WRITE (KLUN) YD%GCVUV_MAX
(   73) WRITE (KLUN) YD%GCVUV_MIN
(   74) WRITE (KLUN) YD%LPERT_AKN
(   75) WRITE (KLUN) YD%AKN_MAX
(   76) WRITE (KLUN) YD%AKN_MIN
(   77) WRITE (KLUN) YD%LPERT_ALD
(   78) WRITE (KLUN) YD%ALD_MAX
(   79) WRITE (KLUN) YD%ALD_MIN
(   80) WRITE (KLUN) YD%LPERT_ALPHAT
(   81) WRITE (KLUN) YD%ALPHAT_MAX
(   82) WRITE (KLUN) YD%ALPHAT_MIN
(   83) WRITE (KLUN) YD%LPERT_ALMAVE
(   84) WRITE (KLUN) YD%ALMAVE_MAX
(   85) WRITE (KLUN) YD%ALMAVE_MIN
(   86) WRITE (KLUN) YD%LPERT_TFVL
(   87) WRITE (KLUN) YD%TFVL_MIN
(   88) WRITE (KLUN) YD%TFVL_MAX
(   89) WRITE (KLUN) YD%LPERT_TFVR
(   90) WRITE (KLUN) YD%TFVR_MIN
(   91) WRITE (KLUN) YD%TFVR_MAX
(   92) WRITE (KLUN) YD%LPERT_TFVS
(   93) WRITE (KLUN) YD%TFVS_MIN
(   94) WRITE (KLUN) YD%TFVS_MAX
(   95) WRITE (KLUN) YD%LPERT_TFVI
(   96) WRITE (KLUN) YD%TFVI_MIN
(   97) WRITE (KLUN) YD%TFVI_MAX
(   98) WRITE (KLUN) YD%LPERT_RAUTEFR
(   99) WRITE (KLUN) YD%RAUTEFR_MIN
(  100) WRITE (KLUN) YD%RAUTEFR_MAX
(  101) WRITE (KLUN) YD%LPERT_RAUTEFS
(  102) WRITE (KLUN) YD%RAUTEFS_MIN
(  103) WRITE (KLUN) YD%RAUTEFS_MAX
(  104) WRITE (KLUN) YD%LPERT_RQICRMIN
(  105) WRITE (KLUN) YD%RQICRMIN_MIN
(  106) WRITE (KLUN) YD%RQICRMIN_MAX
(  107) WRITE (KLUN) YD%LPERT_RQICRMAX
(  108) WRITE (KLUN) YD%RQICRMAX_MIN






NVFORTRAN (Version     24.5)          03/19/2025  06:54:51      page 3

(  109) WRITE (KLUN) YD%RQICRMAX_MAX
(  110) WRITE (KLUN) YD%LPERT_RQLCR
(  111) WRITE (KLUN) YD%RQLCR_MIN
(  112) WRITE (KLUN) YD%RQLCR_MAX
(  113) WRITE (KLUN) YD%LPERT_RACCEF
(  114) WRITE (KLUN) YD%RACCEF_MIN
(  115) WRITE (KLUN) YD%RACCEF_MAX
(  116) WRITE (KLUN) YD%LPERT_RRIMEF
(  117) WRITE (KLUN) YD%RRIMEF_MIN
(  118) WRITE (KLUN) YD%RRIMEF_MAX
(  119) WRITE (KLUN) YD%LPERT_RAGGEF
(  120) WRITE (KLUN) YD%RAGGEF_MIN
(  121) WRITE (KLUN) YD%RAGGEF_MAX
(  122) WRITE (KLUN) YD%LPERT_REVASX
(  123) WRITE (KLUN) YD%REVASX_MIN
(  124) WRITE (KLUN) YD%REVASX_MAX
(  125) WRITE (KLUN) YD%LPERT_RDTFAC
(  126) WRITE (KLUN) YD%RDTFAC_MIN
(  127) WRITE (KLUN) YD%RDTFAC_MAX
(  128) WRITE (KLUN) YD%LPERT_RHCRIT1
(  129) WRITE (KLUN) YD%RHCRIT1_MIN
(  130) WRITE (KLUN) YD%RHCRIT1_MAX
(  131) WRITE (KLUN) YD%LPERT_GRHCMOD
(  132) WRITE (KLUN) YD%GRHCMOD_MIN
(  133) WRITE (KLUN) YD%GRHCMOD_MAX
(  134) WRITE (KLUN) YD%LPERT_GWDCD
(  135) WRITE (KLUN) YD%GWDCD_MIN
(  136) WRITE (KLUN) YD%GWDCD_MAX
(  137) WRITE (KLUN) YD%LPERT_GWDSE
(  138) WRITE (KLUN) YD%GWDSE_MIN
(  139) WRITE (KLUN) YD%GWDSE_MAX
(  140) WRITE (KLUN) YD%LPERT_HOBST
(  141) WRITE (KLUN) YD%HOBST_MIN
(  142) WRITE (KLUN) YD%HOBST_MAX
(  143) WRITE (KLUN) YD%LPERT_RRATSEA
(  144) WRITE (KLUN) YD%RRATSEA_MIN
(  145) WRITE (KLUN) YD%RRATSEA_MAX
(  146) WRITE (KLUN) YD%LPERT_RRATLAND
(  147) WRITE (KLUN) YD%RRATLAND_MIN
(  148) WRITE (KLUN) YD%RRATLAND_MAX
(  149) WRITE (KLUN) YD%LPERT_RRATDRI
(  150) WRITE (KLUN) YD%RRATDRI_MAX
(  151) WRITE (KLUN) YD%RRATDRI_MIN
(  152) WRITE (KLUN) YD%LPERT_RCADECOR
(  153) WRITE (KLUN) YD%RCADECOR_MAX
(  154) WRITE (KLUN) YD%RCADECOR_MIN
(  155) WRITE (KLUN) YD%LPERT_RCBDECOR
(  156) WRITE (KLUN) YD%RCBDECOR_MAX
(  157) WRITE (KLUN) YD%RCBDECOR_MIN
(  158) WRITE (KLUN) YD%LPERT_RSIGMA2
(  159) WRITE (KLUN) YD%RSIGMA2_MAX
(  160) WRITE (KLUN) YD%RSIGMA2_MIN
(  161) WRITE (KLUN) YD%LPERT_RFACDICE
(  162) WRITE (KLUN) YD%RFACDICE_MAX
(  163) WRITE (KLUN) YD%RFACDICE_MIN
(  164) WRITE (KLUN) YD%LPERT_XRIMAX
(  165) WRITE (KLUN) YD%XRIMAX_MIN
(  166) WRITE (KLUN) YD%XRIMAX_MAX






NVFORTRAN (Version     24.5)          03/19/2025  06:54:51      page 4

(  167) WRITE (KLUN) YD%LPERT_XFRACZ0
(  168) WRITE (KLUN) YD%XFRACZ0_MIN
(  169) WRITE (KLUN) YD%XFRACZ0_MAX
(  170) WRITE (KLUN) YD%LPERT_OTADJS
(  171) WRITE (KLUN) YD%OTADJS_MIN
(  172) WRITE (KLUN) YD%OTADJS_MAX
(  173) WRITE (KLUN) YD%LPERT_XENTR
(  174) WRITE (KLUN) YD%XENTR_MIN
(  175) WRITE (KLUN) YD%XENTR_MAX
(  176) WRITE (KLUN) YD%LPERT_XATPERT
(  177) WRITE (KLUN) YD%XATPERT_MIN
(  178) WRITE (KLUN) YD%XATPERT_MAX
(  179) WRITE (KLUN) YD%LPERT_XBTPERT
(  180) WRITE (KLUN) YD%XBTPERT_MIN
(  181) WRITE (KLUN) YD%XBTPERT_MAX
(  182) WRITE (KLUN) YD%LPERT_XDTPERT
(  183) WRITE (KLUN) YD%XDTPERT_MIN
(  184) WRITE (KLUN) YD%XDTPERT_MAX
(  185) WRITE (KLUN) YD%LPERT_XAW
(  186) WRITE (KLUN) YD%XAW_MIN
(  187) WRITE (KLUN) YD%XAW_MAX
(  188) WRITE (KLUN) YD%LPERT_XBW
(  189) WRITE (KLUN) YD%XBW_MIN
(  190) WRITE (KLUN) YD%XBW_MAX
(  191) WRITE (KLUN) YD%LPERT_RKFBTAU
(  192) WRITE (KLUN) YD%RKFBTAU_MIN
(  193) WRITE (KLUN) YD%RKFBTAU_MAX
(  194) WRITE (KLUN) YD%LPERT_RKFBNBX
(  195) WRITE (KLUN) YD%RKFBNBX_MIN
(  196) WRITE (KLUN) YD%RKFBNBX_MAX
(  197) WRITE (KLUN) YD%LPERT_XPERTFLUX
(  198) WRITE (KLUN) YD%XPERTFLUX_MAX
(  199) WRITE (KLUN) YD%XPERTFLUX_MIN
(  200) END SUBROUTINE
(  201) 
(  202) SUBROUTINE LOAD_TPERTPAR (KLUN, YD)
(  203) USE PARKIND1, ONLY : JPRD
(  204) 
(  205) IMPLICIT NONE
(  206) INTEGER, INTENT (IN) :: KLUN
(  207) TYPE (TPERTPAR), INTENT (OUT), TARGET :: YD
(  208) REAL(KIND=JPRD) :: ZTMP0
(  209) READ (KLUN) YD%LPERTPAR
(  210) READ (KLUN) YD%NSEED_MBR
(  211) READ (KLUN) YD%LPERT_RMFDEPS
(  212) READ (KLUN) ZTMP0
(  213) YD%RMFDEPS_MAX = ZTMP0
(  214) READ (KLUN) ZTMP0
(  215) YD%RMFDEPS_MIN = ZTMP0
(  216) READ (KLUN) YD%LPERT_RPRCON
(  217) READ (KLUN) ZTMP0
(  218) YD%RPRCON_MAX = ZTMP0
(  219) READ (KLUN) ZTMP0
(  220) YD%RPRCON_MIN = ZTMP0
(  221) READ (KLUN) YD%LPERT_ENTRORG
(  222) READ (KLUN) ZTMP0
(  223) YD%ENTRORG_MAX = ZTMP0
(  224) READ (KLUN) ZTMP0






NVFORTRAN (Version     24.5)          03/19/2025  06:54:51      page 5

(  225) YD%ENTRORG_MIN = ZTMP0
(  226) READ (KLUN) YD%LPERT_DETRPEN
(  227) READ (KLUN) ZTMP0
(  228) YD%DETRPEN_MAX = ZTMP0
(  229) READ (KLUN) ZTMP0
(  230) YD%DETRPEN_MIN = ZTMP0
(  231) READ (KLUN) YD%LPERT_RTAUFAC
(  232) READ (KLUN) ZTMP0
(  233) YD%RTAUFAC_MAX = ZTMP0
(  234) READ (KLUN) ZTMP0
(  235) YD%RTAUFAC_MIN = ZTMP0
(  236) READ (KLUN) YD%LPERT_CUDUV
(  237) READ (KLUN) ZTMP0
(  238) YD%CUDU_MOD = ZTMP0
(  239) READ (KLUN) ZTMP0
(  240) YD%CUDV_MOD = ZTMP0
(  241) READ (KLUN) ZTMP0
(  242) YD%CUDUV_MAX = ZTMP0
(  243) READ (KLUN) ZTMP0
(  244) YD%CUDUV_MIN = ZTMP0
(  245) READ (KLUN) YD%LPERT_GCVRE
(  246) READ (KLUN) ZTMP0
(  247) YD%GCVRE_MAX = ZTMP0
(  248) READ (KLUN) ZTMP0
(  249) YD%GCVRE_MIN = ZTMP0
(  250) READ (KLUN) YD%LPERT_GCVEZ
(  251) READ (KLUN) ZTMP0
(  252) YD%GCVEZ_MAX = ZTMP0
(  253) READ (KLUN) ZTMP0
(  254) YD%GCVEZ_MIN = ZTMP0
(  255) READ (KLUN) YD%LPERT_GCVUV
(  256) READ (KLUN) ZTMP0
(  257) YD%GCVUV_MAX = ZTMP0
(  258) READ (KLUN) ZTMP0
(  259) YD%GCVUV_MIN = ZTMP0
(  260) READ (KLUN) YD%LPERT_AKN
(  261) READ (KLUN) ZTMP0
(  262) YD%AKN_MAX = ZTMP0
(  263) READ (KLUN) ZTMP0
(  264) YD%AKN_MIN = ZTMP0
(  265) READ (KLUN) YD%LPERT_ALD
(  266) READ (KLUN) ZTMP0
(  267) YD%ALD_MAX = ZTMP0
(  268) READ (KLUN) ZTMP0
(  269) YD%ALD_MIN = ZTMP0
(  270) READ (KLUN) YD%LPERT_ALPHAT
(  271) READ (KLUN) ZTMP0
(  272) YD%ALPHAT_MAX = ZTMP0
(  273) READ (KLUN) ZTMP0
(  274) YD%ALPHAT_MIN = ZTMP0
(  275) READ (KLUN) YD%LPERT_ALMAVE
(  276) READ (KLUN) ZTMP0
(  277) YD%ALMAVE_MAX = ZTMP0
(  278) READ (KLUN) ZTMP0
(  279) YD%ALMAVE_MIN = ZTMP0
(  280) READ (KLUN) YD%LPERT_TFVL
(  281) READ (KLUN) ZTMP0
(  282) YD%TFVL_MIN = ZTMP0






NVFORTRAN (Version     24.5)          03/19/2025  06:54:51      page 6

(  283) READ (KLUN) ZTMP0
(  284) YD%TFVL_MAX = ZTMP0
(  285) READ (KLUN) YD%LPERT_TFVR
(  286) READ (KLUN) ZTMP0
(  287) YD%TFVR_MIN = ZTMP0
(  288) READ (KLUN) ZTMP0
(  289) YD%TFVR_MAX = ZTMP0
(  290) READ (KLUN) YD%LPERT_TFVS
(  291) READ (KLUN) ZTMP0
(  292) YD%TFVS_MIN = ZTMP0
(  293) READ (KLUN) ZTMP0
(  294) YD%TFVS_MAX = ZTMP0
(  295) READ (KLUN) YD%LPERT_TFVI
(  296) READ (KLUN) ZTMP0
(  297) YD%TFVI_MIN = ZTMP0
(  298) READ (KLUN) ZTMP0
(  299) YD%TFVI_MAX = ZTMP0
(  300) READ (KLUN) YD%LPERT_RAUTEFR
(  301) READ (KLUN) ZTMP0
(  302) YD%RAUTEFR_MIN = ZTMP0
(  303) READ (KLUN) ZTMP0
(  304) YD%RAUTEFR_MAX = ZTMP0
(  305) READ (KLUN) YD%LPERT_RAUTEFS
(  306) READ (KLUN) ZTMP0
(  307) YD%RAUTEFS_MIN = ZTMP0
(  308) READ (KLUN) ZTMP0
(  309) YD%RAUTEFS_MAX = ZTMP0
(  310) READ (KLUN) YD%LPERT_RQICRMIN
(  311) READ (KLUN) ZTMP0
(  312) YD%RQICRMIN_MIN = ZTMP0
(  313) READ (KLUN) ZTMP0
(  314) YD%RQICRMIN_MAX = ZTMP0
(  315) READ (KLUN) YD%LPERT_RQICRMAX
(  316) READ (KLUN) ZTMP0
(  317) YD%RQICRMAX_MIN = ZTMP0
(  318) READ (KLUN) ZTMP0
(  319) YD%RQICRMAX_MAX = ZTMP0
(  320) READ (KLUN) YD%LPERT_RQLCR
(  321) READ (KLUN) ZTMP0
(  322) YD%RQLCR_MIN = ZTMP0
(  323) READ (KLUN) ZTMP0
(  324) YD%RQLCR_MAX = ZTMP0
(  325) READ (KLUN) YD%LPERT_RACCEF
(  326) READ (KLUN) ZTMP0
(  327) YD%RACCEF_MIN = ZTMP0
(  328) READ (KLUN) ZTMP0
(  329) YD%RACCEF_MAX = ZTMP0
(  330) READ (KLUN) YD%LPERT_RRIMEF
(  331) READ (KLUN) ZTMP0
(  332) YD%RRIMEF_MIN = ZTMP0
(  333) READ (KLUN) ZTMP0
(  334) YD%RRIMEF_MAX = ZTMP0
(  335) READ (KLUN) YD%LPERT_RAGGEF
(  336) READ (KLUN) ZTMP0
(  337) YD%RAGGEF_MIN = ZTMP0
(  338) READ (KLUN) ZTMP0
(  339) YD%RAGGEF_MAX = ZTMP0
(  340) READ (KLUN) YD%LPERT_REVASX






NVFORTRAN (Version     24.5)          03/19/2025  06:54:51      page 7

(  341) READ (KLUN) ZTMP0
(  342) YD%REVASX_MIN = ZTMP0
(  343) READ (KLUN) ZTMP0
(  344) YD%REVASX_MAX = ZTMP0
(  345) READ (KLUN) YD%LPERT_RDTFAC
(  346) READ (KLUN) ZTMP0
(  347) YD%RDTFAC_MIN = ZTMP0
(  348) READ (KLUN) ZTMP0
(  349) YD%RDTFAC_MAX = ZTMP0
(  350) READ (KLUN) YD%LPERT_RHCRIT1
(  351) READ (KLUN) ZTMP0
(  352) YD%RHCRIT1_MIN = ZTMP0
(  353) READ (KLUN) ZTMP0
(  354) YD%RHCRIT1_MAX = ZTMP0
(  355) READ (KLUN) YD%LPERT_GRHCMOD
(  356) READ (KLUN) ZTMP0
(  357) YD%GRHCMOD_MIN = ZTMP0
(  358) READ (KLUN) ZTMP0
(  359) YD%GRHCMOD_MAX = ZTMP0
(  360) READ (KLUN) YD%LPERT_GWDCD
(  361) READ (KLUN) ZTMP0
(  362) YD%GWDCD_MIN = ZTMP0
(  363) READ (KLUN) ZTMP0
(  364) YD%GWDCD_MAX = ZTMP0
(  365) READ (KLUN) YD%LPERT_GWDSE
(  366) READ (KLUN) ZTMP0
(  367) YD%GWDSE_MIN = ZTMP0
(  368) READ (KLUN) ZTMP0
(  369) YD%GWDSE_MAX = ZTMP0
(  370) READ (KLUN) YD%LPERT_HOBST
(  371) READ (KLUN) ZTMP0
(  372) YD%HOBST_MIN = ZTMP0
(  373) READ (KLUN) ZTMP0
(  374) YD%HOBST_MAX = ZTMP0
(  375) READ (KLUN) YD%LPERT_RRATSEA
(  376) READ (KLUN) ZTMP0
(  377) YD%RRATSEA_MIN = ZTMP0
(  378) READ (KLUN) ZTMP0
(  379) YD%RRATSEA_MAX = ZTMP0
(  380) READ (KLUN) YD%LPERT_RRATLAND
(  381) READ (KLUN) ZTMP0
(  382) YD%RRATLAND_MIN = ZTMP0
(  383) READ (KLUN) ZTMP0
(  384) YD%RRATLAND_MAX = ZTMP0
(  385) READ (KLUN) YD%LPERT_RRATDRI
(  386) READ (KLUN) ZTMP0
(  387) YD%RRATDRI_MAX = ZTMP0
(  388) READ (KLUN) ZTMP0
(  389) YD%RRATDRI_MIN = ZTMP0
(  390) READ (KLUN) YD%LPERT_RCADECOR
(  391) READ (KLUN) ZTMP0
(  392) YD%RCADECOR_MAX = ZTMP0
(  393) READ (KLUN) ZTMP0
(  394) YD%RCADECOR_MIN = ZTMP0
(  395) READ (KLUN) YD%LPERT_RCBDECOR
(  396) READ (KLUN) ZTMP0
(  397) YD%RCBDECOR_MAX = ZTMP0
(  398) READ (KLUN) ZTMP0






NVFORTRAN (Version     24.5)          03/19/2025  06:54:51      page 8

(  399) YD%RCBDECOR_MIN = ZTMP0
(  400) READ (KLUN) YD%LPERT_RSIGMA2
(  401) READ (KLUN) ZTMP0
(  402) YD%RSIGMA2_MAX = ZTMP0
(  403) READ (KLUN) ZTMP0
(  404) YD%RSIGMA2_MIN = ZTMP0
(  405) READ (KLUN) YD%LPERT_RFACDICE
(  406) READ (KLUN) ZTMP0
(  407) YD%RFACDICE_MAX = ZTMP0
(  408) READ (KLUN) ZTMP0
(  409) YD%RFACDICE_MIN = ZTMP0
(  410) READ (KLUN) YD%LPERT_XRIMAX
(  411) READ (KLUN) ZTMP0
(  412) YD%XRIMAX_MIN = ZTMP0
(  413) READ (KLUN) ZTMP0
(  414) YD%XRIMAX_MAX = ZTMP0
(  415) READ (KLUN) YD%LPERT_XFRACZ0
(  416) READ (KLUN) ZTMP0
(  417) YD%XFRACZ0_MIN = ZTMP0
(  418) READ (KLUN) ZTMP0
(  419) YD%XFRACZ0_MAX = ZTMP0
(  420) READ (KLUN) YD%LPERT_OTADJS
(  421) READ (KLUN) ZTMP0
(  422) YD%OTADJS_MIN = ZTMP0
(  423) READ (KLUN) ZTMP0
(  424) YD%OTADJS_MAX = ZTMP0
(  425) READ (KLUN) YD%LPERT_XENTR
(  426) READ (KLUN) ZTMP0
(  427) YD%XENTR_MIN = ZTMP0
(  428) READ (KLUN) ZTMP0
(  429) YD%XENTR_MAX = ZTMP0
(  430) READ (KLUN) YD%LPERT_XATPERT
(  431) READ (KLUN) ZTMP0
(  432) YD%XATPERT_MIN = ZTMP0
(  433) READ (KLUN) ZTMP0
(  434) YD%XATPERT_MAX = ZTMP0
(  435) READ (KLUN) YD%LPERT_XBTPERT
(  436) READ (KLUN) ZTMP0
(  437) YD%XBTPERT_MIN = ZTMP0
(  438) READ (KLUN) ZTMP0
(  439) YD%XBTPERT_MAX = ZTMP0
(  440) READ (KLUN) YD%LPERT_XDTPERT
(  441) READ (KLUN) ZTMP0
(  442) YD%XDTPERT_MIN = ZTMP0
(  443) READ (KLUN) ZTMP0
(  444) YD%XDTPERT_MAX = ZTMP0
(  445) READ (KLUN) YD%LPERT_XAW
(  446) READ (KLUN) ZTMP0
(  447) YD%XAW_MIN = ZTMP0
(  448) READ (KLUN) ZTMP0
(  449) YD%XAW_MAX = ZTMP0
(  450) READ (KLUN) YD%LPERT_XBW
(  451) READ (KLUN) ZTMP0
(  452) YD%XBW_MIN = ZTMP0
(  453) READ (KLUN) ZTMP0
(  454) YD%XBW_MAX = ZTMP0
(  455) READ (KLUN) YD%LPERT_RKFBTAU
(  456) READ (KLUN) ZTMP0






NVFORTRAN (Version     24.5)          03/19/2025  06:54:51      page 9

(  457) YD%RKFBTAU_MIN = ZTMP0
(  458) READ (KLUN) ZTMP0
(  459) YD%RKFBTAU_MAX = ZTMP0
(  460) READ (KLUN) YD%LPERT_RKFBNBX
(  461) READ (KLUN) ZTMP0
(  462) YD%RKFBNBX_MIN = ZTMP0
(  463) READ (KLUN) ZTMP0
(  464) YD%RKFBNBX_MAX = ZTMP0
(  465) READ (KLUN) YD%LPERT_XPERTFLUX
(  466) READ (KLUN) ZTMP0
(  467) YD%XPERTFLUX_MAX = ZTMP0
(  468) READ (KLUN) ZTMP0
(  469) YD%XPERTFLUX_MIN = ZTMP0
(  470) END SUBROUTINE
(  471) 
(  472) 
(  473) SUBROUTINE COPY_TPERTPAR (YD, LDCREATED, LDFIELDAPI)
(  474) 
(  475) IMPLICIT NONE
(  476) TYPE (TPERTPAR), INTENT (IN), TARGET :: YD
(  477) LOGICAL, OPTIONAL, INTENT (IN) :: LDCREATED, LDFIELDAPI
(  478) LOGICAL :: LLCREATED
(  479) LOGICAL :: LLFIELDAPI
(  480) 
(  481) LLFIELDAPI = .FALSE.
(  482) IF (PRESENT (LDFIELDAPI)) THEN
(  483)   LLFIELDAPI = LDFIELDAPI
(  484) ENDIF
(  485) LLCREATED = .FALSE.
(  486) IF (PRESENT (LDCREATED)) THEN
(  487)   LLCREATED = LDCREATED
(  488) ENDIF
(  489) IF (.NOT. LLCREATED) THEN
(  490)   !$acc enter data create (YD)
(  491)   !$acc update device (YD)
(  492) ENDIF
(  493) 
(  494) 
(  495) 
(  496) 
(  497) 
(  498) 
(  499) 
(  500) 
(  501) 
(  502) 
(  503) 
(  504) 
(  505) 
(  506) 
(  507) 
(  508) 
(  509) 
(  510) 
(  511) 
(  512) 
(  513) 
(  514) 






NVFORTRAN (Version     24.5)          03/19/2025  06:54:51      page 10

(  515) 
(  516) 
(  517) 
(  518) 
(  519) 
(  520) 
(  521) 
(  522) 
(  523) 
(  524) 
(  525) 
(  526) 
(  527) 
(  528) 
(  529) 
(  530) 
(  531) 
(  532) 
(  533) 
(  534) 
(  535) 
(  536) 
(  537) 
(  538) 
(  539) 
(  540) 
(  541) 
(  542) 
(  543) 
(  544) 
(  545) 
(  546) 
(  547) 
(  548) 
(  549) 
(  550) 
(  551) 
(  552) 
(  553) 
(  554) 
(  555) 
(  556) 
(  557) 
(  558) 
(  559) 
(  560) 
(  561) 
(  562) 
(  563) 
(  564) 
(  565) 
(  566) 
(  567) 
(  568) 
(  569) 
(  570) 
(  571) 
(  572) 






NVFORTRAN (Version     24.5)          03/19/2025  06:54:51      page 11

(  573) 
(  574) 
(  575) 
(  576) 
(  577) 
(  578) 
(  579) 
(  580) 
(  581) 
(  582) 
(  583) 
(  584) 
(  585) 
(  586) 
(  587) 
(  588) 
(  589) 
(  590) 
(  591) 
(  592) 
(  593) 
(  594) 
(  595) 
(  596) 
(  597) 
(  598) 
(  599) 
(  600) 
(  601) 
(  602) 
(  603) 
(  604) 
(  605) 
(  606) 
(  607) 
(  608) 
(  609) 
(  610) 
(  611) 
(  612) 
(  613) 
(  614) 
(  615) 
(  616) 
(  617) 
(  618) 
(  619) 
(  620) 
(  621) 
(  622) 
(  623) 
(  624) 
(  625) 
(  626) 
(  627) 
(  628) 
(  629) 
(  630) 






NVFORTRAN (Version     24.5)          03/19/2025  06:54:51      page 12

(  631) 
(  632) 
(  633) 
(  634) 
(  635) 
(  636) 
(  637) 
(  638) 
(  639) 
(  640) 
(  641) 
(  642) 
(  643) 
(  644) 
(  645) 
(  646) 
(  647) 
(  648) 
(  649) 
(  650) END SUBROUTINE
(  651) 
(  652) SUBROUTINE HOST_TPERTPAR (YD)
(  653) 
(  654) IMPLICIT NONE
(  655) TYPE (TPERTPAR), TARGET :: YD
(  656) 
(  657) 
(  658) 
(  659) 
(  660) 
(  661) 
(  662) 
(  663) 
(  664) 
(  665) 
(  666) 
(  667) 
(  668) 
(  669) 
(  670) 
(  671) 
(  672) 
(  673) 
(  674) 
(  675) 
(  676) 
(  677) 
(  678) 
(  679) 
(  680) 
(  681) 
(  682) 
(  683) 
(  684) 
(  685) 
(  686) 
(  687) 
(  688) 






NVFORTRAN (Version     24.5)          03/19/2025  06:54:51      page 13

(  689) 
(  690) 
(  691) 
(  692) 
(  693) 
(  694) 
(  695) 
(  696) 
(  697) 
(  698) 
(  699) 
(  700) 
(  701) 
(  702) 
(  703) 
(  704) 
(  705) 
(  706) 
(  707) 
(  708) 
(  709) 
(  710) 
(  711) 
(  712) 
(  713) 
(  714) 
(  715) 
(  716) 
(  717) 
(  718) 
(  719) 
(  720) 
(  721) 
(  722) 
(  723) 
(  724) 
(  725) 
(  726) 
(  727) 
(  728) 
(  729) 
(  730) 
(  731) 
(  732) 
(  733) 
(  734) 
(  735) 
(  736) 
(  737) 
(  738) 
(  739) 
(  740) 
(  741) 
(  742) 
(  743) 
(  744) 
(  745) 
(  746) 






NVFORTRAN (Version     24.5)          03/19/2025  06:54:51      page 14

(  747) 
(  748) 
(  749) 
(  750) 
(  751) 
(  752) 
(  753) 
(  754) 
(  755) 
(  756) 
(  757) 
(  758) 
(  759) 
(  760) 
(  761) 
(  762) 
(  763) 
(  764) 
(  765) 
(  766) 
(  767) 
(  768) 
(  769) 
(  770) 
(  771) 
(  772) 
(  773) 
(  774) 
(  775) 
(  776) 
(  777) 
(  778) 
(  779) 
(  780) 
(  781) 
(  782) 
(  783) 
(  784) 
(  785) 
(  786) 
(  787) 
(  788) 
(  789) 
(  790) 
(  791) 
(  792) 
(  793) 
(  794) 
(  795) 
(  796) 
(  797) 
(  798) 
(  799) 
(  800) 
(  801) 
(  802) 
(  803) 
(  804) 






NVFORTRAN (Version     24.5)          03/19/2025  06:54:51      page 15

(  805) 
(  806) 
(  807) 
(  808) 
(  809) 
(  810) 
(  811) 
(  812) 
(  813) 
(  814) END SUBROUTINE
(  815) 
(  816)      
(  817) 
(  818) SUBROUTINE CRC64_TPERTPAR (YD, KLUN, CDPATH)
(  819) USE CRC64_INTRINSIC
(  820) 
(  821) IMPLICIT NONE
(  822) TYPE (TPERTPAR), TARGET :: YD
(  823) INTEGER, INTENT (IN) :: KLUN
(  824) CHARACTER(LEN=*), INTENT (IN) :: CDPATH
(  825) CHARACTER(LEN=128) :: CLIND
(  826) 
(  827) WRITE (KLUN, '(Z16.16," ",A)') CRC64 (YD%LPERTPAR), CDPATH//'%LPERTPAR'
(  828) 
(  829) WRITE (KLUN, '(Z16.16," ",A)') CRC64 (YD%NSEED_MBR), CDPATH//'%NSEED_MBR'
(  830) 
(  831) WRITE (KLUN, '(Z16.16," ",A)') CRC64 (YD%LPERT_RMFDEPS), CDPATH//'%LPERT_RMFDEPS'
(  832) 
(  833) WRITE (KLUN, '(Z16.16," ",A)') CRC64 (YD%RMFDEPS_MAX), CDPATH//'%RMFDEPS_MAX'
(  834) 
(  835) WRITE (KLUN, '(Z16.16," ",A)') CRC64 (YD%RMFDEPS_MIN), CDPATH//'%RMFDEPS_MIN'
(  836) 
(  837) WRITE (KLUN, '(Z16.16," ",A)') CRC64 (YD%LPERT_RPRCON), CDPATH//'%LPERT_RPRCON'
(  838) 
(  839) WRITE (KLUN, '(Z16.16," ",A)') CRC64 (YD%RPRCON_MAX), CDPATH//'%RPRCON_MAX'
(  840) 
(  841) WRITE (KLUN, '(Z16.16," ",A)') CRC64 (YD%RPRCON_MIN), CDPATH//'%RPRCON_MIN'
(  842) 
(  843) WRITE (KLUN, '(Z16.16," ",A)') CRC64 (YD%LPERT_ENTRORG), CDPATH//'%LPERT_ENTRORG'
(  844) 
(  845) WRITE (KLUN, '(Z16.16," ",A)') CRC64 (YD%ENTRORG_MAX), CDPATH//'%ENTRORG_MAX'
(  846) 
(  847) WRITE (KLUN, '(Z16.16," ",A)') CRC64 (YD%ENTRORG_MIN), CDPATH//'%ENTRORG_MIN'
(  848) 
(  849) WRITE (KLUN, '(Z16.16," ",A)') CRC64 (YD%LPERT_DETRPEN), CDPATH//'%LPERT_DETRPEN'
(  850) 
(  851) WRITE (KLUN, '(Z16.16," ",A)') CRC64 (YD%DETRPEN_MAX), CDPATH//'%DETRPEN_MAX'
(  852) 
(  853) WRITE (KLUN, '(Z16.16," ",A)') CRC64 (YD%DETRPEN_MIN), CDPATH//'%DETRPEN_MIN'
(  854) 
(  855) WRITE (KLUN, '(Z16.16," ",A)') CRC64 (YD%LPERT_RTAUFAC), CDPATH//'%LPERT_RTAUFAC'
(  856) 
(  857) WRITE (KLUN, '(Z16.16," ",A)') CRC64 (YD%RTAUFAC_MAX), CDPATH//'%RTAUFAC_MAX'
(  858) 
(  859) WRITE (KLUN, '(Z16.16," ",A)') CRC64 (YD%RTAUFAC_MIN), CDPATH//'%RTAUFAC_MIN'
(  860) 
(  861) WRITE (KLUN, '(Z16.16," ",A)') CRC64 (YD%LPERT_CUDUV), CDPATH//'%LPERT_CUDUV'
(  862) 






NVFORTRAN (Version     24.5)          03/19/2025  06:54:51      page 16

(  863) WRITE (KLUN, '(Z16.16," ",A)') CRC64 (YD%CUDU_MOD), CDPATH//'%CUDU_MOD'
(  864) 
(  865) WRITE (KLUN, '(Z16.16," ",A)') CRC64 (YD%CUDV_MOD), CDPATH//'%CUDV_MOD'
(  866) 
(  867) WRITE (KLUN, '(Z16.16," ",A)') CRC64 (YD%CUDUV_MAX), CDPATH//'%CUDUV_MAX'
(  868) 
(  869) WRITE (KLUN, '(Z16.16," ",A)') CRC64 (YD%CUDUV_MIN), CDPATH//'%CUDUV_MIN'
(  870) 
(  871) WRITE (KLUN, '(Z16.16," ",A)') CRC64 (YD%LPERT_GCVRE), CDPATH//'%LPERT_GCVRE'
(  872) 
(  873) WRITE (KLUN, '(Z16.16," ",A)') CRC64 (YD%GCVRE_MAX), CDPATH//'%GCVRE_MAX'
(  874) 
(  875) WRITE (KLUN, '(Z16.16," ",A)') CRC64 (YD%GCVRE_MIN), CDPATH//'%GCVRE_MIN'
(  876) 
(  877) WRITE (KLUN, '(Z16.16," ",A)') CRC64 (YD%LPERT_GCVEZ), CDPATH//'%LPERT_GCVEZ'
(  878) 
(  879) WRITE (KLUN, '(Z16.16," ",A)') CRC64 (YD%GCVEZ_MAX), CDPATH//'%GCVEZ_MAX'
(  880) 
(  881) WRITE (KLUN, '(Z16.16," ",A)') CRC64 (YD%GCVEZ_MIN), CDPATH//'%GCVEZ_MIN'
(  882) 
(  883) WRITE (KLUN, '(Z16.16," ",A)') CRC64 (YD%LPERT_GCVUV), CDPATH//'%LPERT_GCVUV'
(  884) 
(  885) WRITE (KLUN, '(Z16.16," ",A)') CRC64 (YD%GCVUV_MAX), CDPATH//'%GCVUV_MAX'
(  886) 
(  887) WRITE (KLUN, '(Z16.16," ",A)') CRC64 (YD%GCVUV_MIN), CDPATH//'%GCVUV_MIN'
(  888) 
(  889) WRITE (KLUN, '(Z16.16," ",A)') CRC64 (YD%LPERT_AKN), CDPATH//'%LPERT_AKN'
(  890) 
(  891) WRITE (KLUN, '(Z16.16," ",A)') CRC64 (YD%AKN_MAX), CDPATH//'%AKN_MAX'
(  892) 
(  893) WRITE (KLUN, '(Z16.16," ",A)') CRC64 (YD%AKN_MIN), CDPATH//'%AKN_MIN'
(  894) 
(  895) WRITE (KLUN, '(Z16.16," ",A)') CRC64 (YD%LPERT_ALD), CDPATH//'%LPERT_ALD'
(  896) 
(  897) WRITE (KLUN, '(Z16.16," ",A)') CRC64 (YD%ALD_MAX), CDPATH//'%ALD_MAX'
(  898) 
(  899) WRITE (KLUN, '(Z16.16," ",A)') CRC64 (YD%ALD_MIN), CDPATH//'%ALD_MIN'
(  900) 
(  901) WRITE (KLUN, '(Z16.16," ",A)') CRC64 (YD%LPERT_ALPHAT), CDPATH//'%LPERT_ALPHAT'
(  902) 
(  903) WRITE (KLUN, '(Z16.16," ",A)') CRC64 (YD%ALPHAT_MAX), CDPATH//'%ALPHAT_MAX'
(  904) 
(  905) WRITE (KLUN, '(Z16.16," ",A)') CRC64 (YD%ALPHAT_MIN), CDPATH//'%ALPHAT_MIN'
(  906) 
(  907) WRITE (KLUN, '(Z16.16," ",A)') CRC64 (YD%LPERT_ALMAVE), CDPATH//'%LPERT_ALMAVE'
(  908) 
(  909) WRITE (KLUN, '(Z16.16," ",A)') CRC64 (YD%ALMAVE_MAX), CDPATH//'%ALMAVE_MAX'
(  910) 
(  911) WRITE (KLUN, '(Z16.16," ",A)') CRC64 (YD%ALMAVE_MIN), CDPATH//'%ALMAVE_MIN'
(  912) 
(  913) WRITE (KLUN, '(Z16.16," ",A)') CRC64 (YD%LPERT_TFVL), CDPATH//'%LPERT_TFVL'
(  914) 
(  915) WRITE (KLUN, '(Z16.16," ",A)') CRC64 (YD%TFVL_MIN), CDPATH//'%TFVL_MIN'
(  916) 
(  917) WRITE (KLUN, '(Z16.16," ",A)') CRC64 (YD%TFVL_MAX), CDPATH//'%TFVL_MAX'
(  918) 
(  919) WRITE (KLUN, '(Z16.16," ",A)') CRC64 (YD%LPERT_TFVR), CDPATH//'%LPERT_TFVR'
(  920) 






NVFORTRAN (Version     24.5)          03/19/2025  06:54:51      page 17

(  921) WRITE (KLUN, '(Z16.16," ",A)') CRC64 (YD%TFVR_MIN), CDPATH//'%TFVR_MIN'
(  922) 
(  923) WRITE (KLUN, '(Z16.16," ",A)') CRC64 (YD%TFVR_MAX), CDPATH//'%TFVR_MAX'
(  924) 
(  925) WRITE (KLUN, '(Z16.16," ",A)') CRC64 (YD%LPERT_TFVS), CDPATH//'%LPERT_TFVS'
(  926) 
(  927) WRITE (KLUN, '(Z16.16," ",A)') CRC64 (YD%TFVS_MIN), CDPATH//'%TFVS_MIN'
(  928) 
(  929) WRITE (KLUN, '(Z16.16," ",A)') CRC64 (YD%TFVS_MAX), CDPATH//'%TFVS_MAX'
(  930) 
(  931) WRITE (KLUN, '(Z16.16," ",A)') CRC64 (YD%LPERT_TFVI), CDPATH//'%LPERT_TFVI'
(  932) 
(  933) WRITE (KLUN, '(Z16.16," ",A)') CRC64 (YD%TFVI_MIN), CDPATH//'%TFVI_MIN'
(  934) 
(  935) WRITE (KLUN, '(Z16.16," ",A)') CRC64 (YD%TFVI_MAX), CDPATH//'%TFVI_MAX'
(  936) 
(  937) WRITE (KLUN, '(Z16.16," ",A)') CRC64 (YD%LPERT_RAUTEFR), CDPATH//'%LPERT_RAUTEFR'
(  938) 
(  939) WRITE (KLUN, '(Z16.16," ",A)') CRC64 (YD%RAUTEFR_MIN), CDPATH//'%RAUTEFR_MIN'
(  940) 
(  941) WRITE (KLUN, '(Z16.16," ",A)') CRC64 (YD%RAUTEFR_MAX), CDPATH//'%RAUTEFR_MAX'
(  942) 
(  943) WRITE (KLUN, '(Z16.16," ",A)') CRC64 (YD%LPERT_RAUTEFS), CDPATH//'%LPERT_RAUTEFS'
(  944) 
(  945) WRITE (KLUN, '(Z16.16," ",A)') CRC64 (YD%RAUTEFS_MIN), CDPATH//'%RAUTEFS_MIN'
(  946) 
(  947) WRITE (KLUN, '(Z16.16," ",A)') CRC64 (YD%RAUTEFS_MAX), CDPATH//'%RAUTEFS_MAX'
(  948) 
(  949) WRITE (KLUN, '(Z16.16," ",A)') CRC64 (YD%LPERT_RQICRMIN), CDPATH//'%LPERT_RQICRMIN'
(  950) 
(  951) WRITE (KLUN, '(Z16.16," ",A)') CRC64 (YD%RQICRMIN_MIN), CDPATH//'%RQICRMIN_MIN'
(  952) 
(  953) WRITE (KLUN, '(Z16.16," ",A)') CRC64 (YD%RQICRMIN_MAX), CDPATH//'%RQICRMIN_MAX'
(  954) 
(  955) WRITE (KLUN, '(Z16.16," ",A)') CRC64 (YD%LPERT_RQICRMAX), CDPATH//'%LPERT_RQICRMAX'
(  956) 
(  957) WRITE (KLUN, '(Z16.16," ",A)') CRC64 (YD%RQICRMAX_MIN), CDPATH//'%RQICRMAX_MIN'
(  958) 
(  959) WRITE (KLUN, '(Z16.16," ",A)') CRC64 (YD%RQICRMAX_MAX), CDPATH//'%RQICRMAX_MAX'
(  960) 
(  961) WRITE (KLUN, '(Z16.16," ",A)') CRC64 (YD%LPERT_RQLCR), CDPATH//'%LPERT_RQLCR'
(  962) 
(  963) WRITE (KLUN, '(Z16.16," ",A)') CRC64 (YD%RQLCR_MIN), CDPATH//'%RQLCR_MIN'
(  964) 
(  965) WRITE (KLUN, '(Z16.16," ",A)') CRC64 (YD%RQLCR_MAX), CDPATH//'%RQLCR_MAX'
(  966) 
(  967) WRITE (KLUN, '(Z16.16," ",A)') CRC64 (YD%LPERT_RACCEF), CDPATH//'%LPERT_RACCEF'
(  968) 
(  969) WRITE (KLUN, '(Z16.16," ",A)') CRC64 (YD%RACCEF_MIN), CDPATH//'%RACCEF_MIN'
(  970) 
(  971) WRITE (KLUN, '(Z16.16," ",A)') CRC64 (YD%RACCEF_MAX), CDPATH//'%RACCEF_MAX'
(  972) 
(  973) WRITE (KLUN, '(Z16.16," ",A)') CRC64 (YD%LPERT_RRIMEF), CDPATH//'%LPERT_RRIMEF'
(  974) 
(  975) WRITE (KLUN, '(Z16.16," ",A)') CRC64 (YD%RRIMEF_MIN), CDPATH//'%RRIMEF_MIN'
(  976) 
(  977) WRITE (KLUN, '(Z16.16," ",A)') CRC64 (YD%RRIMEF_MAX), CDPATH//'%RRIMEF_MAX'
(  978) 






NVFORTRAN (Version     24.5)          03/19/2025  06:54:51      page 18

(  979) WRITE (KLUN, '(Z16.16," ",A)') CRC64 (YD%LPERT_RAGGEF), CDPATH//'%LPERT_RAGGEF'
(  980) 
(  981) WRITE (KLUN, '(Z16.16," ",A)') CRC64 (YD%RAGGEF_MIN), CDPATH//'%RAGGEF_MIN'
(  982) 
(  983) WRITE (KLUN, '(Z16.16," ",A)') CRC64 (YD%RAGGEF_MAX), CDPATH//'%RAGGEF_MAX'
(  984) 
(  985) WRITE (KLUN, '(Z16.16," ",A)') CRC64 (YD%LPERT_REVASX), CDPATH//'%LPERT_REVASX'
(  986) 
(  987) WRITE (KLUN, '(Z16.16," ",A)') CRC64 (YD%REVASX_MIN), CDPATH//'%REVASX_MIN'
(  988) 
(  989) WRITE (KLUN, '(Z16.16," ",A)') CRC64 (YD%REVASX_MAX), CDPATH//'%REVASX_MAX'
(  990) 
(  991) WRITE (KLUN, '(Z16.16," ",A)') CRC64 (YD%LPERT_RDTFAC), CDPATH//'%LPERT_RDTFAC'
(  992) 
(  993) WRITE (KLUN, '(Z16.16," ",A)') CRC64 (YD%RDTFAC_MIN), CDPATH//'%RDTFAC_MIN'
(  994) 
(  995) WRITE (KLUN, '(Z16.16," ",A)') CRC64 (YD%RDTFAC_MAX), CDPATH//'%RDTFAC_MAX'
(  996) 
(  997) WRITE (KLUN, '(Z16.16," ",A)') CRC64 (YD%LPERT_RHCRIT1), CDPATH//'%LPERT_RHCRIT1'
(  998) 
(  999) WRITE (KLUN, '(Z16.16," ",A)') CRC64 (YD%RHCRIT1_MIN), CDPATH//'%RHCRIT1_MIN'
( 1000) 
( 1001) WRITE (KLUN, '(Z16.16," ",A)') CRC64 (YD%RHCRIT1_MAX), CDPATH//'%RHCRIT1_MAX'
( 1002) 
( 1003) WRITE (KLUN, '(Z16.16," ",A)') CRC64 (YD%LPERT_GRHCMOD), CDPATH//'%LPERT_GRHCMOD'
( 1004) 
( 1005) WRITE (KLUN, '(Z16.16," ",A)') CRC64 (YD%GRHCMOD_MIN), CDPATH//'%GRHCMOD_MIN'
( 1006) 
( 1007) WRITE (KLUN, '(Z16.16," ",A)') CRC64 (YD%GRHCMOD_MAX), CDPATH//'%GRHCMOD_MAX'
( 1008) 
( 1009) WRITE (KLUN, '(Z16.16," ",A)') CRC64 (YD%LPERT_GWDCD), CDPATH//'%LPERT_GWDCD'
( 1010) 
( 1011) WRITE (KLUN, '(Z16.16," ",A)') CRC64 (YD%GWDCD_MIN), CDPATH//'%GWDCD_MIN'
( 1012) 
( 1013) WRITE (KLUN, '(Z16.16," ",A)') CRC64 (YD%GWDCD_MAX), CDPATH//'%GWDCD_MAX'
( 1014) 
( 1015) WRITE (KLUN, '(Z16.16," ",A)') CRC64 (YD%LPERT_GWDSE), CDPATH//'%LPERT_GWDSE'
( 1016) 
( 1017) WRITE (KLUN, '(Z16.16," ",A)') CRC64 (YD%GWDSE_MIN), CDPATH//'%GWDSE_MIN'
( 1018) 
( 1019) WRITE (KLUN, '(Z16.16," ",A)') CRC64 (YD%GWDSE_MAX), CDPATH//'%GWDSE_MAX'
( 1020) 
( 1021) WRITE (KLUN, '(Z16.16," ",A)') CRC64 (YD%LPERT_HOBST), CDPATH//'%LPERT_HOBST'
( 1022) 
( 1023) WRITE (KLUN, '(Z16.16," ",A)') CRC64 (YD%HOBST_MIN), CDPATH//'%HOBST_MIN'
( 1024) 
( 1025) WRITE (KLUN, '(Z16.16," ",A)') CRC64 (YD%HOBST_MAX), CDPATH//'%HOBST_MAX'
( 1026) 
( 1027) WRITE (KLUN, '(Z16.16," ",A)') CRC64 (YD%LPERT_RRATSEA), CDPATH//'%LPERT_RRATSEA'
( 1028) 
( 1029) WRITE (KLUN, '(Z16.16," ",A)') CRC64 (YD%RRATSEA_MIN), CDPATH//'%RRATSEA_MIN'
( 1030) 
( 1031) WRITE (KLUN, '(Z16.16," ",A)') CRC64 (YD%RRATSEA_MAX), CDPATH//'%RRATSEA_MAX'
( 1032) 
( 1033) WRITE (KLUN, '(Z16.16," ",A)') CRC64 (YD%LPERT_RRATLAND), CDPATH//'%LPERT_RRATLAND'
( 1034) 
( 1035) WRITE (KLUN, '(Z16.16," ",A)') CRC64 (YD%RRATLAND_MIN), CDPATH//'%RRATLAND_MIN'
( 1036) 






NVFORTRAN (Version     24.5)          03/19/2025  06:54:51      page 19

( 1037) WRITE (KLUN, '(Z16.16," ",A)') CRC64 (YD%RRATLAND_MAX), CDPATH//'%RRATLAND_MAX'
( 1038) 
( 1039) WRITE (KLUN, '(Z16.16," ",A)') CRC64 (YD%LPERT_RRATDRI), CDPATH//'%LPERT_RRATDRI'
( 1040) 
( 1041) WRITE (KLUN, '(Z16.16," ",A)') CRC64 (YD%RRATDRI_MAX), CDPATH//'%RRATDRI_MAX'
( 1042) 
( 1043) WRITE (KLUN, '(Z16.16," ",A)') CRC64 (YD%RRATDRI_MIN), CDPATH//'%RRATDRI_MIN'
( 1044) 
( 1045) WRITE (KLUN, '(Z16.16," ",A)') CRC64 (YD%LPERT_RCADECOR), CDPATH//'%LPERT_RCADECOR'
( 1046) 
( 1047) WRITE (KLUN, '(Z16.16," ",A)') CRC64 (YD%RCADECOR_MAX), CDPATH//'%RCADECOR_MAX'
( 1048) 
( 1049) WRITE (KLUN, '(Z16.16," ",A)') CRC64 (YD%RCADECOR_MIN), CDPATH//'%RCADECOR_MIN'
( 1050) 
( 1051) WRITE (KLUN, '(Z16.16," ",A)') CRC64 (YD%LPERT_RCBDECOR), CDPATH//'%LPERT_RCBDECOR'
( 1052) 
( 1053) WRITE (KLUN, '(Z16.16," ",A)') CRC64 (YD%RCBDECOR_MAX), CDPATH//'%RCBDECOR_MAX'
( 1054) 
( 1055) WRITE (KLUN, '(Z16.16," ",A)') CRC64 (YD%RCBDECOR_MIN), CDPATH//'%RCBDECOR_MIN'
( 1056) 
( 1057) WRITE (KLUN, '(Z16.16," ",A)') CRC64 (YD%LPERT_RSIGMA2), CDPATH//'%LPERT_RSIGMA2'
( 1058) 
( 1059) WRITE (KLUN, '(Z16.16," ",A)') CRC64 (YD%RSIGMA2_MAX), CDPATH//'%RSIGMA2_MAX'
( 1060) 
( 1061) WRITE (KLUN, '(Z16.16," ",A)') CRC64 (YD%RSIGMA2_MIN), CDPATH//'%RSIGMA2_MIN'
( 1062) 
( 1063) WRITE (KLUN, '(Z16.16," ",A)') CRC64 (YD%LPERT_RFACDICE), CDPATH//'%LPERT_RFACDICE'
( 1064) 
( 1065) WRITE (KLUN, '(Z16.16," ",A)') CRC64 (YD%RFACDICE_MAX), CDPATH//'%RFACDICE_MAX'
( 1066) 
( 1067) WRITE (KLUN, '(Z16.16," ",A)') CRC64 (YD%RFACDICE_MIN), CDPATH//'%RFACDICE_MIN'
( 1068) 
( 1069) WRITE (KLUN, '(Z16.16," ",A)') CRC64 (YD%LPERT_XRIMAX), CDPATH//'%LPERT_XRIMAX'
( 1070) 
( 1071) WRITE (KLUN, '(Z16.16," ",A)') CRC64 (YD%XRIMAX_MIN), CDPATH//'%XRIMAX_MIN'
( 1072) 
( 1073) WRITE (KLUN, '(Z16.16," ",A)') CRC64 (YD%XRIMAX_MAX), CDPATH//'%XRIMAX_MAX'
( 1074) 
( 1075) WRITE (KLUN, '(Z16.16," ",A)') CRC64 (YD%LPERT_XFRACZ0), CDPATH//'%LPERT_XFRACZ0'
( 1076) 
( 1077) WRITE (KLUN, '(Z16.16," ",A)') CRC64 (YD%XFRACZ0_MIN), CDPATH//'%XFRACZ0_MIN'
( 1078) 
( 1079) WRITE (KLUN, '(Z16.16," ",A)') CRC64 (YD%XFRACZ0_MAX), CDPATH//'%XFRACZ0_MAX'
( 1080) 
( 1081) WRITE (KLUN, '(Z16.16," ",A)') CRC64 (YD%LPERT_OTADJS), CDPATH//'%LPERT_OTADJS'
( 1082) 
( 1083) WRITE (KLUN, '(Z16.16," ",A)') CRC64 (YD%OTADJS_MIN), CDPATH//'%OTADJS_MIN'
( 1084) 
( 1085) WRITE (KLUN, '(Z16.16," ",A)') CRC64 (YD%OTADJS_MAX), CDPATH//'%OTADJS_MAX'
( 1086) 
( 1087) WRITE (KLUN, '(Z16.16," ",A)') CRC64 (YD%LPERT_XENTR), CDPATH//'%LPERT_XENTR'
( 1088) 
( 1089) WRITE (KLUN, '(Z16.16," ",A)') CRC64 (YD%XENTR_MIN), CDPATH//'%XENTR_MIN'
( 1090) 
( 1091) WRITE (KLUN, '(Z16.16," ",A)') CRC64 (YD%XENTR_MAX), CDPATH//'%XENTR_MAX'
( 1092) 
( 1093) WRITE (KLUN, '(Z16.16," ",A)') CRC64 (YD%LPERT_XATPERT), CDPATH//'%LPERT_XATPERT'
( 1094) 






NVFORTRAN (Version     24.5)          03/19/2025  06:54:51      page 20

( 1095) WRITE (KLUN, '(Z16.16," ",A)') CRC64 (YD%XATPERT_MIN), CDPATH//'%XATPERT_MIN'
( 1096) 
( 1097) WRITE (KLUN, '(Z16.16," ",A)') CRC64 (YD%XATPERT_MAX), CDPATH//'%XATPERT_MAX'
( 1098) 
( 1099) WRITE (KLUN, '(Z16.16," ",A)') CRC64 (YD%LPERT_XBTPERT), CDPATH//'%LPERT_XBTPERT'
( 1100) 
( 1101) WRITE (KLUN, '(Z16.16," ",A)') CRC64 (YD%XBTPERT_MIN), CDPATH//'%XBTPERT_MIN'
( 1102) 
( 1103) WRITE (KLUN, '(Z16.16," ",A)') CRC64 (YD%XBTPERT_MAX), CDPATH//'%XBTPERT_MAX'
( 1104) 
( 1105) WRITE (KLUN, '(Z16.16," ",A)') CRC64 (YD%LPERT_XDTPERT), CDPATH//'%LPERT_XDTPERT'
( 1106) 
( 1107) WRITE (KLUN, '(Z16.16," ",A)') CRC64 (YD%XDTPERT_MIN), CDPATH//'%XDTPERT_MIN'
( 1108) 
( 1109) WRITE (KLUN, '(Z16.16," ",A)') CRC64 (YD%XDTPERT_MAX), CDPATH//'%XDTPERT_MAX'
( 1110) 
( 1111) WRITE (KLUN, '(Z16.16," ",A)') CRC64 (YD%LPERT_XAW), CDPATH//'%LPERT_XAW'
( 1112) 
( 1113) WRITE (KLUN, '(Z16.16," ",A)') CRC64 (YD%XAW_MIN), CDPATH//'%XAW_MIN'
( 1114) 
( 1115) WRITE (KLUN, '(Z16.16," ",A)') CRC64 (YD%XAW_MAX), CDPATH//'%XAW_MAX'
( 1116) 
( 1117) WRITE (KLUN, '(Z16.16," ",A)') CRC64 (YD%LPERT_XBW), CDPATH//'%LPERT_XBW'
( 1118) 
( 1119) WRITE (KLUN, '(Z16.16," ",A)') CRC64 (YD%XBW_MIN), CDPATH//'%XBW_MIN'
( 1120) 
( 1121) WRITE (KLUN, '(Z16.16," ",A)') CRC64 (YD%XBW_MAX), CDPATH//'%XBW_MAX'
( 1122) 
( 1123) WRITE (KLUN, '(Z16.16," ",A)') CRC64 (YD%LPERT_RKFBTAU), CDPATH//'%LPERT_RKFBTAU'
( 1124) 
( 1125) WRITE (KLUN, '(Z16.16," ",A)') CRC64 (YD%RKFBTAU_MIN), CDPATH//'%RKFBTAU_MIN'
( 1126) 
( 1127) WRITE (KLUN, '(Z16.16," ",A)') CRC64 (YD%RKFBTAU_MAX), CDPATH//'%RKFBTAU_MAX'
( 1128) 
( 1129) WRITE (KLUN, '(Z16.16," ",A)') CRC64 (YD%LPERT_RKFBNBX), CDPATH//'%LPERT_RKFBNBX'
( 1130) 
( 1131) WRITE (KLUN, '(Z16.16," ",A)') CRC64 (YD%RKFBNBX_MIN), CDPATH//'%RKFBNBX_MIN'
( 1132) 
( 1133) WRITE (KLUN, '(Z16.16," ",A)') CRC64 (YD%RKFBNBX_MAX), CDPATH//'%RKFBNBX_MAX'
( 1134) 
( 1135) WRITE (KLUN, '(Z16.16," ",A)') CRC64 (YD%LPERT_XPERTFLUX), CDPATH//'%LPERT_XPERTFLUX'
( 1136) 
( 1137) WRITE (KLUN, '(Z16.16," ",A)') CRC64 (YD%XPERTFLUX_MAX), CDPATH//'%XPERTFLUX_MAX'
( 1138) 
( 1139) WRITE (KLUN, '(Z16.16," ",A)') CRC64 (YD%XPERTFLUX_MIN), CDPATH//'%XPERTFLUX_MIN'
( 1140) 
( 1141) END SUBROUTINE
( 1142) 
( 1143) SUBROUTINE WIPE_TPERTPAR (YD, LDDELETED, LDFIELDAPI)
( 1144) 
( 1145) IMPLICIT NONE
( 1146) TYPE (TPERTPAR), INTENT (IN), TARGET :: YD
( 1147) LOGICAL, OPTIONAL, INTENT (IN) :: LDDELETED, LDFIELDAPI
( 1148) LOGICAL :: LLDELETED
( 1149) LOGICAL :: LLFIELDAPI
( 1150) 
( 1151) LLFIELDAPI = .FALSE.
( 1152) IF (PRESENT (LDFIELDAPI)) THEN






NVFORTRAN (Version     24.5)          03/19/2025  06:54:51      page 21

( 1153)   LLFIELDAPI = LDFIELDAPI
( 1154) ENDIF
( 1155) 
( 1156) 
( 1157) 
( 1158) 
( 1159) 
( 1160) 
( 1161) 
( 1162) 
( 1163) 
( 1164) 
( 1165) 
( 1166) 
( 1167) 
( 1168) 
( 1169) 
( 1170) 
( 1171) 
( 1172) 
( 1173) 
( 1174) 
( 1175) 
( 1176) 
( 1177) 
( 1178) 
( 1179) 
( 1180) 
( 1181) 
( 1182) 
( 1183) 
( 1184) 
( 1185) 
( 1186) 
( 1187) 
( 1188) 
( 1189) 
( 1190) 
( 1191) 
( 1192) 
( 1193) 
( 1194) 
( 1195) 
( 1196) 
( 1197) 
( 1198) 
( 1199) 
( 1200) 
( 1201) 
( 1202) 
( 1203) 
( 1204) 
( 1205) 
( 1206) 
( 1207) 
( 1208) 
( 1209) 
( 1210) 






NVFORTRAN (Version     24.5)          03/19/2025  06:54:51      page 22

( 1211) 
( 1212) 
( 1213) 
( 1214) 
( 1215) 
( 1216) 
( 1217) 
( 1218) 
( 1219) 
( 1220) 
( 1221) 
( 1222) 
( 1223) 
( 1224) 
( 1225) 
( 1226) 
( 1227) 
( 1228) 
( 1229) 
( 1230) 
( 1231) 
( 1232) 
( 1233) 
( 1234) 
( 1235) 
( 1236) 
( 1237) 
( 1238) 
( 1239) 
( 1240) 
( 1241) 
( 1242) 
( 1243) 
( 1244) 
( 1245) 
( 1246) 
( 1247) 
( 1248) 
( 1249) 
( 1250) 
( 1251) 
( 1252) 
( 1253) 
( 1254) 
( 1255) 
( 1256) 
( 1257) 
( 1258) 
( 1259) 
( 1260) 
( 1261) 
( 1262) 
( 1263) 
( 1264) 
( 1265) 
( 1266) 
( 1267) 
( 1268) 






NVFORTRAN (Version     24.5)          03/19/2025  06:54:51      page 23

( 1269) 
( 1270) 
( 1271) 
( 1272) 
( 1273) 
( 1274) 
( 1275) 
( 1276) 
( 1277) 
( 1278) 
( 1279) 
( 1280) 
( 1281) 
( 1282) 
( 1283) 
( 1284) 
( 1285) 
( 1286) 
( 1287) 
( 1288) 
( 1289) 
( 1290) 
( 1291) 
( 1292) 
( 1293) 
( 1294) 
( 1295) 
( 1296) 
( 1297) 
( 1298) 
( 1299) 
( 1300) 
( 1301) 
( 1302) 
( 1303) 
( 1304) 
( 1305) 
( 1306) 
( 1307) 
( 1308) 
( 1309) 
( 1310) 
( 1311) 
( 1312) LLDELETED = .FALSE.
( 1313) IF (PRESENT (LDDELETED)) THEN
( 1314)   LLDELETED = LDDELETED
( 1315) ENDIF
( 1316) IF (.NOT. LLDELETED) THEN
( 1317)   !$acc exit data delete (YD)
( 1318) ENDIF
( 1319) END SUBROUTINE
( 1320) 
( 1321) INTEGER*8 FUNCTION SIZE_TPERTPAR (YD, CDPATH, LDPRINT) RESULT (KSIZE)
( 1322) 
( 1323) IMPLICIT NONE
( 1324) TYPE (TPERTPAR),     INTENT (IN), TARGET :: YD
( 1325) CHARACTER(LEN=*), INTENT (IN), OPTIONAL :: CDPATH
( 1326) LOGICAL,          INTENT (IN), OPTIONAL :: LDPRINT






NVFORTRAN (Version     24.5)          03/19/2025  06:54:51      page 24

( 1327) INTEGER*8 :: ISIZE, JSIZE
( 1328) LOGICAL :: LLPRINT
( 1329) CHARACTER(LEN=128) :: CLPATH
( 1330) 
( 1331) LLPRINT = .FALSE.
( 1332) IF (PRESENT (LDPRINT)) THEN
( 1333)   LLPRINT = LDPRINT
( 1334) ENDIF
( 1335) CLPATH=''
( 1336) IF (PRESENT (CDPATH)) THEN
( 1337)   CLPATH = CDPATH
( 1338) ENDIF
( 1339) KSIZE = 0
( 1340) ISIZE = KIND (YD%LPERTPAR)
( 1341) IF (LLPRINT) THEN
( 1342)   WRITE (*, '(I10," ")', ADVANCE='NO') ISIZE
( 1343)   WRITE (*, *) TRIM (CLPATH)//'%LPERTPAR'
( 1344) ENDIF
( 1345) KSIZE = KSIZE + ISIZE
( 1346) ISIZE = KIND (YD%NSEED_MBR)
( 1347) IF (LLPRINT) THEN
( 1348)   WRITE (*, '(I10," ")', ADVANCE='NO') ISIZE
( 1349)   WRITE (*, *) TRIM (CLPATH)//'%NSEED_MBR'
( 1350) ENDIF
( 1351) KSIZE = KSIZE + ISIZE
( 1352) ISIZE = KIND (YD%LPERT_RMFDEPS)
( 1353) IF (LLPRINT) THEN
( 1354)   WRITE (*, '(I10," ")', ADVANCE='NO') ISIZE
( 1355)   WRITE (*, *) TRIM (CLPATH)//'%LPERT_RMFDEPS'
( 1356) ENDIF
( 1357) KSIZE = KSIZE + ISIZE
( 1358) ISIZE = KIND (YD%RMFDEPS_MAX)
( 1359) IF (LLPRINT) THEN
( 1360)   WRITE (*, '(I10," ")', ADVANCE='NO') ISIZE
( 1361)   WRITE (*, *) TRIM (CLPATH)//'%RMFDEPS_MAX'
( 1362) ENDIF
( 1363) KSIZE = KSIZE + ISIZE
( 1364) ISIZE = KIND (YD%RMFDEPS_MIN)
( 1365) IF (LLPRINT) THEN
( 1366)   WRITE (*, '(I10," ")', ADVANCE='NO') ISIZE
( 1367)   WRITE (*, *) TRIM (CLPATH)//'%RMFDEPS_MIN'
( 1368) ENDIF
( 1369) KSIZE = KSIZE + ISIZE
( 1370) ISIZE = KIND (YD%LPERT_RPRCON)
( 1371) IF (LLPRINT) THEN
( 1372)   WRITE (*, '(I10," ")', ADVANCE='NO') ISIZE
( 1373)   WRITE (*, *) TRIM (CLPATH)//'%LPERT_RPRCON'
( 1374) ENDIF
( 1375) KSIZE = KSIZE + ISIZE
( 1376) ISIZE = KIND (YD%RPRCON_MAX)
( 1377) IF (LLPRINT) THEN
( 1378)   WRITE (*, '(I10," ")', ADVANCE='NO') ISIZE
( 1379)   WRITE (*, *) TRIM (CLPATH)//'%RPRCON_MAX'
( 1380) ENDIF
( 1381) KSIZE = KSIZE + ISIZE
( 1382) ISIZE = KIND (YD%RPRCON_MIN)
( 1383) IF (LLPRINT) THEN
( 1384)   WRITE (*, '(I10," ")', ADVANCE='NO') ISIZE






NVFORTRAN (Version     24.5)          03/19/2025  06:54:51      page 25

( 1385)   WRITE (*, *) TRIM (CLPATH)//'%RPRCON_MIN'
( 1386) ENDIF
( 1387) KSIZE = KSIZE + ISIZE
( 1388) ISIZE = KIND (YD%LPERT_ENTRORG)
( 1389) IF (LLPRINT) THEN
( 1390)   WRITE (*, '(I10," ")', ADVANCE='NO') ISIZE
( 1391)   WRITE (*, *) TRIM (CLPATH)//'%LPERT_ENTRORG'
( 1392) ENDIF
( 1393) KSIZE = KSIZE + ISIZE
( 1394) ISIZE = KIND (YD%ENTRORG_MAX)
( 1395) IF (LLPRINT) THEN
( 1396)   WRITE (*, '(I10," ")', ADVANCE='NO') ISIZE
( 1397)   WRITE (*, *) TRIM (CLPATH)//'%ENTRORG_MAX'
( 1398) ENDIF
( 1399) KSIZE = KSIZE + ISIZE
( 1400) ISIZE = KIND (YD%ENTRORG_MIN)
( 1401) IF (LLPRINT) THEN
( 1402)   WRITE (*, '(I10," ")', ADVANCE='NO') ISIZE
( 1403)   WRITE (*, *) TRIM (CLPATH)//'%ENTRORG_MIN'
( 1404) ENDIF
( 1405) KSIZE = KSIZE + ISIZE
( 1406) ISIZE = KIND (YD%LPERT_DETRPEN)
( 1407) IF (LLPRINT) THEN
( 1408)   WRITE (*, '(I10," ")', ADVANCE='NO') ISIZE
( 1409)   WRITE (*, *) TRIM (CLPATH)//'%LPERT_DETRPEN'
( 1410) ENDIF
( 1411) KSIZE = KSIZE + ISIZE
( 1412) ISIZE = KIND (YD%DETRPEN_MAX)
( 1413) IF (LLPRINT) THEN
( 1414)   WRITE (*, '(I10," ")', ADVANCE='NO') ISIZE
( 1415)   WRITE (*, *) TRIM (CLPATH)//'%DETRPEN_MAX'
( 1416) ENDIF
( 1417) KSIZE = KSIZE + ISIZE
( 1418) ISIZE = KIND (YD%DETRPEN_MIN)
( 1419) IF (LLPRINT) THEN
( 1420)   WRITE (*, '(I10," ")', ADVANCE='NO') ISIZE
( 1421)   WRITE (*, *) TRIM (CLPATH)//'%DETRPEN_MIN'
( 1422) ENDIF
( 1423) KSIZE = KSIZE + ISIZE
( 1424) ISIZE = KIND (YD%LPERT_RTAUFAC)
( 1425) IF (LLPRINT) THEN
( 1426)   WRITE (*, '(I10," ")', ADVANCE='NO') ISIZE
( 1427)   WRITE (*, *) TRIM (CLPATH)//'%LPERT_RTAUFAC'
( 1428) ENDIF
( 1429) KSIZE = KSIZE + ISIZE
( 1430) ISIZE = KIND (YD%RTAUFAC_MAX)
( 1431) IF (LLPRINT) THEN
( 1432)   WRITE (*, '(I10," ")', ADVANCE='NO') ISIZE
( 1433)   WRITE (*, *) TRIM (CLPATH)//'%RTAUFAC_MAX'
( 1434) ENDIF
( 1435) KSIZE = KSIZE + ISIZE
( 1436) ISIZE = KIND (YD%RTAUFAC_MIN)
( 1437) IF (LLPRINT) THEN
( 1438)   WRITE (*, '(I10," ")', ADVANCE='NO') ISIZE
( 1439)   WRITE (*, *) TRIM (CLPATH)//'%RTAUFAC_MIN'
( 1440) ENDIF
( 1441) KSIZE = KSIZE + ISIZE
( 1442) ISIZE = KIND (YD%LPERT_CUDUV)






NVFORTRAN (Version     24.5)          03/19/2025  06:54:51      page 26

( 1443) IF (LLPRINT) THEN
( 1444)   WRITE (*, '(I10," ")', ADVANCE='NO') ISIZE
( 1445)   WRITE (*, *) TRIM (CLPATH)//'%LPERT_CUDUV'
( 1446) ENDIF
( 1447) KSIZE = KSIZE + ISIZE
( 1448) ISIZE = KIND (YD%CUDU_MOD)
( 1449) IF (LLPRINT) THEN
( 1450)   WRITE (*, '(I10," ")', ADVANCE='NO') ISIZE
( 1451)   WRITE (*, *) TRIM (CLPATH)//'%CUDU_MOD'
( 1452) ENDIF
( 1453) KSIZE = KSIZE + ISIZE
( 1454) ISIZE = KIND (YD%CUDV_MOD)
( 1455) IF (LLPRINT) THEN
( 1456)   WRITE (*, '(I10," ")', ADVANCE='NO') ISIZE
( 1457)   WRITE (*, *) TRIM (CLPATH)//'%CUDV_MOD'
( 1458) ENDIF
( 1459) KSIZE = KSIZE + ISIZE
( 1460) ISIZE = KIND (YD%CUDUV_MAX)
( 1461) IF (LLPRINT) THEN
( 1462)   WRITE (*, '(I10," ")', ADVANCE='NO') ISIZE
( 1463)   WRITE (*, *) TRIM (CLPATH)//'%CUDUV_MAX'
( 1464) ENDIF
( 1465) KSIZE = KSIZE + ISIZE
( 1466) ISIZE = KIND (YD%CUDUV_MIN)
( 1467) IF (LLPRINT) THEN
( 1468)   WRITE (*, '(I10," ")', ADVANCE='NO') ISIZE
( 1469)   WRITE (*, *) TRIM (CLPATH)//'%CUDUV_MIN'
( 1470) ENDIF
( 1471) KSIZE = KSIZE + ISIZE
( 1472) ISIZE = KIND (YD%LPERT_GCVRE)
( 1473) IF (LLPRINT) THEN
( 1474)   WRITE (*, '(I10," ")', ADVANCE='NO') ISIZE
( 1475)   WRITE (*, *) TRIM (CLPATH)//'%LPERT_GCVRE'
( 1476) ENDIF
( 1477) KSIZE = KSIZE + ISIZE
( 1478) ISIZE = KIND (YD%GCVRE_MAX)
( 1479) IF (LLPRINT) THEN
( 1480)   WRITE (*, '(I10," ")', ADVANCE='NO') ISIZE
( 1481)   WRITE (*, *) TRIM (CLPATH)//'%GCVRE_MAX'
( 1482) ENDIF
( 1483) KSIZE = KSIZE + ISIZE
( 1484) ISIZE = KIND (YD%GCVRE_MIN)
( 1485) IF (LLPRINT) THEN
( 1486)   WRITE (*, '(I10," ")', ADVANCE='NO') ISIZE
( 1487)   WRITE (*, *) TRIM (CLPATH)//'%GCVRE_MIN'
( 1488) ENDIF
( 1489) KSIZE = KSIZE + ISIZE
( 1490) ISIZE = KIND (YD%LPERT_GCVEZ)
( 1491) IF (LLPRINT) THEN
( 1492)   WRITE (*, '(I10," ")', ADVANCE='NO') ISIZE
( 1493)   WRITE (*, *) TRIM (CLPATH)//'%LPERT_GCVEZ'
( 1494) ENDIF
( 1495) KSIZE = KSIZE + ISIZE
( 1496) ISIZE = KIND (YD%GCVEZ_MAX)
( 1497) IF (LLPRINT) THEN
( 1498)   WRITE (*, '(I10," ")', ADVANCE='NO') ISIZE
( 1499)   WRITE (*, *) TRIM (CLPATH)//'%GCVEZ_MAX'
( 1500) ENDIF






NVFORTRAN (Version     24.5)          03/19/2025  06:54:51      page 27

( 1501) KSIZE = KSIZE + ISIZE
( 1502) ISIZE = KIND (YD%GCVEZ_MIN)
( 1503) IF (LLPRINT) THEN
( 1504)   WRITE (*, '(I10," ")', ADVANCE='NO') ISIZE
( 1505)   WRITE (*, *) TRIM (CLPATH)//'%GCVEZ_MIN'
( 1506) ENDIF
( 1507) KSIZE = KSIZE + ISIZE
( 1508) ISIZE = KIND (YD%LPERT_GCVUV)
( 1509) IF (LLPRINT) THEN
( 1510)   WRITE (*, '(I10," ")', ADVANCE='NO') ISIZE
( 1511)   WRITE (*, *) TRIM (CLPATH)//'%LPERT_GCVUV'
( 1512) ENDIF
( 1513) KSIZE = KSIZE + ISIZE
( 1514) ISIZE = KIND (YD%GCVUV_MAX)
( 1515) IF (LLPRINT) THEN
( 1516)   WRITE (*, '(I10," ")', ADVANCE='NO') ISIZE
( 1517)   WRITE (*, *) TRIM (CLPATH)//'%GCVUV_MAX'
( 1518) ENDIF
( 1519) KSIZE = KSIZE + ISIZE
( 1520) ISIZE = KIND (YD%GCVUV_MIN)
( 1521) IF (LLPRINT) THEN
( 1522)   WRITE (*, '(I10," ")', ADVANCE='NO') ISIZE
( 1523)   WRITE (*, *) TRIM (CLPATH)//'%GCVUV_MIN'
( 1524) ENDIF
( 1525) KSIZE = KSIZE + ISIZE
( 1526) ISIZE = KIND (YD%LPERT_AKN)
( 1527) IF (LLPRINT) THEN
( 1528)   WRITE (*, '(I10," ")', ADVANCE='NO') ISIZE
( 1529)   WRITE (*, *) TRIM (CLPATH)//'%LPERT_AKN'
( 1530) ENDIF
( 1531) KSIZE = KSIZE + ISIZE
( 1532) ISIZE = KIND (YD%AKN_MAX)
( 1533) IF (LLPRINT) THEN
( 1534)   WRITE (*, '(I10," ")', ADVANCE='NO') ISIZE
( 1535)   WRITE (*, *) TRIM (CLPATH)//'%AKN_MAX'
( 1536) ENDIF
( 1537) KSIZE = KSIZE + ISIZE
( 1538) ISIZE = KIND (YD%AKN_MIN)
( 1539) IF (LLPRINT) THEN
( 1540)   WRITE (*, '(I10," ")', ADVANCE='NO') ISIZE
( 1541)   WRITE (*, *) TRIM (CLPATH)//'%AKN_MIN'
( 1542) ENDIF
( 1543) KSIZE = KSIZE + ISIZE
( 1544) ISIZE = KIND (YD%LPERT_ALD)
( 1545) IF (LLPRINT) THEN
( 1546)   WRITE (*, '(I10," ")', ADVANCE='NO') ISIZE
( 1547)   WRITE (*, *) TRIM (CLPATH)//'%LPERT_ALD'
( 1548) ENDIF
( 1549) KSIZE = KSIZE + ISIZE
( 1550) ISIZE = KIND (YD%ALD_MAX)
( 1551) IF (LLPRINT) THEN
( 1552)   WRITE (*, '(I10," ")', ADVANCE='NO') ISIZE
( 1553)   WRITE (*, *) TRIM (CLPATH)//'%ALD_MAX'
( 1554) ENDIF
( 1555) KSIZE = KSIZE + ISIZE
( 1556) ISIZE = KIND (YD%ALD_MIN)
( 1557) IF (LLPRINT) THEN
( 1558)   WRITE (*, '(I10," ")', ADVANCE='NO') ISIZE






NVFORTRAN (Version     24.5)          03/19/2025  06:54:51      page 28

( 1559)   WRITE (*, *) TRIM (CLPATH)//'%ALD_MIN'
( 1560) ENDIF
( 1561) KSIZE = KSIZE + ISIZE
( 1562) ISIZE = KIND (YD%LPERT_ALPHAT)
( 1563) IF (LLPRINT) THEN
( 1564)   WRITE (*, '(I10," ")', ADVANCE='NO') ISIZE
( 1565)   WRITE (*, *) TRIM (CLPATH)//'%LPERT_ALPHAT'
( 1566) ENDIF
( 1567) KSIZE = KSIZE + ISIZE
( 1568) ISIZE = KIND (YD%ALPHAT_MAX)
( 1569) IF (LLPRINT) THEN
( 1570)   WRITE (*, '(I10," ")', ADVANCE='NO') ISIZE
( 1571)   WRITE (*, *) TRIM (CLPATH)//'%ALPHAT_MAX'
( 1572) ENDIF
( 1573) KSIZE = KSIZE + ISIZE
( 1574) ISIZE = KIND (YD%ALPHAT_MIN)
( 1575) IF (LLPRINT) THEN
( 1576)   WRITE (*, '(I10," ")', ADVANCE='NO') ISIZE
( 1577)   WRITE (*, *) TRIM (CLPATH)//'%ALPHAT_MIN'
( 1578) ENDIF
( 1579) KSIZE = KSIZE + ISIZE
( 1580) ISIZE = KIND (YD%LPERT_ALMAVE)
( 1581) IF (LLPRINT) THEN
( 1582)   WRITE (*, '(I10," ")', ADVANCE='NO') ISIZE
( 1583)   WRITE (*, *) TRIM (CLPATH)//'%LPERT_ALMAVE'
( 1584) ENDIF
( 1585) KSIZE = KSIZE + ISIZE
( 1586) ISIZE = KIND (YD%ALMAVE_MAX)
( 1587) IF (LLPRINT) THEN
( 1588)   WRITE (*, '(I10," ")', ADVANCE='NO') ISIZE
( 1589)   WRITE (*, *) TRIM (CLPATH)//'%ALMAVE_MAX'
( 1590) ENDIF
( 1591) KSIZE = KSIZE + ISIZE
( 1592) ISIZE = KIND (YD%ALMAVE_MIN)
( 1593) IF (LLPRINT) THEN
( 1594)   WRITE (*, '(I10," ")', ADVANCE='NO') ISIZE
( 1595)   WRITE (*, *) TRIM (CLPATH)//'%ALMAVE_MIN'
( 1596) ENDIF
( 1597) KSIZE = KSIZE + ISIZE
( 1598) ISIZE = KIND (YD%LPERT_TFVL)
( 1599) IF (LLPRINT) THEN
( 1600)   WRITE (*, '(I10," ")', ADVANCE='NO') ISIZE
( 1601)   WRITE (*, *) TRIM (CLPATH)//'%LPERT_TFVL'
( 1602) ENDIF
( 1603) KSIZE = KSIZE + ISIZE
( 1604) ISIZE = KIND (YD%TFVL_MIN)
( 1605) IF (LLPRINT) THEN
( 1606)   WRITE (*, '(I10," ")', ADVANCE='NO') ISIZE
( 1607)   WRITE (*, *) TRIM (CLPATH)//'%TFVL_MIN'
( 1608) ENDIF
( 1609) KSIZE = KSIZE + ISIZE
( 1610) ISIZE = KIND (YD%TFVL_MAX)
( 1611) IF (LLPRINT) THEN
( 1612)   WRITE (*, '(I10," ")', ADVANCE='NO') ISIZE
( 1613)   WRITE (*, *) TRIM (CLPATH)//'%TFVL_MAX'
( 1614) ENDIF
( 1615) KSIZE = KSIZE + ISIZE
( 1616) ISIZE = KIND (YD%LPERT_TFVR)






NVFORTRAN (Version     24.5)          03/19/2025  06:54:51      page 29

( 1617) IF (LLPRINT) THEN
( 1618)   WRITE (*, '(I10," ")', ADVANCE='NO') ISIZE
( 1619)   WRITE (*, *) TRIM (CLPATH)//'%LPERT_TFVR'
( 1620) ENDIF
( 1621) KSIZE = KSIZE + ISIZE
( 1622) ISIZE = KIND (YD%TFVR_MIN)
( 1623) IF (LLPRINT) THEN
( 1624)   WRITE (*, '(I10," ")', ADVANCE='NO') ISIZE
( 1625)   WRITE (*, *) TRIM (CLPATH)//'%TFVR_MIN'
( 1626) ENDIF
( 1627) KSIZE = KSIZE + ISIZE
( 1628) ISIZE = KIND (YD%TFVR_MAX)
( 1629) IF (LLPRINT) THEN
( 1630)   WRITE (*, '(I10," ")', ADVANCE='NO') ISIZE
( 1631)   WRITE (*, *) TRIM (CLPATH)//'%TFVR_MAX'
( 1632) ENDIF
( 1633) KSIZE = KSIZE + ISIZE
( 1634) ISIZE = KIND (YD%LPERT_TFVS)
( 1635) IF (LLPRINT) THEN
( 1636)   WRITE (*, '(I10," ")', ADVANCE='NO') ISIZE
( 1637)   WRITE (*, *) TRIM (CLPATH)//'%LPERT_TFVS'
( 1638) ENDIF
( 1639) KSIZE = KSIZE + ISIZE
( 1640) ISIZE = KIND (YD%TFVS_MIN)
( 1641) IF (LLPRINT) THEN
( 1642)   WRITE (*, '(I10," ")', ADVANCE='NO') ISIZE
( 1643)   WRITE (*, *) TRIM (CLPATH)//'%TFVS_MIN'
( 1644) ENDIF
( 1645) KSIZE = KSIZE + ISIZE
( 1646) ISIZE = KIND (YD%TFVS_MAX)
( 1647) IF (LLPRINT) THEN
( 1648)   WRITE (*, '(I10," ")', ADVANCE='NO') ISIZE
( 1649)   WRITE (*, *) TRIM (CLPATH)//'%TFVS_MAX'
( 1650) ENDIF
( 1651) KSIZE = KSIZE + ISIZE
( 1652) ISIZE = KIND (YD%LPERT_TFVI)
( 1653) IF (LLPRINT) THEN
( 1654)   WRITE (*, '(I10," ")', ADVANCE='NO') ISIZE
( 1655)   WRITE (*, *) TRIM (CLPATH)//'%LPERT_TFVI'
( 1656) ENDIF
( 1657) KSIZE = KSIZE + ISIZE
( 1658) ISIZE = KIND (YD%TFVI_MIN)
( 1659) IF (LLPRINT) THEN
( 1660)   WRITE (*, '(I10," ")', ADVANCE='NO') ISIZE
( 1661)   WRITE (*, *) TRIM (CLPATH)//'%TFVI_MIN'
( 1662) ENDIF
( 1663) KSIZE = KSIZE + ISIZE
( 1664) ISIZE = KIND (YD%TFVI_MAX)
( 1665) IF (LLPRINT) THEN
( 1666)   WRITE (*, '(I10," ")', ADVANCE='NO') ISIZE
( 1667)   WRITE (*, *) TRIM (CLPATH)//'%TFVI_MAX'
( 1668) ENDIF
( 1669) KSIZE = KSIZE + ISIZE
( 1670) ISIZE = KIND (YD%LPERT_RAUTEFR)
( 1671) IF (LLPRINT) THEN
( 1672)   WRITE (*, '(I10," ")', ADVANCE='NO') ISIZE
( 1673)   WRITE (*, *) TRIM (CLPATH)//'%LPERT_RAUTEFR'
( 1674) ENDIF






NVFORTRAN (Version     24.5)          03/19/2025  06:54:51      page 30

( 1675) KSIZE = KSIZE + ISIZE
( 1676) ISIZE = KIND (YD%RAUTEFR_MIN)
( 1677) IF (LLPRINT) THEN
( 1678)   WRITE (*, '(I10," ")', ADVANCE='NO') ISIZE
( 1679)   WRITE (*, *) TRIM (CLPATH)//'%RAUTEFR_MIN'
( 1680) ENDIF
( 1681) KSIZE = KSIZE + ISIZE
( 1682) ISIZE = KIND (YD%RAUTEFR_MAX)
( 1683) IF (LLPRINT) THEN
( 1684)   WRITE (*, '(I10," ")', ADVANCE='NO') ISIZE
( 1685)   WRITE (*, *) TRIM (CLPATH)//'%RAUTEFR_MAX'
( 1686) ENDIF
( 1687) KSIZE = KSIZE + ISIZE
( 1688) ISIZE = KIND (YD%LPERT_RAUTEFS)
( 1689) IF (LLPRINT) THEN
( 1690)   WRITE (*, '(I10," ")', ADVANCE='NO') ISIZE
( 1691)   WRITE (*, *) TRIM (CLPATH)//'%LPERT_RAUTEFS'
( 1692) ENDIF
( 1693) KSIZE = KSIZE + ISIZE
( 1694) ISIZE = KIND (YD%RAUTEFS_MIN)
( 1695) IF (LLPRINT) THEN
( 1696)   WRITE (*, '(I10," ")', ADVANCE='NO') ISIZE
( 1697)   WRITE (*, *) TRIM (CLPATH)//'%RAUTEFS_MIN'
( 1698) ENDIF
( 1699) KSIZE = KSIZE + ISIZE
( 1700) ISIZE = KIND (YD%RAUTEFS_MAX)
( 1701) IF (LLPRINT) THEN
( 1702)   WRITE (*, '(I10," ")', ADVANCE='NO') ISIZE
( 1703)   WRITE (*, *) TRIM (CLPATH)//'%RAUTEFS_MAX'
( 1704) ENDIF
( 1705) KSIZE = KSIZE + ISIZE
( 1706) ISIZE = KIND (YD%LPERT_RQICRMIN)
( 1707) IF (LLPRINT) THEN
( 1708)   WRITE (*, '(I10," ")', ADVANCE='NO') ISIZE
( 1709)   WRITE (*, *) TRIM (CLPATH)//'%LPERT_RQICRMIN'
( 1710) ENDIF
( 1711) KSIZE = KSIZE + ISIZE
( 1712) ISIZE = KIND (YD%RQICRMIN_MIN)
( 1713) IF (LLPRINT) THEN
( 1714)   WRITE (*, '(I10," ")', ADVANCE='NO') ISIZE
( 1715)   WRITE (*, *) TRIM (CLPATH)//'%RQICRMIN_MIN'
( 1716) ENDIF
( 1717) KSIZE = KSIZE + ISIZE
( 1718) ISIZE = KIND (YD%RQICRMIN_MAX)
( 1719) IF (LLPRINT) THEN
( 1720)   WRITE (*, '(I10," ")', ADVANCE='NO') ISIZE
( 1721)   WRITE (*, *) TRIM (CLPATH)//'%RQICRMIN_MAX'
( 1722) ENDIF
( 1723) KSIZE = KSIZE + ISIZE
( 1724) ISIZE = KIND (YD%LPERT_RQICRMAX)
( 1725) IF (LLPRINT) THEN
( 1726)   WRITE (*, '(I10," ")', ADVANCE='NO') ISIZE
( 1727)   WRITE (*, *) TRIM (CLPATH)//'%LPERT_RQICRMAX'
( 1728) ENDIF
( 1729) KSIZE = KSIZE + ISIZE
( 1730) ISIZE = KIND (YD%RQICRMAX_MIN)
( 1731) IF (LLPRINT) THEN
( 1732)   WRITE (*, '(I10," ")', ADVANCE='NO') ISIZE






NVFORTRAN (Version     24.5)          03/19/2025  06:54:51      page 31

( 1733)   WRITE (*, *) TRIM (CLPATH)//'%RQICRMAX_MIN'
( 1734) ENDIF
( 1735) KSIZE = KSIZE + ISIZE
( 1736) ISIZE = KIND (YD%RQICRMAX_MAX)
( 1737) IF (LLPRINT) THEN
( 1738)   WRITE (*, '(I10," ")', ADVANCE='NO') ISIZE
( 1739)   WRITE (*, *) TRIM (CLPATH)//'%RQICRMAX_MAX'
( 1740) ENDIF
( 1741) KSIZE = KSIZE + ISIZE
( 1742) ISIZE = KIND (YD%LPERT_RQLCR)
( 1743) IF (LLPRINT) THEN
( 1744)   WRITE (*, '(I10," ")', ADVANCE='NO') ISIZE
( 1745)   WRITE (*, *) TRIM (CLPATH)//'%LPERT_RQLCR'
( 1746) ENDIF
( 1747) KSIZE = KSIZE + ISIZE
( 1748) ISIZE = KIND (YD%RQLCR_MIN)
( 1749) IF (LLPRINT) THEN
( 1750)   WRITE (*, '(I10," ")', ADVANCE='NO') ISIZE
( 1751)   WRITE (*, *) TRIM (CLPATH)//'%RQLCR_MIN'
( 1752) ENDIF
( 1753) KSIZE = KSIZE + ISIZE
( 1754) ISIZE = KIND (YD%RQLCR_MAX)
( 1755) IF (LLPRINT) THEN
( 1756)   WRITE (*, '(I10," ")', ADVANCE='NO') ISIZE
( 1757)   WRITE (*, *) TRIM (CLPATH)//'%RQLCR_MAX'
( 1758) ENDIF
( 1759) KSIZE = KSIZE + ISIZE
( 1760) ISIZE = KIND (YD%LPERT_RACCEF)
( 1761) IF (LLPRINT) THEN
( 1762)   WRITE (*, '(I10," ")', ADVANCE='NO') ISIZE
( 1763)   WRITE (*, *) TRIM (CLPATH)//'%LPERT_RACCEF'
( 1764) ENDIF
( 1765) KSIZE = KSIZE + ISIZE
( 1766) ISIZE = KIND (YD%RACCEF_MIN)
( 1767) IF (LLPRINT) THEN
( 1768)   WRITE (*, '(I10," ")', ADVANCE='NO') ISIZE
( 1769)   WRITE (*, *) TRIM (CLPATH)//'%RACCEF_MIN'
( 1770) ENDIF
( 1771) KSIZE = KSIZE + ISIZE
( 1772) ISIZE = KIND (YD%RACCEF_MAX)
( 1773) IF (LLPRINT) THEN
( 1774)   WRITE (*, '(I10," ")', ADVANCE='NO') ISIZE
( 1775)   WRITE (*, *) TRIM (CLPATH)//'%RACCEF_MAX'
( 1776) ENDIF
( 1777) KSIZE = KSIZE + ISIZE
( 1778) ISIZE = KIND (YD%LPERT_RRIMEF)
( 1779) IF (LLPRINT) THEN
( 1780)   WRITE (*, '(I10," ")', ADVANCE='NO') ISIZE
( 1781)   WRITE (*, *) TRIM (CLPATH)//'%LPERT_RRIMEF'
( 1782) ENDIF
( 1783) KSIZE = KSIZE + ISIZE
( 1784) ISIZE = KIND (YD%RRIMEF_MIN)
( 1785) IF (LLPRINT) THEN
( 1786)   WRITE (*, '(I10," ")', ADVANCE='NO') ISIZE
( 1787)   WRITE (*, *) TRIM (CLPATH)//'%RRIMEF_MIN'
( 1788) ENDIF
( 1789) KSIZE = KSIZE + ISIZE
( 1790) ISIZE = KIND (YD%RRIMEF_MAX)






NVFORTRAN (Version     24.5)          03/19/2025  06:54:51      page 32

( 1791) IF (LLPRINT) THEN
( 1792)   WRITE (*, '(I10," ")', ADVANCE='NO') ISIZE
( 1793)   WRITE (*, *) TRIM (CLPATH)//'%RRIMEF_MAX'
( 1794) ENDIF
( 1795) KSIZE = KSIZE + ISIZE
( 1796) ISIZE = KIND (YD%LPERT_RAGGEF)
( 1797) IF (LLPRINT) THEN
( 1798)   WRITE (*, '(I10," ")', ADVANCE='NO') ISIZE
( 1799)   WRITE (*, *) TRIM (CLPATH)//'%LPERT_RAGGEF'
( 1800) ENDIF
( 1801) KSIZE = KSIZE + ISIZE
( 1802) ISIZE = KIND (YD%RAGGEF_MIN)
( 1803) IF (LLPRINT) THEN
( 1804)   WRITE (*, '(I10," ")', ADVANCE='NO') ISIZE
( 1805)   WRITE (*, *) TRIM (CLPATH)//'%RAGGEF_MIN'
( 1806) ENDIF
( 1807) KSIZE = KSIZE + ISIZE
( 1808) ISIZE = KIND (YD%RAGGEF_MAX)
( 1809) IF (LLPRINT) THEN
( 1810)   WRITE (*, '(I10," ")', ADVANCE='NO') ISIZE
( 1811)   WRITE (*, *) TRIM (CLPATH)//'%RAGGEF_MAX'
( 1812) ENDIF
( 1813) KSIZE = KSIZE + ISIZE
( 1814) ISIZE = KIND (YD%LPERT_REVASX)
( 1815) IF (LLPRINT) THEN
( 1816)   WRITE (*, '(I10," ")', ADVANCE='NO') ISIZE
( 1817)   WRITE (*, *) TRIM (CLPATH)//'%LPERT_REVASX'
( 1818) ENDIF
( 1819) KSIZE = KSIZE + ISIZE
( 1820) ISIZE = KIND (YD%REVASX_MIN)
( 1821) IF (LLPRINT) THEN
( 1822)   WRITE (*, '(I10," ")', ADVANCE='NO') ISIZE
( 1823)   WRITE (*, *) TRIM (CLPATH)//'%REVASX_MIN'
( 1824) ENDIF
( 1825) KSIZE = KSIZE + ISIZE
( 1826) ISIZE = KIND (YD%REVASX_MAX)
( 1827) IF (LLPRINT) THEN
( 1828)   WRITE (*, '(I10," ")', ADVANCE='NO') ISIZE
( 1829)   WRITE (*, *) TRIM (CLPATH)//'%REVASX_MAX'
( 1830) ENDIF
( 1831) KSIZE = KSIZE + ISIZE
( 1832) ISIZE = KIND (YD%LPERT_RDTFAC)
( 1833) IF (LLPRINT) THEN
( 1834)   WRITE (*, '(I10," ")', ADVANCE='NO') ISIZE
( 1835)   WRITE (*, *) TRIM (CLPATH)//'%LPERT_RDTFAC'
( 1836) ENDIF
( 1837) KSIZE = KSIZE + ISIZE
( 1838) ISIZE = KIND (YD%RDTFAC_MIN)
( 1839) IF (LLPRINT) THEN
( 1840)   WRITE (*, '(I10," ")', ADVANCE='NO') ISIZE
( 1841)   WRITE (*, *) TRIM (CLPATH)//'%RDTFAC_MIN'
( 1842) ENDIF
( 1843) KSIZE = KSIZE + ISIZE
( 1844) ISIZE = KIND (YD%RDTFAC_MAX)
( 1845) IF (LLPRINT) THEN
( 1846)   WRITE (*, '(I10," ")', ADVANCE='NO') ISIZE
( 1847)   WRITE (*, *) TRIM (CLPATH)//'%RDTFAC_MAX'
( 1848) ENDIF






NVFORTRAN (Version     24.5)          03/19/2025  06:54:51      page 33

( 1849) KSIZE = KSIZE + ISIZE
( 1850) ISIZE = KIND (YD%LPERT_RHCRIT1)
( 1851) IF (LLPRINT) THEN
( 1852)   WRITE (*, '(I10," ")', ADVANCE='NO') ISIZE
( 1853)   WRITE (*, *) TRIM (CLPATH)//'%LPERT_RHCRIT1'
( 1854) ENDIF
( 1855) KSIZE = KSIZE + ISIZE
( 1856) ISIZE = KIND (YD%RHCRIT1_MIN)
( 1857) IF (LLPRINT) THEN
( 1858)   WRITE (*, '(I10," ")', ADVANCE='NO') ISIZE
( 1859)   WRITE (*, *) TRIM (CLPATH)//'%RHCRIT1_MIN'
( 1860) ENDIF
( 1861) KSIZE = KSIZE + ISIZE
( 1862) ISIZE = KIND (YD%RHCRIT1_MAX)
( 1863) IF (LLPRINT) THEN
( 1864)   WRITE (*, '(I10," ")', ADVANCE='NO') ISIZE
( 1865)   WRITE (*, *) TRIM (CLPATH)//'%RHCRIT1_MAX'
( 1866) ENDIF
( 1867) KSIZE = KSIZE + ISIZE
( 1868) ISIZE = KIND (YD%LPERT_GRHCMOD)
( 1869) IF (LLPRINT) THEN
( 1870)   WRITE (*, '(I10," ")', ADVANCE='NO') ISIZE
( 1871)   WRITE (*, *) TRIM (CLPATH)//'%LPERT_GRHCMOD'
( 1872) ENDIF
( 1873) KSIZE = KSIZE + ISIZE
( 1874) ISIZE = KIND (YD%GRHCMOD_MIN)
( 1875) IF (LLPRINT) THEN
( 1876)   WRITE (*, '(I10," ")', ADVANCE='NO') ISIZE
( 1877)   WRITE (*, *) TRIM (CLPATH)//'%GRHCMOD_MIN'
( 1878) ENDIF
( 1879) KSIZE = KSIZE + ISIZE
( 1880) ISIZE = KIND (YD%GRHCMOD_MAX)
( 1881) IF (LLPRINT) THEN
( 1882)   WRITE (*, '(I10," ")', ADVANCE='NO') ISIZE
( 1883)   WRITE (*, *) TRIM (CLPATH)//'%GRHCMOD_MAX'
( 1884) ENDIF
( 1885) KSIZE = KSIZE + ISIZE
( 1886) ISIZE = KIND (YD%LPERT_GWDCD)
( 1887) IF (LLPRINT) THEN
( 1888)   WRITE (*, '(I10," ")', ADVANCE='NO') ISIZE
( 1889)   WRITE (*, *) TRIM (CLPATH)//'%LPERT_GWDCD'
( 1890) ENDIF
( 1891) KSIZE = KSIZE + ISIZE
( 1892) ISIZE = KIND (YD%GWDCD_MIN)
( 1893) IF (LLPRINT) THEN
( 1894)   WRITE (*, '(I10," ")', ADVANCE='NO') ISIZE
( 1895)   WRITE (*, *) TRIM (CLPATH)//'%GWDCD_MIN'
( 1896) ENDIF
( 1897) KSIZE = KSIZE + ISIZE
( 1898) ISIZE = KIND (YD%GWDCD_MAX)
( 1899) IF (LLPRINT) THEN
( 1900)   WRITE (*, '(I10," ")', ADVANCE='NO') ISIZE
( 1901)   WRITE (*, *) TRIM (CLPATH)//'%GWDCD_MAX'
( 1902) ENDIF
( 1903) KSIZE = KSIZE + ISIZE
( 1904) ISIZE = KIND (YD%LPERT_GWDSE)
( 1905) IF (LLPRINT) THEN
( 1906)   WRITE (*, '(I10," ")', ADVANCE='NO') ISIZE






NVFORTRAN (Version     24.5)          03/19/2025  06:54:51      page 34

( 1907)   WRITE (*, *) TRIM (CLPATH)//'%LPERT_GWDSE'
( 1908) ENDIF
( 1909) KSIZE = KSIZE + ISIZE
( 1910) ISIZE = KIND (YD%GWDSE_MIN)
( 1911) IF (LLPRINT) THEN
( 1912)   WRITE (*, '(I10," ")', ADVANCE='NO') ISIZE
( 1913)   WRITE (*, *) TRIM (CLPATH)//'%GWDSE_MIN'
( 1914) ENDIF
( 1915) KSIZE = KSIZE + ISIZE
( 1916) ISIZE = KIND (YD%GWDSE_MAX)
( 1917) IF (LLPRINT) THEN
( 1918)   WRITE (*, '(I10," ")', ADVANCE='NO') ISIZE
( 1919)   WRITE (*, *) TRIM (CLPATH)//'%GWDSE_MAX'
( 1920) ENDIF
( 1921) KSIZE = KSIZE + ISIZE
( 1922) ISIZE = KIND (YD%LPERT_HOBST)
( 1923) IF (LLPRINT) THEN
( 1924)   WRITE (*, '(I10," ")', ADVANCE='NO') ISIZE
( 1925)   WRITE (*, *) TRIM (CLPATH)//'%LPERT_HOBST'
( 1926) ENDIF
( 1927) KSIZE = KSIZE + ISIZE
( 1928) ISIZE = KIND (YD%HOBST_MIN)
( 1929) IF (LLPRINT) THEN
( 1930)   WRITE (*, '(I10," ")', ADVANCE='NO') ISIZE
( 1931)   WRITE (*, *) TRIM (CLPATH)//'%HOBST_MIN'
( 1932) ENDIF
( 1933) KSIZE = KSIZE + ISIZE
( 1934) ISIZE = KIND (YD%HOBST_MAX)
( 1935) IF (LLPRINT) THEN
( 1936)   WRITE (*, '(I10," ")', ADVANCE='NO') ISIZE
( 1937)   WRITE (*, *) TRIM (CLPATH)//'%HOBST_MAX'
( 1938) ENDIF
( 1939) KSIZE = KSIZE + ISIZE
( 1940) ISIZE = KIND (YD%LPERT_RRATSEA)
( 1941) IF (LLPRINT) THEN
( 1942)   WRITE (*, '(I10," ")', ADVANCE='NO') ISIZE
( 1943)   WRITE (*, *) TRIM (CLPATH)//'%LPERT_RRATSEA'
( 1944) ENDIF
( 1945) KSIZE = KSIZE + ISIZE
( 1946) ISIZE = KIND (YD%RRATSEA_MIN)
( 1947) IF (LLPRINT) THEN
( 1948)   WRITE (*, '(I10," ")', ADVANCE='NO') ISIZE
( 1949)   WRITE (*, *) TRIM (CLPATH)//'%RRATSEA_MIN'
( 1950) ENDIF
( 1951) KSIZE = KSIZE + ISIZE
( 1952) ISIZE = KIND (YD%RRATSEA_MAX)
( 1953) IF (LLPRINT) THEN
( 1954)   WRITE (*, '(I10," ")', ADVANCE='NO') ISIZE
( 1955)   WRITE (*, *) TRIM (CLPATH)//'%RRATSEA_MAX'
( 1956) ENDIF
( 1957) KSIZE = KSIZE + ISIZE
( 1958) ISIZE = KIND (YD%LPERT_RRATLAND)
( 1959) IF (LLPRINT) THEN
( 1960)   WRITE (*, '(I10," ")', ADVANCE='NO') ISIZE
( 1961)   WRITE (*, *) TRIM (CLPATH)//'%LPERT_RRATLAND'
( 1962) ENDIF
( 1963) KSIZE = KSIZE + ISIZE
( 1964) ISIZE = KIND (YD%RRATLAND_MIN)






NVFORTRAN (Version     24.5)          03/19/2025  06:54:51      page 35

( 1965) IF (LLPRINT) THEN
( 1966)   WRITE (*, '(I10," ")', ADVANCE='NO') ISIZE
( 1967)   WRITE (*, *) TRIM (CLPATH)//'%RRATLAND_MIN'
( 1968) ENDIF
( 1969) KSIZE = KSIZE + ISIZE
( 1970) ISIZE = KIND (YD%RRATLAND_MAX)
( 1971) IF (LLPRINT) THEN
( 1972)   WRITE (*, '(I10," ")', ADVANCE='NO') ISIZE
( 1973)   WRITE (*, *) TRIM (CLPATH)//'%RRATLAND_MAX'
( 1974) ENDIF
( 1975) KSIZE = KSIZE + ISIZE
( 1976) ISIZE = KIND (YD%LPERT_RRATDRI)
( 1977) IF (LLPRINT) THEN
( 1978)   WRITE (*, '(I10," ")', ADVANCE='NO') ISIZE
( 1979)   WRITE (*, *) TRIM (CLPATH)//'%LPERT_RRATDRI'
( 1980) ENDIF
( 1981) KSIZE = KSIZE + ISIZE
( 1982) ISIZE = KIND (YD%RRATDRI_MAX)
( 1983) IF (LLPRINT) THEN
( 1984)   WRITE (*, '(I10," ")', ADVANCE='NO') ISIZE
( 1985)   WRITE (*, *) TRIM (CLPATH)//'%RRATDRI_MAX'
( 1986) ENDIF
( 1987) KSIZE = KSIZE + ISIZE
( 1988) ISIZE = KIND (YD%RRATDRI_MIN)
( 1989) IF (LLPRINT) THEN
( 1990)   WRITE (*, '(I10," ")', ADVANCE='NO') ISIZE
( 1991)   WRITE (*, *) TRIM (CLPATH)//'%RRATDRI_MIN'
( 1992) ENDIF
( 1993) KSIZE = KSIZE + ISIZE
( 1994) ISIZE = KIND (YD%LPERT_RCADECOR)
( 1995) IF (LLPRINT) THEN
( 1996)   WRITE (*, '(I10," ")', ADVANCE='NO') ISIZE
( 1997)   WRITE (*, *) TRIM (CLPATH)//'%LPERT_RCADECOR'
( 1998) ENDIF
( 1999) KSIZE = KSIZE + ISIZE
( 2000) ISIZE = KIND (YD%RCADECOR_MAX)
( 2001) IF (LLPRINT) THEN
( 2002)   WRITE (*, '(I10," ")', ADVANCE='NO') ISIZE
( 2003)   WRITE (*, *) TRIM (CLPATH)//'%RCADECOR_MAX'
( 2004) ENDIF
( 2005) KSIZE = KSIZE + ISIZE
( 2006) ISIZE = KIND (YD%RCADECOR_MIN)
( 2007) IF (LLPRINT) THEN
( 2008)   WRITE (*, '(I10," ")', ADVANCE='NO') ISIZE
( 2009)   WRITE (*, *) TRIM (CLPATH)//'%RCADECOR_MIN'
( 2010) ENDIF
( 2011) KSIZE = KSIZE + ISIZE
( 2012) ISIZE = KIND (YD%LPERT_RCBDECOR)
( 2013) IF (LLPRINT) THEN
( 2014)   WRITE (*, '(I10," ")', ADVANCE='NO') ISIZE
( 2015)   WRITE (*, *) TRIM (CLPATH)//'%LPERT_RCBDECOR'
( 2016) ENDIF
( 2017) KSIZE = KSIZE + ISIZE
( 2018) ISIZE = KIND (YD%RCBDECOR_MAX)
( 2019) IF (LLPRINT) THEN
( 2020)   WRITE (*, '(I10," ")', ADVANCE='NO') ISIZE
( 2021)   WRITE (*, *) TRIM (CLPATH)//'%RCBDECOR_MAX'
( 2022) ENDIF






NVFORTRAN (Version     24.5)          03/19/2025  06:54:51      page 36

( 2023) KSIZE = KSIZE + ISIZE
( 2024) ISIZE = KIND (YD%RCBDECOR_MIN)
( 2025) IF (LLPRINT) THEN
( 2026)   WRITE (*, '(I10," ")', ADVANCE='NO') ISIZE
( 2027)   WRITE (*, *) TRIM (CLPATH)//'%RCBDECOR_MIN'
( 2028) ENDIF
( 2029) KSIZE = KSIZE + ISIZE
( 2030) ISIZE = KIND (YD%LPERT_RSIGMA2)
( 2031) IF (LLPRINT) THEN
( 2032)   WRITE (*, '(I10," ")', ADVANCE='NO') ISIZE
( 2033)   WRITE (*, *) TRIM (CLPATH)//'%LPERT_RSIGMA2'
( 2034) ENDIF
( 2035) KSIZE = KSIZE + ISIZE
( 2036) ISIZE = KIND (YD%RSIGMA2_MAX)
( 2037) IF (LLPRINT) THEN
( 2038)   WRITE (*, '(I10," ")', ADVANCE='NO') ISIZE
( 2039)   WRITE (*, *) TRIM (CLPATH)//'%RSIGMA2_MAX'
( 2040) ENDIF
( 2041) KSIZE = KSIZE + ISIZE
( 2042) ISIZE = KIND (YD%RSIGMA2_MIN)
( 2043) IF (LLPRINT) THEN
( 2044)   WRITE (*, '(I10," ")', ADVANCE='NO') ISIZE
( 2045)   WRITE (*, *) TRIM (CLPATH)//'%RSIGMA2_MIN'
( 2046) ENDIF
( 2047) KSIZE = KSIZE + ISIZE
( 2048) ISIZE = KIND (YD%LPERT_RFACDICE)
( 2049) IF (LLPRINT) THEN
( 2050)   WRITE (*, '(I10," ")', ADVANCE='NO') ISIZE
( 2051)   WRITE (*, *) TRIM (CLPATH)//'%LPERT_RFACDICE'
( 2052) ENDIF
( 2053) KSIZE = KSIZE + ISIZE
( 2054) ISIZE = KIND (YD%RFACDICE_MAX)
( 2055) IF (LLPRINT) THEN
( 2056)   WRITE (*, '(I10," ")', ADVANCE='NO') ISIZE
( 2057)   WRITE (*, *) TRIM (CLPATH)//'%RFACDICE_MAX'
( 2058) ENDIF
( 2059) KSIZE = KSIZE + ISIZE
( 2060) ISIZE = KIND (YD%RFACDICE_MIN)
( 2061) IF (LLPRINT) THEN
( 2062)   WRITE (*, '(I10," ")', ADVANCE='NO') ISIZE
( 2063)   WRITE (*, *) TRIM (CLPATH)//'%RFACDICE_MIN'
( 2064) ENDIF
( 2065) KSIZE = KSIZE + ISIZE
( 2066) ISIZE = KIND (YD%LPERT_XRIMAX)
( 2067) IF (LLPRINT) THEN
( 2068)   WRITE (*, '(I10," ")', ADVANCE='NO') ISIZE
( 2069)   WRITE (*, *) TRIM (CLPATH)//'%LPERT_XRIMAX'
( 2070) ENDIF
( 2071) KSIZE = KSIZE + ISIZE
( 2072) ISIZE = KIND (YD%XRIMAX_MIN)
( 2073) IF (LLPRINT) THEN
( 2074)   WRITE (*, '(I10," ")', ADVANCE='NO') ISIZE
( 2075)   WRITE (*, *) TRIM (CLPATH)//'%XRIMAX_MIN'
( 2076) ENDIF
( 2077) KSIZE = KSIZE + ISIZE
( 2078) ISIZE = KIND (YD%XRIMAX_MAX)
( 2079) IF (LLPRINT) THEN
( 2080)   WRITE (*, '(I10," ")', ADVANCE='NO') ISIZE






NVFORTRAN (Version     24.5)          03/19/2025  06:54:51      page 37

( 2081)   WRITE (*, *) TRIM (CLPATH)//'%XRIMAX_MAX'
( 2082) ENDIF
( 2083) KSIZE = KSIZE + ISIZE
( 2084) ISIZE = KIND (YD%LPERT_XFRACZ0)
( 2085) IF (LLPRINT) THEN
( 2086)   WRITE (*, '(I10," ")', ADVANCE='NO') ISIZE
( 2087)   WRITE (*, *) TRIM (CLPATH)//'%LPERT_XFRACZ0'
( 2088) ENDIF
( 2089) KSIZE = KSIZE + ISIZE
( 2090) ISIZE = KIND (YD%XFRACZ0_MIN)
( 2091) IF (LLPRINT) THEN
( 2092)   WRITE (*, '(I10," ")', ADVANCE='NO') ISIZE
( 2093)   WRITE (*, *) TRIM (CLPATH)//'%XFRACZ0_MIN'
( 2094) ENDIF
( 2095) KSIZE = KSIZE + ISIZE
( 2096) ISIZE = KIND (YD%XFRACZ0_MAX)
( 2097) IF (LLPRINT) THEN
( 2098)   WRITE (*, '(I10," ")', ADVANCE='NO') ISIZE
( 2099)   WRITE (*, *) TRIM (CLPATH)//'%XFRACZ0_MAX'
( 2100) ENDIF
( 2101) KSIZE = KSIZE + ISIZE
( 2102) ISIZE = KIND (YD%LPERT_OTADJS)
( 2103) IF (LLPRINT) THEN
( 2104)   WRITE (*, '(I10," ")', ADVANCE='NO') ISIZE
( 2105)   WRITE (*, *) TRIM (CLPATH)//'%LPERT_OTADJS'
( 2106) ENDIF
( 2107) KSIZE = KSIZE + ISIZE
( 2108) ISIZE = KIND (YD%OTADJS_MIN)
( 2109) IF (LLPRINT) THEN
( 2110)   WRITE (*, '(I10," ")', ADVANCE='NO') ISIZE
( 2111)   WRITE (*, *) TRIM (CLPATH)//'%OTADJS_MIN'
( 2112) ENDIF
( 2113) KSIZE = KSIZE + ISIZE
( 2114) ISIZE = KIND (YD%OTADJS_MAX)
( 2115) IF (LLPRINT) THEN
( 2116)   WRITE (*, '(I10," ")', ADVANCE='NO') ISIZE
( 2117)   WRITE (*, *) TRIM (CLPATH)//'%OTADJS_MAX'
( 2118) ENDIF
( 2119) KSIZE = KSIZE + ISIZE
( 2120) ISIZE = KIND (YD%LPERT_XENTR)
( 2121) IF (LLPRINT) THEN
( 2122)   WRITE (*, '(I10," ")', ADVANCE='NO') ISIZE
( 2123)   WRITE (*, *) TRIM (CLPATH)//'%LPERT_XENTR'
( 2124) ENDIF
( 2125) KSIZE = KSIZE + ISIZE
( 2126) ISIZE = KIND (YD%XENTR_MIN)
( 2127) IF (LLPRINT) THEN
( 2128)   WRITE (*, '(I10," ")', ADVANCE='NO') ISIZE
( 2129)   WRITE (*, *) TRIM (CLPATH)//'%XENTR_MIN'
( 2130) ENDIF
( 2131) KSIZE = KSIZE + ISIZE
( 2132) ISIZE = KIND (YD%XENTR_MAX)
( 2133) IF (LLPRINT) THEN
( 2134)   WRITE (*, '(I10," ")', ADVANCE='NO') ISIZE
( 2135)   WRITE (*, *) TRIM (CLPATH)//'%XENTR_MAX'
( 2136) ENDIF
( 2137) KSIZE = KSIZE + ISIZE
( 2138) ISIZE = KIND (YD%LPERT_XATPERT)






NVFORTRAN (Version     24.5)          03/19/2025  06:54:51      page 38

( 2139) IF (LLPRINT) THEN
( 2140)   WRITE (*, '(I10," ")', ADVANCE='NO') ISIZE
( 2141)   WRITE (*, *) TRIM (CLPATH)//'%LPERT_XATPERT'
( 2142) ENDIF
( 2143) KSIZE = KSIZE + ISIZE
( 2144) ISIZE = KIND (YD%XATPERT_MIN)
( 2145) IF (LLPRINT) THEN
( 2146)   WRITE (*, '(I10," ")', ADVANCE='NO') ISIZE
( 2147)   WRITE (*, *) TRIM (CLPATH)//'%XATPERT_MIN'
( 2148) ENDIF
( 2149) KSIZE = KSIZE + ISIZE
( 2150) ISIZE = KIND (YD%XATPERT_MAX)
( 2151) IF (LLPRINT) THEN
( 2152)   WRITE (*, '(I10," ")', ADVANCE='NO') ISIZE
( 2153)   WRITE (*, *) TRIM (CLPATH)//'%XATPERT_MAX'
( 2154) ENDIF
( 2155) KSIZE = KSIZE + ISIZE
( 2156) ISIZE = KIND (YD%LPERT_XBTPERT)
( 2157) IF (LLPRINT) THEN
( 2158)   WRITE (*, '(I10," ")', ADVANCE='NO') ISIZE
( 2159)   WRITE (*, *) TRIM (CLPATH)//'%LPERT_XBTPERT'
( 2160) ENDIF
( 2161) KSIZE = KSIZE + ISIZE
( 2162) ISIZE = KIND (YD%XBTPERT_MIN)
( 2163) IF (LLPRINT) THEN
( 2164)   WRITE (*, '(I10," ")', ADVANCE='NO') ISIZE
( 2165)   WRITE (*, *) TRIM (CLPATH)//'%XBTPERT_MIN'
( 2166) ENDIF
( 2167) KSIZE = KSIZE + ISIZE
( 2168) ISIZE = KIND (YD%XBTPERT_MAX)
( 2169) IF (LLPRINT) THEN
( 2170)   WRITE (*, '(I10," ")', ADVANCE='NO') ISIZE
( 2171)   WRITE (*, *) TRIM (CLPATH)//'%XBTPERT_MAX'
( 2172) ENDIF
( 2173) KSIZE = KSIZE + ISIZE
( 2174) ISIZE = KIND (YD%LPERT_XDTPERT)
( 2175) IF (LLPRINT) THEN
( 2176)   WRITE (*, '(I10," ")', ADVANCE='NO') ISIZE
( 2177)   WRITE (*, *) TRIM (CLPATH)//'%LPERT_XDTPERT'
( 2178) ENDIF
( 2179) KSIZE = KSIZE + ISIZE
( 2180) ISIZE = KIND (YD%XDTPERT_MIN)
( 2181) IF (LLPRINT) THEN
( 2182)   WRITE (*, '(I10," ")', ADVANCE='NO') ISIZE
( 2183)   WRITE (*, *) TRIM (CLPATH)//'%XDTPERT_MIN'
( 2184) ENDIF
( 2185) KSIZE = KSIZE + ISIZE
( 2186) ISIZE = KIND (YD%XDTPERT_MAX)
( 2187) IF (LLPRINT) THEN
( 2188)   WRITE (*, '(I10," ")', ADVANCE='NO') ISIZE
( 2189)   WRITE (*, *) TRIM (CLPATH)//'%XDTPERT_MAX'
( 2190) ENDIF
( 2191) KSIZE = KSIZE + ISIZE
( 2192) ISIZE = KIND (YD%LPERT_XAW)
( 2193) IF (LLPRINT) THEN
( 2194)   WRITE (*, '(I10," ")', ADVANCE='NO') ISIZE
( 2195)   WRITE (*, *) TRIM (CLPATH)//'%LPERT_XAW'
( 2196) ENDIF






NVFORTRAN (Version     24.5)          03/19/2025  06:54:51      page 39

( 2197) KSIZE = KSIZE + ISIZE
( 2198) ISIZE = KIND (YD%XAW_MIN)
( 2199) IF (LLPRINT) THEN
( 2200)   WRITE (*, '(I10," ")', ADVANCE='NO') ISIZE
( 2201)   WRITE (*, *) TRIM (CLPATH)//'%XAW_MIN'
( 2202) ENDIF
( 2203) KSIZE = KSIZE + ISIZE
( 2204) ISIZE = KIND (YD%XAW_MAX)
( 2205) IF (LLPRINT) THEN
( 2206)   WRITE (*, '(I10," ")', ADVANCE='NO') ISIZE
( 2207)   WRITE (*, *) TRIM (CLPATH)//'%XAW_MAX'
( 2208) ENDIF
( 2209) KSIZE = KSIZE + ISIZE
( 2210) ISIZE = KIND (YD%LPERT_XBW)
( 2211) IF (LLPRINT) THEN
( 2212)   WRITE (*, '(I10," ")', ADVANCE='NO') ISIZE
( 2213)   WRITE (*, *) TRIM (CLPATH)//'%LPERT_XBW'
( 2214) ENDIF
( 2215) KSIZE = KSIZE + ISIZE
( 2216) ISIZE = KIND (YD%XBW_MIN)
( 2217) IF (LLPRINT) THEN
( 2218)   WRITE (*, '(I10," ")', ADVANCE='NO') ISIZE
( 2219)   WRITE (*, *) TRIM (CLPATH)//'%XBW_MIN'
( 2220) ENDIF
( 2221) KSIZE = KSIZE + ISIZE
( 2222) ISIZE = KIND (YD%XBW_MAX)
( 2223) IF (LLPRINT) THEN
( 2224)   WRITE (*, '(I10," ")', ADVANCE='NO') ISIZE
( 2225)   WRITE (*, *) TRIM (CLPATH)//'%XBW_MAX'
( 2226) ENDIF
( 2227) KSIZE = KSIZE + ISIZE
( 2228) ISIZE = KIND (YD%LPERT_RKFBTAU)
( 2229) IF (LLPRINT) THEN
( 2230)   WRITE (*, '(I10," ")', ADVANCE='NO') ISIZE
( 2231)   WRITE (*, *) TRIM (CLPATH)//'%LPERT_RKFBTAU'
( 2232) ENDIF
( 2233) KSIZE = KSIZE + ISIZE
( 2234) ISIZE = KIND (YD%RKFBTAU_MIN)
( 2235) IF (LLPRINT) THEN
( 2236)   WRITE (*, '(I10," ")', ADVANCE='NO') ISIZE
( 2237)   WRITE (*, *) TRIM (CLPATH)//'%RKFBTAU_MIN'
( 2238) ENDIF
( 2239) KSIZE = KSIZE + ISIZE
( 2240) ISIZE = KIND (YD%RKFBTAU_MAX)
( 2241) IF (LLPRINT) THEN
( 2242)   WRITE (*, '(I10," ")', ADVANCE='NO') ISIZE
( 2243)   WRITE (*, *) TRIM (CLPATH)//'%RKFBTAU_MAX'
( 2244) ENDIF
( 2245) KSIZE = KSIZE + ISIZE
( 2246) ISIZE = KIND (YD%LPERT_RKFBNBX)
( 2247) IF (LLPRINT) THEN
( 2248)   WRITE (*, '(I10," ")', ADVANCE='NO') ISIZE
( 2249)   WRITE (*, *) TRIM (CLPATH)//'%LPERT_RKFBNBX'
( 2250) ENDIF
( 2251) KSIZE = KSIZE + ISIZE
( 2252) ISIZE = KIND (YD%RKFBNBX_MIN)
( 2253) IF (LLPRINT) THEN
( 2254)   WRITE (*, '(I10," ")', ADVANCE='NO') ISIZE






NVFORTRAN (Version     24.5)          03/19/2025  06:54:51      page 40

( 2255)   WRITE (*, *) TRIM (CLPATH)//'%RKFBNBX_MIN'
( 2256) ENDIF
( 2257) KSIZE = KSIZE + ISIZE
( 2258) ISIZE = KIND (YD%RKFBNBX_MAX)
( 2259) IF (LLPRINT) THEN
( 2260)   WRITE (*, '(I10," ")', ADVANCE='NO') ISIZE
( 2261)   WRITE (*, *) TRIM (CLPATH)//'%RKFBNBX_MAX'
( 2262) ENDIF
( 2263) KSIZE = KSIZE + ISIZE
( 2264) ISIZE = KIND (YD%LPERT_XPERTFLUX)
( 2265) IF (LLPRINT) THEN
( 2266)   WRITE (*, '(I10," ")', ADVANCE='NO') ISIZE
( 2267)   WRITE (*, *) TRIM (CLPATH)//'%LPERT_XPERTFLUX'
( 2268) ENDIF
( 2269) KSIZE = KSIZE + ISIZE
( 2270) ISIZE = KIND (YD%XPERTFLUX_MAX)
( 2271) IF (LLPRINT) THEN
( 2272)   WRITE (*, '(I10," ")', ADVANCE='NO') ISIZE
( 2273)   WRITE (*, *) TRIM (CLPATH)//'%XPERTFLUX_MAX'
( 2274) ENDIF
( 2275) KSIZE = KSIZE + ISIZE
( 2276) ISIZE = KIND (YD%XPERTFLUX_MIN)
( 2277) IF (LLPRINT) THEN
( 2278)   WRITE (*, '(I10," ")', ADVANCE='NO') ISIZE
( 2279)   WRITE (*, *) TRIM (CLPATH)//'%XPERTFLUX_MIN'
( 2280) ENDIF
( 2281) KSIZE = KSIZE + ISIZE
( 2282) END FUNCTION
( 2283) 
( 2284) END MODULE


































NVFORTRAN (Version     24.5)          03/19/2025  06:54:51      page 41

(    1) # 1 "./util_tpertpar_mod.F90"
(    1) MODULE UTIL_TPERTPAR_MOD
(    2) # 3 "./util_tpertpar_mod.F90"
(    3) USE YOMPERTPAR, ONLY : TPERTPAR
(    4) # 5 "./util_tpertpar_mod.F90"
(    5) INTERFACE SAVE
(    6) MODULE PROCEDURE SAVE_TPERTPAR
(    7) END INTERFACE
(    8) # 9 "./util_tpertpar_mod.F90"
(    9) INTERFACE LOAD
(   10) MODULE PROCEDURE LOAD_TPERTPAR
(   11) END INTERFACE
(   12) # 13 "./util_tpertpar_mod.F90"
(   13) INTERFACE COPY
(   14) MODULE PROCEDURE COPY_TPERTPAR
(   15) END INTERFACE
(   16) # 17 "./util_tpertpar_mod.F90"
(   17) INTERFACE HOST
(   18) MODULE PROCEDURE HOST_TPERTPAR
(   19) END INTERFACE
(   20) # 21 "./util_tpertpar_mod.F90"
(   21)      
(   22) INTERFACE CRC64
(   23) MODULE PROCEDURE CRC64_TPERTPAR
(   24) END INTERFACE
(   25) # 26 "./util_tpertpar_mod.F90"
(   26) INTERFACE WIPE
(   27) MODULE PROCEDURE WIPE_TPERTPAR
(   28) END INTERFACE
(   29) # 30 "./util_tpertpar_mod.F90"
(   30) INTERFACE SIZE
(   31) MODULE PROCEDURE SIZE_TPERTPAR
(   32) END INTERFACE
(   33) # 35 "./util_tpertpar_mod.F90"
(   35) CONTAINS
(   36) # 37 "./util_tpertpar_mod.F90"
(   37) SUBROUTINE SAVE_TPERTPAR (KLUN, YD)
(   38) # 39 "./util_tpertpar_mod.F90"
(   39) IMPLICIT NONE
(   40) INTEGER, INTENT (IN) :: KLUN
(   41) TYPE (TPERTPAR), INTENT (IN), TARGET :: YD
(   42) # 43 "./util_tpertpar_mod.F90"
(   43) WRITE (KLUN) YD%LPERTPAR
(   44) WRITE (KLUN) YD%NSEED_MBR
(   45) WRITE (KLUN) YD%LPERT_RMFDEPS
(   46) WRITE (KLUN) YD%RMFDEPS_MAX
(   47) WRITE (KLUN) YD%RMFDEPS_MIN
(   48) WRITE (KLUN) YD%LPERT_RPRCON
(   49) WRITE (KLUN) YD%RPRCON_MAX
(   50) WRITE (KLUN) YD%RPRCON_MIN
(   51) WRITE (KLUN) YD%LPERT_ENTRORG
(   52) WRITE (KLUN) YD%ENTRORG_MAX
(   53) WRITE (KLUN) YD%ENTRORG_MIN
(   54) WRITE (KLUN) YD%LPERT_DETRPEN
(   55) WRITE (KLUN) YD%DETRPEN_MAX
(   56) WRITE (KLUN) YD%DETRPEN_MIN
(   57) WRITE (KLUN) YD%LPERT_RTAUFAC
(   58) WRITE (KLUN) YD%RTAUFAC_MAX






NVFORTRAN (Version     24.5)          03/19/2025  06:54:51      page 42

(   59) WRITE (KLUN) YD%RTAUFAC_MIN
(   60) WRITE (KLUN) YD%LPERT_CUDUV
(   61) WRITE (KLUN) YD%CUDU_MOD
(   62) WRITE (KLUN) YD%CUDV_MOD
(   63) WRITE (KLUN) YD%CUDUV_MAX
(   64) WRITE (KLUN) YD%CUDUV_MIN
(   65) WRITE (KLUN) YD%LPERT_GCVRE
(   66) WRITE (KLUN) YD%GCVRE_MAX
(   67) WRITE (KLUN) YD%GCVRE_MIN
(   68) WRITE (KLUN) YD%LPERT_GCVEZ
(   69) WRITE (KLUN) YD%GCVEZ_MAX
(   70) WRITE (KLUN) YD%GCVEZ_MIN
(   71) WRITE (KLUN) YD%LPERT_GCVUV
(   72) WRITE (KLUN) YD%GCVUV_MAX
(   73) WRITE (KLUN) YD%GCVUV_MIN
(   74) WRITE (KLUN) YD%LPERT_AKN
(   75) WRITE (KLUN) YD%AKN_MAX
(   76) WRITE (KLUN) YD%AKN_MIN
(   77) WRITE (KLUN) YD%LPERT_ALD
(   78) WRITE (KLUN) YD%ALD_MAX
(   79) WRITE (KLUN) YD%ALD_MIN
(   80) WRITE (KLUN) YD%LPERT_ALPHAT
(   81) WRITE (KLUN) YD%ALPHAT_MAX
(   82) WRITE (KLUN) YD%ALPHAT_MIN
(   83) WRITE (KLUN) YD%LPERT_ALMAVE
(   84) WRITE (KLUN) YD%ALMAVE_MAX
(   85) WRITE (KLUN) YD%ALMAVE_MIN
(   86) WRITE (KLUN) YD%LPERT_TFVL
(   87) WRITE (KLUN) YD%TFVL_MIN
(   88) WRITE (KLUN) YD%TFVL_MAX
(   89) WRITE (KLUN) YD%LPERT_TFVR
(   90) WRITE (KLUN) YD%TFVR_MIN
(   91) WRITE (KLUN) YD%TFVR_MAX
(   92) WRITE (KLUN) YD%LPERT_TFVS
(   93) WRITE (KLUN) YD%TFVS_MIN
(   94) WRITE (KLUN) YD%TFVS_MAX
(   95) WRITE (KLUN) YD%LPERT_TFVI
(   96) WRITE (KLUN) YD%TFVI_MIN
(   97) WRITE (KLUN) YD%TFVI_MAX
(   98) WRITE (KLUN) YD%LPERT_RAUTEFR
(   99) WRITE (KLUN) YD%RAUTEFR_MIN
(  100) WRITE (KLUN) YD%RAUTEFR_MAX
(  101) WRITE (KLUN) YD%LPERT_RAUTEFS
(  102) WRITE (KLUN) YD%RAUTEFS_MIN
(  103) WRITE (KLUN) YD%RAUTEFS_MAX
(  104) WRITE (KLUN) YD%LPERT_RQICRMIN
(  105) WRITE (KLUN) YD%RQICRMIN_MIN
(  106) WRITE (KLUN) YD%RQICRMIN_MAX
(  107) WRITE (KLUN) YD%LPERT_RQICRMAX
(  108) WRITE (KLUN) YD%RQICRMAX_MIN
(  109) WRITE (KLUN) YD%RQICRMAX_MAX
(  110) WRITE (KLUN) YD%LPERT_RQLCR
(  111) WRITE (KLUN) YD%RQLCR_MIN
(  112) WRITE (KLUN) YD%RQLCR_MAX
(  113) WRITE (KLUN) YD%LPERT_RACCEF
(  114) WRITE (KLUN) YD%RACCEF_MIN
(  115) WRITE (KLUN) YD%RACCEF_MAX
(  116) WRITE (KLUN) YD%LPERT_RRIMEF






NVFORTRAN (Version     24.5)          03/19/2025  06:54:51      page 43

(  117) WRITE (KLUN) YD%RRIMEF_MIN
(  118) WRITE (KLUN) YD%RRIMEF_MAX
(  119) WRITE (KLUN) YD%LPERT_RAGGEF
(  120) WRITE (KLUN) YD%RAGGEF_MIN
(  121) WRITE (KLUN) YD%RAGGEF_MAX
(  122) WRITE (KLUN) YD%LPERT_REVASX
(  123) WRITE (KLUN) YD%REVASX_MIN
(  124) WRITE (KLUN) YD%REVASX_MAX
(  125) WRITE (KLUN) YD%LPERT_RDTFAC
(  126) WRITE (KLUN) YD%RDTFAC_MIN
(  127) WRITE (KLUN) YD%RDTFAC_MAX
(  128) WRITE (KLUN) YD%LPERT_RHCRIT1
(  129) WRITE (KLUN) YD%RHCRIT1_MIN
(  130) WRITE (KLUN) YD%RHCRIT1_MAX
(  131) WRITE (KLUN) YD%LPERT_GRHCMOD
(  132) WRITE (KLUN) YD%GRHCMOD_MIN
(  133) WRITE (KLUN) YD%GRHCMOD_MAX
(  134) WRITE (KLUN) YD%LPERT_GWDCD
(  135) WRITE (KLUN) YD%GWDCD_MIN
(  136) WRITE (KLUN) YD%GWDCD_MAX
(  137) WRITE (KLUN) YD%LPERT_GWDSE
(  138) WRITE (KLUN) YD%GWDSE_MIN
(  139) WRITE (KLUN) YD%GWDSE_MAX
(  140) WRITE (KLUN) YD%LPERT_HOBST
(  141) WRITE (KLUN) YD%HOBST_MIN
(  142) WRITE (KLUN) YD%HOBST_MAX
(  143) WRITE (KLUN) YD%LPERT_RRATSEA
(  144) WRITE (KLUN) YD%RRATSEA_MIN
(  145) WRITE (KLUN) YD%RRATSEA_MAX
(  146) WRITE (KLUN) YD%LPERT_RRATLAND
(  147) WRITE (KLUN) YD%RRATLAND_MIN
(  148) WRITE (KLUN) YD%RRATLAND_MAX
(  149) WRITE (KLUN) YD%LPERT_RRATDRI
(  150) WRITE (KLUN) YD%RRATDRI_MAX
(  151) WRITE (KLUN) YD%RRATDRI_MIN
(  152) WRITE (KLUN) YD%LPERT_RCADECOR
(  153) WRITE (KLUN) YD%RCADECOR_MAX
(  154) WRITE (KLUN) YD%RCADECOR_MIN
(  155) WRITE (KLUN) YD%LPERT_RCBDECOR
(  156) WRITE (KLUN) YD%RCBDECOR_MAX
(  157) WRITE (KLUN) YD%RCBDECOR_MIN
(  158) WRITE (KLUN) YD%LPERT_RSIGMA2
(  159) WRITE (KLUN) YD%RSIGMA2_MAX
(  160) WRITE (KLUN) YD%RSIGMA2_MIN
(  161) WRITE (KLUN) YD%LPERT_RFACDICE
(  162) WRITE (KLUN) YD%RFACDICE_MAX
(  163) WRITE (KLUN) YD%RFACDICE_MIN
(  164) WRITE (KLUN) YD%LPERT_XRIMAX
(  165) WRITE (KLUN) YD%XRIMAX_MIN
(  166) WRITE (KLUN) YD%XRIMAX_MAX
(  167) WRITE (KLUN) YD%LPERT_XFRACZ0
(  168) WRITE (KLUN) YD%XFRACZ0_MIN
(  169) WRITE (KLUN) YD%XFRACZ0_MAX
(  170) WRITE (KLUN) YD%LPERT_OTADJS
(  171) WRITE (KLUN) YD%OTADJS_MIN
(  172) WRITE (KLUN) YD%OTADJS_MAX
(  173) WRITE (KLUN) YD%LPERT_XENTR
(  174) WRITE (KLUN) YD%XENTR_MIN






NVFORTRAN (Version     24.5)          03/19/2025  06:54:51      page 44

(  175) WRITE (KLUN) YD%XENTR_MAX
(  176) WRITE (KLUN) YD%LPERT_XATPERT
(  177) WRITE (KLUN) YD%XATPERT_MIN
(  178) WRITE (KLUN) YD%XATPERT_MAX
(  179) WRITE (KLUN) YD%LPERT_XBTPERT
(  180) WRITE (KLUN) YD%XBTPERT_MIN
(  181) WRITE (KLUN) YD%XBTPERT_MAX
(  182) WRITE (KLUN) YD%LPERT_XDTPERT
(  183) WRITE (KLUN) YD%XDTPERT_MIN
(  184) WRITE (KLUN) YD%XDTPERT_MAX
(  185) WRITE (KLUN) YD%LPERT_XAW
(  186) WRITE (KLUN) YD%XAW_MIN
(  187) WRITE (KLUN) YD%XAW_MAX
(  188) WRITE (KLUN) YD%LPERT_XBW
(  189) WRITE (KLUN) YD%XBW_MIN
(  190) WRITE (KLUN) YD%XBW_MAX
(  191) WRITE (KLUN) YD%LPERT_RKFBTAU
(  192) WRITE (KLUN) YD%RKFBTAU_MIN
(  193) WRITE (KLUN) YD%RKFBTAU_MAX
(  194) WRITE (KLUN) YD%LPERT_RKFBNBX
(  195) WRITE (KLUN) YD%RKFBNBX_MIN
(  196) WRITE (KLUN) YD%RKFBNBX_MAX
(  197) WRITE (KLUN) YD%LPERT_XPERTFLUX
(  198) WRITE (KLUN) YD%XPERTFLUX_MAX
(  199) WRITE (KLUN) YD%XPERTFLUX_MIN
(  200) END SUBROUTINE
(  201) # 202 "./util_tpertpar_mod.F90"
(  202) SUBROUTINE LOAD_TPERTPAR (KLUN, YD)
(  203) USE PARKIND1, ONLY : JPRD
(  204) # 205 "./util_tpertpar_mod.F90"
(  205) IMPLICIT NONE
(  206) INTEGER, INTENT (IN) :: KLUN
(  207) TYPE (TPERTPAR), INTENT (OUT), TARGET :: YD
(  208) REAL(KIND=JPRD) :: ZTMP0
(  209) READ (KLUN) YD%LPERTPAR
(  210) READ (KLUN) YD%NSEED_MBR
(  211) READ (KLUN) YD%LPERT_RMFDEPS
(  212) READ (KLUN) ZTMP0
(  213) YD%RMFDEPS_MAX = ZTMP0
(  214) READ (KLUN) ZTMP0
(  215) YD%RMFDEPS_MIN = ZTMP0
(  216) READ (KLUN) YD%LPERT_RPRCON
(  217) READ (KLUN) ZTMP0
(  218) YD%RPRCON_MAX = ZTMP0
(  219) READ (KLUN) ZTMP0
(  220) YD%RPRCON_MIN = ZTMP0
(  221) READ (KLUN) YD%LPERT_ENTRORG
(  222) READ (KLUN) ZTMP0
(  223) YD%ENTRORG_MAX = ZTMP0
(  224) READ (KLUN) ZTMP0
(  225) YD%ENTRORG_MIN = ZTMP0
(  226) READ (KLUN) YD%LPERT_DETRPEN
(  227) READ (KLUN) ZTMP0
(  228) YD%DETRPEN_MAX = ZTMP0
(  229) READ (KLUN) ZTMP0
(  230) YD%DETRPEN_MIN = ZTMP0
(  231) READ (KLUN) YD%LPERT_RTAUFAC
(  232) READ (KLUN) ZTMP0






NVFORTRAN (Version     24.5)          03/19/2025  06:54:51      page 45

(  233) YD%RTAUFAC_MAX = ZTMP0
(  234) READ (KLUN) ZTMP0
(  235) YD%RTAUFAC_MIN = ZTMP0
(  236) READ (KLUN) YD%LPERT_CUDUV
(  237) READ (KLUN) ZTMP0
(  238) YD%CUDU_MOD = ZTMP0
(  239) READ (KLUN) ZTMP0
(  240) YD%CUDV_MOD = ZTMP0
(  241) READ (KLUN) ZTMP0
(  242) YD%CUDUV_MAX = ZTMP0
(  243) READ (KLUN) ZTMP0
(  244) YD%CUDUV_MIN = ZTMP0
(  245) READ (KLUN) YD%LPERT_GCVRE
(  246) READ (KLUN) ZTMP0
(  247) YD%GCVRE_MAX = ZTMP0
(  248) READ (KLUN) ZTMP0
(  249) YD%GCVRE_MIN = ZTMP0
(  250) READ (KLUN) YD%LPERT_GCVEZ
(  251) READ (KLUN) ZTMP0
(  252) YD%GCVEZ_MAX = ZTMP0
(  253) READ (KLUN) ZTMP0
(  254) YD%GCVEZ_MIN = ZTMP0
(  255) READ (KLUN) YD%LPERT_GCVUV
(  256) READ (KLUN) ZTMP0
(  257) YD%GCVUV_MAX = ZTMP0
(  258) READ (KLUN) ZTMP0
(  259) YD%GCVUV_MIN = ZTMP0
(  260) READ (KLUN) YD%LPERT_AKN
(  261) READ (KLUN) ZTMP0
(  262) YD%AKN_MAX = ZTMP0
(  263) READ (KLUN) ZTMP0
(  264) YD%AKN_MIN = ZTMP0
(  265) READ (KLUN) YD%LPERT_ALD
(  266) READ (KLUN) ZTMP0
(  267) YD%ALD_MAX = ZTMP0
(  268) READ (KLUN) ZTMP0
(  269) YD%ALD_MIN = ZTMP0
(  270) READ (KLUN) YD%LPERT_ALPHAT
(  271) READ (KLUN) ZTMP0
(  272) YD%ALPHAT_MAX = ZTMP0
(  273) READ (KLUN) ZTMP0
(  274) YD%ALPHAT_MIN = ZTMP0
(  275) READ (KLUN) YD%LPERT_ALMAVE
(  276) READ (KLUN) ZTMP0
(  277) YD%ALMAVE_MAX = ZTMP0
(  278) READ (KLUN) ZTMP0
(  279) YD%ALMAVE_MIN = ZTMP0
(  280) READ (KLUN) YD%LPERT_TFVL
(  281) READ (KLUN) ZTMP0
(  282) YD%TFVL_MIN = ZTMP0
(  283) READ (KLUN) ZTMP0
(  284) YD%TFVL_MAX = ZTMP0
(  285) READ (KLUN) YD%LPERT_TFVR
(  286) READ (KLUN) ZTMP0
(  287) YD%TFVR_MIN = ZTMP0
(  288) READ (KLUN) ZTMP0
(  289) YD%TFVR_MAX = ZTMP0
(  290) READ (KLUN) YD%LPERT_TFVS






NVFORTRAN (Version     24.5)          03/19/2025  06:54:51      page 46

(  291) READ (KLUN) ZTMP0
(  292) YD%TFVS_MIN = ZTMP0
(  293) READ (KLUN) ZTMP0
(  294) YD%TFVS_MAX = ZTMP0
(  295) READ (KLUN) YD%LPERT_TFVI
(  296) READ (KLUN) ZTMP0
(  297) YD%TFVI_MIN = ZTMP0
(  298) READ (KLUN) ZTMP0
(  299) YD%TFVI_MAX = ZTMP0
(  300) READ (KLUN) YD%LPERT_RAUTEFR
(  301) READ (KLUN) ZTMP0
(  302) YD%RAUTEFR_MIN = ZTMP0
(  303) READ (KLUN) ZTMP0
(  304) YD%RAUTEFR_MAX = ZTMP0
(  305) READ (KLUN) YD%LPERT_RAUTEFS
(  306) READ (KLUN) ZTMP0
(  307) YD%RAUTEFS_MIN = ZTMP0
(  308) READ (KLUN) ZTMP0
(  309) YD%RAUTEFS_MAX = ZTMP0
(  310) READ (KLUN) YD%LPERT_RQICRMIN
(  311) READ (KLUN) ZTMP0
(  312) YD%RQICRMIN_MIN = ZTMP0
(  313) READ (KLUN) ZTMP0
(  314) YD%RQICRMIN_MAX = ZTMP0
(  315) READ (KLUN) YD%LPERT_RQICRMAX
(  316) READ (KLUN) ZTMP0
(  317) YD%RQICRMAX_MIN = ZTMP0
(  318) READ (KLUN) ZTMP0
(  319) YD%RQICRMAX_MAX = ZTMP0
(  320) READ (KLUN) YD%LPERT_RQLCR
(  321) READ (KLUN) ZTMP0
(  322) YD%RQLCR_MIN = ZTMP0
(  323) READ (KLUN) ZTMP0
(  324) YD%RQLCR_MAX = ZTMP0
(  325) READ (KLUN) YD%LPERT_RACCEF
(  326) READ (KLUN) ZTMP0
(  327) YD%RACCEF_MIN = ZTMP0
(  328) READ (KLUN) ZTMP0
(  329) YD%RACCEF_MAX = ZTMP0
(  330) READ (KLUN) YD%LPERT_RRIMEF
(  331) READ (KLUN) ZTMP0
(  332) YD%RRIMEF_MIN = ZTMP0
(  333) READ (KLUN) ZTMP0
(  334) YD%RRIMEF_MAX = ZTMP0
(  335) READ (KLUN) YD%LPERT_RAGGEF
(  336) READ (KLUN) ZTMP0
(  337) YD%RAGGEF_MIN = ZTMP0
(  338) READ (KLUN) ZTMP0
(  339) YD%RAGGEF_MAX = ZTMP0
(  340) READ (KLUN) YD%LPERT_REVASX
(  341) READ (KLUN) ZTMP0
(  342) YD%REVASX_MIN = ZTMP0
(  343) READ (KLUN) ZTMP0
(  344) YD%REVASX_MAX = ZTMP0
(  345) READ (KLUN) YD%LPERT_RDTFAC
(  346) READ (KLUN) ZTMP0
(  347) YD%RDTFAC_MIN = ZTMP0
(  348) READ (KLUN) ZTMP0






NVFORTRAN (Version     24.5)          03/19/2025  06:54:51      page 47

(  349) YD%RDTFAC_MAX = ZTMP0
(  350) READ (KLUN) YD%LPERT_RHCRIT1
(  351) READ (KLUN) ZTMP0
(  352) YD%RHCRIT1_MIN = ZTMP0
(  353) READ (KLUN) ZTMP0
(  354) YD%RHCRIT1_MAX = ZTMP0
(  355) READ (KLUN) YD%LPERT_GRHCMOD
(  356) READ (KLUN) ZTMP0
(  357) YD%GRHCMOD_MIN = ZTMP0
(  358) READ (KLUN) ZTMP0
(  359) YD%GRHCMOD_MAX = ZTMP0
(  360) READ (KLUN) YD%LPERT_GWDCD
(  361) READ (KLUN) ZTMP0
(  362) YD%GWDCD_MIN = ZTMP0
(  363) READ (KLUN) ZTMP0
(  364) YD%GWDCD_MAX = ZTMP0
(  365) READ (KLUN) YD%LPERT_GWDSE
(  366) READ (KLUN) ZTMP0
(  367) YD%GWDSE_MIN = ZTMP0
(  368) READ (KLUN) ZTMP0
(  369) YD%GWDSE_MAX = ZTMP0
(  370) READ (KLUN) YD%LPERT_HOBST
(  371) READ (KLUN) ZTMP0
(  372) YD%HOBST_MIN = ZTMP0
(  373) READ (KLUN) ZTMP0
(  374) YD%HOBST_MAX = ZTMP0
(  375) READ (KLUN) YD%LPERT_RRATSEA
(  376) READ (KLUN) ZTMP0
(  377) YD%RRATSEA_MIN = ZTMP0
(  378) READ (KLUN) ZTMP0
(  379) YD%RRATSEA_MAX = ZTMP0
(  380) READ (KLUN) YD%LPERT_RRATLAND
(  381) READ (KLUN) ZTMP0
(  382) YD%RRATLAND_MIN = ZTMP0
(  383) READ (KLUN) ZTMP0
(  384) YD%RRATLAND_MAX = ZTMP0
(  385) READ (KLUN) YD%LPERT_RRATDRI
(  386) READ (KLUN) ZTMP0
(  387) YD%RRATDRI_MAX = ZTMP0
(  388) READ (KLUN) ZTMP0
(  389) YD%RRATDRI_MIN = ZTMP0
(  390) READ (KLUN) YD%LPERT_RCADECOR
(  391) READ (KLUN) ZTMP0
(  392) YD%RCADECOR_MAX = ZTMP0
(  393) READ (KLUN) ZTMP0
(  394) YD%RCADECOR_MIN = ZTMP0
(  395) READ (KLUN) YD%LPERT_RCBDECOR
(  396) READ (KLUN) ZTMP0
(  397) YD%RCBDECOR_MAX = ZTMP0
(  398) READ (KLUN) ZTMP0
(  399) YD%RCBDECOR_MIN = ZTMP0
(  400) READ (KLUN) YD%LPERT_RSIGMA2
(  401) READ (KLUN) ZTMP0
(  402) YD%RSIGMA2_MAX = ZTMP0
(  403) READ (KLUN) ZTMP0
(  404) YD%RSIGMA2_MIN = ZTMP0
(  405) READ (KLUN) YD%LPERT_RFACDICE
(  406) READ (KLUN) ZTMP0






NVFORTRAN (Version     24.5)          03/19/2025  06:54:51      page 48

(  407) YD%RFACDICE_MAX = ZTMP0
(  408) READ (KLUN) ZTMP0
(  409) YD%RFACDICE_MIN = ZTMP0
(  410) READ (KLUN) YD%LPERT_XRIMAX
(  411) READ (KLUN) ZTMP0
(  412) YD%XRIMAX_MIN = ZTMP0
(  413) READ (KLUN) ZTMP0
(  414) YD%XRIMAX_MAX = ZTMP0
(  415) READ (KLUN) YD%LPERT_XFRACZ0
(  416) READ (KLUN) ZTMP0
(  417) YD%XFRACZ0_MIN = ZTMP0
(  418) READ (KLUN) ZTMP0
(  419) YD%XFRACZ0_MAX = ZTMP0
(  420) READ (KLUN) YD%LPERT_OTADJS
(  421) READ (KLUN) ZTMP0
(  422) YD%OTADJS_MIN = ZTMP0
(  423) READ (KLUN) ZTMP0
(  424) YD%OTADJS_MAX = ZTMP0
(  425) READ (KLUN) YD%LPERT_XENTR
(  426) READ (KLUN) ZTMP0
(  427) YD%XENTR_MIN = ZTMP0
(  428) READ (KLUN) ZTMP0
(  429) YD%XENTR_MAX = ZTMP0
(  430) READ (KLUN) YD%LPERT_XATPERT
(  431) READ (KLUN) ZTMP0
(  432) YD%XATPERT_MIN = ZTMP0
(  433) READ (KLUN) ZTMP0
(  434) YD%XATPERT_MAX = ZTMP0
(  435) READ (KLUN) YD%LPERT_XBTPERT
(  436) READ (KLUN) ZTMP0
(  437) YD%XBTPERT_MIN = ZTMP0
(  438) READ (KLUN) ZTMP0
(  439) YD%XBTPERT_MAX = ZTMP0
(  440) READ (KLUN) YD%LPERT_XDTPERT
(  441) READ (KLUN) ZTMP0
(  442) YD%XDTPERT_MIN = ZTMP0
(  443) READ (KLUN) ZTMP0
(  444) YD%XDTPERT_MAX = ZTMP0
(  445) READ (KLUN) YD%LPERT_XAW
(  446) READ (KLUN) ZTMP0
(  447) YD%XAW_MIN = ZTMP0
(  448) READ (KLUN) ZTMP0
(  449) YD%XAW_MAX = ZTMP0
(  450) READ (KLUN) YD%LPERT_XBW
(  451) READ (KLUN) ZTMP0
(  452) YD%XBW_MIN = ZTMP0
(  453) READ (KLUN) ZTMP0
(  454) YD%XBW_MAX = ZTMP0
(  455) READ (KLUN) YD%LPERT_RKFBTAU
(  456) READ (KLUN) ZTMP0
(  457) YD%RKFBTAU_MIN = ZTMP0
(  458) READ (KLUN) ZTMP0
(  459) YD%RKFBTAU_MAX = ZTMP0
(  460) READ (KLUN) YD%LPERT_RKFBNBX
(  461) READ (KLUN) ZTMP0
(  462) YD%RKFBNBX_MIN = ZTMP0
(  463) READ (KLUN) ZTMP0
(  464) YD%RKFBNBX_MAX = ZTMP0






NVFORTRAN (Version     24.5)          03/19/2025  06:54:51      page 49

(  465) READ (KLUN) YD%LPERT_XPERTFLUX
(  466) READ (KLUN) ZTMP0
(  467) YD%XPERTFLUX_MAX = ZTMP0
(  468) READ (KLUN) ZTMP0
(  469) YD%XPERTFLUX_MIN = ZTMP0
(  470) END SUBROUTINE
(  471) # 473 "./util_tpertpar_mod.F90"
(  473) SUBROUTINE COPY_TPERTPAR (YD, LDCREATED, LDFIELDAPI)
(  474) # 475 "./util_tpertpar_mod.F90"
(  475) IMPLICIT NONE
(  476) TYPE (TPERTPAR), INTENT (IN), TARGET :: YD
(  477) LOGICAL, OPTIONAL, INTENT (IN) :: LDCREATED, LDFIELDAPI
(  478) LOGICAL :: LLCREATED
(  479) LOGICAL :: LLFIELDAPI
(  480) # 481 "./util_tpertpar_mod.F90"
(  481) LLFIELDAPI = .FALSE.
(  482) IF (PRESENT (LDFIELDAPI)) THEN
(  483)   LLFIELDAPI = LDFIELDAPI
(  484) ENDIF
(  485) LLCREATED = .FALSE.
(  486) IF (PRESENT (LDCREATED)) THEN
(  487)   LLCREATED = LDCREATED
(  488) ENDIF
(  489) IF (.NOT. LLCREATED) THEN
(  490)   !$acc enter data create (YD)
(  491)   !$acc update device (YD)
(  492) ENDIF
(  493) # 650 "./util_tpertpar_mod.F90"
(  650) END SUBROUTINE
(  651) # 652 "./util_tpertpar_mod.F90"
(  652) SUBROUTINE HOST_TPERTPAR (YD)
(  653) # 654 "./util_tpertpar_mod.F90"
(  654) IMPLICIT NONE
(  655) TYPE (TPERTPAR), TARGET :: YD
(  656) # 814 "./util_tpertpar_mod.F90"
(  814) END SUBROUTINE
(  815) # 816 "./util_tpertpar_mod.F90"
(  816)      
(  817) # 818 "./util_tpertpar_mod.F90"
(  818) SUBROUTINE CRC64_TPERTPAR (YD, KLUN, CDPATH)
(  819) USE CRC64_INTRINSIC
(  820) # 821 "./util_tpertpar_mod.F90"
(  821) IMPLICIT NONE
(  822) TYPE (TPERTPAR), TARGET :: YD
(  823) INTEGER, INTENT (IN) :: KLUN
(  824) CHARACTER(LEN=*), INTENT (IN) :: CDPATH
(  825) CHARACTER(LEN=128) :: CLIND
(  826) # 827 "./util_tpertpar_mod.F90"
(  827) WRITE (KLUN, '(Z16.16," ",A)') CRC64 (YD%LPERTPAR), CDPATH//'%LPERTPAR'
(  828) # 829 "./util_tpertpar_mod.F90"
(  829) WRITE (KLUN, '(Z16.16," ",A)') CRC64 (YD%NSEED_MBR), CDPATH//'%NSEED_MBR'
(  830) # 831 "./util_tpertpar_mod.F90"
(  831) WRITE (KLUN, '(Z16.16," ",A)') CRC64 (YD%LPERT_RMFDEPS), CDPATH//'%LPERT_RMFDEPS'
(  832) # 833 "./util_tpertpar_mod.F90"
(  833) WRITE (KLUN, '(Z16.16," ",A)') CRC64 (YD%RMFDEPS_MAX), CDPATH//'%RMFDEPS_MAX'
(  834) # 835 "./util_tpertpar_mod.F90"
(  835) WRITE (KLUN, '(Z16.16," ",A)') CRC64 (YD%RMFDEPS_MIN), CDPATH//'%RMFDEPS_MIN'
(  836) # 837 "./util_tpertpar_mod.F90"






NVFORTRAN (Version     24.5)          03/19/2025  06:54:51      page 50

(  837) WRITE (KLUN, '(Z16.16," ",A)') CRC64 (YD%LPERT_RPRCON), CDPATH//'%LPERT_RPRCON'
(  838) # 839 "./util_tpertpar_mod.F90"
(  839) WRITE (KLUN, '(Z16.16," ",A)') CRC64 (YD%RPRCON_MAX), CDPATH//'%RPRCON_MAX'
(  840) # 841 "./util_tpertpar_mod.F90"
(  841) WRITE (KLUN, '(Z16.16," ",A)') CRC64 (YD%RPRCON_MIN), CDPATH//'%RPRCON_MIN'
(  842) # 843 "./util_tpertpar_mod.F90"
(  843) WRITE (KLUN, '(Z16.16," ",A)') CRC64 (YD%LPERT_ENTRORG), CDPATH//'%LPERT_ENTRORG'
(  844) # 845 "./util_tpertpar_mod.F90"
(  845) WRITE (KLUN, '(Z16.16," ",A)') CRC64 (YD%ENTRORG_MAX), CDPATH//'%ENTRORG_MAX'
(  846) # 847 "./util_tpertpar_mod.F90"
(  847) WRITE (KLUN, '(Z16.16," ",A)') CRC64 (YD%ENTRORG_MIN), CDPATH//'%ENTRORG_MIN'
(  848) # 849 "./util_tpertpar_mod.F90"
(  849) WRITE (KLUN, '(Z16.16," ",A)') CRC64 (YD%LPERT_DETRPEN), CDPATH//'%LPERT_DETRPEN'
(  850) # 851 "./util_tpertpar_mod.F90"
(  851) WRITE (KLUN, '(Z16.16," ",A)') CRC64 (YD%DETRPEN_MAX), CDPATH//'%DETRPEN_MAX'
(  852) # 853 "./util_tpertpar_mod.F90"
(  853) WRITE (KLUN, '(Z16.16," ",A)') CRC64 (YD%DETRPEN_MIN), CDPATH//'%DETRPEN_MIN'
(  854) # 855 "./util_tpertpar_mod.F90"
(  855) WRITE (KLUN, '(Z16.16," ",A)') CRC64 (YD%LPERT_RTAUFAC), CDPATH//'%LPERT_RTAUFAC'
(  856) # 857 "./util_tpertpar_mod.F90"
(  857) WRITE (KLUN, '(Z16.16," ",A)') CRC64 (YD%RTAUFAC_MAX), CDPATH//'%RTAUFAC_MAX'
(  858) # 859 "./util_tpertpar_mod.F90"
(  859) WRITE (KLUN, '(Z16.16," ",A)') CRC64 (YD%RTAUFAC_MIN), CDPATH//'%RTAUFAC_MIN'
(  860) # 861 "./util_tpertpar_mod.F90"
(  861) WRITE (KLUN, '(Z16.16," ",A)') CRC64 (YD%LPERT_CUDUV), CDPATH//'%LPERT_CUDUV'
(  862) # 863 "./util_tpertpar_mod.F90"
(  863) WRITE (KLUN, '(Z16.16," ",A)') CRC64 (YD%CUDU_MOD), CDPATH//'%CUDU_MOD'
(  864) # 865 "./util_tpertpar_mod.F90"
(  865) WRITE (KLUN, '(Z16.16," ",A)') CRC64 (YD%CUDV_MOD), CDPATH//'%CUDV_MOD'
(  866) # 867 "./util_tpertpar_mod.F90"
(  867) WRITE (KLUN, '(Z16.16," ",A)') CRC64 (YD%CUDUV_MAX), CDPATH//'%CUDUV_MAX'
(  868) # 869 "./util_tpertpar_mod.F90"
(  869) WRITE (KLUN, '(Z16.16," ",A)') CRC64 (YD%CUDUV_MIN), CDPATH//'%CUDUV_MIN'
(  870) # 871 "./util_tpertpar_mod.F90"
(  871) WRITE (KLUN, '(Z16.16," ",A)') CRC64 (YD%LPERT_GCVRE), CDPATH//'%LPERT_GCVRE'
(  872) # 873 "./util_tpertpar_mod.F90"
(  873) WRITE (KLUN, '(Z16.16," ",A)') CRC64 (YD%GCVRE_MAX), CDPATH//'%GCVRE_MAX'
(  874) # 875 "./util_tpertpar_mod.F90"
(  875) WRITE (KLUN, '(Z16.16," ",A)') CRC64 (YD%GCVRE_MIN), CDPATH//'%GCVRE_MIN'
(  876) # 877 "./util_tpertpar_mod.F90"
(  877) WRITE (KLUN, '(Z16.16," ",A)') CRC64 (YD%LPERT_GCVEZ), CDPATH//'%LPERT_GCVEZ'
(  878) # 879 "./util_tpertpar_mod.F90"
(  879) WRITE (KLUN, '(Z16.16," ",A)') CRC64 (YD%GCVEZ_MAX), CDPATH//'%GCVEZ_MAX'
(  880) # 881 "./util_tpertpar_mod.F90"
(  881) WRITE (KLUN, '(Z16.16," ",A)') CRC64 (YD%GCVEZ_MIN), CDPATH//'%GCVEZ_MIN'
(  882) # 883 "./util_tpertpar_mod.F90"
(  883) WRITE (KLUN, '(Z16.16," ",A)') CRC64 (YD%LPERT_GCVUV), CDPATH//'%LPERT_GCVUV'
(  884) # 885 "./util_tpertpar_mod.F90"
(  885) WRITE (KLUN, '(Z16.16," ",A)') CRC64 (YD%GCVUV_MAX), CDPATH//'%GCVUV_MAX'
(  886) # 887 "./util_tpertpar_mod.F90"
(  887) WRITE (KLUN, '(Z16.16," ",A)') CRC64 (YD%GCVUV_MIN), CDPATH//'%GCVUV_MIN'
(  888) # 889 "./util_tpertpar_mod.F90"
(  889) WRITE (KLUN, '(Z16.16," ",A)') CRC64 (YD%LPERT_AKN), CDPATH//'%LPERT_AKN'
(  890) # 891 "./util_tpertpar_mod.F90"
(  891) WRITE (KLUN, '(Z16.16," ",A)') CRC64 (YD%AKN_MAX), CDPATH//'%AKN_MAX'
(  892) # 893 "./util_tpertpar_mod.F90"
(  893) WRITE (KLUN, '(Z16.16," ",A)') CRC64 (YD%AKN_MIN), CDPATH//'%AKN_MIN'
(  894) # 895 "./util_tpertpar_mod.F90"






NVFORTRAN (Version     24.5)          03/19/2025  06:54:51      page 51

(  895) WRITE (KLUN, '(Z16.16," ",A)') CRC64 (YD%LPERT_ALD), CDPATH//'%LPERT_ALD'
(  896) # 897 "./util_tpertpar_mod.F90"
(  897) WRITE (KLUN, '(Z16.16," ",A)') CRC64 (YD%ALD_MAX), CDPATH//'%ALD_MAX'
(  898) # 899 "./util_tpertpar_mod.F90"
(  899) WRITE (KLUN, '(Z16.16," ",A)') CRC64 (YD%ALD_MIN), CDPATH//'%ALD_MIN'
(  900) # 901 "./util_tpertpar_mod.F90"
(  901) WRITE (KLUN, '(Z16.16," ",A)') CRC64 (YD%LPERT_ALPHAT), CDPATH//'%LPERT_ALPHAT'
(  902) # 903 "./util_tpertpar_mod.F90"
(  903) WRITE (KLUN, '(Z16.16," ",A)') CRC64 (YD%ALPHAT_MAX), CDPATH//'%ALPHAT_MAX'
(  904) # 905 "./util_tpertpar_mod.F90"
(  905) WRITE (KLUN, '(Z16.16," ",A)') CRC64 (YD%ALPHAT_MIN), CDPATH//'%ALPHAT_MIN'
(  906) # 907 "./util_tpertpar_mod.F90"
(  907) WRITE (KLUN, '(Z16.16," ",A)') CRC64 (YD%LPERT_ALMAVE), CDPATH//'%LPERT_ALMAVE'
(  908) # 909 "./util_tpertpar_mod.F90"
(  909) WRITE (KLUN, '(Z16.16," ",A)') CRC64 (YD%ALMAVE_MAX), CDPATH//'%ALMAVE_MAX'
(  910) # 911 "./util_tpertpar_mod.F90"
(  911) WRITE (KLUN, '(Z16.16," ",A)') CRC64 (YD%ALMAVE_MIN), CDPATH//'%ALMAVE_MIN'
(  912) # 913 "./util_tpertpar_mod.F90"
(  913) WRITE (KLUN, '(Z16.16," ",A)') CRC64 (YD%LPERT_TFVL), CDPATH//'%LPERT_TFVL'
(  914) # 915 "./util_tpertpar_mod.F90"
(  915) WRITE (KLUN, '(Z16.16," ",A)') CRC64 (YD%TFVL_MIN), CDPATH//'%TFVL_MIN'
(  916) # 917 "./util_tpertpar_mod.F90"
(  917) WRITE (KLUN, '(Z16.16," ",A)') CRC64 (YD%TFVL_MAX), CDPATH//'%TFVL_MAX'
(  918) # 919 "./util_tpertpar_mod.F90"
(  919) WRITE (KLUN, '(Z16.16," ",A)') CRC64 (YD%LPERT_TFVR), CDPATH//'%LPERT_TFVR'
(  920) # 921 "./util_tpertpar_mod.F90"
(  921) WRITE (KLUN, '(Z16.16," ",A)') CRC64 (YD%TFVR_MIN), CDPATH//'%TFVR_MIN'
(  922) # 923 "./util_tpertpar_mod.F90"
(  923) WRITE (KLUN, '(Z16.16," ",A)') CRC64 (YD%TFVR_MAX), CDPATH//'%TFVR_MAX'
(  924) # 925 "./util_tpertpar_mod.F90"
(  925) WRITE (KLUN, '(Z16.16," ",A)') CRC64 (YD%LPERT_TFVS), CDPATH//'%LPERT_TFVS'
(  926) # 927 "./util_tpertpar_mod.F90"
(  927) WRITE (KLUN, '(Z16.16," ",A)') CRC64 (YD%TFVS_MIN), CDPATH//'%TFVS_MIN'
(  928) # 929 "./util_tpertpar_mod.F90"
(  929) WRITE (KLUN, '(Z16.16," ",A)') CRC64 (YD%TFVS_MAX), CDPATH//'%TFVS_MAX'
(  930) # 931 "./util_tpertpar_mod.F90"
(  931) WRITE (KLUN, '(Z16.16," ",A)') CRC64 (YD%LPERT_TFVI), CDPATH//'%LPERT_TFVI'
(  932) # 933 "./util_tpertpar_mod.F90"
(  933) WRITE (KLUN, '(Z16.16," ",A)') CRC64 (YD%TFVI_MIN), CDPATH//'%TFVI_MIN'
(  934) # 935 "./util_tpertpar_mod.F90"
(  935) WRITE (KLUN, '(Z16.16," ",A)') CRC64 (YD%TFVI_MAX), CDPATH//'%TFVI_MAX'
(  936) # 937 "./util_tpertpar_mod.F90"
(  937) WRITE (KLUN, '(Z16.16," ",A)') CRC64 (YD%LPERT_RAUTEFR), CDPATH//'%LPERT_RAUTEFR'
(  938) # 939 "./util_tpertpar_mod.F90"
(  939) WRITE (KLUN, '(Z16.16," ",A)') CRC64 (YD%RAUTEFR_MIN), CDPATH//'%RAUTEFR_MIN'
(  940) # 941 "./util_tpertpar_mod.F90"
(  941) WRITE (KLUN, '(Z16.16," ",A)') CRC64 (YD%RAUTEFR_MAX), CDPATH//'%RAUTEFR_MAX'
(  942) # 943 "./util_tpertpar_mod.F90"
(  943) WRITE (KLUN, '(Z16.16," ",A)') CRC64 (YD%LPERT_RAUTEFS), CDPATH//'%LPERT_RAUTEFS'
(  944) # 945 "./util_tpertpar_mod.F90"
(  945) WRITE (KLUN, '(Z16.16," ",A)') CRC64 (YD%RAUTEFS_MIN), CDPATH//'%RAUTEFS_MIN'
(  946) # 947 "./util_tpertpar_mod.F90"
(  947) WRITE (KLUN, '(Z16.16," ",A)') CRC64 (YD%RAUTEFS_MAX), CDPATH//'%RAUTEFS_MAX'
(  948) # 949 "./util_tpertpar_mod.F90"
(  949) WRITE (KLUN, '(Z16.16," ",A)') CRC64 (YD%LPERT_RQICRMIN), CDPATH//'%LPERT_RQICRMIN'
(  950) # 951 "./util_tpertpar_mod.F90"
(  951) WRITE (KLUN, '(Z16.16," ",A)') CRC64 (YD%RQICRMIN_MIN), CDPATH//'%RQICRMIN_MIN'
(  952) # 953 "./util_tpertpar_mod.F90"






NVFORTRAN (Version     24.5)          03/19/2025  06:54:51      page 52

(  953) WRITE (KLUN, '(Z16.16," ",A)') CRC64 (YD%RQICRMIN_MAX), CDPATH//'%RQICRMIN_MAX'
(  954) # 955 "./util_tpertpar_mod.F90"
(  955) WRITE (KLUN, '(Z16.16," ",A)') CRC64 (YD%LPERT_RQICRMAX), CDPATH//'%LPERT_RQICRMAX'
(  956) # 957 "./util_tpertpar_mod.F90"
(  957) WRITE (KLUN, '(Z16.16," ",A)') CRC64 (YD%RQICRMAX_MIN), CDPATH//'%RQICRMAX_MIN'
(  958) # 959 "./util_tpertpar_mod.F90"
(  959) WRITE (KLUN, '(Z16.16," ",A)') CRC64 (YD%RQICRMAX_MAX), CDPATH//'%RQICRMAX_MAX'
(  960) # 961 "./util_tpertpar_mod.F90"
(  961) WRITE (KLUN, '(Z16.16," ",A)') CRC64 (YD%LPERT_RQLCR), CDPATH//'%LPERT_RQLCR'
(  962) # 963 "./util_tpertpar_mod.F90"
(  963) WRITE (KLUN, '(Z16.16," ",A)') CRC64 (YD%RQLCR_MIN), CDPATH//'%RQLCR_MIN'
(  964) # 965 "./util_tpertpar_mod.F90"
(  965) WRITE (KLUN, '(Z16.16," ",A)') CRC64 (YD%RQLCR_MAX), CDPATH//'%RQLCR_MAX'
(  966) # 967 "./util_tpertpar_mod.F90"
(  967) WRITE (KLUN, '(Z16.16," ",A)') CRC64 (YD%LPERT_RACCEF), CDPATH//'%LPERT_RACCEF'
(  968) # 969 "./util_tpertpar_mod.F90"
(  969) WRITE (KLUN, '(Z16.16," ",A)') CRC64 (YD%RACCEF_MIN), CDPATH//'%RACCEF_MIN'
(  970) # 971 "./util_tpertpar_mod.F90"
(  971) WRITE (KLUN, '(Z16.16," ",A)') CRC64 (YD%RACCEF_MAX), CDPATH//'%RACCEF_MAX'
(  972) # 973 "./util_tpertpar_mod.F90"
(  973) WRITE (KLUN, '(Z16.16," ",A)') CRC64 (YD%LPERT_RRIMEF), CDPATH//'%LPERT_RRIMEF'
(  974) # 975 "./util_tpertpar_mod.F90"
(  975) WRITE (KLUN, '(Z16.16," ",A)') CRC64 (YD%RRIMEF_MIN), CDPATH//'%RRIMEF_MIN'
(  976) # 977 "./util_tpertpar_mod.F90"
(  977) WRITE (KLUN, '(Z16.16," ",A)') CRC64 (YD%RRIMEF_MAX), CDPATH//'%RRIMEF_MAX'
(  978) # 979 "./util_tpertpar_mod.F90"
(  979) WRITE (KLUN, '(Z16.16," ",A)') CRC64 (YD%LPERT_RAGGEF), CDPATH//'%LPERT_RAGGEF'
(  980) # 981 "./util_tpertpar_mod.F90"
(  981) WRITE (KLUN, '(Z16.16," ",A)') CRC64 (YD%RAGGEF_MIN), CDPATH//'%RAGGEF_MIN'
(  982) # 983 "./util_tpertpar_mod.F90"
(  983) WRITE (KLUN, '(Z16.16," ",A)') CRC64 (YD%RAGGEF_MAX), CDPATH//'%RAGGEF_MAX'
(  984) # 985 "./util_tpertpar_mod.F90"
(  985) WRITE (KLUN, '(Z16.16," ",A)') CRC64 (YD%LPERT_REVASX), CDPATH//'%LPERT_REVASX'
(  986) # 987 "./util_tpertpar_mod.F90"
(  987) WRITE (KLUN, '(Z16.16," ",A)') CRC64 (YD%REVASX_MIN), CDPATH//'%REVASX_MIN'
(  988) # 989 "./util_tpertpar_mod.F90"
(  989) WRITE (KLUN, '(Z16.16," ",A)') CRC64 (YD%REVASX_MAX), CDPATH//'%REVASX_MAX'
(  990) # 991 "./util_tpertpar_mod.F90"
(  991) WRITE (KLUN, '(Z16.16," ",A)') CRC64 (YD%LPERT_RDTFAC), CDPATH//'%LPERT_RDTFAC'
(  992) # 993 "./util_tpertpar_mod.F90"
(  993) WRITE (KLUN, '(Z16.16," ",A)') CRC64 (YD%RDTFAC_MIN), CDPATH//'%RDTFAC_MIN'
(  994) # 995 "./util_tpertpar_mod.F90"
(  995) WRITE (KLUN, '(Z16.16," ",A)') CRC64 (YD%RDTFAC_MAX), CDPATH//'%RDTFAC_MAX'
(  996) # 997 "./util_tpertpar_mod.F90"
(  997) WRITE (KLUN, '(Z16.16," ",A)') CRC64 (YD%LPERT_RHCRIT1), CDPATH//'%LPERT_RHCRIT1'
(  998) # 999 "./util_tpertpar_mod.F90"
(  999) WRITE (KLUN, '(Z16.16," ",A)') CRC64 (YD%RHCRIT1_MIN), CDPATH//'%RHCRIT1_MIN'
( 1000) # 1001 "./util_tpertpar_mod.F90"
( 1001) WRITE (KLUN, '(Z16.16," ",A)') CRC64 (YD%RHCRIT1_MAX), CDPATH//'%RHCRIT1_MAX'
( 1002) # 1003 "./util_tpertpar_mod.F90"
( 1003) WRITE (KLUN, '(Z16.16," ",A)') CRC64 (YD%LPERT_GRHCMOD), CDPATH//'%LPERT_GRHCMOD'
( 1004) # 1005 "./util_tpertpar_mod.F90"
( 1005) WRITE (KLUN, '(Z16.16," ",A)') CRC64 (YD%GRHCMOD_MIN), CDPATH//'%GRHCMOD_MIN'
( 1006) # 1007 "./util_tpertpar_mod.F90"
( 1007) WRITE (KLUN, '(Z16.16," ",A)') CRC64 (YD%GRHCMOD_MAX), CDPATH//'%GRHCMOD_MAX'
( 1008) # 1009 "./util_tpertpar_mod.F90"
( 1009) WRITE (KLUN, '(Z16.16," ",A)') CRC64 (YD%LPERT_GWDCD), CDPATH//'%LPERT_GWDCD'
( 1010) # 1011 "./util_tpertpar_mod.F90"






NVFORTRAN (Version     24.5)          03/19/2025  06:54:51      page 53

( 1011) WRITE (KLUN, '(Z16.16," ",A)') CRC64 (YD%GWDCD_MIN), CDPATH//'%GWDCD_MIN'
( 1012) # 1013 "./util_tpertpar_mod.F90"
( 1013) WRITE (KLUN, '(Z16.16," ",A)') CRC64 (YD%GWDCD_MAX), CDPATH//'%GWDCD_MAX'
( 1014) # 1015 "./util_tpertpar_mod.F90"
( 1015) WRITE (KLUN, '(Z16.16," ",A)') CRC64 (YD%LPERT_GWDSE), CDPATH//'%LPERT_GWDSE'
( 1016) # 1017 "./util_tpertpar_mod.F90"
( 1017) WRITE (KLUN, '(Z16.16," ",A)') CRC64 (YD%GWDSE_MIN), CDPATH//'%GWDSE_MIN'
( 1018) # 1019 "./util_tpertpar_mod.F90"
( 1019) WRITE (KLUN, '(Z16.16," ",A)') CRC64 (YD%GWDSE_MAX), CDPATH//'%GWDSE_MAX'
( 1020) # 1021 "./util_tpertpar_mod.F90"
( 1021) WRITE (KLUN, '(Z16.16," ",A)') CRC64 (YD%LPERT_HOBST), CDPATH//'%LPERT_HOBST'
( 1022) # 1023 "./util_tpertpar_mod.F90"
( 1023) WRITE (KLUN, '(Z16.16," ",A)') CRC64 (YD%HOBST_MIN), CDPATH//'%HOBST_MIN'
( 1024) # 1025 "./util_tpertpar_mod.F90"
( 1025) WRITE (KLUN, '(Z16.16," ",A)') CRC64 (YD%HOBST_MAX), CDPATH//'%HOBST_MAX'
( 1026) # 1027 "./util_tpertpar_mod.F90"
( 1027) WRITE (KLUN, '(Z16.16," ",A)') CRC64 (YD%LPERT_RRATSEA), CDPATH//'%LPERT_RRATSEA'
( 1028) # 1029 "./util_tpertpar_mod.F90"
( 1029) WRITE (KLUN, '(Z16.16," ",A)') CRC64 (YD%RRATSEA_MIN), CDPATH//'%RRATSEA_MIN'
( 1030) # 1031 "./util_tpertpar_mod.F90"
( 1031) WRITE (KLUN, '(Z16.16," ",A)') CRC64 (YD%RRATSEA_MAX), CDPATH//'%RRATSEA_MAX'
( 1032) # 1033 "./util_tpertpar_mod.F90"
( 1033) WRITE (KLUN, '(Z16.16," ",A)') CRC64 (YD%LPERT_RRATLAND), CDPATH//'%LPERT_RRATLAND'
( 1034) # 1035 "./util_tpertpar_mod.F90"
( 1035) WRITE (KLUN, '(Z16.16," ",A)') CRC64 (YD%RRATLAND_MIN), CDPATH//'%RRATLAND_MIN'
( 1036) # 1037 "./util_tpertpar_mod.F90"
( 1037) WRITE (KLUN, '(Z16.16," ",A)') CRC64 (YD%RRATLAND_MAX), CDPATH//'%RRATLAND_MAX'
( 1038) # 1039 "./util_tpertpar_mod.F90"
( 1039) WRITE (KLUN, '(Z16.16," ",A)') CRC64 (YD%LPERT_RRATDRI), CDPATH//'%LPERT_RRATDRI'
( 1040) # 1041 "./util_tpertpar_mod.F90"
( 1041) WRITE (KLUN, '(Z16.16," ",A)') CRC64 (YD%RRATDRI_MAX), CDPATH//'%RRATDRI_MAX'
( 1042) # 1043 "./util_tpertpar_mod.F90"
( 1043) WRITE (KLUN, '(Z16.16," ",A)') CRC64 (YD%RRATDRI_MIN), CDPATH//'%RRATDRI_MIN'
( 1044) # 1045 "./util_tpertpar_mod.F90"
( 1045) WRITE (KLUN, '(Z16.16," ",A)') CRC64 (YD%LPERT_RCADECOR), CDPATH//'%LPERT_RCADECOR'
( 1046) # 1047 "./util_tpertpar_mod.F90"
( 1047) WRITE (KLUN, '(Z16.16," ",A)') CRC64 (YD%RCADECOR_MAX), CDPATH//'%RCADECOR_MAX'
( 1048) # 1049 "./util_tpertpar_mod.F90"
( 1049) WRITE (KLUN, '(Z16.16," ",A)') CRC64 (YD%RCADECOR_MIN), CDPATH//'%RCADECOR_MIN'
( 1050) # 1051 "./util_tpertpar_mod.F90"
( 1051) WRITE (KLUN, '(Z16.16," ",A)') CRC64 (YD%LPERT_RCBDECOR), CDPATH//'%LPERT_RCBDECOR'
( 1052) # 1053 "./util_tpertpar_mod.F90"
( 1053) WRITE (KLUN, '(Z16.16," ",A)') CRC64 (YD%RCBDECOR_MAX), CDPATH//'%RCBDECOR_MAX'
( 1054) # 1055 "./util_tpertpar_mod.F90"
( 1055) WRITE (KLUN, '(Z16.16," ",A)') CRC64 (YD%RCBDECOR_MIN), CDPATH//'%RCBDECOR_MIN'
( 1056) # 1057 "./util_tpertpar_mod.F90"
( 1057) WRITE (KLUN, '(Z16.16," ",A)') CRC64 (YD%LPERT_RSIGMA2), CDPATH//'%LPERT_RSIGMA2'
( 1058) # 1059 "./util_tpertpar_mod.F90"
( 1059) WRITE (KLUN, '(Z16.16," ",A)') CRC64 (YD%RSIGMA2_MAX), CDPATH//'%RSIGMA2_MAX'
( 1060) # 1061 "./util_tpertpar_mod.F90"
( 1061) WRITE (KLUN, '(Z16.16," ",A)') CRC64 (YD%RSIGMA2_MIN), CDPATH//'%RSIGMA2_MIN'
( 1062) # 1063 "./util_tpertpar_mod.F90"
( 1063) WRITE (KLUN, '(Z16.16," ",A)') CRC64 (YD%LPERT_RFACDICE), CDPATH//'%LPERT_RFACDICE'
( 1064) # 1065 "./util_tpertpar_mod.F90"
( 1065) WRITE (KLUN, '(Z16.16," ",A)') CRC64 (YD%RFACDICE_MAX), CDPATH//'%RFACDICE_MAX'
( 1066) # 1067 "./util_tpertpar_mod.F90"
( 1067) WRITE (KLUN, '(Z16.16," ",A)') CRC64 (YD%RFACDICE_MIN), CDPATH//'%RFACDICE_MIN'
( 1068) # 1069 "./util_tpertpar_mod.F90"






NVFORTRAN (Version     24.5)          03/19/2025  06:54:51      page 54

( 1069) WRITE (KLUN, '(Z16.16," ",A)') CRC64 (YD%LPERT_XRIMAX), CDPATH//'%LPERT_XRIMAX'
( 1070) # 1071 "./util_tpertpar_mod.F90"
( 1071) WRITE (KLUN, '(Z16.16," ",A)') CRC64 (YD%XRIMAX_MIN), CDPATH//'%XRIMAX_MIN'
( 1072) # 1073 "./util_tpertpar_mod.F90"
( 1073) WRITE (KLUN, '(Z16.16," ",A)') CRC64 (YD%XRIMAX_MAX), CDPATH//'%XRIMAX_MAX'
( 1074) # 1075 "./util_tpertpar_mod.F90"
( 1075) WRITE (KLUN, '(Z16.16," ",A)') CRC64 (YD%LPERT_XFRACZ0), CDPATH//'%LPERT_XFRACZ0'
( 1076) # 1077 "./util_tpertpar_mod.F90"
( 1077) WRITE (KLUN, '(Z16.16," ",A)') CRC64 (YD%XFRACZ0_MIN), CDPATH//'%XFRACZ0_MIN'
( 1078) # 1079 "./util_tpertpar_mod.F90"
( 1079) WRITE (KLUN, '(Z16.16," ",A)') CRC64 (YD%XFRACZ0_MAX), CDPATH//'%XFRACZ0_MAX'
( 1080) # 1081 "./util_tpertpar_mod.F90"
( 1081) WRITE (KLUN, '(Z16.16," ",A)') CRC64 (YD%LPERT_OTADJS), CDPATH//'%LPERT_OTADJS'
( 1082) # 1083 "./util_tpertpar_mod.F90"
( 1083) WRITE (KLUN, '(Z16.16," ",A)') CRC64 (YD%OTADJS_MIN), CDPATH//'%OTADJS_MIN'
( 1084) # 1085 "./util_tpertpar_mod.F90"
( 1085) WRITE (KLUN, '(Z16.16," ",A)') CRC64 (YD%OTADJS_MAX), CDPATH//'%OTADJS_MAX'
( 1086) # 1087 "./util_tpertpar_mod.F90"
( 1087) WRITE (KLUN, '(Z16.16," ",A)') CRC64 (YD%LPERT_XENTR), CDPATH//'%LPERT_XENTR'
( 1088) # 1089 "./util_tpertpar_mod.F90"
( 1089) WRITE (KLUN, '(Z16.16," ",A)') CRC64 (YD%XENTR_MIN), CDPATH//'%XENTR_MIN'
( 1090) # 1091 "./util_tpertpar_mod.F90"
( 1091) WRITE (KLUN, '(Z16.16," ",A)') CRC64 (YD%XENTR_MAX), CDPATH//'%XENTR_MAX'
( 1092) # 1093 "./util_tpertpar_mod.F90"
( 1093) WRITE (KLUN, '(Z16.16," ",A)') CRC64 (YD%LPERT_XATPERT), CDPATH//'%LPERT_XATPERT'
( 1094) # 1095 "./util_tpertpar_mod.F90"
( 1095) WRITE (KLUN, '(Z16.16," ",A)') CRC64 (YD%XATPERT_MIN), CDPATH//'%XATPERT_MIN'
( 1096) # 1097 "./util_tpertpar_mod.F90"
( 1097) WRITE (KLUN, '(Z16.16," ",A)') CRC64 (YD%XATPERT_MAX), CDPATH//'%XATPERT_MAX'
( 1098) # 1099 "./util_tpertpar_mod.F90"
( 1099) WRITE (KLUN, '(Z16.16," ",A)') CRC64 (YD%LPERT_XBTPERT), CDPATH//'%LPERT_XBTPERT'
( 1100) # 1101 "./util_tpertpar_mod.F90"
( 1101) WRITE (KLUN, '(Z16.16," ",A)') CRC64 (YD%XBTPERT_MIN), CDPATH//'%XBTPERT_MIN'
( 1102) # 1103 "./util_tpertpar_mod.F90"
( 1103) WRITE (KLUN, '(Z16.16," ",A)') CRC64 (YD%XBTPERT_MAX), CDPATH//'%XBTPERT_MAX'
( 1104) # 1105 "./util_tpertpar_mod.F90"
( 1105) WRITE (KLUN, '(Z16.16," ",A)') CRC64 (YD%LPERT_XDTPERT), CDPATH//'%LPERT_XDTPERT'
( 1106) # 1107 "./util_tpertpar_mod.F90"
( 1107) WRITE (KLUN, '(Z16.16," ",A)') CRC64 (YD%XDTPERT_MIN), CDPATH//'%XDTPERT_MIN'
( 1108) # 1109 "./util_tpertpar_mod.F90"
( 1109) WRITE (KLUN, '(Z16.16," ",A)') CRC64 (YD%XDTPERT_MAX), CDPATH//'%XDTPERT_MAX'
( 1110) # 1111 "./util_tpertpar_mod.F90"
( 1111) WRITE (KLUN, '(Z16.16," ",A)') CRC64 (YD%LPERT_XAW), CDPATH//'%LPERT_XAW'
( 1112) # 1113 "./util_tpertpar_mod.F90"
( 1113) WRITE (KLUN, '(Z16.16," ",A)') CRC64 (YD%XAW_MIN), CDPATH//'%XAW_MIN'
( 1114) # 1115 "./util_tpertpar_mod.F90"
( 1115) WRITE (KLUN, '(Z16.16," ",A)') CRC64 (YD%XAW_MAX), CDPATH//'%XAW_MAX'
( 1116) # 1117 "./util_tpertpar_mod.F90"
( 1117) WRITE (KLUN, '(Z16.16," ",A)') CRC64 (YD%LPERT_XBW), CDPATH//'%LPERT_XBW'
( 1118) # 1119 "./util_tpertpar_mod.F90"
( 1119) WRITE (KLUN, '(Z16.16," ",A)') CRC64 (YD%XBW_MIN), CDPATH//'%XBW_MIN'
( 1120) # 1121 "./util_tpertpar_mod.F90"
( 1121) WRITE (KLUN, '(Z16.16," ",A)') CRC64 (YD%XBW_MAX), CDPATH//'%XBW_MAX'
( 1122) # 1123 "./util_tpertpar_mod.F90"
( 1123) WRITE (KLUN, '(Z16.16," ",A)') CRC64 (YD%LPERT_RKFBTAU), CDPATH//'%LPERT_RKFBTAU'
( 1124) # 1125 "./util_tpertpar_mod.F90"
( 1125) WRITE (KLUN, '(Z16.16," ",A)') CRC64 (YD%RKFBTAU_MIN), CDPATH//'%RKFBTAU_MIN'
( 1126) # 1127 "./util_tpertpar_mod.F90"






NVFORTRAN (Version     24.5)          03/19/2025  06:54:51      page 55

( 1127) WRITE (KLUN, '(Z16.16," ",A)') CRC64 (YD%RKFBTAU_MAX), CDPATH//'%RKFBTAU_MAX'
( 1128) # 1129 "./util_tpertpar_mod.F90"
( 1129) WRITE (KLUN, '(Z16.16," ",A)') CRC64 (YD%LPERT_RKFBNBX), CDPATH//'%LPERT_RKFBNBX'
( 1130) # 1131 "./util_tpertpar_mod.F90"
( 1131) WRITE (KLUN, '(Z16.16," ",A)') CRC64 (YD%RKFBNBX_MIN), CDPATH//'%RKFBNBX_MIN'
( 1132) # 1133 "./util_tpertpar_mod.F90"
( 1133) WRITE (KLUN, '(Z16.16," ",A)') CRC64 (YD%RKFBNBX_MAX), CDPATH//'%RKFBNBX_MAX'
( 1134) # 1135 "./util_tpertpar_mod.F90"
( 1135) WRITE (KLUN, '(Z16.16," ",A)') CRC64 (YD%LPERT_XPERTFLUX), CDPATH//'%LPERT_XPERTFLUX'
( 1136) # 1137 "./util_tpertpar_mod.F90"
( 1137) WRITE (KLUN, '(Z16.16," ",A)') CRC64 (YD%XPERTFLUX_MAX), CDPATH//'%XPERTFLUX_MAX'
( 1138) # 1139 "./util_tpertpar_mod.F90"
( 1139) WRITE (KLUN, '(Z16.16," ",A)') CRC64 (YD%XPERTFLUX_MIN), CDPATH//'%XPERTFLUX_MIN'
( 1140) # 1141 "./util_tpertpar_mod.F90"
( 1141) END SUBROUTINE
( 1142) # 1143 "./util_tpertpar_mod.F90"
( 1143) SUBROUTINE WIPE_TPERTPAR (YD, LDDELETED, LDFIELDAPI)
( 1144) # 1145 "./util_tpertpar_mod.F90"
( 1145) IMPLICIT NONE
( 1146) TYPE (TPERTPAR), INTENT (IN), TARGET :: YD
( 1147) LOGICAL, OPTIONAL, INTENT (IN) :: LDDELETED, LDFIELDAPI
( 1148) LOGICAL :: LLDELETED
( 1149) LOGICAL :: LLFIELDAPI
( 1150) # 1151 "./util_tpertpar_mod.F90"
( 1151) LLFIELDAPI = .FALSE.
( 1152) IF (PRESENT (LDFIELDAPI)) THEN
( 1153)   LLFIELDAPI = LDFIELDAPI
( 1154) ENDIF
( 1155) # 1312 "./util_tpertpar_mod.F90"
( 1312) LLDELETED = .FALSE.
( 1313) IF (PRESENT (LDDELETED)) THEN
( 1314)   LLDELETED = LDDELETED
( 1315) ENDIF
( 1316) IF (.NOT. LLDELETED) THEN
( 1317)   !$acc exit data delete (YD)
( 1318) ENDIF
( 1319) END SUBROUTINE
( 1320) # 1321 "./util_tpertpar_mod.F90"
( 1321) INTEGER*8 FUNCTION SIZE_TPERTPAR (YD, CDPATH, LDPRINT) RESULT (KSIZE)
( 1322) # 1323 "./util_tpertpar_mod.F90"
( 1323) IMPLICIT NONE
( 1324) TYPE (TPERTPAR),     INTENT (IN), TARGET :: YD
( 1325) CHARACTER(LEN=*), INTENT (IN), OPTIONAL :: CDPATH
( 1326) LOGICAL,          INTENT (IN), OPTIONAL :: LDPRINT
( 1327) INTEGER*8 :: ISIZE, JSIZE
( 1328) LOGICAL :: LLPRINT
( 1329) CHARACTER(LEN=128) :: CLPATH
( 1330) # 1331 "./util_tpertpar_mod.F90"
( 1331) LLPRINT = .FALSE.
( 1332) IF (PRESENT (LDPRINT)) THEN
( 1333)   LLPRINT = LDPRINT
( 1334) ENDIF
( 1335) CLPATH=''
( 1336) IF (PRESENT (CDPATH)) THEN
( 1337)   CLPATH = CDPATH
( 1338) ENDIF
( 1339) KSIZE = 0
( 1340) ISIZE = KIND (YD%LPERTPAR)






NVFORTRAN (Version     24.5)          03/19/2025  06:54:51      page 56

( 1341) IF (LLPRINT) THEN
( 1342)   WRITE (*, '(I10," ")', ADVANCE='NO') ISIZE
( 1343)   WRITE (*, *) TRIM (CLPATH)//'%LPERTPAR'
( 1344) ENDIF
( 1345) KSIZE = KSIZE + ISIZE
( 1346) ISIZE = KIND (YD%NSEED_MBR)
( 1347) IF (LLPRINT) THEN
( 1348)   WRITE (*, '(I10," ")', ADVANCE='NO') ISIZE
( 1349)   WRITE (*, *) TRIM (CLPATH)//'%NSEED_MBR'
( 1350) ENDIF
( 1351) KSIZE = KSIZE + ISIZE
( 1352) ISIZE = KIND (YD%LPERT_RMFDEPS)
( 1353) IF (LLPRINT) THEN
( 1354)   WRITE (*, '(I10," ")', ADVANCE='NO') ISIZE
( 1355)   WRITE (*, *) TRIM (CLPATH)//'%LPERT_RMFDEPS'
( 1356) ENDIF
( 1357) KSIZE = KSIZE + ISIZE
( 1358) ISIZE = KIND (YD%RMFDEPS_MAX)
( 1359) IF (LLPRINT) THEN
( 1360)   WRITE (*, '(I10," ")', ADVANCE='NO') ISIZE
( 1361)   WRITE (*, *) TRIM (CLPATH)//'%RMFDEPS_MAX'
( 1362) ENDIF
( 1363) KSIZE = KSIZE + ISIZE
( 1364) ISIZE = KIND (YD%RMFDEPS_MIN)
( 1365) IF (LLPRINT) THEN
( 1366)   WRITE (*, '(I10," ")', ADVANCE='NO') ISIZE
( 1367)   WRITE (*, *) TRIM (CLPATH)//'%RMFDEPS_MIN'
( 1368) ENDIF
( 1369) KSIZE = KSIZE + ISIZE
( 1370) ISIZE = KIND (YD%LPERT_RPRCON)
( 1371) IF (LLPRINT) THEN
( 1372)   WRITE (*, '(I10," ")', ADVANCE='NO') ISIZE
( 1373)   WRITE (*, *) TRIM (CLPATH)//'%LPERT_RPRCON'
( 1374) ENDIF
( 1375) KSIZE = KSIZE + ISIZE
( 1376) ISIZE = KIND (YD%RPRCON_MAX)
( 1377) IF (LLPRINT) THEN
( 1378)   WRITE (*, '(I10," ")', ADVANCE='NO') ISIZE
( 1379)   WRITE (*, *) TRIM (CLPATH)//'%RPRCON_MAX'
( 1380) ENDIF
( 1381) KSIZE = KSIZE + ISIZE
( 1382) ISIZE = KIND (YD%RPRCON_MIN)
( 1383) IF (LLPRINT) THEN
( 1384)   WRITE (*, '(I10," ")', ADVANCE='NO') ISIZE
( 1385)   WRITE (*, *) TRIM (CLPATH)//'%RPRCON_MIN'
( 1386) ENDIF
( 1387) KSIZE = KSIZE + ISIZE
( 1388) ISIZE = KIND (YD%LPERT_ENTRORG)
( 1389) IF (LLPRINT) THEN
( 1390)   WRITE (*, '(I10," ")', ADVANCE='NO') ISIZE
( 1391)   WRITE (*, *) TRIM (CLPATH)//'%LPERT_ENTRORG'
( 1392) ENDIF
( 1393) KSIZE = KSIZE + ISIZE
( 1394) ISIZE = KIND (YD%ENTRORG_MAX)
( 1395) IF (LLPRINT) THEN
( 1396)   WRITE (*, '(I10," ")', ADVANCE='NO') ISIZE
( 1397)   WRITE (*, *) TRIM (CLPATH)//'%ENTRORG_MAX'
( 1398) ENDIF






NVFORTRAN (Version     24.5)          03/19/2025  06:54:51      page 57

( 1399) KSIZE = KSIZE + ISIZE
( 1400) ISIZE = KIND (YD%ENTRORG_MIN)
( 1401) IF (LLPRINT) THEN
( 1402)   WRITE (*, '(I10," ")', ADVANCE='NO') ISIZE
( 1403)   WRITE (*, *) TRIM (CLPATH)//'%ENTRORG_MIN'
( 1404) ENDIF
( 1405) KSIZE = KSIZE + ISIZE
( 1406) ISIZE = KIND (YD%LPERT_DETRPEN)
( 1407) IF (LLPRINT) THEN
( 1408)   WRITE (*, '(I10," ")', ADVANCE='NO') ISIZE
( 1409)   WRITE (*, *) TRIM (CLPATH)//'%LPERT_DETRPEN'
( 1410) ENDIF
( 1411) KSIZE = KSIZE + ISIZE
( 1412) ISIZE = KIND (YD%DETRPEN_MAX)
( 1413) IF (LLPRINT) THEN
( 1414)   WRITE (*, '(I10," ")', ADVANCE='NO') ISIZE
( 1415)   WRITE (*, *) TRIM (CLPATH)//'%DETRPEN_MAX'
( 1416) ENDIF
( 1417) KSIZE = KSIZE + ISIZE
( 1418) ISIZE = KIND (YD%DETRPEN_MIN)
( 1419) IF (LLPRINT) THEN
( 1420)   WRITE (*, '(I10," ")', ADVANCE='NO') ISIZE
( 1421)   WRITE (*, *) TRIM (CLPATH)//'%DETRPEN_MIN'
( 1422) ENDIF
( 1423) KSIZE = KSIZE + ISIZE
( 1424) ISIZE = KIND (YD%LPERT_RTAUFAC)
( 1425) IF (LLPRINT) THEN
( 1426)   WRITE (*, '(I10," ")', ADVANCE='NO') ISIZE
( 1427)   WRITE (*, *) TRIM (CLPATH)//'%LPERT_RTAUFAC'
( 1428) ENDIF
( 1429) KSIZE = KSIZE + ISIZE
( 1430) ISIZE = KIND (YD%RTAUFAC_MAX)
( 1431) IF (LLPRINT) THEN
( 1432)   WRITE (*, '(I10," ")', ADVANCE='NO') ISIZE
( 1433)   WRITE (*, *) TRIM (CLPATH)//'%RTAUFAC_MAX'
( 1434) ENDIF
( 1435) KSIZE = KSIZE + ISIZE
( 1436) ISIZE = KIND (YD%RTAUFAC_MIN)
( 1437) IF (LLPRINT) THEN
( 1438)   WRITE (*, '(I10," ")', ADVANCE='NO') ISIZE
( 1439)   WRITE (*, *) TRIM (CLPATH)//'%RTAUFAC_MIN'
( 1440) ENDIF
( 1441) KSIZE = KSIZE + ISIZE
( 1442) ISIZE = KIND (YD%LPERT_CUDUV)
( 1443) IF (LLPRINT) THEN
( 1444)   WRITE (*, '(I10," ")', ADVANCE='NO') ISIZE
( 1445)   WRITE (*, *) TRIM (CLPATH)//'%LPERT_CUDUV'
( 1446) ENDIF
( 1447) KSIZE = KSIZE + ISIZE
( 1448) ISIZE = KIND (YD%CUDU_MOD)
( 1449) IF (LLPRINT) THEN
( 1450)   WRITE (*, '(I10," ")', ADVANCE='NO') ISIZE
( 1451)   WRITE (*, *) TRIM (CLPATH)//'%CUDU_MOD'
( 1452) ENDIF
( 1453) KSIZE = KSIZE + ISIZE
( 1454) ISIZE = KIND (YD%CUDV_MOD)
( 1455) IF (LLPRINT) THEN
( 1456)   WRITE (*, '(I10," ")', ADVANCE='NO') ISIZE






NVFORTRAN (Version     24.5)          03/19/2025  06:54:51      page 58

( 1457)   WRITE (*, *) TRIM (CLPATH)//'%CUDV_MOD'
( 1458) ENDIF
( 1459) KSIZE = KSIZE + ISIZE
( 1460) ISIZE = KIND (YD%CUDUV_MAX)
( 1461) IF (LLPRINT) THEN
( 1462)   WRITE (*, '(I10," ")', ADVANCE='NO') ISIZE
( 1463)   WRITE (*, *) TRIM (CLPATH)//'%CUDUV_MAX'
( 1464) ENDIF
( 1465) KSIZE = KSIZE + ISIZE
( 1466) ISIZE = KIND (YD%CUDUV_MIN)
( 1467) IF (LLPRINT) THEN
( 1468)   WRITE (*, '(I10," ")', ADVANCE='NO') ISIZE
( 1469)   WRITE (*, *) TRIM (CLPATH)//'%CUDUV_MIN'
( 1470) ENDIF
( 1471) KSIZE = KSIZE + ISIZE
( 1472) ISIZE = KIND (YD%LPERT_GCVRE)
( 1473) IF (LLPRINT) THEN
( 1474)   WRITE (*, '(I10," ")', ADVANCE='NO') ISIZE
( 1475)   WRITE (*, *) TRIM (CLPATH)//'%LPERT_GCVRE'
( 1476) ENDIF
( 1477) KSIZE = KSIZE + ISIZE
( 1478) ISIZE = KIND (YD%GCVRE_MAX)
( 1479) IF (LLPRINT) THEN
( 1480)   WRITE (*, '(I10," ")', ADVANCE='NO') ISIZE
( 1481)   WRITE (*, *) TRIM (CLPATH)//'%GCVRE_MAX'
( 1482) ENDIF
( 1483) KSIZE = KSIZE + ISIZE
( 1484) ISIZE = KIND (YD%GCVRE_MIN)
( 1485) IF (LLPRINT) THEN
( 1486)   WRITE (*, '(I10," ")', ADVANCE='NO') ISIZE
( 1487)   WRITE (*, *) TRIM (CLPATH)//'%GCVRE_MIN'
( 1488) ENDIF
( 1489) KSIZE = KSIZE + ISIZE
( 1490) ISIZE = KIND (YD%LPERT_GCVEZ)
( 1491) IF (LLPRINT) THEN
( 1492)   WRITE (*, '(I10," ")', ADVANCE='NO') ISIZE
( 1493)   WRITE (*, *) TRIM (CLPATH)//'%LPERT_GCVEZ'
( 1494) ENDIF
( 1495) KSIZE = KSIZE + ISIZE
( 1496) ISIZE = KIND (YD%GCVEZ_MAX)
( 1497) IF (LLPRINT) THEN
( 1498)   WRITE (*, '(I10," ")', ADVANCE='NO') ISIZE
( 1499)   WRITE (*, *) TRIM (CLPATH)//'%GCVEZ_MAX'
( 1500) ENDIF
( 1501) KSIZE = KSIZE + ISIZE
( 1502) ISIZE = KIND (YD%GCVEZ_MIN)
( 1503) IF (LLPRINT) THEN
( 1504)   WRITE (*, '(I10," ")', ADVANCE='NO') ISIZE
( 1505)   WRITE (*, *) TRIM (CLPATH)//'%GCVEZ_MIN'
( 1506) ENDIF
( 1507) KSIZE = KSIZE + ISIZE
( 1508) ISIZE = KIND (YD%LPERT_GCVUV)
( 1509) IF (LLPRINT) THEN
( 1510)   WRITE (*, '(I10," ")', ADVANCE='NO') ISIZE
( 1511)   WRITE (*, *) TRIM (CLPATH)//'%LPERT_GCVUV'
( 1512) ENDIF
( 1513) KSIZE = KSIZE + ISIZE
( 1514) ISIZE = KIND (YD%GCVUV_MAX)






NVFORTRAN (Version     24.5)          03/19/2025  06:54:51      page 59

( 1515) IF (LLPRINT) THEN
( 1516)   WRITE (*, '(I10," ")', ADVANCE='NO') ISIZE
( 1517)   WRITE (*, *) TRIM (CLPATH)//'%GCVUV_MAX'
( 1518) ENDIF
( 1519) KSIZE = KSIZE + ISIZE
( 1520) ISIZE = KIND (YD%GCVUV_MIN)
( 1521) IF (LLPRINT) THEN
( 1522)   WRITE (*, '(I10," ")', ADVANCE='NO') ISIZE
( 1523)   WRITE (*, *) TRIM (CLPATH)//'%GCVUV_MIN'
( 1524) ENDIF
( 1525) KSIZE = KSIZE + ISIZE
( 1526) ISIZE = KIND (YD%LPERT_AKN)
( 1527) IF (LLPRINT) THEN
( 1528)   WRITE (*, '(I10," ")', ADVANCE='NO') ISIZE
( 1529)   WRITE (*, *) TRIM (CLPATH)//'%LPERT_AKN'
( 1530) ENDIF
( 1531) KSIZE = KSIZE + ISIZE
( 1532) ISIZE = KIND (YD%AKN_MAX)
( 1533) IF (LLPRINT) THEN
( 1534)   WRITE (*, '(I10," ")', ADVANCE='NO') ISIZE
( 1535)   WRITE (*, *) TRIM (CLPATH)//'%AKN_MAX'
( 1536) ENDIF
( 1537) KSIZE = KSIZE + ISIZE
( 1538) ISIZE = KIND (YD%AKN_MIN)
( 1539) IF (LLPRINT) THEN
( 1540)   WRITE (*, '(I10," ")', ADVANCE='NO') ISIZE
( 1541)   WRITE (*, *) TRIM (CLPATH)//'%AKN_MIN'
( 1542) ENDIF
( 1543) KSIZE = KSIZE + ISIZE
( 1544) ISIZE = KIND (YD%LPERT_ALD)
( 1545) IF (LLPRINT) THEN
( 1546)   WRITE (*, '(I10," ")', ADVANCE='NO') ISIZE
( 1547)   WRITE (*, *) TRIM (CLPATH)//'%LPERT_ALD'
( 1548) ENDIF
( 1549) KSIZE = KSIZE + ISIZE
( 1550) ISIZE = KIND (YD%ALD_MAX)
( 1551) IF (LLPRINT) THEN
( 1552)   WRITE (*, '(I10," ")', ADVANCE='NO') ISIZE
( 1553)   WRITE (*, *) TRIM (CLPATH)//'%ALD_MAX'
( 1554) ENDIF
( 1555) KSIZE = KSIZE + ISIZE
( 1556) ISIZE = KIND (YD%ALD_MIN)
( 1557) IF (LLPRINT) THEN
( 1558)   WRITE (*, '(I10," ")', ADVANCE='NO') ISIZE
( 1559)   WRITE (*, *) TRIM (CLPATH)//'%ALD_MIN'
( 1560) ENDIF
( 1561) KSIZE = KSIZE + ISIZE
( 1562) ISIZE = KIND (YD%LPERT_ALPHAT)
( 1563) IF (LLPRINT) THEN
( 1564)   WRITE (*, '(I10," ")', ADVANCE='NO') ISIZE
( 1565)   WRITE (*, *) TRIM (CLPATH)//'%LPERT_ALPHAT'
( 1566) ENDIF
( 1567) KSIZE = KSIZE + ISIZE
( 1568) ISIZE = KIND (YD%ALPHAT_MAX)
( 1569) IF (LLPRINT) THEN
( 1570)   WRITE (*, '(I10," ")', ADVANCE='NO') ISIZE
( 1571)   WRITE (*, *) TRIM (CLPATH)//'%ALPHAT_MAX'
( 1572) ENDIF






NVFORTRAN (Version     24.5)          03/19/2025  06:54:51      page 60

( 1573) KSIZE = KSIZE + ISIZE
( 1574) ISIZE = KIND (YD%ALPHAT_MIN)
( 1575) IF (LLPRINT) THEN
( 1576)   WRITE (*, '(I10," ")', ADVANCE='NO') ISIZE
( 1577)   WRITE (*, *) TRIM (CLPATH)//'%ALPHAT_MIN'
( 1578) ENDIF
( 1579) KSIZE = KSIZE + ISIZE
( 1580) ISIZE = KIND (YD%LPERT_ALMAVE)
( 1581) IF (LLPRINT) THEN
( 1582)   WRITE (*, '(I10," ")', ADVANCE='NO') ISIZE
( 1583)   WRITE (*, *) TRIM (CLPATH)//'%LPERT_ALMAVE'
( 1584) ENDIF
( 1585) KSIZE = KSIZE + ISIZE
( 1586) ISIZE = KIND (YD%ALMAVE_MAX)
( 1587) IF (LLPRINT) THEN
( 1588)   WRITE (*, '(I10," ")', ADVANCE='NO') ISIZE
( 1589)   WRITE (*, *) TRIM (CLPATH)//'%ALMAVE_MAX'
( 1590) ENDIF
( 1591) KSIZE = KSIZE + ISIZE
( 1592) ISIZE = KIND (YD%ALMAVE_MIN)
( 1593) IF (LLPRINT) THEN
( 1594)   WRITE (*, '(I10," ")', ADVANCE='NO') ISIZE
( 1595)   WRITE (*, *) TRIM (CLPATH)//'%ALMAVE_MIN'
( 1596) ENDIF
( 1597) KSIZE = KSIZE + ISIZE
( 1598) ISIZE = KIND (YD%LPERT_TFVL)
( 1599) IF (LLPRINT) THEN
( 1600)   WRITE (*, '(I10," ")', ADVANCE='NO') ISIZE
( 1601)   WRITE (*, *) TRIM (CLPATH)//'%LPERT_TFVL'
( 1602) ENDIF
( 1603) KSIZE = KSIZE + ISIZE
( 1604) ISIZE = KIND (YD%TFVL_MIN)
( 1605) IF (LLPRINT) THEN
( 1606)   WRITE (*, '(I10," ")', ADVANCE='NO') ISIZE
( 1607)   WRITE (*, *) TRIM (CLPATH)//'%TFVL_MIN'
( 1608) ENDIF
( 1609) KSIZE = KSIZE + ISIZE
( 1610) ISIZE = KIND (YD%TFVL_MAX)
( 1611) IF (LLPRINT) THEN
( 1612)   WRITE (*, '(I10," ")', ADVANCE='NO') ISIZE
( 1613)   WRITE (*, *) TRIM (CLPATH)//'%TFVL_MAX'
( 1614) ENDIF
( 1615) KSIZE = KSIZE + ISIZE
( 1616) ISIZE = KIND (YD%LPERT_TFVR)
( 1617) IF (LLPRINT) THEN
( 1618)   WRITE (*, '(I10," ")', ADVANCE='NO') ISIZE
( 1619)   WRITE (*, *) TRIM (CLPATH)//'%LPERT_TFVR'
( 1620) ENDIF
( 1621) KSIZE = KSIZE + ISIZE
( 1622) ISIZE = KIND (YD%TFVR_MIN)
( 1623) IF (LLPRINT) THEN
( 1624)   WRITE (*, '(I10," ")', ADVANCE='NO') ISIZE
( 1625)   WRITE (*, *) TRIM (CLPATH)//'%TFVR_MIN'
( 1626) ENDIF
( 1627) KSIZE = KSIZE + ISIZE
( 1628) ISIZE = KIND (YD%TFVR_MAX)
( 1629) IF (LLPRINT) THEN
( 1630)   WRITE (*, '(I10," ")', ADVANCE='NO') ISIZE






NVFORTRAN (Version     24.5)          03/19/2025  06:54:51      page 61

( 1631)   WRITE (*, *) TRIM (CLPATH)//'%TFVR_MAX'
( 1632) ENDIF
( 1633) KSIZE = KSIZE + ISIZE
( 1634) ISIZE = KIND (YD%LPERT_TFVS)
( 1635) IF (LLPRINT) THEN
( 1636)   WRITE (*, '(I10," ")', ADVANCE='NO') ISIZE
( 1637)   WRITE (*, *) TRIM (CLPATH)//'%LPERT_TFVS'
( 1638) ENDIF
( 1639) KSIZE = KSIZE + ISIZE
( 1640) ISIZE = KIND (YD%TFVS_MIN)
( 1641) IF (LLPRINT) THEN
( 1642)   WRITE (*, '(I10," ")', ADVANCE='NO') ISIZE
( 1643)   WRITE (*, *) TRIM (CLPATH)//'%TFVS_MIN'
( 1644) ENDIF
( 1645) KSIZE = KSIZE + ISIZE
( 1646) ISIZE = KIND (YD%TFVS_MAX)
( 1647) IF (LLPRINT) THEN
( 1648)   WRITE (*, '(I10," ")', ADVANCE='NO') ISIZE
( 1649)   WRITE (*, *) TRIM (CLPATH)//'%TFVS_MAX'
( 1650) ENDIF
( 1651) KSIZE = KSIZE + ISIZE
( 1652) ISIZE = KIND (YD%LPERT_TFVI)
( 1653) IF (LLPRINT) THEN
( 1654)   WRITE (*, '(I10," ")', ADVANCE='NO') ISIZE
( 1655)   WRITE (*, *) TRIM (CLPATH)//'%LPERT_TFVI'
( 1656) ENDIF
( 1657) KSIZE = KSIZE + ISIZE
( 1658) ISIZE = KIND (YD%TFVI_MIN)
( 1659) IF (LLPRINT) THEN
( 1660)   WRITE (*, '(I10," ")', ADVANCE='NO') ISIZE
( 1661)   WRITE (*, *) TRIM (CLPATH)//'%TFVI_MIN'
( 1662) ENDIF
( 1663) KSIZE = KSIZE + ISIZE
( 1664) ISIZE = KIND (YD%TFVI_MAX)
( 1665) IF (LLPRINT) THEN
( 1666)   WRITE (*, '(I10," ")', ADVANCE='NO') ISIZE
( 1667)   WRITE (*, *) TRIM (CLPATH)//'%TFVI_MAX'
( 1668) ENDIF
( 1669) KSIZE = KSIZE + ISIZE
( 1670) ISIZE = KIND (YD%LPERT_RAUTEFR)
( 1671) IF (LLPRINT) THEN
( 1672)   WRITE (*, '(I10," ")', ADVANCE='NO') ISIZE
( 1673)   WRITE (*, *) TRIM (CLPATH)//'%LPERT_RAUTEFR'
( 1674) ENDIF
( 1675) KSIZE = KSIZE + ISIZE
( 1676) ISIZE = KIND (YD%RAUTEFR_MIN)
( 1677) IF (LLPRINT) THEN
( 1678)   WRITE (*, '(I10," ")', ADVANCE='NO') ISIZE
( 1679)   WRITE (*, *) TRIM (CLPATH)//'%RAUTEFR_MIN'
( 1680) ENDIF
( 1681) KSIZE = KSIZE + ISIZE
( 1682) ISIZE = KIND (YD%RAUTEFR_MAX)
( 1683) IF (LLPRINT) THEN
( 1684)   WRITE (*, '(I10," ")', ADVANCE='NO') ISIZE
( 1685)   WRITE (*, *) TRIM (CLPATH)//'%RAUTEFR_MAX'
( 1686) ENDIF
( 1687) KSIZE = KSIZE + ISIZE
( 1688) ISIZE = KIND (YD%LPERT_RAUTEFS)






NVFORTRAN (Version     24.5)          03/19/2025  06:54:51      page 62

( 1689) IF (LLPRINT) THEN
( 1690)   WRITE (*, '(I10," ")', ADVANCE='NO') ISIZE
( 1691)   WRITE (*, *) TRIM (CLPATH)//'%LPERT_RAUTEFS'
( 1692) ENDIF
( 1693) KSIZE = KSIZE + ISIZE
( 1694) ISIZE = KIND (YD%RAUTEFS_MIN)
( 1695) IF (LLPRINT) THEN
( 1696)   WRITE (*, '(I10," ")', ADVANCE='NO') ISIZE
( 1697)   WRITE (*, *) TRIM (CLPATH)//'%RAUTEFS_MIN'
( 1698) ENDIF
( 1699) KSIZE = KSIZE + ISIZE
( 1700) ISIZE = KIND (YD%RAUTEFS_MAX)
( 1701) IF (LLPRINT) THEN
( 1702)   WRITE (*, '(I10," ")', ADVANCE='NO') ISIZE
( 1703)   WRITE (*, *) TRIM (CLPATH)//'%RAUTEFS_MAX'
( 1704) ENDIF
( 1705) KSIZE = KSIZE + ISIZE
( 1706) ISIZE = KIND (YD%LPERT_RQICRMIN)
( 1707) IF (LLPRINT) THEN
( 1708)   WRITE (*, '(I10," ")', ADVANCE='NO') ISIZE
( 1709)   WRITE (*, *) TRIM (CLPATH)//'%LPERT_RQICRMIN'
( 1710) ENDIF
( 1711) KSIZE = KSIZE + ISIZE
( 1712) ISIZE = KIND (YD%RQICRMIN_MIN)
( 1713) IF (LLPRINT) THEN
( 1714)   WRITE (*, '(I10," ")', ADVANCE='NO') ISIZE
( 1715)   WRITE (*, *) TRIM (CLPATH)//'%RQICRMIN_MIN'
( 1716) ENDIF
( 1717) KSIZE = KSIZE + ISIZE
( 1718) ISIZE = KIND (YD%RQICRMIN_MAX)
( 1719) IF (LLPRINT) THEN
( 1720)   WRITE (*, '(I10," ")', ADVANCE='NO') ISIZE
( 1721)   WRITE (*, *) TRIM (CLPATH)//'%RQICRMIN_MAX'
( 1722) ENDIF
( 1723) KSIZE = KSIZE + ISIZE
( 1724) ISIZE = KIND (YD%LPERT_RQICRMAX)
( 1725) IF (LLPRINT) THEN
( 1726)   WRITE (*, '(I10," ")', ADVANCE='NO') ISIZE
( 1727)   WRITE (*, *) TRIM (CLPATH)//'%LPERT_RQICRMAX'
( 1728) ENDIF
( 1729) KSIZE = KSIZE + ISIZE
( 1730) ISIZE = KIND (YD%RQICRMAX_MIN)
( 1731) IF (LLPRINT) THEN
( 1732)   WRITE (*, '(I10," ")', ADVANCE='NO') ISIZE
( 1733)   WRITE (*, *) TRIM (CLPATH)//'%RQICRMAX_MIN'
( 1734) ENDIF
( 1735) KSIZE = KSIZE + ISIZE
( 1736) ISIZE = KIND (YD%RQICRMAX_MAX)
( 1737) IF (LLPRINT) THEN
( 1738)   WRITE (*, '(I10," ")', ADVANCE='NO') ISIZE
( 1739)   WRITE (*, *) TRIM (CLPATH)//'%RQICRMAX_MAX'
( 1740) ENDIF
( 1741) KSIZE = KSIZE + ISIZE
( 1742) ISIZE = KIND (YD%LPERT_RQLCR)
( 1743) IF (LLPRINT) THEN
( 1744)   WRITE (*, '(I10," ")', ADVANCE='NO') ISIZE
( 1745)   WRITE (*, *) TRIM (CLPATH)//'%LPERT_RQLCR'
( 1746) ENDIF






NVFORTRAN (Version     24.5)          03/19/2025  06:54:51      page 63

( 1747) KSIZE = KSIZE + ISIZE
( 1748) ISIZE = KIND (YD%RQLCR_MIN)
( 1749) IF (LLPRINT) THEN
( 1750)   WRITE (*, '(I10," ")', ADVANCE='NO') ISIZE
( 1751)   WRITE (*, *) TRIM (CLPATH)//'%RQLCR_MIN'
( 1752) ENDIF
( 1753) KSIZE = KSIZE + ISIZE
( 1754) ISIZE = KIND (YD%RQLCR_MAX)
( 1755) IF (LLPRINT) THEN
( 1756)   WRITE (*, '(I10," ")', ADVANCE='NO') ISIZE
( 1757)   WRITE (*, *) TRIM (CLPATH)//'%RQLCR_MAX'
( 1758) ENDIF
( 1759) KSIZE = KSIZE + ISIZE
( 1760) ISIZE = KIND (YD%LPERT_RACCEF)
( 1761) IF (LLPRINT) THEN
( 1762)   WRITE (*, '(I10," ")', ADVANCE='NO') ISIZE
( 1763)   WRITE (*, *) TRIM (CLPATH)//'%LPERT_RACCEF'
( 1764) ENDIF
( 1765) KSIZE = KSIZE + ISIZE
( 1766) ISIZE = KIND (YD%RACCEF_MIN)
( 1767) IF (LLPRINT) THEN
( 1768)   WRITE (*, '(I10," ")', ADVANCE='NO') ISIZE
( 1769)   WRITE (*, *) TRIM (CLPATH)//'%RACCEF_MIN'
( 1770) ENDIF
( 1771) KSIZE = KSIZE + ISIZE
( 1772) ISIZE = KIND (YD%RACCEF_MAX)
( 1773) IF (LLPRINT) THEN
( 1774)   WRITE (*, '(I10," ")', ADVANCE='NO') ISIZE
( 1775)   WRITE (*, *) TRIM (CLPATH)//'%RACCEF_MAX'
( 1776) ENDIF
( 1777) KSIZE = KSIZE + ISIZE
( 1778) ISIZE = KIND (YD%LPERT_RRIMEF)
( 1779) IF (LLPRINT) THEN
( 1780)   WRITE (*, '(I10," ")', ADVANCE='NO') ISIZE
( 1781)   WRITE (*, *) TRIM (CLPATH)//'%LPERT_RRIMEF'
( 1782) ENDIF
( 1783) KSIZE = KSIZE + ISIZE
( 1784) ISIZE = KIND (YD%RRIMEF_MIN)
( 1785) IF (LLPRINT) THEN
( 1786)   WRITE (*, '(I10," ")', ADVANCE='NO') ISIZE
( 1787)   WRITE (*, *) TRIM (CLPATH)//'%RRIMEF_MIN'
( 1788) ENDIF
( 1789) KSIZE = KSIZE + ISIZE
( 1790) ISIZE = KIND (YD%RRIMEF_MAX)
( 1791) IF (LLPRINT) THEN
( 1792)   WRITE (*, '(I10," ")', ADVANCE='NO') ISIZE
( 1793)   WRITE (*, *) TRIM (CLPATH)//'%RRIMEF_MAX'
( 1794) ENDIF
( 1795) KSIZE = KSIZE + ISIZE
( 1796) ISIZE = KIND (YD%LPERT_RAGGEF)
( 1797) IF (LLPRINT) THEN
( 1798)   WRITE (*, '(I10," ")', ADVANCE='NO') ISIZE
( 1799)   WRITE (*, *) TRIM (CLPATH)//'%LPERT_RAGGEF'
( 1800) ENDIF
( 1801) KSIZE = KSIZE + ISIZE
( 1802) ISIZE = KIND (YD%RAGGEF_MIN)
( 1803) IF (LLPRINT) THEN
( 1804)   WRITE (*, '(I10," ")', ADVANCE='NO') ISIZE






NVFORTRAN (Version     24.5)          03/19/2025  06:54:51      page 64

( 1805)   WRITE (*, *) TRIM (CLPATH)//'%RAGGEF_MIN'
( 1806) ENDIF
( 1807) KSIZE = KSIZE + ISIZE
( 1808) ISIZE = KIND (YD%RAGGEF_MAX)
( 1809) IF (LLPRINT) THEN
( 1810)   WRITE (*, '(I10," ")', ADVANCE='NO') ISIZE
( 1811)   WRITE (*, *) TRIM (CLPATH)//'%RAGGEF_MAX'
( 1812) ENDIF
( 1813) KSIZE = KSIZE + ISIZE
( 1814) ISIZE = KIND (YD%LPERT_REVASX)
( 1815) IF (LLPRINT) THEN
( 1816)   WRITE (*, '(I10," ")', ADVANCE='NO') ISIZE
( 1817)   WRITE (*, *) TRIM (CLPATH)//'%LPERT_REVASX'
( 1818) ENDIF
( 1819) KSIZE = KSIZE + ISIZE
( 1820) ISIZE = KIND (YD%REVASX_MIN)
( 1821) IF (LLPRINT) THEN
( 1822)   WRITE (*, '(I10," ")', ADVANCE='NO') ISIZE
( 1823)   WRITE (*, *) TRIM (CLPATH)//'%REVASX_MIN'
( 1824) ENDIF
( 1825) KSIZE = KSIZE + ISIZE
( 1826) ISIZE = KIND (YD%REVASX_MAX)
( 1827) IF (LLPRINT) THEN
( 1828)   WRITE (*, '(I10," ")', ADVANCE='NO') ISIZE
( 1829)   WRITE (*, *) TRIM (CLPATH)//'%REVASX_MAX'
( 1830) ENDIF
( 1831) KSIZE = KSIZE + ISIZE
( 1832) ISIZE = KIND (YD%LPERT_RDTFAC)
( 1833) IF (LLPRINT) THEN
( 1834)   WRITE (*, '(I10," ")', ADVANCE='NO') ISIZE
( 1835)   WRITE (*, *) TRIM (CLPATH)//'%LPERT_RDTFAC'
( 1836) ENDIF
( 1837) KSIZE = KSIZE + ISIZE
( 1838) ISIZE = KIND (YD%RDTFAC_MIN)
( 1839) IF (LLPRINT) THEN
( 1840)   WRITE (*, '(I10," ")', ADVANCE='NO') ISIZE
( 1841)   WRITE (*, *) TRIM (CLPATH)//'%RDTFAC_MIN'
( 1842) ENDIF
( 1843) KSIZE = KSIZE + ISIZE
( 1844) ISIZE = KIND (YD%RDTFAC_MAX)
( 1845) IF (LLPRINT) THEN
( 1846)   WRITE (*, '(I10," ")', ADVANCE='NO') ISIZE
( 1847)   WRITE (*, *) TRIM (CLPATH)//'%RDTFAC_MAX'
( 1848) ENDIF
( 1849) KSIZE = KSIZE + ISIZE
( 1850) ISIZE = KIND (YD%LPERT_RHCRIT1)
( 1851) IF (LLPRINT) THEN
( 1852)   WRITE (*, '(I10," ")', ADVANCE='NO') ISIZE
( 1853)   WRITE (*, *) TRIM (CLPATH)//'%LPERT_RHCRIT1'
( 1854) ENDIF
( 1855) KSIZE = KSIZE + ISIZE
( 1856) ISIZE = KIND (YD%RHCRIT1_MIN)
( 1857) IF (LLPRINT) THEN
( 1858)   WRITE (*, '(I10," ")', ADVANCE='NO') ISIZE
( 1859)   WRITE (*, *) TRIM (CLPATH)//'%RHCRIT1_MIN'
( 1860) ENDIF
( 1861) KSIZE = KSIZE + ISIZE
( 1862) ISIZE = KIND (YD%RHCRIT1_MAX)






NVFORTRAN (Version     24.5)          03/19/2025  06:54:51      page 65

( 1863) IF (LLPRINT) THEN
( 1864)   WRITE (*, '(I10," ")', ADVANCE='NO') ISIZE
( 1865)   WRITE (*, *) TRIM (CLPATH)//'%RHCRIT1_MAX'
( 1866) ENDIF
( 1867) KSIZE = KSIZE + ISIZE
( 1868) ISIZE = KIND (YD%LPERT_GRHCMOD)
( 1869) IF (LLPRINT) THEN
( 1870)   WRITE (*, '(I10," ")', ADVANCE='NO') ISIZE
( 1871)   WRITE (*, *) TRIM (CLPATH)//'%LPERT_GRHCMOD'
( 1872) ENDIF
( 1873) KSIZE = KSIZE + ISIZE
( 1874) ISIZE = KIND (YD%GRHCMOD_MIN)
( 1875) IF (LLPRINT) THEN
( 1876)   WRITE (*, '(I10," ")', ADVANCE='NO') ISIZE
( 1877)   WRITE (*, *) TRIM (CLPATH)//'%GRHCMOD_MIN'
( 1878) ENDIF
( 1879) KSIZE = KSIZE + ISIZE
( 1880) ISIZE = KIND (YD%GRHCMOD_MAX)
( 1881) IF (LLPRINT) THEN
( 1882)   WRITE (*, '(I10," ")', ADVANCE='NO') ISIZE
( 1883)   WRITE (*, *) TRIM (CLPATH)//'%GRHCMOD_MAX'
( 1884) ENDIF
( 1885) KSIZE = KSIZE + ISIZE
( 1886) ISIZE = KIND (YD%LPERT_GWDCD)
( 1887) IF (LLPRINT) THEN
( 1888)   WRITE (*, '(I10," ")', ADVANCE='NO') ISIZE
( 1889)   WRITE (*, *) TRIM (CLPATH)//'%LPERT_GWDCD'
( 1890) ENDIF
( 1891) KSIZE = KSIZE + ISIZE
( 1892) ISIZE = KIND (YD%GWDCD_MIN)
( 1893) IF (LLPRINT) THEN
( 1894)   WRITE (*, '(I10," ")', ADVANCE='NO') ISIZE
( 1895)   WRITE (*, *) TRIM (CLPATH)//'%GWDCD_MIN'
( 1896) ENDIF
( 1897) KSIZE = KSIZE + ISIZE
( 1898) ISIZE = KIND (YD%GWDCD_MAX)
( 1899) IF (LLPRINT) THEN
( 1900)   WRITE (*, '(I10," ")', ADVANCE='NO') ISIZE
( 1901)   WRITE (*, *) TRIM (CLPATH)//'%GWDCD_MAX'
( 1902) ENDIF
( 1903) KSIZE = KSIZE + ISIZE
( 1904) ISIZE = KIND (YD%LPERT_GWDSE)
( 1905) IF (LLPRINT) THEN
( 1906)   WRITE (*, '(I10," ")', ADVANCE='NO') ISIZE
( 1907)   WRITE (*, *) TRIM (CLPATH)//'%LPERT_GWDSE'
( 1908) ENDIF
( 1909) KSIZE = KSIZE + ISIZE
( 1910) ISIZE = KIND (YD%GWDSE_MIN)
( 1911) IF (LLPRINT) THEN
( 1912)   WRITE (*, '(I10," ")', ADVANCE='NO') ISIZE
( 1913)   WRITE (*, *) TRIM (CLPATH)//'%GWDSE_MIN'
( 1914) ENDIF
( 1915) KSIZE = KSIZE + ISIZE
( 1916) ISIZE = KIND (YD%GWDSE_MAX)
( 1917) IF (LLPRINT) THEN
( 1918)   WRITE (*, '(I10," ")', ADVANCE='NO') ISIZE
( 1919)   WRITE (*, *) TRIM (CLPATH)//'%GWDSE_MAX'
( 1920) ENDIF






NVFORTRAN (Version     24.5)          03/19/2025  06:54:51      page 66

( 1921) KSIZE = KSIZE + ISIZE
( 1922) ISIZE = KIND (YD%LPERT_HOBST)
( 1923) IF (LLPRINT) THEN
( 1924)   WRITE (*, '(I10," ")', ADVANCE='NO') ISIZE
( 1925)   WRITE (*, *) TRIM (CLPATH)//'%LPERT_HOBST'
( 1926) ENDIF
( 1927) KSIZE = KSIZE + ISIZE
( 1928) ISIZE = KIND (YD%HOBST_MIN)
( 1929) IF (LLPRINT) THEN
( 1930)   WRITE (*, '(I10," ")', ADVANCE='NO') ISIZE
( 1931)   WRITE (*, *) TRIM (CLPATH)//'%HOBST_MIN'
( 1932) ENDIF
( 1933) KSIZE = KSIZE + ISIZE
( 1934) ISIZE = KIND (YD%HOBST_MAX)
( 1935) IF (LLPRINT) THEN
( 1936)   WRITE (*, '(I10," ")', ADVANCE='NO') ISIZE
( 1937)   WRITE (*, *) TRIM (CLPATH)//'%HOBST_MAX'
( 1938) ENDIF
( 1939) KSIZE = KSIZE + ISIZE
( 1940) ISIZE = KIND (YD%LPERT_RRATSEA)
( 1941) IF (LLPRINT) THEN
( 1942)   WRITE (*, '(I10," ")', ADVANCE='NO') ISIZE
( 1943)   WRITE (*, *) TRIM (CLPATH)//'%LPERT_RRATSEA'
( 1944) ENDIF
( 1945) KSIZE = KSIZE + ISIZE
( 1946) ISIZE = KIND (YD%RRATSEA_MIN)
( 1947) IF (LLPRINT) THEN
( 1948)   WRITE (*, '(I10," ")', ADVANCE='NO') ISIZE
( 1949)   WRITE (*, *) TRIM (CLPATH)//'%RRATSEA_MIN'
( 1950) ENDIF
( 1951) KSIZE = KSIZE + ISIZE
( 1952) ISIZE = KIND (YD%RRATSEA_MAX)
( 1953) IF (LLPRINT) THEN
( 1954)   WRITE (*, '(I10," ")', ADVANCE='NO') ISIZE
( 1955)   WRITE (*, *) TRIM (CLPATH)//'%RRATSEA_MAX'
( 1956) ENDIF
( 1957) KSIZE = KSIZE + ISIZE
( 1958) ISIZE = KIND (YD%LPERT_RRATLAND)
( 1959) IF (LLPRINT) THEN
( 1960)   WRITE (*, '(I10," ")', ADVANCE='NO') ISIZE
( 1961)   WRITE (*, *) TRIM (CLPATH)//'%LPERT_RRATLAND'
( 1962) ENDIF
( 1963) KSIZE = KSIZE + ISIZE
( 1964) ISIZE = KIND (YD%RRATLAND_MIN)
( 1965) IF (LLPRINT) THEN
( 1966)   WRITE (*, '(I10," ")', ADVANCE='NO') ISIZE
( 1967)   WRITE (*, *) TRIM (CLPATH)//'%RRATLAND_MIN'
( 1968) ENDIF
( 1969) KSIZE = KSIZE + ISIZE
( 1970) ISIZE = KIND (YD%RRATLAND_MAX)
( 1971) IF (LLPRINT) THEN
( 1972)   WRITE (*, '(I10," ")', ADVANCE='NO') ISIZE
( 1973)   WRITE (*, *) TRIM (CLPATH)//'%RRATLAND_MAX'
( 1974) ENDIF
( 1975) KSIZE = KSIZE + ISIZE
( 1976) ISIZE = KIND (YD%LPERT_RRATDRI)
( 1977) IF (LLPRINT) THEN
( 1978)   WRITE (*, '(I10," ")', ADVANCE='NO') ISIZE






NVFORTRAN (Version     24.5)          03/19/2025  06:54:51      page 67

( 1979)   WRITE (*, *) TRIM (CLPATH)//'%LPERT_RRATDRI'
( 1980) ENDIF
( 1981) KSIZE = KSIZE + ISIZE
( 1982) ISIZE = KIND (YD%RRATDRI_MAX)
( 1983) IF (LLPRINT) THEN
( 1984)   WRITE (*, '(I10," ")', ADVANCE='NO') ISIZE
( 1985)   WRITE (*, *) TRIM (CLPATH)//'%RRATDRI_MAX'
( 1986) ENDIF
( 1987) KSIZE = KSIZE + ISIZE
( 1988) ISIZE = KIND (YD%RRATDRI_MIN)
( 1989) IF (LLPRINT) THEN
( 1990)   WRITE (*, '(I10," ")', ADVANCE='NO') ISIZE
( 1991)   WRITE (*, *) TRIM (CLPATH)//'%RRATDRI_MIN'
( 1992) ENDIF
( 1993) KSIZE = KSIZE + ISIZE
( 1994) ISIZE = KIND (YD%LPERT_RCADECOR)
( 1995) IF (LLPRINT) THEN
( 1996)   WRITE (*, '(I10," ")', ADVANCE='NO') ISIZE
( 1997)   WRITE (*, *) TRIM (CLPATH)//'%LPERT_RCADECOR'
( 1998) ENDIF
( 1999) KSIZE = KSIZE + ISIZE
( 2000) ISIZE = KIND (YD%RCADECOR_MAX)
( 2001) IF (LLPRINT) THEN
( 2002)   WRITE (*, '(I10," ")', ADVANCE='NO') ISIZE
( 2003)   WRITE (*, *) TRIM (CLPATH)//'%RCADECOR_MAX'
( 2004) ENDIF
( 2005) KSIZE = KSIZE + ISIZE
( 2006) ISIZE = KIND (YD%RCADECOR_MIN)
( 2007) IF (LLPRINT) THEN
( 2008)   WRITE (*, '(I10," ")', ADVANCE='NO') ISIZE
( 2009)   WRITE (*, *) TRIM (CLPATH)//'%RCADECOR_MIN'
( 2010) ENDIF
( 2011) KSIZE = KSIZE + ISIZE
( 2012) ISIZE = KIND (YD%LPERT_RCBDECOR)
( 2013) IF (LLPRINT) THEN
( 2014)   WRITE (*, '(I10," ")', ADVANCE='NO') ISIZE
( 2015)   WRITE (*, *) TRIM (CLPATH)//'%LPERT_RCBDECOR'
( 2016) ENDIF
( 2017) KSIZE = KSIZE + ISIZE
( 2018) ISIZE = KIND (YD%RCBDECOR_MAX)
( 2019) IF (LLPRINT) THEN
( 2020)   WRITE (*, '(I10," ")', ADVANCE='NO') ISIZE
( 2021)   WRITE (*, *) TRIM (CLPATH)//'%RCBDECOR_MAX'
( 2022) ENDIF
( 2023) KSIZE = KSIZE + ISIZE
( 2024) ISIZE = KIND (YD%RCBDECOR_MIN)
( 2025) IF (LLPRINT) THEN
( 2026)   WRITE (*, '(I10," ")', ADVANCE='NO') ISIZE
( 2027)   WRITE (*, *) TRIM (CLPATH)//'%RCBDECOR_MIN'
( 2028) ENDIF
( 2029) KSIZE = KSIZE + ISIZE
( 2030) ISIZE = KIND (YD%LPERT_RSIGMA2)
( 2031) IF (LLPRINT) THEN
( 2032)   WRITE (*, '(I10," ")', ADVANCE='NO') ISIZE
( 2033)   WRITE (*, *) TRIM (CLPATH)//'%LPERT_RSIGMA2'
( 2034) ENDIF
( 2035) KSIZE = KSIZE + ISIZE
( 2036) ISIZE = KIND (YD%RSIGMA2_MAX)






NVFORTRAN (Version     24.5)          03/19/2025  06:54:51      page 68

( 2037) IF (LLPRINT) THEN
( 2038)   WRITE (*, '(I10," ")', ADVANCE='NO') ISIZE
( 2039)   WRITE (*, *) TRIM (CLPATH)//'%RSIGMA2_MAX'
( 2040) ENDIF
( 2041) KSIZE = KSIZE + ISIZE
( 2042) ISIZE = KIND (YD%RSIGMA2_MIN)
( 2043) IF (LLPRINT) THEN
( 2044)   WRITE (*, '(I10," ")', ADVANCE='NO') ISIZE
( 2045)   WRITE (*, *) TRIM (CLPATH)//'%RSIGMA2_MIN'
( 2046) ENDIF
( 2047) KSIZE = KSIZE + ISIZE
( 2048) ISIZE = KIND (YD%LPERT_RFACDICE)
( 2049) IF (LLPRINT) THEN
( 2050)   WRITE (*, '(I10," ")', ADVANCE='NO') ISIZE
( 2051)   WRITE (*, *) TRIM (CLPATH)//'%LPERT_RFACDICE'
( 2052) ENDIF
( 2053) KSIZE = KSIZE + ISIZE
( 2054) ISIZE = KIND (YD%RFACDICE_MAX)
( 2055) IF (LLPRINT) THEN
( 2056)   WRITE (*, '(I10," ")', ADVANCE='NO') ISIZE
( 2057)   WRITE (*, *) TRIM (CLPATH)//'%RFACDICE_MAX'
( 2058) ENDIF
( 2059) KSIZE = KSIZE + ISIZE
( 2060) ISIZE = KIND (YD%RFACDICE_MIN)
( 2061) IF (LLPRINT) THEN
( 2062)   WRITE (*, '(I10," ")', ADVANCE='NO') ISIZE
( 2063)   WRITE (*, *) TRIM (CLPATH)//'%RFACDICE_MIN'
( 2064) ENDIF
( 2065) KSIZE = KSIZE + ISIZE
( 2066) ISIZE = KIND (YD%LPERT_XRIMAX)
( 2067) IF (LLPRINT) THEN
( 2068)   WRITE (*, '(I10," ")', ADVANCE='NO') ISIZE
( 2069)   WRITE (*, *) TRIM (CLPATH)//'%LPERT_XRIMAX'
( 2070) ENDIF
( 2071) KSIZE = KSIZE + ISIZE
( 2072) ISIZE = KIND (YD%XRIMAX_MIN)
( 2073) IF (LLPRINT) THEN
( 2074)   WRITE (*, '(I10," ")', ADVANCE='NO') ISIZE
( 2075)   WRITE (*, *) TRIM (CLPATH)//'%XRIMAX_MIN'
( 2076) ENDIF
( 2077) KSIZE = KSIZE + ISIZE
( 2078) ISIZE = KIND (YD%XRIMAX_MAX)
( 2079) IF (LLPRINT) THEN
( 2080)   WRITE (*, '(I10," ")', ADVANCE='NO') ISIZE
( 2081)   WRITE (*, *) TRIM (CLPATH)//'%XRIMAX_MAX'
( 2082) ENDIF
( 2083) KSIZE = KSIZE + ISIZE
( 2084) ISIZE = KIND (YD%LPERT_XFRACZ0)
( 2085) IF (LLPRINT) THEN
( 2086)   WRITE (*, '(I10," ")', ADVANCE='NO') ISIZE
( 2087)   WRITE (*, *) TRIM (CLPATH)//'%LPERT_XFRACZ0'
( 2088) ENDIF
( 2089) KSIZE = KSIZE + ISIZE
( 2090) ISIZE = KIND (YD%XFRACZ0_MIN)
( 2091) IF (LLPRINT) THEN
( 2092)   WRITE (*, '(I10," ")', ADVANCE='NO') ISIZE
( 2093)   WRITE (*, *) TRIM (CLPATH)//'%XFRACZ0_MIN'
( 2094) ENDIF






NVFORTRAN (Version     24.5)          03/19/2025  06:54:51      page 69

( 2095) KSIZE = KSIZE + ISIZE
( 2096) ISIZE = KIND (YD%XFRACZ0_MAX)
( 2097) IF (LLPRINT) THEN
( 2098)   WRITE (*, '(I10," ")', ADVANCE='NO') ISIZE
( 2099)   WRITE (*, *) TRIM (CLPATH)//'%XFRACZ0_MAX'
( 2100) ENDIF
( 2101) KSIZE = KSIZE + ISIZE
( 2102) ISIZE = KIND (YD%LPERT_OTADJS)
( 2103) IF (LLPRINT) THEN
( 2104)   WRITE (*, '(I10," ")', ADVANCE='NO') ISIZE
( 2105)   WRITE (*, *) TRIM (CLPATH)//'%LPERT_OTADJS'
( 2106) ENDIF
( 2107) KSIZE = KSIZE + ISIZE
( 2108) ISIZE = KIND (YD%OTADJS_MIN)
( 2109) IF (LLPRINT) THEN
( 2110)   WRITE (*, '(I10," ")', ADVANCE='NO') ISIZE
( 2111)   WRITE (*, *) TRIM (CLPATH)//'%OTADJS_MIN'
( 2112) ENDIF
( 2113) KSIZE = KSIZE + ISIZE
( 2114) ISIZE = KIND (YD%OTADJS_MAX)
( 2115) IF (LLPRINT) THEN
( 2116)   WRITE (*, '(I10," ")', ADVANCE='NO') ISIZE
( 2117)   WRITE (*, *) TRIM (CLPATH)//'%OTADJS_MAX'
( 2118) ENDIF
( 2119) KSIZE = KSIZE + ISIZE
( 2120) ISIZE = KIND (YD%LPERT_XENTR)
( 2121) IF (LLPRINT) THEN
( 2122)   WRITE (*, '(I10," ")', ADVANCE='NO') ISIZE
( 2123)   WRITE (*, *) TRIM (CLPATH)//'%LPERT_XENTR'
( 2124) ENDIF
( 2125) KSIZE = KSIZE + ISIZE
( 2126) ISIZE = KIND (YD%XENTR_MIN)
( 2127) IF (LLPRINT) THEN
( 2128)   WRITE (*, '(I10," ")', ADVANCE='NO') ISIZE
( 2129)   WRITE (*, *) TRIM (CLPATH)//'%XENTR_MIN'
( 2130) ENDIF
( 2131) KSIZE = KSIZE + ISIZE
( 2132) ISIZE = KIND (YD%XENTR_MAX)
( 2133) IF (LLPRINT) THEN
( 2134)   WRITE (*, '(I10," ")', ADVANCE='NO') ISIZE
( 2135)   WRITE (*, *) TRIM (CLPATH)//'%XENTR_MAX'
( 2136) ENDIF
( 2137) KSIZE = KSIZE + ISIZE
( 2138) ISIZE = KIND (YD%LPERT_XATPERT)
( 2139) IF (LLPRINT) THEN
( 2140)   WRITE (*, '(I10," ")', ADVANCE='NO') ISIZE
( 2141)   WRITE (*, *) TRIM (CLPATH)//'%LPERT_XATPERT'
( 2142) ENDIF
( 2143) KSIZE = KSIZE + ISIZE
( 2144) ISIZE = KIND (YD%XATPERT_MIN)
( 2145) IF (LLPRINT) THEN
( 2146)   WRITE (*, '(I10," ")', ADVANCE='NO') ISIZE
( 2147)   WRITE (*, *) TRIM (CLPATH)//'%XATPERT_MIN'
( 2148) ENDIF
( 2149) KSIZE = KSIZE + ISIZE
( 2150) ISIZE = KIND (YD%XATPERT_MAX)
( 2151) IF (LLPRINT) THEN
( 2152)   WRITE (*, '(I10," ")', ADVANCE='NO') ISIZE






NVFORTRAN (Version     24.5)          03/19/2025  06:54:51      page 70

( 2153)   WRITE (*, *) TRIM (CLPATH)//'%XATPERT_MAX'
( 2154) ENDIF
( 2155) KSIZE = KSIZE + ISIZE
( 2156) ISIZE = KIND (YD%LPERT_XBTPERT)
( 2157) IF (LLPRINT) THEN
( 2158)   WRITE (*, '(I10," ")', ADVANCE='NO') ISIZE
( 2159)   WRITE (*, *) TRIM (CLPATH)//'%LPERT_XBTPERT'
( 2160) ENDIF
( 2161) KSIZE = KSIZE + ISIZE
( 2162) ISIZE = KIND (YD%XBTPERT_MIN)
( 2163) IF (LLPRINT) THEN
( 2164)   WRITE (*, '(I10," ")', ADVANCE='NO') ISIZE
( 2165)   WRITE (*, *) TRIM (CLPATH)//'%XBTPERT_MIN'
( 2166) ENDIF
( 2167) KSIZE = KSIZE + ISIZE
( 2168) ISIZE = KIND (YD%XBTPERT_MAX)
( 2169) IF (LLPRINT) THEN
( 2170)   WRITE (*, '(I10," ")', ADVANCE='NO') ISIZE
( 2171)   WRITE (*, *) TRIM (CLPATH)//'%XBTPERT_MAX'
( 2172) ENDIF
( 2173) KSIZE = KSIZE + ISIZE
( 2174) ISIZE = KIND (YD%LPERT_XDTPERT)
( 2175) IF (LLPRINT) THEN
( 2176)   WRITE (*, '(I10," ")', ADVANCE='NO') ISIZE
( 2177)   WRITE (*, *) TRIM (CLPATH)//'%LPERT_XDTPERT'
( 2178) ENDIF
( 2179) KSIZE = KSIZE + ISIZE
( 2180) ISIZE = KIND (YD%XDTPERT_MIN)
( 2181) IF (LLPRINT) THEN
( 2182)   WRITE (*, '(I10," ")', ADVANCE='NO') ISIZE
( 2183)   WRITE (*, *) TRIM (CLPATH)//'%XDTPERT_MIN'
( 2184) ENDIF
( 2185) KSIZE = KSIZE + ISIZE
( 2186) ISIZE = KIND (YD%XDTPERT_MAX)
( 2187) IF (LLPRINT) THEN
( 2188)   WRITE (*, '(I10," ")', ADVANCE='NO') ISIZE
( 2189)   WRITE (*, *) TRIM (CLPATH)//'%XDTPERT_MAX'
( 2190) ENDIF
( 2191) KSIZE = KSIZE + ISIZE
( 2192) ISIZE = KIND (YD%LPERT_XAW)
( 2193) IF (LLPRINT) THEN
( 2194)   WRITE (*, '(I10," ")', ADVANCE='NO') ISIZE
( 2195)   WRITE (*, *) TRIM (CLPATH)//'%LPERT_XAW'
( 2196) ENDIF
( 2197) KSIZE = KSIZE + ISIZE
( 2198) ISIZE = KIND (YD%XAW_MIN)
( 2199) IF (LLPRINT) THEN
( 2200)   WRITE (*, '(I10," ")', ADVANCE='NO') ISIZE
( 2201)   WRITE (*, *) TRIM (CLPATH)//'%XAW_MIN'
( 2202) ENDIF
( 2203) KSIZE = KSIZE + ISIZE
( 2204) ISIZE = KIND (YD%XAW_MAX)
( 2205) IF (LLPRINT) THEN
( 2206)   WRITE (*, '(I10," ")', ADVANCE='NO') ISIZE
( 2207)   WRITE (*, *) TRIM (CLPATH)//'%XAW_MAX'
( 2208) ENDIF
( 2209) KSIZE = KSIZE + ISIZE
( 2210) ISIZE = KIND (YD%LPERT_XBW)






NVFORTRAN (Version     24.5)          03/19/2025  06:54:51      page 71

( 2211) IF (LLPRINT) THEN
( 2212)   WRITE (*, '(I10," ")', ADVANCE='NO') ISIZE
( 2213)   WRITE (*, *) TRIM (CLPATH)//'%LPERT_XBW'
( 2214) ENDIF
( 2215) KSIZE = KSIZE + ISIZE
( 2216) ISIZE = KIND (YD%XBW_MIN)
( 2217) IF (LLPRINT) THEN
( 2218)   WRITE (*, '(I10," ")', ADVANCE='NO') ISIZE
( 2219)   WRITE (*, *) TRIM (CLPATH)//'%XBW_MIN'
( 2220) ENDIF
( 2221) KSIZE = KSIZE + ISIZE
( 2222) ISIZE = KIND (YD%XBW_MAX)
( 2223) IF (LLPRINT) THEN
( 2224)   WRITE (*, '(I10," ")', ADVANCE='NO') ISIZE
( 2225)   WRITE (*, *) TRIM (CLPATH)//'%XBW_MAX'
( 2226) ENDIF
( 2227) KSIZE = KSIZE + ISIZE
( 2228) ISIZE = KIND (YD%LPERT_RKFBTAU)
( 2229) IF (LLPRINT) THEN
( 2230)   WRITE (*, '(I10," ")', ADVANCE='NO') ISIZE
( 2231)   WRITE (*, *) TRIM (CLPATH)//'%LPERT_RKFBTAU'
( 2232) ENDIF
( 2233) KSIZE = KSIZE + ISIZE
( 2234) ISIZE = KIND (YD%RKFBTAU_MIN)
( 2235) IF (LLPRINT) THEN
( 2236)   WRITE (*, '(I10," ")', ADVANCE='NO') ISIZE
( 2237)   WRITE (*, *) TRIM (CLPATH)//'%RKFBTAU_MIN'
( 2238) ENDIF
( 2239) KSIZE = KSIZE + ISIZE
( 2240) ISIZE = KIND (YD%RKFBTAU_MAX)
( 2241) IF (LLPRINT) THEN
( 2242)   WRITE (*, '(I10," ")', ADVANCE='NO') ISIZE
( 2243)   WRITE (*, *) TRIM (CLPATH)//'%RKFBTAU_MAX'
( 2244) ENDIF
( 2245) KSIZE = KSIZE + ISIZE
( 2246) ISIZE = KIND (YD%LPERT_RKFBNBX)
( 2247) IF (LLPRINT) THEN
( 2248)   WRITE (*, '(I10," ")', ADVANCE='NO') ISIZE
( 2249)   WRITE (*, *) TRIM (CLPATH)//'%LPERT_RKFBNBX'
( 2250) ENDIF
( 2251) KSIZE = KSIZE + ISIZE
( 2252) ISIZE = KIND (YD%RKFBNBX_MIN)
( 2253) IF (LLPRINT) THEN
( 2254)   WRITE (*, '(I10," ")', ADVANCE='NO') ISIZE
( 2255)   WRITE (*, *) TRIM (CLPATH)//'%RKFBNBX_MIN'
( 2256) ENDIF
( 2257) KSIZE = KSIZE + ISIZE
( 2258) ISIZE = KIND (YD%RKFBNBX_MAX)
( 2259) IF (LLPRINT) THEN
( 2260)   WRITE (*, '(I10," ")', ADVANCE='NO') ISIZE
( 2261)   WRITE (*, *) TRIM (CLPATH)//'%RKFBNBX_MAX'
( 2262) ENDIF
( 2263) KSIZE = KSIZE + ISIZE
( 2264) ISIZE = KIND (YD%LPERT_XPERTFLUX)
( 2265) IF (LLPRINT) THEN
( 2266)   WRITE (*, '(I10," ")', ADVANCE='NO') ISIZE
( 2267)   WRITE (*, *) TRIM (CLPATH)//'%LPERT_XPERTFLUX'
( 2268) ENDIF






NVFORTRAN (Version     24.5)          03/19/2025  06:54:51      page 72

( 2269) KSIZE = KSIZE + ISIZE
( 2270) ISIZE = KIND (YD%XPERTFLUX_MAX)
( 2271) IF (LLPRINT) THEN
( 2272)   WRITE (*, '(I10," ")', ADVANCE='NO') ISIZE
( 2273)   WRITE (*, *) TRIM (CLPATH)//'%XPERTFLUX_MAX'
( 2274) ENDIF
( 2275) KSIZE = KSIZE + ISIZE
( 2276) ISIZE = KIND (YD%XPERTFLUX_MIN)
( 2277) IF (LLPRINT) THEN
( 2278)   WRITE (*, '(I10," ")', ADVANCE='NO') ISIZE
( 2279)   WRITE (*, *) TRIM (CLPATH)//'%XPERTFLUX_MIN'
( 2280) ENDIF
( 2281) KSIZE = KSIZE + ISIZE
( 2282) END FUNCTION
( 2283) # 2284 "./util_tpertpar_mod.F90"
( 2284) END MODULE
