


NVFORTRAN (Version     24.5)          03/19/2025  06:54:40      page 1

Switches: -noasm -nodclchk -debug -nodlines -line -list
          -idir /opt/softs/gcc/9.2.0/hpc_sdk/Linux_x86_64/24.5/comm_libs/12.4/hpcx/hpcx-2.19/ompi/include
          -idir /opt/softs/gcc/9.2.0/hpc_sdk/Linux_x86_64/24.5/comm_libs/12.4/hpcx/hpcx-2.19/ompi/lib
          -inform severe -opt 1 -nosave -object -noonetrip
          -depchk on -nostandard     
          -symbol -noupcase    

Filename: ./util_terad_mod.F90

(    1) MODULE UTIL_TERAD_MOD
(    2) 
(    3) USE YOERAD, ONLY : TERAD
(    4) 
(    5) INTERFACE SAVE
(    6) MODULE PROCEDURE SAVE_TERAD
(    7) END INTERFACE
(    8) 
(    9) INTERFACE LOAD
(   10) MODULE PROCEDURE LOAD_TERAD
(   11) END INTERFACE
(   12) 
(   13) INTERFACE COPY
(   14) MODULE PROCEDURE COPY_TERAD
(   15) END INTERFACE
(   16) 
(   17) INTERFACE HOST
(   18) MODULE PROCEDURE HOST_TERAD
(   19) END INTERFACE
(   20) 
(   21)      
(   22) INTERFACE CRC64
(   23) MODULE PROCEDURE CRC64_TERAD
(   24) END INTERFACE
(   25) 
(   26) INTERFACE WIPE
(   27) MODULE PROCEDURE WIPE_TERAD
(   28) END INTERFACE
(   29) 
(   30) INTERFACE SIZE
(   31) MODULE PROCEDURE SIZE_TERAD
(   32) END INTERFACE
(   33) 
(   34) 
(   35) CONTAINS
(   36) 
(   37) SUBROUTINE SAVE_TERAD (KLUN, YD)
(   38) USE UTIL_TSPECTRALPLANCK_MOD
(   39) IMPLICIT NONE
(   40) INTEGER, INTENT (IN) :: KLUN
(   41) TYPE (TERAD), INTENT (IN), TARGET :: YD
(   42) LOGICAL :: LCVDAEBC, LCVDAEDU, LCVDAEOM, LCVDAESS, LCVDAESU
(   43) WRITE (KLUN) YD%NAER
(   44) WRITE (KLUN) YD%NMODE
(   45) WRITE (KLUN) YD%NOZOCL
(   46) WRITE (KLUN) YD%NRADFR
(   47) WRITE (KLUN) YD%NRADPFR
(   48) WRITE (KLUN) YD%NRADPLA
(   49) WRITE (KLUN) YD%NRADINT
(   50) WRITE (KLUN) YD%NRADRES






NVFORTRAN (Version     24.5)          03/19/2025  06:54:40      page 2

(   51) WRITE (KLUN) YD%NRADNFR
(   52) WRITE (KLUN) YD%NRADSFR
(   53) WRITE (KLUN) YD%NRADE1H
(   54) WRITE (KLUN) YD%NRADE3H
(   55) WRITE (KLUN) YD%NRADELG
(   56) WRITE (KLUN) YD%NOVLP
(   57) WRITE (KLUN) YD%NRPROMA
(   58) WRITE (KLUN) YD%NLW
(   59) WRITE (KLUN) YD%NSWNL
(   60) WRITE (KLUN) YD%NSWTL
(   61) WRITE (KLUN) YD%NTLW
(   62) WRITE (KLUN) YD%NTSW
(   63) WRITE (KLUN) YD%NUV
(   64) WRITE (KLUN) YD%NCSRADF
(   65) WRITE (KLUN) YD%NINHOM
(   66) WRITE (KLUN) YD%NLAYINH
(   67) WRITE (KLUN) YD%NLNGR1H
(   68) WRITE (KLUN) YD%NPERTAER
(   69) WRITE (KLUN) YD%NPERTOZ
(   70) WRITE (KLUN) YD%NSCEN
(   71) WRITE (KLUN) YD%NHINCSOL
(   72) WRITE (KLUN) YD%NMCICA
(   73) WRITE (KLUN) YD%NGHGRAD
(   74) WRITE (KLUN) YD%NVOLCVERT
(   75) WRITE (KLUN) YD%NREDGLW
(   76) WRITE (KLUN) YD%NREDGSW
(   77) WRITE (KLUN) YD%NSPMAPL
(   78) WRITE (KLUN) YD%NSPMAPS
(   79) WRITE (KLUN) YD%NSW
(   80) WRITE (KLUN) YD%NLWEMISS
(   81) WRITE (KLUN) YD%NICEOPT
(   82) WRITE (KLUN) YD%NLIQOPT
(   83) WRITE (KLUN) YD%NRADIP
(   84) WRITE (KLUN) YD%NRADLP
(   85) WRITE (KLUN) YD%NLWOUT
(   86) WRITE (KLUN) YD%NDECOLAT
(   87) WRITE (KLUN) YD%NMINICE
(   88) WRITE (KLUN) YD%NAERMACC
(   89) WRITE (KLUN) YD%NMCVAR
(   90) WRITE (KLUN) YD%NLWSCATTERING
(   91) WRITE (KLUN) YD%NSWSOLVER
(   92) WRITE (KLUN) YD%NLWSOLVER
(   93) WRITE (KLUN) YD%NSOLARSPECTRUM
(   94) WRITE (KLUN) YD%NDUMPBADINPUTS
(   95) WRITE (KLUN) YD%NDUMPINPUTS
(   96) WRITE (KLUN) YD%NCLOUDOVERLAP
(   97) WRITE (KLUN) YD%RCLOUD_FRAC_STD
(   98) WRITE (KLUN) YD%RCLOUD_SEPARATION_SCALE_TOA
(   99) WRITE (KLUN) YD%RCLOUD_SEPARATION_SCALE_SURF
(  100) WRITE (KLUN) YD%LFU_LW_ICE_OPTICS_BUG
(  101) WRITE (KLUN) YD%LDIAGFORCING
(  102) WRITE (KLUN) YD%LAPPROXLWUPDATE
(  103) WRITE (KLUN) YD%LAPPROXSWUPDATE
(  104) WRITE (KLUN) YD%NSWICEOPT
(  105) WRITE (KLUN) YD%NSWLIQOPT
(  106) WRITE (KLUN) YD%NLWICEOPT
(  107) WRITE (KLUN) YD%NLWLIQOPT
(  108) WRITE (KLUN) YD%LCCNL






NVFORTRAN (Version     24.5)          03/19/2025  06:54:40      page 3

(  109) WRITE (KLUN) YD%LCCNO
(  110) WRITE (KLUN) YD%RCCNLND
(  111) WRITE (KLUN) YD%RCCNSEA
(  112) WRITE (KLUN) YD%RRE2DE
(  113) WRITE (KLUN) YD%RMINICE
(  114) WRITE (KLUN) YD%NMCLAT
(  115) WRITE (KLUN) YD%NMCLON
(  116) WRITE (KLUN) YD%NMCLEV
(  117) WRITE (KLUN) YD%NSWGASOPTICS
(  118) WRITE (KLUN) YD%NLWGASOPTICS
(  119) WRITE (KLUN) YD%NGASOPTICSSCHEME
(  120) WRITE (KLUN) YD%KMODTS
(  121) WRITE (KLUN) YD%NSWWVCONTINUUM
(  122) WRITE (KLUN) YD%NRTCALL
(  123) WRITE (KLUN) YD%IRTCALLREF
(  124) WRITE (KLUN) YD%IRTCALLCLN
(  125) WRITE (KLUN) YD%LINTERPINCLOUDMEAN
(  126) WRITE (KLUN) YD%LERAD1H
(  127) WRITE (KLUN) YD%LEPO3RA
(  128) WRITE (KLUN) YD%LONEWSW
(  129) WRITE (KLUN) YD%LECSRAD
(  130) WRITE (KLUN) YD%LRRTM
(  131) WRITE (KLUN) YD%LSRTM
(  132) WRITE (KLUN) YD%LDIFFC
(  133) WRITE (KLUN) YD%LHVOLCA
(  134) WRITE (KLUN) YD%LNEWAER
(  135) WRITE (KLUN) YD%LNOTROAER
(  136) WRITE (KLUN) YD%LRAYL
(  137) WRITE (KLUN) YD%LOPTRPROMA
(  138) WRITE (KLUN) YD%LECO2VAR
(  139) WRITE (KLUN) YD%LHGHG
(  140) WRITE (KLUN) YD%LESO4HIS
(  141) WRITE (KLUN) YD%LETRACGMS
(  142) WRITE (KLUN) YD%LAERCLIM
(  143) WRITE (KLUN) YD%LAERVISI
(  144) WRITE (KLUN) YD%LAER3D
(  145) WRITE (KLUN) YD%LVOLCSPEC
(  146) WRITE (KLUN) YD%LVOLCDAMP
(  147) WRITE (KLUN) YD%LAERADCLI
(  148) WRITE (KLUN) YD%LAERADJDU
(  149) WRITE (KLUN) YD%LMANNERSSWUPDATE
(  150) WRITE (KLUN) YD%LCENTREDTIMESZA
(  151) WRITE (KLUN) YD%LAVERAGESZA
(  152) WRITE (KLUN) YD%LECOMPGRID
(  153) WRITE (KLUN) YD%LUSEPRE2017RAD
(  154) WRITE (KLUN) YD%LDUSEASON
(  155) WRITE (KLUN) YD%LPERPET
(  156) WRITE (KLUN) YD%LCLEAN
(  157) WRITE (KLUN) YD%RAOVLP
(  158) WRITE (KLUN) YD%RBOVLP
(  159) WRITE (KLUN) YD%LEDBUG
(  160) WRITE (KLUN) YD%RPERTOZ
(  161) WRITE (KLUN) YD%RLWINHF
(  162) WRITE (KLUN) YD%RSWINHF
(  163) WRITE (KLUN) YD%RVOLCSPEC
(  164) WRITE (KLUN) YD%RNS
(  165) WRITE (KLUN) YD%RSIGAIR
(  166) WRITE (KLUN) YD%RAESHSS






NVFORTRAN (Version     24.5)          03/19/2025  06:54:40      page 4

(  167) WRITE (KLUN) YD%RAESHDU
(  168) WRITE (KLUN) YD%RAESHOM
(  169) WRITE (KLUN) YD%RAESHBC
(  170) WRITE (KLUN) YD%RAESHSU
(  171) WRITE (KLUN) YD%TRBKG
(  172) WRITE (KLUN) YD%STBKG
(  173) WRITE (KLUN) YD%CGHGCLIMFILE
(  174) WRITE (KLUN) YD%CGHGTIMESERIESFILE
(  175) WRITE (KLUN) YD%CSOLARIRRADIANCEFILE
(  176) WRITE (KLUN) YD%RRATSEA
(  177) WRITE (KLUN) YD%RRATLAND
(  178) WRITE (KLUN) YD%RRATDRI
(  179) WRITE (KLUN) YD%RCADECOR
(  180) WRITE (KLUN) YD%RCBDECOR
(  181) WRITE (KLUN) YD%RFACDICE
(  182) LCVDAESS = ALLOCATED (YD%CVDAESS)
(  183) WRITE (KLUN) LCVDAESS
(  184) IF (LCVDAESS) THEN
(  185)   WRITE (KLUN) LBOUND (YD%CVDAESS)
(  186)   WRITE (KLUN) UBOUND (YD%CVDAESS)
(  187)   WRITE (KLUN) YD%CVDAESS
(  188) ENDIF
(  189) LCVDAEDU = ALLOCATED (YD%CVDAEDU)
(  190) WRITE (KLUN) LCVDAEDU
(  191) IF (LCVDAEDU) THEN
(  192)   WRITE (KLUN) LBOUND (YD%CVDAEDU)
(  193)   WRITE (KLUN) UBOUND (YD%CVDAEDU)
(  194)   WRITE (KLUN) YD%CVDAEDU
(  195) ENDIF
(  196) LCVDAEOM = ALLOCATED (YD%CVDAEOM)
(  197) WRITE (KLUN) LCVDAEOM
(  198) IF (LCVDAEOM) THEN
(  199)   WRITE (KLUN) LBOUND (YD%CVDAEOM)
(  200)   WRITE (KLUN) UBOUND (YD%CVDAEOM)
(  201)   WRITE (KLUN) YD%CVDAEOM
(  202) ENDIF
(  203) LCVDAEBC = ALLOCATED (YD%CVDAEBC)
(  204) WRITE (KLUN) LCVDAEBC
(  205) IF (LCVDAEBC) THEN
(  206)   WRITE (KLUN) LBOUND (YD%CVDAEBC)
(  207)   WRITE (KLUN) UBOUND (YD%CVDAEBC)
(  208)   WRITE (KLUN) YD%CVDAEBC
(  209) ENDIF
(  210) LCVDAESU = ALLOCATED (YD%CVDAESU)
(  211) WRITE (KLUN) LCVDAESU
(  212) IF (LCVDAESU) THEN
(  213)   WRITE (KLUN) LBOUND (YD%CVDAESU)
(  214)   WRITE (KLUN) UBOUND (YD%CVDAESU)
(  215)   WRITE (KLUN) YD%CVDAESU
(  216) ENDIF
(  217) WRITE (KLUN) YD%CECRADARCH
(  218) WRITE (KLUN) YD%LECRADACC
(  219) WRITE (KLUN) YD%NECRADLEN
(  220) CALL SAVE_TSPECTRALPLANCK (KLUN, YD%YSPECTPLANCK)
(  221) END SUBROUTINE
(  222) 
(  223) SUBROUTINE LOAD_TERAD (KLUN, YD)
(  224) USE UTIL_TSPECTRALPLANCK_MOD






NVFORTRAN (Version     24.5)          03/19/2025  06:54:40      page 5

(  225) USE PARKIND1, ONLY : JPRD
(  226) 
(  227) IMPLICIT NONE
(  228) INTEGER, INTENT (IN) :: KLUN
(  229) TYPE (TERAD), INTENT (OUT), TARGET :: YD
(  230) INTEGER :: IL1(1), IU1(1)
(  231) LOGICAL :: LCVDAEBC, LCVDAEDU, LCVDAEOM, LCVDAESS, LCVDAESU
(  232) REAL(KIND=JPRD) :: ZTMP0
(  233) REAL(KIND=JPRD), ALLOCATABLE :: ZTMP1 (:)
(  234) READ (KLUN) YD%NAER
(  235) READ (KLUN) YD%NMODE
(  236) READ (KLUN) YD%NOZOCL
(  237) READ (KLUN) YD%NRADFR
(  238) READ (KLUN) YD%NRADPFR
(  239) READ (KLUN) YD%NRADPLA
(  240) READ (KLUN) YD%NRADINT
(  241) READ (KLUN) YD%NRADRES
(  242) READ (KLUN) YD%NRADNFR
(  243) READ (KLUN) YD%NRADSFR
(  244) READ (KLUN) YD%NRADE1H
(  245) READ (KLUN) YD%NRADE3H
(  246) READ (KLUN) YD%NRADELG
(  247) READ (KLUN) YD%NOVLP
(  248) READ (KLUN) YD%NRPROMA
(  249) READ (KLUN) YD%NLW
(  250) READ (KLUN) YD%NSWNL
(  251) READ (KLUN) YD%NSWTL
(  252) READ (KLUN) YD%NTLW
(  253) READ (KLUN) YD%NTSW
(  254) READ (KLUN) YD%NUV
(  255) READ (KLUN) YD%NCSRADF
(  256) READ (KLUN) YD%NINHOM
(  257) READ (KLUN) YD%NLAYINH
(  258) READ (KLUN) YD%NLNGR1H
(  259) READ (KLUN) YD%NPERTAER
(  260) READ (KLUN) YD%NPERTOZ
(  261) READ (KLUN) YD%NSCEN
(  262) READ (KLUN) YD%NHINCSOL
(  263) READ (KLUN) YD%NMCICA
(  264) READ (KLUN) YD%NGHGRAD
(  265) READ (KLUN) YD%NVOLCVERT
(  266) READ (KLUN) YD%NREDGLW
(  267) READ (KLUN) YD%NREDGSW
(  268) READ (KLUN) YD%NSPMAPL
(  269) READ (KLUN) YD%NSPMAPS
(  270) READ (KLUN) YD%NSW
(  271) READ (KLUN) YD%NLWEMISS
(  272) READ (KLUN) YD%NICEOPT
(  273) READ (KLUN) YD%NLIQOPT
(  274) READ (KLUN) YD%NRADIP
(  275) READ (KLUN) YD%NRADLP
(  276) READ (KLUN) YD%NLWOUT
(  277) READ (KLUN) YD%NDECOLAT
(  278) READ (KLUN) YD%NMINICE
(  279) READ (KLUN) YD%NAERMACC
(  280) READ (KLUN) YD%NMCVAR
(  281) READ (KLUN) YD%NLWSCATTERING
(  282) READ (KLUN) YD%NSWSOLVER






NVFORTRAN (Version     24.5)          03/19/2025  06:54:40      page 6

(  283) READ (KLUN) YD%NLWSOLVER
(  284) READ (KLUN) YD%NSOLARSPECTRUM
(  285) READ (KLUN) YD%NDUMPBADINPUTS
(  286) READ (KLUN) YD%NDUMPINPUTS
(  287) READ (KLUN) YD%NCLOUDOVERLAP
(  288) READ (KLUN) ZTMP0
(  289) YD%RCLOUD_FRAC_STD = ZTMP0
(  290) READ (KLUN) ZTMP0
(  291) YD%RCLOUD_SEPARATION_SCALE_TOA = ZTMP0
(  292) READ (KLUN) ZTMP0
(  293) YD%RCLOUD_SEPARATION_SCALE_SURF = ZTMP0
(  294) READ (KLUN) YD%LFU_LW_ICE_OPTICS_BUG
(  295) READ (KLUN) YD%LDIAGFORCING
(  296) READ (KLUN) YD%LAPPROXLWUPDATE
(  297) READ (KLUN) YD%LAPPROXSWUPDATE
(  298) READ (KLUN) YD%NSWICEOPT
(  299) READ (KLUN) YD%NSWLIQOPT
(  300) READ (KLUN) YD%NLWICEOPT
(  301) READ (KLUN) YD%NLWLIQOPT
(  302) READ (KLUN) YD%LCCNL
(  303) READ (KLUN) YD%LCCNO
(  304) READ (KLUN) ZTMP0
(  305) YD%RCCNLND = ZTMP0
(  306) READ (KLUN) ZTMP0
(  307) YD%RCCNSEA = ZTMP0
(  308) READ (KLUN) ZTMP0
(  309) YD%RRE2DE = ZTMP0
(  310) READ (KLUN) ZTMP0
(  311) YD%RMINICE = ZTMP0
(  312) READ (KLUN) YD%NMCLAT
(  313) READ (KLUN) YD%NMCLON
(  314) READ (KLUN) YD%NMCLEV
(  315) READ (KLUN) YD%NSWGASOPTICS
(  316) READ (KLUN) YD%NLWGASOPTICS
(  317) READ (KLUN) YD%NGASOPTICSSCHEME
(  318) READ (KLUN) YD%KMODTS
(  319) READ (KLUN) YD%NSWWVCONTINUUM
(  320) READ (KLUN) YD%NRTCALL
(  321) READ (KLUN) YD%IRTCALLREF
(  322) READ (KLUN) YD%IRTCALLCLN
(  323) READ (KLUN) YD%LINTERPINCLOUDMEAN
(  324) READ (KLUN) YD%LERAD1H
(  325) READ (KLUN) YD%LEPO3RA
(  326) READ (KLUN) YD%LONEWSW
(  327) READ (KLUN) YD%LECSRAD
(  328) READ (KLUN) YD%LRRTM
(  329) READ (KLUN) YD%LSRTM
(  330) READ (KLUN) YD%LDIFFC
(  331) READ (KLUN) YD%LHVOLCA
(  332) READ (KLUN) YD%LNEWAER
(  333) READ (KLUN) YD%LNOTROAER
(  334) READ (KLUN) YD%LRAYL
(  335) READ (KLUN) YD%LOPTRPROMA
(  336) READ (KLUN) YD%LECO2VAR
(  337) READ (KLUN) YD%LHGHG
(  338) READ (KLUN) YD%LESO4HIS
(  339) READ (KLUN) YD%LETRACGMS
(  340) READ (KLUN) YD%LAERCLIM






NVFORTRAN (Version     24.5)          03/19/2025  06:54:40      page 7

(  341) READ (KLUN) YD%LAERVISI
(  342) READ (KLUN) YD%LAER3D
(  343) READ (KLUN) YD%LVOLCSPEC
(  344) READ (KLUN) YD%LVOLCDAMP
(  345) READ (KLUN) YD%LAERADCLI
(  346) READ (KLUN) YD%LAERADJDU
(  347) READ (KLUN) YD%LMANNERSSWUPDATE
(  348) READ (KLUN) YD%LCENTREDTIMESZA
(  349) READ (KLUN) YD%LAVERAGESZA
(  350) READ (KLUN) YD%LECOMPGRID
(  351) READ (KLUN) YD%LUSEPRE2017RAD
(  352) READ (KLUN) YD%LDUSEASON
(  353) READ (KLUN) YD%LPERPET
(  354) READ (KLUN) YD%LCLEAN
(  355) READ (KLUN) ZTMP0
(  356) YD%RAOVLP = ZTMP0
(  357) READ (KLUN) ZTMP0
(  358) YD%RBOVLP = ZTMP0
(  359) READ (KLUN) YD%LEDBUG
(  360) READ (KLUN) ZTMP0
(  361) YD%RPERTOZ = ZTMP0
(  362) READ (KLUN) ZTMP0
(  363) YD%RLWINHF = ZTMP0
(  364) READ (KLUN) ZTMP0
(  365) YD%RSWINHF = ZTMP0
(  366) ALLOCATE (ZTMP1(LBOUND(YD%RVOLCSPEC,1):UBOUND(YD%RVOLCSPEC,1)))
(  367) READ (KLUN) ZTMP1
(  368) YD%RVOLCSPEC = ZTMP1
(  369) DEALLOCATE (ZTMP1)
(  370) READ (KLUN) ZTMP0
(  371) YD%RNS = ZTMP0
(  372) READ (KLUN) ZTMP0
(  373) YD%RSIGAIR = ZTMP0
(  374) READ (KLUN) ZTMP0
(  375) YD%RAESHSS = ZTMP0
(  376) READ (KLUN) ZTMP0
(  377) YD%RAESHDU = ZTMP0
(  378) READ (KLUN) ZTMP0
(  379) YD%RAESHOM = ZTMP0
(  380) READ (KLUN) ZTMP0
(  381) YD%RAESHBC = ZTMP0
(  382) READ (KLUN) ZTMP0
(  383) YD%RAESHSU = ZTMP0
(  384) READ (KLUN) ZTMP0
(  385) YD%TRBKG = ZTMP0
(  386) READ (KLUN) ZTMP0
(  387) YD%STBKG = ZTMP0
(  388) READ (KLUN) YD%CGHGCLIMFILE
(  389) READ (KLUN) YD%CGHGTIMESERIESFILE
(  390) READ (KLUN) YD%CSOLARIRRADIANCEFILE
(  391) READ (KLUN) ZTMP0
(  392) YD%RRATSEA = ZTMP0
(  393) READ (KLUN) ZTMP0
(  394) YD%RRATLAND = ZTMP0
(  395) READ (KLUN) ZTMP0
(  396) YD%RRATDRI = ZTMP0
(  397) READ (KLUN) ZTMP0
(  398) YD%RCADECOR = ZTMP0






NVFORTRAN (Version     24.5)          03/19/2025  06:54:40      page 8

(  399) READ (KLUN) ZTMP0
(  400) YD%RCBDECOR = ZTMP0
(  401) READ (KLUN) ZTMP0
(  402) YD%RFACDICE = ZTMP0
(  403) READ (KLUN) LCVDAESS
(  404) IF (LCVDAESS) THEN
(  405)   READ (KLUN) IL1
(  406)   READ (KLUN) IU1
(  407)   ALLOCATE (YD%CVDAESS (IL1(1):IU1(1)))
(  408)   ALLOCATE (ZTMP1(LBOUND(YD%CVDAESS,1):UBOUND(YD%CVDAESS,1)))
(  409)   READ (KLUN) ZTMP1
(  410)   YD%CVDAESS = ZTMP1
(  411)   DEALLOCATE (ZTMP1)
(  412) ENDIF
(  413) READ (KLUN) LCVDAEDU
(  414) IF (LCVDAEDU) THEN
(  415)   READ (KLUN) IL1
(  416)   READ (KLUN) IU1
(  417)   ALLOCATE (YD%CVDAEDU (IL1(1):IU1(1)))
(  418)   ALLOCATE (ZTMP1(LBOUND(YD%CVDAEDU,1):UBOUND(YD%CVDAEDU,1)))
(  419)   READ (KLUN) ZTMP1
(  420)   YD%CVDAEDU = ZTMP1
(  421)   DEALLOCATE (ZTMP1)
(  422) ENDIF
(  423) READ (KLUN) LCVDAEOM
(  424) IF (LCVDAEOM) THEN
(  425)   READ (KLUN) IL1
(  426)   READ (KLUN) IU1
(  427)   ALLOCATE (YD%CVDAEOM (IL1(1):IU1(1)))
(  428)   ALLOCATE (ZTMP1(LBOUND(YD%CVDAEOM,1):UBOUND(YD%CVDAEOM,1)))
(  429)   READ (KLUN) ZTMP1
(  430)   YD%CVDAEOM = ZTMP1
(  431)   DEALLOCATE (ZTMP1)
(  432) ENDIF
(  433) READ (KLUN) LCVDAEBC
(  434) IF (LCVDAEBC) THEN
(  435)   READ (KLUN) IL1
(  436)   READ (KLUN) IU1
(  437)   ALLOCATE (YD%CVDAEBC (IL1(1):IU1(1)))
(  438)   ALLOCATE (ZTMP1(LBOUND(YD%CVDAEBC,1):UBOUND(YD%CVDAEBC,1)))
(  439)   READ (KLUN) ZTMP1
(  440)   YD%CVDAEBC = ZTMP1
(  441)   DEALLOCATE (ZTMP1)
(  442) ENDIF
(  443) READ (KLUN) LCVDAESU
(  444) IF (LCVDAESU) THEN
(  445)   READ (KLUN) IL1
(  446)   READ (KLUN) IU1
(  447)   ALLOCATE (YD%CVDAESU (IL1(1):IU1(1)))
(  448)   ALLOCATE (ZTMP1(LBOUND(YD%CVDAESU,1):UBOUND(YD%CVDAESU,1)))
(  449)   READ (KLUN) ZTMP1
(  450)   YD%CVDAESU = ZTMP1
(  451)   DEALLOCATE (ZTMP1)
(  452) ENDIF
(  453) READ (KLUN) YD%CECRADARCH
(  454) READ (KLUN) YD%LECRADACC
(  455) READ (KLUN) YD%NECRADLEN
(  456) CALL LOAD_TSPECTRALPLANCK (KLUN, YD%YSPECTPLANCK)






NVFORTRAN (Version     24.5)          03/19/2025  06:54:40      page 9

(  457) END SUBROUTINE
(  458) 
(  459) 
(  460) SUBROUTINE COPY_TERAD (YD, LDCREATED, LDFIELDAPI)
(  461) USE UTIL_TSPECTRALPLANCK_MOD
(  462) IMPLICIT NONE
(  463) TYPE (TERAD), INTENT (IN), TARGET :: YD
(  464) LOGICAL, OPTIONAL, INTENT (IN) :: LDCREATED, LDFIELDAPI
(  465) LOGICAL :: LLCREATED
(  466) LOGICAL :: LLFIELDAPI
(  467) LOGICAL :: LCVDAEBC, LCVDAEDU, LCVDAEOM, LCVDAESS, LCVDAESU
(  468) 
(  469) LLFIELDAPI = .FALSE.
(  470) IF (PRESENT (LDFIELDAPI)) THEN
(  471)   LLFIELDAPI = LDFIELDAPI
(  472) ENDIF
(  473) LLCREATED = .FALSE.
(  474) IF (PRESENT (LDCREATED)) THEN
(  475)   LLCREATED = LDCREATED
(  476) ENDIF
(  477) IF (.NOT. LLCREATED) THEN
(  478)   !$acc enter data create (YD)
(  479)   !$acc update device (YD)
(  480) ENDIF
(  481) 
(  482) 
(  483) 
(  484) 
(  485) 
(  486) 
(  487) 
(  488) 
(  489) 
(  490) 
(  491) 
(  492) 
(  493) 
(  494) 
(  495) 
(  496) 
(  497) 
(  498) 
(  499) 
(  500) 
(  501) 
(  502) 
(  503) 
(  504) 
(  505) 
(  506) 
(  507) 
(  508) 
(  509) 
(  510) 
(  511) 
(  512) 
(  513) 
(  514) 






NVFORTRAN (Version     24.5)          03/19/2025  06:54:40      page 10

(  515) 
(  516) 
(  517) 
(  518) 
(  519) 
(  520) 
(  521) 
(  522) 
(  523) 
(  524) 
(  525) 
(  526) 
(  527) 
(  528) 
(  529) 
(  530) 
(  531) 
(  532) 
(  533) 
(  534) 
(  535) 
(  536) 
(  537) 
(  538) 
(  539) 
(  540) 
(  541) 
(  542) 
(  543) 
(  544) 
(  545) 
(  546) 
(  547) 
(  548) 
(  549) 
(  550) 
(  551) 
(  552) 
(  553) 
(  554) 
(  555) 
(  556) 
(  557) 
(  558) 
(  559) 
(  560) 
(  561) 
(  562) 
(  563) 
(  564) 
(  565) 
(  566) 
(  567) 
(  568) 
(  569) 
(  570) 
(  571) 
(  572) 






NVFORTRAN (Version     24.5)          03/19/2025  06:54:40      page 11

(  573) 
(  574) 
(  575) 
(  576) 
(  577) 
(  578) 
(  579) 
(  580) 
(  581) 
(  582) 
(  583) 
(  584) 
(  585) 
(  586) 
(  587) 
(  588) 
(  589) 
(  590) 
(  591) 
(  592) 
(  593) 
(  594) 
(  595) 
(  596) 
(  597) 
(  598) 
(  599) 
(  600) 
(  601) 
(  602) 
(  603) 
(  604) 
(  605) 
(  606) 
(  607) 
(  608) 
(  609) 
(  610) 
(  611) 
(  612) 
(  613) 
(  614) 
(  615) 
(  616) 
(  617) 
(  618) 
(  619) 
(  620) LCVDAESS = ALLOCATED (YD%CVDAESS)
(  621) IF (LCVDAESS) THEN
(  622)   !$acc enter data create (YD%CVDAESS)
(  623)   !$acc update device (YD%CVDAESS)
(  624)   !$acc enter data attach (YD%CVDAESS)
(  625) ENDIF
(  626) 
(  627) LCVDAEDU = ALLOCATED (YD%CVDAEDU)
(  628) IF (LCVDAEDU) THEN
(  629)   !$acc enter data create (YD%CVDAEDU)
(  630)   !$acc update device (YD%CVDAEDU)






NVFORTRAN (Version     24.5)          03/19/2025  06:54:40      page 12

(  631)   !$acc enter data attach (YD%CVDAEDU)
(  632) ENDIF
(  633) 
(  634) LCVDAEOM = ALLOCATED (YD%CVDAEOM)
(  635) IF (LCVDAEOM) THEN
(  636)   !$acc enter data create (YD%CVDAEOM)
(  637)   !$acc update device (YD%CVDAEOM)
(  638)   !$acc enter data attach (YD%CVDAEOM)
(  639) ENDIF
(  640) 
(  641) LCVDAEBC = ALLOCATED (YD%CVDAEBC)
(  642) IF (LCVDAEBC) THEN
(  643)   !$acc enter data create (YD%CVDAEBC)
(  644)   !$acc update device (YD%CVDAEBC)
(  645)   !$acc enter data attach (YD%CVDAEBC)
(  646) ENDIF
(  647) 
(  648) LCVDAESU = ALLOCATED (YD%CVDAESU)
(  649) IF (LCVDAESU) THEN
(  650)   !$acc enter data create (YD%CVDAESU)
(  651)   !$acc update device (YD%CVDAESU)
(  652)   !$acc enter data attach (YD%CVDAESU)
(  653) ENDIF
(  654) 
(  655) 
(  656) 
(  657) 
(  658) CALL COPY_TSPECTRALPLANCK (YD%YSPECTPLANCK, LDCREATED=.TRUE., LDFIELDAPI=LDFIELDAPI)
(  659) 
(  660) END SUBROUTINE
(  661) 
(  662) SUBROUTINE HOST_TERAD (YD)
(  663) USE UTIL_TSPECTRALPLANCK_MOD
(  664) 
(  665) IMPLICIT NONE
(  666) TYPE (TERAD), TARGET :: YD
(  667) LOGICAL :: LCVDAEBC, LCVDAEDU, LCVDAEOM, LCVDAESS, LCVDAESU
(  668) 
(  669) 
(  670) 
(  671) 
(  672) 
(  673) 
(  674) 
(  675) 
(  676) 
(  677) 
(  678) 
(  679) 
(  680) 
(  681) 
(  682) 
(  683) 
(  684) 
(  685) 
(  686) 
(  687) 
(  688) 






NVFORTRAN (Version     24.5)          03/19/2025  06:54:40      page 13

(  689) 
(  690) 
(  691) 
(  692) 
(  693) 
(  694) 
(  695) 
(  696) 
(  697) 
(  698) 
(  699) 
(  700) 
(  701) 
(  702) 
(  703) 
(  704) 
(  705) 
(  706) 
(  707) 
(  708) 
(  709) 
(  710) 
(  711) 
(  712) 
(  713) 
(  714) 
(  715) 
(  716) 
(  717) 
(  718) 
(  719) 
(  720) 
(  721) 
(  722) 
(  723) 
(  724) 
(  725) 
(  726) 
(  727) 
(  728) 
(  729) 
(  730) 
(  731) 
(  732) 
(  733) 
(  734) 
(  735) 
(  736) 
(  737) 
(  738) 
(  739) 
(  740) 
(  741) 
(  742) 
(  743) 
(  744) 
(  745) 
(  746) 






NVFORTRAN (Version     24.5)          03/19/2025  06:54:40      page 14

(  747) 
(  748) 
(  749) 
(  750) 
(  751) 
(  752) 
(  753) 
(  754) 
(  755) 
(  756) 
(  757) 
(  758) 
(  759) 
(  760) 
(  761) 
(  762) 
(  763) 
(  764) 
(  765) 
(  766) 
(  767) 
(  768) 
(  769) 
(  770) 
(  771) 
(  772) 
(  773) 
(  774) 
(  775) 
(  776) 
(  777) 
(  778) 
(  779) 
(  780) 
(  781) 
(  782) 
(  783) 
(  784) 
(  785) 
(  786) 
(  787) 
(  788) 
(  789) 
(  790) 
(  791) 
(  792) 
(  793) 
(  794) 
(  795) 
(  796) 
(  797) 
(  798) 
(  799) 
(  800) 
(  801) 
(  802) 
(  803) 
(  804) 






NVFORTRAN (Version     24.5)          03/19/2025  06:54:40      page 15

(  805) 
(  806) 
(  807) 
(  808) 
(  809) 
(  810) 
(  811) 
(  812) 
(  813) 
(  814) 
(  815) CALL HOST_TSPECTRALPLANCK (YD%YSPECTPLANCK)
(  816) 
(  817) END SUBROUTINE
(  818) 
(  819)      
(  820) 
(  821) SUBROUTINE CRC64_TERAD (YD, KLUN, CDPATH)
(  822) USE UTIL_TSPECTRALPLANCK_MOD
(  823) USE CRC64_INTRINSIC
(  824) 
(  825) IMPLICIT NONE
(  826) TYPE (TERAD), TARGET :: YD
(  827) INTEGER, INTENT (IN) :: KLUN
(  828) CHARACTER(LEN=*), INTENT (IN) :: CDPATH
(  829) CHARACTER(LEN=128) :: CLIND
(  830) LOGICAL :: LCVDAEBC, LCVDAEDU, LCVDAEOM, LCVDAESS, LCVDAESU
(  831) WRITE (KLUN, '(Z16.16," ",A)') CRC64 (YD%NAER), CDPATH//'%NAER'
(  832) 
(  833) WRITE (KLUN, '(Z16.16," ",A)') CRC64 (YD%NMODE), CDPATH//'%NMODE'
(  834) 
(  835) WRITE (KLUN, '(Z16.16," ",A)') CRC64 (YD%NOZOCL), CDPATH//'%NOZOCL'
(  836) 
(  837) WRITE (KLUN, '(Z16.16," ",A)') CRC64 (YD%NRADFR), CDPATH//'%NRADFR'
(  838) 
(  839) WRITE (KLUN, '(Z16.16," ",A)') CRC64 (YD%NRADPFR), CDPATH//'%NRADPFR'
(  840) 
(  841) WRITE (KLUN, '(Z16.16," ",A)') CRC64 (YD%NRADPLA), CDPATH//'%NRADPLA'
(  842) 
(  843) WRITE (KLUN, '(Z16.16," ",A)') CRC64 (YD%NRADINT), CDPATH//'%NRADINT'
(  844) 
(  845) WRITE (KLUN, '(Z16.16," ",A)') CRC64 (YD%NRADRES), CDPATH//'%NRADRES'
(  846) 
(  847) WRITE (KLUN, '(Z16.16," ",A)') CRC64 (YD%NRADNFR), CDPATH//'%NRADNFR'
(  848) 
(  849) WRITE (KLUN, '(Z16.16," ",A)') CRC64 (YD%NRADSFR), CDPATH//'%NRADSFR'
(  850) 
(  851) WRITE (KLUN, '(Z16.16," ",A)') CRC64 (YD%NRADE1H), CDPATH//'%NRADE1H'
(  852) 
(  853) WRITE (KLUN, '(Z16.16," ",A)') CRC64 (YD%NRADE3H), CDPATH//'%NRADE3H'
(  854) 
(  855) WRITE (KLUN, '(Z16.16," ",A)') CRC64 (YD%NRADELG), CDPATH//'%NRADELG'
(  856) 
(  857) WRITE (KLUN, '(Z16.16," ",A)') CRC64 (YD%NOVLP), CDPATH//'%NOVLP'
(  858) 
(  859) WRITE (KLUN, '(Z16.16," ",A)') CRC64 (YD%NRPROMA), CDPATH//'%NRPROMA'
(  860) 
(  861) WRITE (KLUN, '(Z16.16," ",A)') CRC64 (YD%NLW), CDPATH//'%NLW'
(  862) 






NVFORTRAN (Version     24.5)          03/19/2025  06:54:40      page 16

(  863) WRITE (KLUN, '(Z16.16," ",A)') CRC64 (YD%NSWNL), CDPATH//'%NSWNL'
(  864) 
(  865) WRITE (KLUN, '(Z16.16," ",A)') CRC64 (YD%NSWTL), CDPATH//'%NSWTL'
(  866) 
(  867) WRITE (KLUN, '(Z16.16," ",A)') CRC64 (YD%NTLW), CDPATH//'%NTLW'
(  868) 
(  869) WRITE (KLUN, '(Z16.16," ",A)') CRC64 (YD%NTSW), CDPATH//'%NTSW'
(  870) 
(  871) WRITE (KLUN, '(Z16.16," ",A)') CRC64 (YD%NUV), CDPATH//'%NUV'
(  872) 
(  873) WRITE (KLUN, '(Z16.16," ",A)') CRC64 (YD%NCSRADF), CDPATH//'%NCSRADF'
(  874) 
(  875) WRITE (KLUN, '(Z16.16," ",A)') CRC64 (YD%NINHOM), CDPATH//'%NINHOM'
(  876) 
(  877) WRITE (KLUN, '(Z16.16," ",A)') CRC64 (YD%NLAYINH), CDPATH//'%NLAYINH'
(  878) 
(  879) WRITE (KLUN, '(Z16.16," ",A)') CRC64 (YD%NLNGR1H), CDPATH//'%NLNGR1H'
(  880) 
(  881) WRITE (KLUN, '(Z16.16," ",A)') CRC64 (YD%NPERTAER), CDPATH//'%NPERTAER'
(  882) 
(  883) WRITE (KLUN, '(Z16.16," ",A)') CRC64 (YD%NPERTOZ), CDPATH//'%NPERTOZ'
(  884) 
(  885) WRITE (KLUN, '(Z16.16," ",A)') CRC64 (YD%NSCEN), CDPATH//'%NSCEN'
(  886) 
(  887) WRITE (KLUN, '(Z16.16," ",A)') CRC64 (YD%NHINCSOL), CDPATH//'%NHINCSOL'
(  888) 
(  889) WRITE (KLUN, '(Z16.16," ",A)') CRC64 (YD%NMCICA), CDPATH//'%NMCICA'
(  890) 
(  891) WRITE (KLUN, '(Z16.16," ",A)') CRC64 (YD%NGHGRAD), CDPATH//'%NGHGRAD'
(  892) 
(  893) WRITE (KLUN, '(Z16.16," ",A)') CRC64 (YD%NVOLCVERT), CDPATH//'%NVOLCVERT'
(  894) 
(  895) WRITE (KLUN, '(Z16.16," ",A)') CRC64 (YD%NREDGLW), CDPATH//'%NREDGLW'
(  896) 
(  897) WRITE (KLUN, '(Z16.16," ",A)') CRC64 (YD%NREDGSW), CDPATH//'%NREDGSW'
(  898) 
(  899) WRITE (KLUN, '(Z16.16," ",A)') CRC64 (YD%NSPMAPL), CDPATH//'%NSPMAPL'
(  900) 
(  901) WRITE (KLUN, '(Z16.16," ",A)') CRC64 (YD%NSPMAPS), CDPATH//'%NSPMAPS'
(  902) 
(  903) WRITE (KLUN, '(Z16.16," ",A)') CRC64 (YD%NSW), CDPATH//'%NSW'
(  904) 
(  905) WRITE (KLUN, '(Z16.16," ",A)') CRC64 (YD%NLWEMISS), CDPATH//'%NLWEMISS'
(  906) 
(  907) WRITE (KLUN, '(Z16.16," ",A)') CRC64 (YD%NICEOPT), CDPATH//'%NICEOPT'
(  908) 
(  909) WRITE (KLUN, '(Z16.16," ",A)') CRC64 (YD%NLIQOPT), CDPATH//'%NLIQOPT'
(  910) 
(  911) WRITE (KLUN, '(Z16.16," ",A)') CRC64 (YD%NRADIP), CDPATH//'%NRADIP'
(  912) 
(  913) WRITE (KLUN, '(Z16.16," ",A)') CRC64 (YD%NRADLP), CDPATH//'%NRADLP'
(  914) 
(  915) WRITE (KLUN, '(Z16.16," ",A)') CRC64 (YD%NLWOUT), CDPATH//'%NLWOUT'
(  916) 
(  917) WRITE (KLUN, '(Z16.16," ",A)') CRC64 (YD%NDECOLAT), CDPATH//'%NDECOLAT'
(  918) 
(  919) WRITE (KLUN, '(Z16.16," ",A)') CRC64 (YD%NMINICE), CDPATH//'%NMINICE'
(  920) 






NVFORTRAN (Version     24.5)          03/19/2025  06:54:40      page 17

(  921) WRITE (KLUN, '(Z16.16," ",A)') CRC64 (YD%NAERMACC), CDPATH//'%NAERMACC'
(  922) 
(  923) WRITE (KLUN, '(Z16.16," ",A)') CRC64 (YD%NMCVAR), CDPATH//'%NMCVAR'
(  924) 
(  925) WRITE (KLUN, '(Z16.16," ",A)') CRC64 (YD%NLWSCATTERING), CDPATH//'%NLWSCATTERING'
(  926) 
(  927) WRITE (KLUN, '(Z16.16," ",A)') CRC64 (YD%NSWSOLVER), CDPATH//'%NSWSOLVER'
(  928) 
(  929) WRITE (KLUN, '(Z16.16," ",A)') CRC64 (YD%NLWSOLVER), CDPATH//'%NLWSOLVER'
(  930) 
(  931) WRITE (KLUN, '(Z16.16," ",A)') CRC64 (YD%NSOLARSPECTRUM), CDPATH//'%NSOLARSPECTRUM'
(  932) 
(  933) WRITE (KLUN, '(Z16.16," ",A)') CRC64 (YD%NDUMPBADINPUTS), CDPATH//'%NDUMPBADINPUTS'
(  934) 
(  935) WRITE (KLUN, '(Z16.16," ",A)') CRC64 (YD%NDUMPINPUTS), CDPATH//'%NDUMPINPUTS'
(  936) 
(  937) WRITE (KLUN, '(Z16.16," ",A)') CRC64 (YD%NCLOUDOVERLAP), CDPATH//'%NCLOUDOVERLAP'
(  938) 
(  939) WRITE (KLUN, '(Z16.16," ",A)') CRC64 (YD%RCLOUD_FRAC_STD), CDPATH//'%RCLOUD_FRAC_STD'
(  940) 
(  941) WRITE (KLUN, '(Z16.16," ",A)') CRC64 (YD%RCLOUD_SEPARATION_SCALE_TOA), CDPATH//'%RCLOUD_SEPARATION_SCALE_TOA'
(  942) 
(  943) WRITE (KLUN, '(Z16.16," ",A)') CRC64 (YD%RCLOUD_SEPARATION_SCALE_SURF), CDPATH//'%RCLOUD_SEPARATION_SCALE_SURF'
(  944) 
(  945) WRITE (KLUN, '(Z16.16," ",A)') CRC64 (YD%LFU_LW_ICE_OPTICS_BUG), CDPATH//'%LFU_LW_ICE_OPTICS_BUG'
(  946) 
(  947) WRITE (KLUN, '(Z16.16," ",A)') CRC64 (YD%LDIAGFORCING), CDPATH//'%LDIAGFORCING'
(  948) 
(  949) WRITE (KLUN, '(Z16.16," ",A)') CRC64 (YD%LAPPROXLWUPDATE), CDPATH//'%LAPPROXLWUPDATE'
(  950) 
(  951) WRITE (KLUN, '(Z16.16," ",A)') CRC64 (YD%LAPPROXSWUPDATE), CDPATH//'%LAPPROXSWUPDATE'
(  952) 
(  953) WRITE (KLUN, '(Z16.16," ",A)') CRC64 (YD%NSWICEOPT), CDPATH//'%NSWICEOPT'
(  954) 
(  955) WRITE (KLUN, '(Z16.16," ",A)') CRC64 (YD%NSWLIQOPT), CDPATH//'%NSWLIQOPT'
(  956) 
(  957) WRITE (KLUN, '(Z16.16," ",A)') CRC64 (YD%NLWICEOPT), CDPATH//'%NLWICEOPT'
(  958) 
(  959) WRITE (KLUN, '(Z16.16," ",A)') CRC64 (YD%NLWLIQOPT), CDPATH//'%NLWLIQOPT'
(  960) 
(  961) WRITE (KLUN, '(Z16.16," ",A)') CRC64 (YD%LCCNL), CDPATH//'%LCCNL'
(  962) 
(  963) WRITE (KLUN, '(Z16.16," ",A)') CRC64 (YD%LCCNO), CDPATH//'%LCCNO'
(  964) 
(  965) WRITE (KLUN, '(Z16.16," ",A)') CRC64 (YD%RCCNLND), CDPATH//'%RCCNLND'
(  966) 
(  967) WRITE (KLUN, '(Z16.16," ",A)') CRC64 (YD%RCCNSEA), CDPATH//'%RCCNSEA'
(  968) 
(  969) WRITE (KLUN, '(Z16.16," ",A)') CRC64 (YD%RRE2DE), CDPATH//'%RRE2DE'
(  970) 
(  971) WRITE (KLUN, '(Z16.16," ",A)') CRC64 (YD%RMINICE), CDPATH//'%RMINICE'
(  972) 
(  973) WRITE (KLUN, '(Z16.16," ",A)') CRC64 (YD%NMCLAT), CDPATH//'%NMCLAT'
(  974) 
(  975) WRITE (KLUN, '(Z16.16," ",A)') CRC64 (YD%NMCLON), CDPATH//'%NMCLON'
(  976) 
(  977) WRITE (KLUN, '(Z16.16," ",A)') CRC64 (YD%NMCLEV), CDPATH//'%NMCLEV'
(  978) 






NVFORTRAN (Version     24.5)          03/19/2025  06:54:40      page 18

(  979) WRITE (KLUN, '(Z16.16," ",A)') CRC64 (YD%NSWGASOPTICS), CDPATH//'%NSWGASOPTICS'
(  980) 
(  981) WRITE (KLUN, '(Z16.16," ",A)') CRC64 (YD%NLWGASOPTICS), CDPATH//'%NLWGASOPTICS'
(  982) 
(  983) WRITE (KLUN, '(Z16.16," ",A)') CRC64 (YD%NGASOPTICSSCHEME), CDPATH//'%NGASOPTICSSCHEME'
(  984) 
(  985) WRITE (KLUN, '(Z16.16," ",A)') CRC64 (YD%KMODTS), CDPATH//'%KMODTS'
(  986) 
(  987) WRITE (KLUN, '(Z16.16," ",A)') CRC64 (YD%NSWWVCONTINUUM), CDPATH//'%NSWWVCONTINUUM'
(  988) 
(  989) WRITE (KLUN, '(Z16.16," ",A)') CRC64 (YD%NRTCALL), CDPATH//'%NRTCALL'
(  990) 
(  991) WRITE (KLUN, '(Z16.16," ",A)') CRC64 (YD%IRTCALLREF), CDPATH//'%IRTCALLREF'
(  992) 
(  993) WRITE (KLUN, '(Z16.16," ",A)') CRC64 (YD%IRTCALLCLN), CDPATH//'%IRTCALLCLN'
(  994) 
(  995) WRITE (KLUN, '(Z16.16," ",A)') CRC64 (YD%LINTERPINCLOUDMEAN), CDPATH//'%LINTERPINCLOUDMEAN'
(  996) 
(  997) WRITE (KLUN, '(Z16.16," ",A)') CRC64 (YD%LERAD1H), CDPATH//'%LERAD1H'
(  998) 
(  999) WRITE (KLUN, '(Z16.16," ",A)') CRC64 (YD%LEPO3RA), CDPATH//'%LEPO3RA'
( 1000) 
( 1001) WRITE (KLUN, '(Z16.16," ",A)') CRC64 (YD%LONEWSW), CDPATH//'%LONEWSW'
( 1002) 
( 1003) WRITE (KLUN, '(Z16.16," ",A)') CRC64 (YD%LECSRAD), CDPATH//'%LECSRAD'
( 1004) 
( 1005) WRITE (KLUN, '(Z16.16," ",A)') CRC64 (YD%LRRTM), CDPATH//'%LRRTM'
( 1006) 
( 1007) WRITE (KLUN, '(Z16.16," ",A)') CRC64 (YD%LSRTM), CDPATH//'%LSRTM'
( 1008) 
( 1009) WRITE (KLUN, '(Z16.16," ",A)') CRC64 (YD%LDIFFC), CDPATH//'%LDIFFC'
( 1010) 
( 1011) WRITE (KLUN, '(Z16.16," ",A)') CRC64 (YD%LHVOLCA), CDPATH//'%LHVOLCA'
( 1012) 
( 1013) WRITE (KLUN, '(Z16.16," ",A)') CRC64 (YD%LNEWAER), CDPATH//'%LNEWAER'
( 1014) 
( 1015) WRITE (KLUN, '(Z16.16," ",A)') CRC64 (YD%LNOTROAER), CDPATH//'%LNOTROAER'
( 1016) 
( 1017) WRITE (KLUN, '(Z16.16," ",A)') CRC64 (YD%LRAYL), CDPATH//'%LRAYL'
( 1018) 
( 1019) WRITE (KLUN, '(Z16.16," ",A)') CRC64 (YD%LOPTRPROMA), CDPATH//'%LOPTRPROMA'
( 1020) 
( 1021) WRITE (KLUN, '(Z16.16," ",A)') CRC64 (YD%LECO2VAR), CDPATH//'%LECO2VAR'
( 1022) 
( 1023) WRITE (KLUN, '(Z16.16," ",A)') CRC64 (YD%LHGHG), CDPATH//'%LHGHG'
( 1024) 
( 1025) WRITE (KLUN, '(Z16.16," ",A)') CRC64 (YD%LESO4HIS), CDPATH//'%LESO4HIS'
( 1026) 
( 1027) WRITE (KLUN, '(Z16.16," ",A)') CRC64 (YD%LETRACGMS), CDPATH//'%LETRACGMS'
( 1028) 
( 1029) WRITE (KLUN, '(Z16.16," ",A)') CRC64 (YD%LAERCLIM), CDPATH//'%LAERCLIM'
( 1030) 
( 1031) WRITE (KLUN, '(Z16.16," ",A)') CRC64 (YD%LAERVISI), CDPATH//'%LAERVISI'
( 1032) 
( 1033) WRITE (KLUN, '(Z16.16," ",A)') CRC64 (YD%LAER3D), CDPATH//'%LAER3D'
( 1034) 
( 1035) WRITE (KLUN, '(Z16.16," ",A)') CRC64 (YD%LVOLCSPEC), CDPATH//'%LVOLCSPEC'
( 1036) 






NVFORTRAN (Version     24.5)          03/19/2025  06:54:40      page 19

( 1037) WRITE (KLUN, '(Z16.16," ",A)') CRC64 (YD%LVOLCDAMP), CDPATH//'%LVOLCDAMP'
( 1038) 
( 1039) WRITE (KLUN, '(Z16.16," ",A)') CRC64 (YD%LAERADCLI), CDPATH//'%LAERADCLI'
( 1040) 
( 1041) WRITE (KLUN, '(Z16.16," ",A)') CRC64 (YD%LAERADJDU), CDPATH//'%LAERADJDU'
( 1042) 
( 1043) WRITE (KLUN, '(Z16.16," ",A)') CRC64 (YD%LMANNERSSWUPDATE), CDPATH//'%LMANNERSSWUPDATE'
( 1044) 
( 1045) WRITE (KLUN, '(Z16.16," ",A)') CRC64 (YD%LCENTREDTIMESZA), CDPATH//'%LCENTREDTIMESZA'
( 1046) 
( 1047) WRITE (KLUN, '(Z16.16," ",A)') CRC64 (YD%LAVERAGESZA), CDPATH//'%LAVERAGESZA'
( 1048) 
( 1049) WRITE (KLUN, '(Z16.16," ",A)') CRC64 (YD%LECOMPGRID), CDPATH//'%LECOMPGRID'
( 1050) 
( 1051) WRITE (KLUN, '(Z16.16," ",A)') CRC64 (YD%LUSEPRE2017RAD), CDPATH//'%LUSEPRE2017RAD'
( 1052) 
( 1053) WRITE (KLUN, '(Z16.16," ",A)') CRC64 (YD%LDUSEASON), CDPATH//'%LDUSEASON'
( 1054) 
( 1055) WRITE (KLUN, '(Z16.16," ",A)') CRC64 (YD%LPERPET), CDPATH//'%LPERPET'
( 1056) 
( 1057) WRITE (KLUN, '(Z16.16," ",A)') CRC64 (YD%LCLEAN), CDPATH//'%LCLEAN'
( 1058) 
( 1059) WRITE (KLUN, '(Z16.16," ",A)') CRC64 (YD%RAOVLP), CDPATH//'%RAOVLP'
( 1060) 
( 1061) WRITE (KLUN, '(Z16.16," ",A)') CRC64 (YD%RBOVLP), CDPATH//'%RBOVLP'
( 1062) 
( 1063) WRITE (KLUN, '(Z16.16," ",A)') CRC64 (YD%LEDBUG), CDPATH//'%LEDBUG'
( 1064) 
( 1065) WRITE (KLUN, '(Z16.16," ",A)') CRC64 (YD%RPERTOZ), CDPATH//'%RPERTOZ'
( 1066) 
( 1067) WRITE (KLUN, '(Z16.16," ",A)') CRC64 (YD%RLWINHF), CDPATH//'%RLWINHF'
( 1068) 
( 1069) WRITE (KLUN, '(Z16.16," ",A)') CRC64 (YD%RSWINHF), CDPATH//'%RSWINHF'
( 1070) 
( 1071) WRITE (KLUN, '(Z16.16," ",A)') CRC64 (YD%RVOLCSPEC), CDPATH//'%RVOLCSPEC'
( 1072) 
( 1073) WRITE (KLUN, '(Z16.16," ",A)') CRC64 (YD%RNS), CDPATH//'%RNS'
( 1074) 
( 1075) WRITE (KLUN, '(Z16.16," ",A)') CRC64 (YD%RSIGAIR), CDPATH//'%RSIGAIR'
( 1076) 
( 1077) WRITE (KLUN, '(Z16.16," ",A)') CRC64 (YD%RAESHSS), CDPATH//'%RAESHSS'
( 1078) 
( 1079) WRITE (KLUN, '(Z16.16," ",A)') CRC64 (YD%RAESHDU), CDPATH//'%RAESHDU'
( 1080) 
( 1081) WRITE (KLUN, '(Z16.16," ",A)') CRC64 (YD%RAESHOM), CDPATH//'%RAESHOM'
( 1082) 
( 1083) WRITE (KLUN, '(Z16.16," ",A)') CRC64 (YD%RAESHBC), CDPATH//'%RAESHBC'
( 1084) 
( 1085) WRITE (KLUN, '(Z16.16," ",A)') CRC64 (YD%RAESHSU), CDPATH//'%RAESHSU'
( 1086) 
( 1087) WRITE (KLUN, '(Z16.16," ",A)') CRC64 (YD%TRBKG), CDPATH//'%TRBKG'
( 1088) 
( 1089) WRITE (KLUN, '(Z16.16," ",A)') CRC64 (YD%STBKG), CDPATH//'%STBKG'
( 1090) 
( 1091) WRITE (KLUN, '(Z16.16," ",A)') CRC64 (YD%CGHGCLIMFILE), CDPATH//'%CGHGCLIMFILE'
( 1092) 
( 1093) WRITE (KLUN, '(Z16.16," ",A)') CRC64 (YD%CGHGTIMESERIESFILE), CDPATH//'%CGHGTIMESERIESFILE'
( 1094) 






NVFORTRAN (Version     24.5)          03/19/2025  06:54:40      page 20

( 1095) WRITE (KLUN, '(Z16.16," ",A)') CRC64 (YD%CSOLARIRRADIANCEFILE), CDPATH//'%CSOLARIRRADIANCEFILE'
( 1096) 
( 1097) WRITE (KLUN, '(Z16.16," ",A)') CRC64 (YD%RRATSEA), CDPATH//'%RRATSEA'
( 1098) 
( 1099) WRITE (KLUN, '(Z16.16," ",A)') CRC64 (YD%RRATLAND), CDPATH//'%RRATLAND'
( 1100) 
( 1101) WRITE (KLUN, '(Z16.16," ",A)') CRC64 (YD%RRATDRI), CDPATH//'%RRATDRI'
( 1102) 
( 1103) WRITE (KLUN, '(Z16.16," ",A)') CRC64 (YD%RCADECOR), CDPATH//'%RCADECOR'
( 1104) 
( 1105) WRITE (KLUN, '(Z16.16," ",A)') CRC64 (YD%RCBDECOR), CDPATH//'%RCBDECOR'
( 1106) 
( 1107) WRITE (KLUN, '(Z16.16," ",A)') CRC64 (YD%RFACDICE), CDPATH//'%RFACDICE'
( 1108) 
( 1109) WRITE (KLUN, '(Z16.16," ",A)') CRC64 (YD%CVDAESS), CDPATH//'%CVDAESS'
( 1110) 
( 1111) WRITE (KLUN, '(Z16.16," ",A)') CRC64 (YD%CVDAEDU), CDPATH//'%CVDAEDU'
( 1112) 
( 1113) WRITE (KLUN, '(Z16.16," ",A)') CRC64 (YD%CVDAEOM), CDPATH//'%CVDAEOM'
( 1114) 
( 1115) WRITE (KLUN, '(Z16.16," ",A)') CRC64 (YD%CVDAEBC), CDPATH//'%CVDAEBC'
( 1116) 
( 1117) WRITE (KLUN, '(Z16.16," ",A)') CRC64 (YD%CVDAESU), CDPATH//'%CVDAESU'
( 1118) 
( 1119) WRITE (KLUN, '(Z16.16," ",A)') CRC64 (YD%CECRADARCH), CDPATH//'%CECRADARCH'
( 1120) 
( 1121) WRITE (KLUN, '(Z16.16," ",A)') CRC64 (YD%LECRADACC), CDPATH//'%LECRADACC'
( 1122) 
( 1123) WRITE (KLUN, '(Z16.16," ",A)') CRC64 (YD%NECRADLEN), CDPATH//'%NECRADLEN'
( 1124) 
( 1125) CLIND = ''
( 1126) CALL CRC64_TSPECTRALPLANCK (YD%YSPECTPLANCK, KLUN, CDPATH//'%YSPECTPLANCK'//TRIM(CLIND))
( 1127) 
( 1128) END SUBROUTINE
( 1129) 
( 1130) SUBROUTINE WIPE_TERAD (YD, LDDELETED, LDFIELDAPI)
( 1131) USE UTIL_TSPECTRALPLANCK_MOD
( 1132) IMPLICIT NONE
( 1133) TYPE (TERAD), INTENT (IN), TARGET :: YD
( 1134) LOGICAL, OPTIONAL, INTENT (IN) :: LDDELETED, LDFIELDAPI
( 1135) LOGICAL :: LLDELETED
( 1136) LOGICAL :: LLFIELDAPI
( 1137) LOGICAL :: LCVDAEBC, LCVDAEDU, LCVDAEOM, LCVDAESS, LCVDAESU
( 1138) 
( 1139) LLFIELDAPI = .FALSE.
( 1140) IF (PRESENT (LDFIELDAPI)) THEN
( 1141)   LLFIELDAPI = LDFIELDAPI
( 1142) ENDIF
( 1143) 
( 1144) 
( 1145) 
( 1146) 
( 1147) 
( 1148) 
( 1149) 
( 1150) 
( 1151) 
( 1152) 






NVFORTRAN (Version     24.5)          03/19/2025  06:54:40      page 21

( 1153) 
( 1154) 
( 1155) 
( 1156) 
( 1157) 
( 1158) 
( 1159) 
( 1160) 
( 1161) 
( 1162) 
( 1163) 
( 1164) 
( 1165) 
( 1166) 
( 1167) 
( 1168) 
( 1169) 
( 1170) 
( 1171) 
( 1172) 
( 1173) 
( 1174) 
( 1175) 
( 1176) 
( 1177) 
( 1178) 
( 1179) 
( 1180) 
( 1181) 
( 1182) 
( 1183) 
( 1184) 
( 1185) 
( 1186) 
( 1187) 
( 1188) 
( 1189) 
( 1190) 
( 1191) 
( 1192) 
( 1193) 
( 1194) 
( 1195) 
( 1196) 
( 1197) 
( 1198) 
( 1199) 
( 1200) 
( 1201) 
( 1202) 
( 1203) 
( 1204) 
( 1205) 
( 1206) 
( 1207) 
( 1208) 
( 1209) 
( 1210) 






NVFORTRAN (Version     24.5)          03/19/2025  06:54:40      page 22

( 1211) 
( 1212) 
( 1213) 
( 1214) 
( 1215) 
( 1216) 
( 1217) 
( 1218) 
( 1219) 
( 1220) 
( 1221) 
( 1222) 
( 1223) 
( 1224) 
( 1225) 
( 1226) 
( 1227) 
( 1228) 
( 1229) 
( 1230) 
( 1231) 
( 1232) 
( 1233) 
( 1234) 
( 1235) 
( 1236) 
( 1237) 
( 1238) 
( 1239) 
( 1240) 
( 1241) 
( 1242) 
( 1243) 
( 1244) 
( 1245) 
( 1246) 
( 1247) 
( 1248) 
( 1249) 
( 1250) 
( 1251) 
( 1252) 
( 1253) 
( 1254) 
( 1255) 
( 1256) 
( 1257) 
( 1258) 
( 1259) 
( 1260) 
( 1261) 
( 1262) 
( 1263) 
( 1264) 
( 1265) 
( 1266) 
( 1267) 
( 1268) 






NVFORTRAN (Version     24.5)          03/19/2025  06:54:40      page 23

( 1269) 
( 1270) 
( 1271) 
( 1272) 
( 1273) 
( 1274) 
( 1275) 
( 1276) 
( 1277) 
( 1278) 
( 1279) 
( 1280) 
( 1281) 
( 1282) LCVDAESS = ALLOCATED (YD%CVDAESS)
( 1283) IF (LCVDAESS) THEN
( 1284)   !$acc exit data detach (YD%CVDAESS)
( 1285)   !$acc exit data delete (YD%CVDAESS)
( 1286) ENDIF
( 1287) 
( 1288) LCVDAEDU = ALLOCATED (YD%CVDAEDU)
( 1289) IF (LCVDAEDU) THEN
( 1290)   !$acc exit data detach (YD%CVDAEDU)
( 1291)   !$acc exit data delete (YD%CVDAEDU)
( 1292) ENDIF
( 1293) 
( 1294) LCVDAEOM = ALLOCATED (YD%CVDAEOM)
( 1295) IF (LCVDAEOM) THEN
( 1296)   !$acc exit data detach (YD%CVDAEOM)
( 1297)   !$acc exit data delete (YD%CVDAEOM)
( 1298) ENDIF
( 1299) 
( 1300) LCVDAEBC = ALLOCATED (YD%CVDAEBC)
( 1301) IF (LCVDAEBC) THEN
( 1302)   !$acc exit data detach (YD%CVDAEBC)
( 1303)   !$acc exit data delete (YD%CVDAEBC)
( 1304) ENDIF
( 1305) 
( 1306) LCVDAESU = ALLOCATED (YD%CVDAESU)
( 1307) IF (LCVDAESU) THEN
( 1308)   !$acc exit data detach (YD%CVDAESU)
( 1309)   !$acc exit data delete (YD%CVDAESU)
( 1310) ENDIF
( 1311) 
( 1312) 
( 1313) 
( 1314) 
( 1315) CALL WIPE_TSPECTRALPLANCK (YD%YSPECTPLANCK, LDDELETED=.TRUE., LDFIELDAPI=LDFIELDAPI)
( 1316) 
( 1317) LLDELETED = .FALSE.
( 1318) IF (PRESENT (LDDELETED)) THEN
( 1319)   LLDELETED = LDDELETED
( 1320) ENDIF
( 1321) IF (.NOT. LLDELETED) THEN
( 1322)   !$acc exit data delete (YD)
( 1323) ENDIF
( 1324) END SUBROUTINE
( 1325) 
( 1326) INTEGER*8 FUNCTION SIZE_TERAD (YD, CDPATH, LDPRINT) RESULT (KSIZE)






NVFORTRAN (Version     24.5)          03/19/2025  06:54:40      page 24

( 1327) USE UTIL_TSPECTRALPLANCK_MOD
( 1328) IMPLICIT NONE
( 1329) TYPE (TERAD),     INTENT (IN), TARGET :: YD
( 1330) CHARACTER(LEN=*), INTENT (IN), OPTIONAL :: CDPATH
( 1331) LOGICAL,          INTENT (IN), OPTIONAL :: LDPRINT
( 1332) INTEGER*8 :: ISIZE, JSIZE
( 1333) LOGICAL :: LLPRINT
( 1334) CHARACTER(LEN=128) :: CLPATH
( 1335) LOGICAL :: LCVDAEBC, LCVDAEDU, LCVDAEOM, LCVDAESS, LCVDAESU
( 1336) 
( 1337) LLPRINT = .FALSE.
( 1338) IF (PRESENT (LDPRINT)) THEN
( 1339)   LLPRINT = LDPRINT
( 1340) ENDIF
( 1341) CLPATH=''
( 1342) IF (PRESENT (CDPATH)) THEN
( 1343)   CLPATH = CDPATH
( 1344) ENDIF
( 1345) KSIZE = 0
( 1346) ISIZE = KIND (YD%NAER)
( 1347) IF (LLPRINT) THEN
( 1348)   WRITE (*, '(I10," ")', ADVANCE='NO') ISIZE
( 1349)   WRITE (*, *) TRIM (CLPATH)//'%NAER'
( 1350) ENDIF
( 1351) KSIZE = KSIZE + ISIZE
( 1352) ISIZE = KIND (YD%NMODE)
( 1353) IF (LLPRINT) THEN
( 1354)   WRITE (*, '(I10," ")', ADVANCE='NO') ISIZE
( 1355)   WRITE (*, *) TRIM (CLPATH)//'%NMODE'
( 1356) ENDIF
( 1357) KSIZE = KSIZE + ISIZE
( 1358) ISIZE = KIND (YD%NOZOCL)
( 1359) IF (LLPRINT) THEN
( 1360)   WRITE (*, '(I10," ")', ADVANCE='NO') ISIZE
( 1361)   WRITE (*, *) TRIM (CLPATH)//'%NOZOCL'
( 1362) ENDIF
( 1363) KSIZE = KSIZE + ISIZE
( 1364) ISIZE = KIND (YD%NRADFR)
( 1365) IF (LLPRINT) THEN
( 1366)   WRITE (*, '(I10," ")', ADVANCE='NO') ISIZE
( 1367)   WRITE (*, *) TRIM (CLPATH)//'%NRADFR'
( 1368) ENDIF
( 1369) KSIZE = KSIZE + ISIZE
( 1370) ISIZE = KIND (YD%NRADPFR)
( 1371) IF (LLPRINT) THEN
( 1372)   WRITE (*, '(I10," ")', ADVANCE='NO') ISIZE
( 1373)   WRITE (*, *) TRIM (CLPATH)//'%NRADPFR'
( 1374) ENDIF
( 1375) KSIZE = KSIZE + ISIZE
( 1376) ISIZE = KIND (YD%NRADPLA)
( 1377) IF (LLPRINT) THEN
( 1378)   WRITE (*, '(I10," ")', ADVANCE='NO') ISIZE
( 1379)   WRITE (*, *) TRIM (CLPATH)//'%NRADPLA'
( 1380) ENDIF
( 1381) KSIZE = KSIZE + ISIZE
( 1382) ISIZE = KIND (YD%NRADINT)
( 1383) IF (LLPRINT) THEN
( 1384)   WRITE (*, '(I10," ")', ADVANCE='NO') ISIZE






NVFORTRAN (Version     24.5)          03/19/2025  06:54:40      page 25

( 1385)   WRITE (*, *) TRIM (CLPATH)//'%NRADINT'
( 1386) ENDIF
( 1387) KSIZE = KSIZE + ISIZE
( 1388) ISIZE = KIND (YD%NRADRES)
( 1389) IF (LLPRINT) THEN
( 1390)   WRITE (*, '(I10," ")', ADVANCE='NO') ISIZE
( 1391)   WRITE (*, *) TRIM (CLPATH)//'%NRADRES'
( 1392) ENDIF
( 1393) KSIZE = KSIZE + ISIZE
( 1394) ISIZE = KIND (YD%NRADNFR)
( 1395) IF (LLPRINT) THEN
( 1396)   WRITE (*, '(I10," ")', ADVANCE='NO') ISIZE
( 1397)   WRITE (*, *) TRIM (CLPATH)//'%NRADNFR'
( 1398) ENDIF
( 1399) KSIZE = KSIZE + ISIZE
( 1400) ISIZE = KIND (YD%NRADSFR)
( 1401) IF (LLPRINT) THEN
( 1402)   WRITE (*, '(I10," ")', ADVANCE='NO') ISIZE
( 1403)   WRITE (*, *) TRIM (CLPATH)//'%NRADSFR'
( 1404) ENDIF
( 1405) KSIZE = KSIZE + ISIZE
( 1406) ISIZE = KIND (YD%NRADE1H)
( 1407) IF (LLPRINT) THEN
( 1408)   WRITE (*, '(I10," ")', ADVANCE='NO') ISIZE
( 1409)   WRITE (*, *) TRIM (CLPATH)//'%NRADE1H'
( 1410) ENDIF
( 1411) KSIZE = KSIZE + ISIZE
( 1412) ISIZE = KIND (YD%NRADE3H)
( 1413) IF (LLPRINT) THEN
( 1414)   WRITE (*, '(I10," ")', ADVANCE='NO') ISIZE
( 1415)   WRITE (*, *) TRIM (CLPATH)//'%NRADE3H'
( 1416) ENDIF
( 1417) KSIZE = KSIZE + ISIZE
( 1418) ISIZE = KIND (YD%NRADELG)
( 1419) IF (LLPRINT) THEN
( 1420)   WRITE (*, '(I10," ")', ADVANCE='NO') ISIZE
( 1421)   WRITE (*, *) TRIM (CLPATH)//'%NRADELG'
( 1422) ENDIF
( 1423) KSIZE = KSIZE + ISIZE
( 1424) ISIZE = KIND (YD%NOVLP)
( 1425) IF (LLPRINT) THEN
( 1426)   WRITE (*, '(I10," ")', ADVANCE='NO') ISIZE
( 1427)   WRITE (*, *) TRIM (CLPATH)//'%NOVLP'
( 1428) ENDIF
( 1429) KSIZE = KSIZE + ISIZE
( 1430) ISIZE = KIND (YD%NRPROMA)
( 1431) IF (LLPRINT) THEN
( 1432)   WRITE (*, '(I10," ")', ADVANCE='NO') ISIZE
( 1433)   WRITE (*, *) TRIM (CLPATH)//'%NRPROMA'
( 1434) ENDIF
( 1435) KSIZE = KSIZE + ISIZE
( 1436) ISIZE = KIND (YD%NLW)
( 1437) IF (LLPRINT) THEN
( 1438)   WRITE (*, '(I10," ")', ADVANCE='NO') ISIZE
( 1439)   WRITE (*, *) TRIM (CLPATH)//'%NLW'
( 1440) ENDIF
( 1441) KSIZE = KSIZE + ISIZE
( 1442) ISIZE = KIND (YD%NSWNL)






NVFORTRAN (Version     24.5)          03/19/2025  06:54:40      page 26

( 1443) IF (LLPRINT) THEN
( 1444)   WRITE (*, '(I10," ")', ADVANCE='NO') ISIZE
( 1445)   WRITE (*, *) TRIM (CLPATH)//'%NSWNL'
( 1446) ENDIF
( 1447) KSIZE = KSIZE + ISIZE
( 1448) ISIZE = KIND (YD%NSWTL)
( 1449) IF (LLPRINT) THEN
( 1450)   WRITE (*, '(I10," ")', ADVANCE='NO') ISIZE
( 1451)   WRITE (*, *) TRIM (CLPATH)//'%NSWTL'
( 1452) ENDIF
( 1453) KSIZE = KSIZE + ISIZE
( 1454) ISIZE = KIND (YD%NTLW)
( 1455) IF (LLPRINT) THEN
( 1456)   WRITE (*, '(I10," ")', ADVANCE='NO') ISIZE
( 1457)   WRITE (*, *) TRIM (CLPATH)//'%NTLW'
( 1458) ENDIF
( 1459) KSIZE = KSIZE + ISIZE
( 1460) ISIZE = KIND (YD%NTSW)
( 1461) IF (LLPRINT) THEN
( 1462)   WRITE (*, '(I10," ")', ADVANCE='NO') ISIZE
( 1463)   WRITE (*, *) TRIM (CLPATH)//'%NTSW'
( 1464) ENDIF
( 1465) KSIZE = KSIZE + ISIZE
( 1466) ISIZE = KIND (YD%NUV)
( 1467) IF (LLPRINT) THEN
( 1468)   WRITE (*, '(I10," ")', ADVANCE='NO') ISIZE
( 1469)   WRITE (*, *) TRIM (CLPATH)//'%NUV'
( 1470) ENDIF
( 1471) KSIZE = KSIZE + ISIZE
( 1472) ISIZE = KIND (YD%NCSRADF)
( 1473) IF (LLPRINT) THEN
( 1474)   WRITE (*, '(I10," ")', ADVANCE='NO') ISIZE
( 1475)   WRITE (*, *) TRIM (CLPATH)//'%NCSRADF'
( 1476) ENDIF
( 1477) KSIZE = KSIZE + ISIZE
( 1478) ISIZE = KIND (YD%NINHOM)
( 1479) IF (LLPRINT) THEN
( 1480)   WRITE (*, '(I10," ")', ADVANCE='NO') ISIZE
( 1481)   WRITE (*, *) TRIM (CLPATH)//'%NINHOM'
( 1482) ENDIF
( 1483) KSIZE = KSIZE + ISIZE
( 1484) ISIZE = KIND (YD%NLAYINH)
( 1485) IF (LLPRINT) THEN
( 1486)   WRITE (*, '(I10," ")', ADVANCE='NO') ISIZE
( 1487)   WRITE (*, *) TRIM (CLPATH)//'%NLAYINH'
( 1488) ENDIF
( 1489) KSIZE = KSIZE + ISIZE
( 1490) ISIZE = KIND (YD%NLNGR1H)
( 1491) IF (LLPRINT) THEN
( 1492)   WRITE (*, '(I10," ")', ADVANCE='NO') ISIZE
( 1493)   WRITE (*, *) TRIM (CLPATH)//'%NLNGR1H'
( 1494) ENDIF
( 1495) KSIZE = KSIZE + ISIZE
( 1496) ISIZE = KIND (YD%NPERTAER)
( 1497) IF (LLPRINT) THEN
( 1498)   WRITE (*, '(I10," ")', ADVANCE='NO') ISIZE
( 1499)   WRITE (*, *) TRIM (CLPATH)//'%NPERTAER'
( 1500) ENDIF






NVFORTRAN (Version     24.5)          03/19/2025  06:54:40      page 27

( 1501) KSIZE = KSIZE + ISIZE
( 1502) ISIZE = KIND (YD%NPERTOZ)
( 1503) IF (LLPRINT) THEN
( 1504)   WRITE (*, '(I10," ")', ADVANCE='NO') ISIZE
( 1505)   WRITE (*, *) TRIM (CLPATH)//'%NPERTOZ'
( 1506) ENDIF
( 1507) KSIZE = KSIZE + ISIZE
( 1508) ISIZE = KIND (YD%NSCEN)
( 1509) IF (LLPRINT) THEN
( 1510)   WRITE (*, '(I10," ")', ADVANCE='NO') ISIZE
( 1511)   WRITE (*, *) TRIM (CLPATH)//'%NSCEN'
( 1512) ENDIF
( 1513) KSIZE = KSIZE + ISIZE
( 1514) ISIZE = KIND (YD%NHINCSOL)
( 1515) IF (LLPRINT) THEN
( 1516)   WRITE (*, '(I10," ")', ADVANCE='NO') ISIZE
( 1517)   WRITE (*, *) TRIM (CLPATH)//'%NHINCSOL'
( 1518) ENDIF
( 1519) KSIZE = KSIZE + ISIZE
( 1520) ISIZE = KIND (YD%NMCICA)
( 1521) IF (LLPRINT) THEN
( 1522)   WRITE (*, '(I10," ")', ADVANCE='NO') ISIZE
( 1523)   WRITE (*, *) TRIM (CLPATH)//'%NMCICA'
( 1524) ENDIF
( 1525) KSIZE = KSIZE + ISIZE
( 1526) ISIZE = KIND (YD%NGHGRAD)
( 1527) IF (LLPRINT) THEN
( 1528)   WRITE (*, '(I10," ")', ADVANCE='NO') ISIZE
( 1529)   WRITE (*, *) TRIM (CLPATH)//'%NGHGRAD'
( 1530) ENDIF
( 1531) KSIZE = KSIZE + ISIZE
( 1532) ISIZE = KIND (YD%NVOLCVERT)
( 1533) IF (LLPRINT) THEN
( 1534)   WRITE (*, '(I10," ")', ADVANCE='NO') ISIZE
( 1535)   WRITE (*, *) TRIM (CLPATH)//'%NVOLCVERT'
( 1536) ENDIF
( 1537) KSIZE = KSIZE + ISIZE
( 1538) ISIZE = KIND (YD%NREDGLW)
( 1539) IF (LLPRINT) THEN
( 1540)   WRITE (*, '(I10," ")', ADVANCE='NO') ISIZE
( 1541)   WRITE (*, *) TRIM (CLPATH)//'%NREDGLW'
( 1542) ENDIF
( 1543) KSIZE = KSIZE + ISIZE
( 1544) ISIZE = KIND (YD%NREDGSW)
( 1545) IF (LLPRINT) THEN
( 1546)   WRITE (*, '(I10," ")', ADVANCE='NO') ISIZE
( 1547)   WRITE (*, *) TRIM (CLPATH)//'%NREDGSW'
( 1548) ENDIF
( 1549) KSIZE = KSIZE + ISIZE
( 1550) ISIZE = KIND (YD%NSPMAPL) * SIZE (YD%NSPMAPL)
( 1551) IF (LLPRINT) THEN
( 1552)   WRITE (*, '(I10," ")', ADVANCE='NO') ISIZE
( 1553)   WRITE (*, *) TRIM (CLPATH)//'%NSPMAPL'
( 1554) ENDIF
( 1555) KSIZE = KSIZE + ISIZE
( 1556) ISIZE = KIND (YD%NSPMAPS) * SIZE (YD%NSPMAPS)
( 1557) IF (LLPRINT) THEN
( 1558)   WRITE (*, '(I10," ")', ADVANCE='NO') ISIZE






NVFORTRAN (Version     24.5)          03/19/2025  06:54:40      page 28

( 1559)   WRITE (*, *) TRIM (CLPATH)//'%NSPMAPS'
( 1560) ENDIF
( 1561) KSIZE = KSIZE + ISIZE
( 1562) ISIZE = KIND (YD%NSW)
( 1563) IF (LLPRINT) THEN
( 1564)   WRITE (*, '(I10," ")', ADVANCE='NO') ISIZE
( 1565)   WRITE (*, *) TRIM (CLPATH)//'%NSW'
( 1566) ENDIF
( 1567) KSIZE = KSIZE + ISIZE
( 1568) ISIZE = KIND (YD%NLWEMISS)
( 1569) IF (LLPRINT) THEN
( 1570)   WRITE (*, '(I10," ")', ADVANCE='NO') ISIZE
( 1571)   WRITE (*, *) TRIM (CLPATH)//'%NLWEMISS'
( 1572) ENDIF
( 1573) KSIZE = KSIZE + ISIZE
( 1574) ISIZE = KIND (YD%NICEOPT)
( 1575) IF (LLPRINT) THEN
( 1576)   WRITE (*, '(I10," ")', ADVANCE='NO') ISIZE
( 1577)   WRITE (*, *) TRIM (CLPATH)//'%NICEOPT'
( 1578) ENDIF
( 1579) KSIZE = KSIZE + ISIZE
( 1580) ISIZE = KIND (YD%NLIQOPT)
( 1581) IF (LLPRINT) THEN
( 1582)   WRITE (*, '(I10," ")', ADVANCE='NO') ISIZE
( 1583)   WRITE (*, *) TRIM (CLPATH)//'%NLIQOPT'
( 1584) ENDIF
( 1585) KSIZE = KSIZE + ISIZE
( 1586) ISIZE = KIND (YD%NRADIP)
( 1587) IF (LLPRINT) THEN
( 1588)   WRITE (*, '(I10," ")', ADVANCE='NO') ISIZE
( 1589)   WRITE (*, *) TRIM (CLPATH)//'%NRADIP'
( 1590) ENDIF
( 1591) KSIZE = KSIZE + ISIZE
( 1592) ISIZE = KIND (YD%NRADLP)
( 1593) IF (LLPRINT) THEN
( 1594)   WRITE (*, '(I10," ")', ADVANCE='NO') ISIZE
( 1595)   WRITE (*, *) TRIM (CLPATH)//'%NRADLP'
( 1596) ENDIF
( 1597) KSIZE = KSIZE + ISIZE
( 1598) ISIZE = KIND (YD%NLWOUT)
( 1599) IF (LLPRINT) THEN
( 1600)   WRITE (*, '(I10," ")', ADVANCE='NO') ISIZE
( 1601)   WRITE (*, *) TRIM (CLPATH)//'%NLWOUT'
( 1602) ENDIF
( 1603) KSIZE = KSIZE + ISIZE
( 1604) ISIZE = KIND (YD%NDECOLAT)
( 1605) IF (LLPRINT) THEN
( 1606)   WRITE (*, '(I10," ")', ADVANCE='NO') ISIZE
( 1607)   WRITE (*, *) TRIM (CLPATH)//'%NDECOLAT'
( 1608) ENDIF
( 1609) KSIZE = KSIZE + ISIZE
( 1610) ISIZE = KIND (YD%NMINICE)
( 1611) IF (LLPRINT) THEN
( 1612)   WRITE (*, '(I10," ")', ADVANCE='NO') ISIZE
( 1613)   WRITE (*, *) TRIM (CLPATH)//'%NMINICE'
( 1614) ENDIF
( 1615) KSIZE = KSIZE + ISIZE
( 1616) ISIZE = KIND (YD%NAERMACC)






NVFORTRAN (Version     24.5)          03/19/2025  06:54:40      page 29

( 1617) IF (LLPRINT) THEN
( 1618)   WRITE (*, '(I10," ")', ADVANCE='NO') ISIZE
( 1619)   WRITE (*, *) TRIM (CLPATH)//'%NAERMACC'
( 1620) ENDIF
( 1621) KSIZE = KSIZE + ISIZE
( 1622) ISIZE = KIND (YD%NMCVAR)
( 1623) IF (LLPRINT) THEN
( 1624)   WRITE (*, '(I10," ")', ADVANCE='NO') ISIZE
( 1625)   WRITE (*, *) TRIM (CLPATH)//'%NMCVAR'
( 1626) ENDIF
( 1627) KSIZE = KSIZE + ISIZE
( 1628) ISIZE = KIND (YD%NLWSCATTERING)
( 1629) IF (LLPRINT) THEN
( 1630)   WRITE (*, '(I10," ")', ADVANCE='NO') ISIZE
( 1631)   WRITE (*, *) TRIM (CLPATH)//'%NLWSCATTERING'
( 1632) ENDIF
( 1633) KSIZE = KSIZE + ISIZE
( 1634) ISIZE = KIND (YD%NSWSOLVER)
( 1635) IF (LLPRINT) THEN
( 1636)   WRITE (*, '(I10," ")', ADVANCE='NO') ISIZE
( 1637)   WRITE (*, *) TRIM (CLPATH)//'%NSWSOLVER'
( 1638) ENDIF
( 1639) KSIZE = KSIZE + ISIZE
( 1640) ISIZE = KIND (YD%NLWSOLVER)
( 1641) IF (LLPRINT) THEN
( 1642)   WRITE (*, '(I10," ")', ADVANCE='NO') ISIZE
( 1643)   WRITE (*, *) TRIM (CLPATH)//'%NLWSOLVER'
( 1644) ENDIF
( 1645) KSIZE = KSIZE + ISIZE
( 1646) ISIZE = KIND (YD%NSOLARSPECTRUM)
( 1647) IF (LLPRINT) THEN
( 1648)   WRITE (*, '(I10," ")', ADVANCE='NO') ISIZE
( 1649)   WRITE (*, *) TRIM (CLPATH)//'%NSOLARSPECTRUM'
( 1650) ENDIF
( 1651) KSIZE = KSIZE + ISIZE
( 1652) ISIZE = KIND (YD%NDUMPBADINPUTS)
( 1653) IF (LLPRINT) THEN
( 1654)   WRITE (*, '(I10," ")', ADVANCE='NO') ISIZE
( 1655)   WRITE (*, *) TRIM (CLPATH)//'%NDUMPBADINPUTS'
( 1656) ENDIF
( 1657) KSIZE = KSIZE + ISIZE
( 1658) ISIZE = KIND (YD%NDUMPINPUTS)
( 1659) IF (LLPRINT) THEN
( 1660)   WRITE (*, '(I10," ")', ADVANCE='NO') ISIZE
( 1661)   WRITE (*, *) TRIM (CLPATH)//'%NDUMPINPUTS'
( 1662) ENDIF
( 1663) KSIZE = KSIZE + ISIZE
( 1664) ISIZE = KIND (YD%NCLOUDOVERLAP)
( 1665) IF (LLPRINT) THEN
( 1666)   WRITE (*, '(I10," ")', ADVANCE='NO') ISIZE
( 1667)   WRITE (*, *) TRIM (CLPATH)//'%NCLOUDOVERLAP'
( 1668) ENDIF
( 1669) KSIZE = KSIZE + ISIZE
( 1670) ISIZE = KIND (YD%RCLOUD_FRAC_STD)
( 1671) IF (LLPRINT) THEN
( 1672)   WRITE (*, '(I10," ")', ADVANCE='NO') ISIZE
( 1673)   WRITE (*, *) TRIM (CLPATH)//'%RCLOUD_FRAC_STD'
( 1674) ENDIF






NVFORTRAN (Version     24.5)          03/19/2025  06:54:40      page 30

( 1675) KSIZE = KSIZE + ISIZE
( 1676) ISIZE = KIND (YD%RCLOUD_SEPARATION_SCALE_TOA)
( 1677) IF (LLPRINT) THEN
( 1678)   WRITE (*, '(I10," ")', ADVANCE='NO') ISIZE
( 1679)   WRITE (*, *) TRIM (CLPATH)//'%RCLOUD_SEPARATION_SCALE_TOA'
( 1680) ENDIF
( 1681) KSIZE = KSIZE + ISIZE
( 1682) ISIZE = KIND (YD%RCLOUD_SEPARATION_SCALE_SURF)
( 1683) IF (LLPRINT) THEN
( 1684)   WRITE (*, '(I10," ")', ADVANCE='NO') ISIZE
( 1685)   WRITE (*, *) TRIM (CLPATH)//'%RCLOUD_SEPARATION_SCALE_SURF'
( 1686) ENDIF
( 1687) KSIZE = KSIZE + ISIZE
( 1688) ISIZE = KIND (YD%LFU_LW_ICE_OPTICS_BUG)
( 1689) IF (LLPRINT) THEN
( 1690)   WRITE (*, '(I10," ")', ADVANCE='NO') ISIZE
( 1691)   WRITE (*, *) TRIM (CLPATH)//'%LFU_LW_ICE_OPTICS_BUG'
( 1692) ENDIF
( 1693) KSIZE = KSIZE + ISIZE
( 1694) ISIZE = KIND (YD%LDIAGFORCING)
( 1695) IF (LLPRINT) THEN
( 1696)   WRITE (*, '(I10," ")', ADVANCE='NO') ISIZE
( 1697)   WRITE (*, *) TRIM (CLPATH)//'%LDIAGFORCING'
( 1698) ENDIF
( 1699) KSIZE = KSIZE + ISIZE
( 1700) ISIZE = KIND (YD%LAPPROXLWUPDATE)
( 1701) IF (LLPRINT) THEN
( 1702)   WRITE (*, '(I10," ")', ADVANCE='NO') ISIZE
( 1703)   WRITE (*, *) TRIM (CLPATH)//'%LAPPROXLWUPDATE'
( 1704) ENDIF
( 1705) KSIZE = KSIZE + ISIZE
( 1706) ISIZE = KIND (YD%LAPPROXSWUPDATE)
( 1707) IF (LLPRINT) THEN
( 1708)   WRITE (*, '(I10," ")', ADVANCE='NO') ISIZE
( 1709)   WRITE (*, *) TRIM (CLPATH)//'%LAPPROXSWUPDATE'
( 1710) ENDIF
( 1711) KSIZE = KSIZE + ISIZE
( 1712) ISIZE = KIND (YD%NSWICEOPT)
( 1713) IF (LLPRINT) THEN
( 1714)   WRITE (*, '(I10," ")', ADVANCE='NO') ISIZE
( 1715)   WRITE (*, *) TRIM (CLPATH)//'%NSWICEOPT'
( 1716) ENDIF
( 1717) KSIZE = KSIZE + ISIZE
( 1718) ISIZE = KIND (YD%NSWLIQOPT)
( 1719) IF (LLPRINT) THEN
( 1720)   WRITE (*, '(I10," ")', ADVANCE='NO') ISIZE
( 1721)   WRITE (*, *) TRIM (CLPATH)//'%NSWLIQOPT'
( 1722) ENDIF
( 1723) KSIZE = KSIZE + ISIZE
( 1724) ISIZE = KIND (YD%NLWICEOPT)
( 1725) IF (LLPRINT) THEN
( 1726)   WRITE (*, '(I10," ")', ADVANCE='NO') ISIZE
( 1727)   WRITE (*, *) TRIM (CLPATH)//'%NLWICEOPT'
( 1728) ENDIF
( 1729) KSIZE = KSIZE + ISIZE
( 1730) ISIZE = KIND (YD%NLWLIQOPT)
( 1731) IF (LLPRINT) THEN
( 1732)   WRITE (*, '(I10," ")', ADVANCE='NO') ISIZE






NVFORTRAN (Version     24.5)          03/19/2025  06:54:40      page 31

( 1733)   WRITE (*, *) TRIM (CLPATH)//'%NLWLIQOPT'
( 1734) ENDIF
( 1735) KSIZE = KSIZE + ISIZE
( 1736) ISIZE = KIND (YD%LCCNL)
( 1737) IF (LLPRINT) THEN
( 1738)   WRITE (*, '(I10," ")', ADVANCE='NO') ISIZE
( 1739)   WRITE (*, *) TRIM (CLPATH)//'%LCCNL'
( 1740) ENDIF
( 1741) KSIZE = KSIZE + ISIZE
( 1742) ISIZE = KIND (YD%LCCNO)
( 1743) IF (LLPRINT) THEN
( 1744)   WRITE (*, '(I10," ")', ADVANCE='NO') ISIZE
( 1745)   WRITE (*, *) TRIM (CLPATH)//'%LCCNO'
( 1746) ENDIF
( 1747) KSIZE = KSIZE + ISIZE
( 1748) ISIZE = KIND (YD%RCCNLND)
( 1749) IF (LLPRINT) THEN
( 1750)   WRITE (*, '(I10," ")', ADVANCE='NO') ISIZE
( 1751)   WRITE (*, *) TRIM (CLPATH)//'%RCCNLND'
( 1752) ENDIF
( 1753) KSIZE = KSIZE + ISIZE
( 1754) ISIZE = KIND (YD%RCCNSEA)
( 1755) IF (LLPRINT) THEN
( 1756)   WRITE (*, '(I10," ")', ADVANCE='NO') ISIZE
( 1757)   WRITE (*, *) TRIM (CLPATH)//'%RCCNSEA'
( 1758) ENDIF
( 1759) KSIZE = KSIZE + ISIZE
( 1760) ISIZE = KIND (YD%RRE2DE)
( 1761) IF (LLPRINT) THEN
( 1762)   WRITE (*, '(I10," ")', ADVANCE='NO') ISIZE
( 1763)   WRITE (*, *) TRIM (CLPATH)//'%RRE2DE'
( 1764) ENDIF
( 1765) KSIZE = KSIZE + ISIZE
( 1766) ISIZE = KIND (YD%RMINICE)
( 1767) IF (LLPRINT) THEN
( 1768)   WRITE (*, '(I10," ")', ADVANCE='NO') ISIZE
( 1769)   WRITE (*, *) TRIM (CLPATH)//'%RMINICE'
( 1770) ENDIF
( 1771) KSIZE = KSIZE + ISIZE
( 1772) ISIZE = KIND (YD%NMCLAT)
( 1773) IF (LLPRINT) THEN
( 1774)   WRITE (*, '(I10," ")', ADVANCE='NO') ISIZE
( 1775)   WRITE (*, *) TRIM (CLPATH)//'%NMCLAT'
( 1776) ENDIF
( 1777) KSIZE = KSIZE + ISIZE
( 1778) ISIZE = KIND (YD%NMCLON)
( 1779) IF (LLPRINT) THEN
( 1780)   WRITE (*, '(I10," ")', ADVANCE='NO') ISIZE
( 1781)   WRITE (*, *) TRIM (CLPATH)//'%NMCLON'
( 1782) ENDIF
( 1783) KSIZE = KSIZE + ISIZE
( 1784) ISIZE = KIND (YD%NMCLEV)
( 1785) IF (LLPRINT) THEN
( 1786)   WRITE (*, '(I10," ")', ADVANCE='NO') ISIZE
( 1787)   WRITE (*, *) TRIM (CLPATH)//'%NMCLEV'
( 1788) ENDIF
( 1789) KSIZE = KSIZE + ISIZE
( 1790) ISIZE = KIND (YD%NSWGASOPTICS)






NVFORTRAN (Version     24.5)          03/19/2025  06:54:40      page 32

( 1791) IF (LLPRINT) THEN
( 1792)   WRITE (*, '(I10," ")', ADVANCE='NO') ISIZE
( 1793)   WRITE (*, *) TRIM (CLPATH)//'%NSWGASOPTICS'
( 1794) ENDIF
( 1795) KSIZE = KSIZE + ISIZE
( 1796) ISIZE = KIND (YD%NLWGASOPTICS)
( 1797) IF (LLPRINT) THEN
( 1798)   WRITE (*, '(I10," ")', ADVANCE='NO') ISIZE
( 1799)   WRITE (*, *) TRIM (CLPATH)//'%NLWGASOPTICS'
( 1800) ENDIF
( 1801) KSIZE = KSIZE + ISIZE
( 1802) ISIZE = KIND (YD%NGASOPTICSSCHEME)
( 1803) IF (LLPRINT) THEN
( 1804)   WRITE (*, '(I10," ")', ADVANCE='NO') ISIZE
( 1805)   WRITE (*, *) TRIM (CLPATH)//'%NGASOPTICSSCHEME'
( 1806) ENDIF
( 1807) KSIZE = KSIZE + ISIZE
( 1808) ISIZE = KIND (YD%KMODTS)
( 1809) IF (LLPRINT) THEN
( 1810)   WRITE (*, '(I10," ")', ADVANCE='NO') ISIZE
( 1811)   WRITE (*, *) TRIM (CLPATH)//'%KMODTS'
( 1812) ENDIF
( 1813) KSIZE = KSIZE + ISIZE
( 1814) ISIZE = KIND (YD%NSWWVCONTINUUM)
( 1815) IF (LLPRINT) THEN
( 1816)   WRITE (*, '(I10," ")', ADVANCE='NO') ISIZE
( 1817)   WRITE (*, *) TRIM (CLPATH)//'%NSWWVCONTINUUM'
( 1818) ENDIF
( 1819) KSIZE = KSIZE + ISIZE
( 1820) ISIZE = KIND (YD%NRTCALL)
( 1821) IF (LLPRINT) THEN
( 1822)   WRITE (*, '(I10," ")', ADVANCE='NO') ISIZE
( 1823)   WRITE (*, *) TRIM (CLPATH)//'%NRTCALL'
( 1824) ENDIF
( 1825) KSIZE = KSIZE + ISIZE
( 1826) ISIZE = KIND (YD%IRTCALLREF)
( 1827) IF (LLPRINT) THEN
( 1828)   WRITE (*, '(I10," ")', ADVANCE='NO') ISIZE
( 1829)   WRITE (*, *) TRIM (CLPATH)//'%IRTCALLREF'
( 1830) ENDIF
( 1831) KSIZE = KSIZE + ISIZE
( 1832) ISIZE = KIND (YD%IRTCALLCLN)
( 1833) IF (LLPRINT) THEN
( 1834)   WRITE (*, '(I10," ")', ADVANCE='NO') ISIZE
( 1835)   WRITE (*, *) TRIM (CLPATH)//'%IRTCALLCLN'
( 1836) ENDIF
( 1837) KSIZE = KSIZE + ISIZE
( 1838) ISIZE = KIND (YD%LINTERPINCLOUDMEAN)
( 1839) IF (LLPRINT) THEN
( 1840)   WRITE (*, '(I10," ")', ADVANCE='NO') ISIZE
( 1841)   WRITE (*, *) TRIM (CLPATH)//'%LINTERPINCLOUDMEAN'
( 1842) ENDIF
( 1843) KSIZE = KSIZE + ISIZE
( 1844) ISIZE = KIND (YD%LERAD1H)
( 1845) IF (LLPRINT) THEN
( 1846)   WRITE (*, '(I10," ")', ADVANCE='NO') ISIZE
( 1847)   WRITE (*, *) TRIM (CLPATH)//'%LERAD1H'
( 1848) ENDIF






NVFORTRAN (Version     24.5)          03/19/2025  06:54:40      page 33

( 1849) KSIZE = KSIZE + ISIZE
( 1850) ISIZE = KIND (YD%LEPO3RA)
( 1851) IF (LLPRINT) THEN
( 1852)   WRITE (*, '(I10," ")', ADVANCE='NO') ISIZE
( 1853)   WRITE (*, *) TRIM (CLPATH)//'%LEPO3RA'
( 1854) ENDIF
( 1855) KSIZE = KSIZE + ISIZE
( 1856) ISIZE = KIND (YD%LONEWSW)
( 1857) IF (LLPRINT) THEN
( 1858)   WRITE (*, '(I10," ")', ADVANCE='NO') ISIZE
( 1859)   WRITE (*, *) TRIM (CLPATH)//'%LONEWSW'
( 1860) ENDIF
( 1861) KSIZE = KSIZE + ISIZE
( 1862) ISIZE = KIND (YD%LECSRAD)
( 1863) IF (LLPRINT) THEN
( 1864)   WRITE (*, '(I10," ")', ADVANCE='NO') ISIZE
( 1865)   WRITE (*, *) TRIM (CLPATH)//'%LECSRAD'
( 1866) ENDIF
( 1867) KSIZE = KSIZE + ISIZE
( 1868) ISIZE = KIND (YD%LRRTM)
( 1869) IF (LLPRINT) THEN
( 1870)   WRITE (*, '(I10," ")', ADVANCE='NO') ISIZE
( 1871)   WRITE (*, *) TRIM (CLPATH)//'%LRRTM'
( 1872) ENDIF
( 1873) KSIZE = KSIZE + ISIZE
( 1874) ISIZE = KIND (YD%LSRTM)
( 1875) IF (LLPRINT) THEN
( 1876)   WRITE (*, '(I10," ")', ADVANCE='NO') ISIZE
( 1877)   WRITE (*, *) TRIM (CLPATH)//'%LSRTM'
( 1878) ENDIF
( 1879) KSIZE = KSIZE + ISIZE
( 1880) ISIZE = KIND (YD%LDIFFC)
( 1881) IF (LLPRINT) THEN
( 1882)   WRITE (*, '(I10," ")', ADVANCE='NO') ISIZE
( 1883)   WRITE (*, *) TRIM (CLPATH)//'%LDIFFC'
( 1884) ENDIF
( 1885) KSIZE = KSIZE + ISIZE
( 1886) ISIZE = KIND (YD%LHVOLCA)
( 1887) IF (LLPRINT) THEN
( 1888)   WRITE (*, '(I10," ")', ADVANCE='NO') ISIZE
( 1889)   WRITE (*, *) TRIM (CLPATH)//'%LHVOLCA'
( 1890) ENDIF
( 1891) KSIZE = KSIZE + ISIZE
( 1892) ISIZE = KIND (YD%LNEWAER)
( 1893) IF (LLPRINT) THEN
( 1894)   WRITE (*, '(I10," ")', ADVANCE='NO') ISIZE
( 1895)   WRITE (*, *) TRIM (CLPATH)//'%LNEWAER'
( 1896) ENDIF
( 1897) KSIZE = KSIZE + ISIZE
( 1898) ISIZE = KIND (YD%LNOTROAER)
( 1899) IF (LLPRINT) THEN
( 1900)   WRITE (*, '(I10," ")', ADVANCE='NO') ISIZE
( 1901)   WRITE (*, *) TRIM (CLPATH)//'%LNOTROAER'
( 1902) ENDIF
( 1903) KSIZE = KSIZE + ISIZE
( 1904) ISIZE = KIND (YD%LRAYL)
( 1905) IF (LLPRINT) THEN
( 1906)   WRITE (*, '(I10," ")', ADVANCE='NO') ISIZE






NVFORTRAN (Version     24.5)          03/19/2025  06:54:40      page 34

( 1907)   WRITE (*, *) TRIM (CLPATH)//'%LRAYL'
( 1908) ENDIF
( 1909) KSIZE = KSIZE + ISIZE
( 1910) ISIZE = KIND (YD%LOPTRPROMA)
( 1911) IF (LLPRINT) THEN
( 1912)   WRITE (*, '(I10," ")', ADVANCE='NO') ISIZE
( 1913)   WRITE (*, *) TRIM (CLPATH)//'%LOPTRPROMA'
( 1914) ENDIF
( 1915) KSIZE = KSIZE + ISIZE
( 1916) ISIZE = KIND (YD%LECO2VAR)
( 1917) IF (LLPRINT) THEN
( 1918)   WRITE (*, '(I10," ")', ADVANCE='NO') ISIZE
( 1919)   WRITE (*, *) TRIM (CLPATH)//'%LECO2VAR'
( 1920) ENDIF
( 1921) KSIZE = KSIZE + ISIZE
( 1922) ISIZE = KIND (YD%LHGHG)
( 1923) IF (LLPRINT) THEN
( 1924)   WRITE (*, '(I10," ")', ADVANCE='NO') ISIZE
( 1925)   WRITE (*, *) TRIM (CLPATH)//'%LHGHG'
( 1926) ENDIF
( 1927) KSIZE = KSIZE + ISIZE
( 1928) ISIZE = KIND (YD%LESO4HIS)
( 1929) IF (LLPRINT) THEN
( 1930)   WRITE (*, '(I10," ")', ADVANCE='NO') ISIZE
( 1931)   WRITE (*, *) TRIM (CLPATH)//'%LESO4HIS'
( 1932) ENDIF
( 1933) KSIZE = KSIZE + ISIZE
( 1934) ISIZE = KIND (YD%LETRACGMS)
( 1935) IF (LLPRINT) THEN
( 1936)   WRITE (*, '(I10," ")', ADVANCE='NO') ISIZE
( 1937)   WRITE (*, *) TRIM (CLPATH)//'%LETRACGMS'
( 1938) ENDIF
( 1939) KSIZE = KSIZE + ISIZE
( 1940) ISIZE = KIND (YD%LAERCLIM)
( 1941) IF (LLPRINT) THEN
( 1942)   WRITE (*, '(I10," ")', ADVANCE='NO') ISIZE
( 1943)   WRITE (*, *) TRIM (CLPATH)//'%LAERCLIM'
( 1944) ENDIF
( 1945) KSIZE = KSIZE + ISIZE
( 1946) ISIZE = KIND (YD%LAERVISI)
( 1947) IF (LLPRINT) THEN
( 1948)   WRITE (*, '(I10," ")', ADVANCE='NO') ISIZE
( 1949)   WRITE (*, *) TRIM (CLPATH)//'%LAERVISI'
( 1950) ENDIF
( 1951) KSIZE = KSIZE + ISIZE
( 1952) ISIZE = KIND (YD%LAER3D)
( 1953) IF (LLPRINT) THEN
( 1954)   WRITE (*, '(I10," ")', ADVANCE='NO') ISIZE
( 1955)   WRITE (*, *) TRIM (CLPATH)//'%LAER3D'
( 1956) ENDIF
( 1957) KSIZE = KSIZE + ISIZE
( 1958) ISIZE = KIND (YD%LVOLCSPEC)
( 1959) IF (LLPRINT) THEN
( 1960)   WRITE (*, '(I10," ")', ADVANCE='NO') ISIZE
( 1961)   WRITE (*, *) TRIM (CLPATH)//'%LVOLCSPEC'
( 1962) ENDIF
( 1963) KSIZE = KSIZE + ISIZE
( 1964) ISIZE = KIND (YD%LVOLCDAMP)






NVFORTRAN (Version     24.5)          03/19/2025  06:54:40      page 35

( 1965) IF (LLPRINT) THEN
( 1966)   WRITE (*, '(I10," ")', ADVANCE='NO') ISIZE
( 1967)   WRITE (*, *) TRIM (CLPATH)//'%LVOLCDAMP'
( 1968) ENDIF
( 1969) KSIZE = KSIZE + ISIZE
( 1970) ISIZE = KIND (YD%LAERADCLI)
( 1971) IF (LLPRINT) THEN
( 1972)   WRITE (*, '(I10," ")', ADVANCE='NO') ISIZE
( 1973)   WRITE (*, *) TRIM (CLPATH)//'%LAERADCLI'
( 1974) ENDIF
( 1975) KSIZE = KSIZE + ISIZE
( 1976) ISIZE = KIND (YD%LAERADJDU)
( 1977) IF (LLPRINT) THEN
( 1978)   WRITE (*, '(I10," ")', ADVANCE='NO') ISIZE
( 1979)   WRITE (*, *) TRIM (CLPATH)//'%LAERADJDU'
( 1980) ENDIF
( 1981) KSIZE = KSIZE + ISIZE
( 1982) ISIZE = KIND (YD%LMANNERSSWUPDATE)
( 1983) IF (LLPRINT) THEN
( 1984)   WRITE (*, '(I10," ")', ADVANCE='NO') ISIZE
( 1985)   WRITE (*, *) TRIM (CLPATH)//'%LMANNERSSWUPDATE'
( 1986) ENDIF
( 1987) KSIZE = KSIZE + ISIZE
( 1988) ISIZE = KIND (YD%LCENTREDTIMESZA)
( 1989) IF (LLPRINT) THEN
( 1990)   WRITE (*, '(I10," ")', ADVANCE='NO') ISIZE
( 1991)   WRITE (*, *) TRIM (CLPATH)//'%LCENTREDTIMESZA'
( 1992) ENDIF
( 1993) KSIZE = KSIZE + ISIZE
( 1994) ISIZE = KIND (YD%LAVERAGESZA)
( 1995) IF (LLPRINT) THEN
( 1996)   WRITE (*, '(I10," ")', ADVANCE='NO') ISIZE
( 1997)   WRITE (*, *) TRIM (CLPATH)//'%LAVERAGESZA'
( 1998) ENDIF
( 1999) KSIZE = KSIZE + ISIZE
( 2000) ISIZE = KIND (YD%LECOMPGRID)
( 2001) IF (LLPRINT) THEN
( 2002)   WRITE (*, '(I10," ")', ADVANCE='NO') ISIZE
( 2003)   WRITE (*, *) TRIM (CLPATH)//'%LECOMPGRID'
( 2004) ENDIF
( 2005) KSIZE = KSIZE + ISIZE
( 2006) ISIZE = KIND (YD%LUSEPRE2017RAD)
( 2007) IF (LLPRINT) THEN
( 2008)   WRITE (*, '(I10," ")', ADVANCE='NO') ISIZE
( 2009)   WRITE (*, *) TRIM (CLPATH)//'%LUSEPRE2017RAD'
( 2010) ENDIF
( 2011) KSIZE = KSIZE + ISIZE
( 2012) ISIZE = KIND (YD%LDUSEASON)
( 2013) IF (LLPRINT) THEN
( 2014)   WRITE (*, '(I10," ")', ADVANCE='NO') ISIZE
( 2015)   WRITE (*, *) TRIM (CLPATH)//'%LDUSEASON'
( 2016) ENDIF
( 2017) KSIZE = KSIZE + ISIZE
( 2018) ISIZE = KIND (YD%LPERPET)
( 2019) IF (LLPRINT) THEN
( 2020)   WRITE (*, '(I10," ")', ADVANCE='NO') ISIZE
( 2021)   WRITE (*, *) TRIM (CLPATH)//'%LPERPET'
( 2022) ENDIF






NVFORTRAN (Version     24.5)          03/19/2025  06:54:40      page 36

( 2023) KSIZE = KSIZE + ISIZE
( 2024) ISIZE = KIND (YD%LCLEAN)
( 2025) IF (LLPRINT) THEN
( 2026)   WRITE (*, '(I10," ")', ADVANCE='NO') ISIZE
( 2027)   WRITE (*, *) TRIM (CLPATH)//'%LCLEAN'
( 2028) ENDIF
( 2029) KSIZE = KSIZE + ISIZE
( 2030) ISIZE = KIND (YD%RAOVLP)
( 2031) IF (LLPRINT) THEN
( 2032)   WRITE (*, '(I10," ")', ADVANCE='NO') ISIZE
( 2033)   WRITE (*, *) TRIM (CLPATH)//'%RAOVLP'
( 2034) ENDIF
( 2035) KSIZE = KSIZE + ISIZE
( 2036) ISIZE = KIND (YD%RBOVLP)
( 2037) IF (LLPRINT) THEN
( 2038)   WRITE (*, '(I10," ")', ADVANCE='NO') ISIZE
( 2039)   WRITE (*, *) TRIM (CLPATH)//'%RBOVLP'
( 2040) ENDIF
( 2041) KSIZE = KSIZE + ISIZE
( 2042) ISIZE = KIND (YD%LEDBUG)
( 2043) IF (LLPRINT) THEN
( 2044)   WRITE (*, '(I10," ")', ADVANCE='NO') ISIZE
( 2045)   WRITE (*, *) TRIM (CLPATH)//'%LEDBUG'
( 2046) ENDIF
( 2047) KSIZE = KSIZE + ISIZE
( 2048) ISIZE = KIND (YD%RPERTOZ)
( 2049) IF (LLPRINT) THEN
( 2050)   WRITE (*, '(I10," ")', ADVANCE='NO') ISIZE
( 2051)   WRITE (*, *) TRIM (CLPATH)//'%RPERTOZ'
( 2052) ENDIF
( 2053) KSIZE = KSIZE + ISIZE
( 2054) ISIZE = KIND (YD%RLWINHF)
( 2055) IF (LLPRINT) THEN
( 2056)   WRITE (*, '(I10," ")', ADVANCE='NO') ISIZE
( 2057)   WRITE (*, *) TRIM (CLPATH)//'%RLWINHF'
( 2058) ENDIF
( 2059) KSIZE = KSIZE + ISIZE
( 2060) ISIZE = KIND (YD%RSWINHF)
( 2061) IF (LLPRINT) THEN
( 2062)   WRITE (*, '(I10," ")', ADVANCE='NO') ISIZE
( 2063)   WRITE (*, *) TRIM (CLPATH)//'%RSWINHF'
( 2064) ENDIF
( 2065) KSIZE = KSIZE + ISIZE
( 2066) ISIZE = KIND (YD%RVOLCSPEC) * SIZE (YD%RVOLCSPEC)
( 2067) IF (LLPRINT) THEN
( 2068)   WRITE (*, '(I10," ")', ADVANCE='NO') ISIZE
( 2069)   WRITE (*, *) TRIM (CLPATH)//'%RVOLCSPEC'
( 2070) ENDIF
( 2071) KSIZE = KSIZE + ISIZE
( 2072) ISIZE = KIND (YD%RNS)
( 2073) IF (LLPRINT) THEN
( 2074)   WRITE (*, '(I10," ")', ADVANCE='NO') ISIZE
( 2075)   WRITE (*, *) TRIM (CLPATH)//'%RNS'
( 2076) ENDIF
( 2077) KSIZE = KSIZE + ISIZE
( 2078) ISIZE = KIND (YD%RSIGAIR)
( 2079) IF (LLPRINT) THEN
( 2080)   WRITE (*, '(I10," ")', ADVANCE='NO') ISIZE






NVFORTRAN (Version     24.5)          03/19/2025  06:54:40      page 37

( 2081)   WRITE (*, *) TRIM (CLPATH)//'%RSIGAIR'
( 2082) ENDIF
( 2083) KSIZE = KSIZE + ISIZE
( 2084) ISIZE = KIND (YD%RAESHSS)
( 2085) IF (LLPRINT) THEN
( 2086)   WRITE (*, '(I10," ")', ADVANCE='NO') ISIZE
( 2087)   WRITE (*, *) TRIM (CLPATH)//'%RAESHSS'
( 2088) ENDIF
( 2089) KSIZE = KSIZE + ISIZE
( 2090) ISIZE = KIND (YD%RAESHDU)
( 2091) IF (LLPRINT) THEN
( 2092)   WRITE (*, '(I10," ")', ADVANCE='NO') ISIZE
( 2093)   WRITE (*, *) TRIM (CLPATH)//'%RAESHDU'
( 2094) ENDIF
( 2095) KSIZE = KSIZE + ISIZE
( 2096) ISIZE = KIND (YD%RAESHOM)
( 2097) IF (LLPRINT) THEN
( 2098)   WRITE (*, '(I10," ")', ADVANCE='NO') ISIZE
( 2099)   WRITE (*, *) TRIM (CLPATH)//'%RAESHOM'
( 2100) ENDIF
( 2101) KSIZE = KSIZE + ISIZE
( 2102) ISIZE = KIND (YD%RAESHBC)
( 2103) IF (LLPRINT) THEN
( 2104)   WRITE (*, '(I10," ")', ADVANCE='NO') ISIZE
( 2105)   WRITE (*, *) TRIM (CLPATH)//'%RAESHBC'
( 2106) ENDIF
( 2107) KSIZE = KSIZE + ISIZE
( 2108) ISIZE = KIND (YD%RAESHSU)
( 2109) IF (LLPRINT) THEN
( 2110)   WRITE (*, '(I10," ")', ADVANCE='NO') ISIZE
( 2111)   WRITE (*, *) TRIM (CLPATH)//'%RAESHSU'
( 2112) ENDIF
( 2113) KSIZE = KSIZE + ISIZE
( 2114) ISIZE = KIND (YD%TRBKG)
( 2115) IF (LLPRINT) THEN
( 2116)   WRITE (*, '(I10," ")', ADVANCE='NO') ISIZE
( 2117)   WRITE (*, *) TRIM (CLPATH)//'%TRBKG'
( 2118) ENDIF
( 2119) KSIZE = KSIZE + ISIZE
( 2120) ISIZE = KIND (YD%STBKG)
( 2121) IF (LLPRINT) THEN
( 2122)   WRITE (*, '(I10," ")', ADVANCE='NO') ISIZE
( 2123)   WRITE (*, *) TRIM (CLPATH)//'%STBKG'
( 2124) ENDIF
( 2125) KSIZE = KSIZE + ISIZE
( 2126) ISIZE = KIND (YD%CGHGCLIMFILE) * LEN (YD%CGHGCLIMFILE)
( 2127) IF (LLPRINT) THEN
( 2128)   WRITE (*, '(I10," ")', ADVANCE='NO') ISIZE
( 2129)   WRITE (*, *) TRIM (CLPATH)//'%CGHGCLIMFILE'
( 2130) ENDIF
( 2131) KSIZE = KSIZE + ISIZE
( 2132) ISIZE = KIND (YD%CGHGTIMESERIESFILE) * LEN (YD%CGHGTIMESERIESFILE)
( 2133) IF (LLPRINT) THEN
( 2134)   WRITE (*, '(I10," ")', ADVANCE='NO') ISIZE
( 2135)   WRITE (*, *) TRIM (CLPATH)//'%CGHGTIMESERIESFILE'
( 2136) ENDIF
( 2137) KSIZE = KSIZE + ISIZE
( 2138) ISIZE = KIND (YD%CSOLARIRRADIANCEFILE) * LEN (YD%CSOLARIRRADIANCEFILE)






NVFORTRAN (Version     24.5)          03/19/2025  06:54:40      page 38

( 2139) IF (LLPRINT) THEN
( 2140)   WRITE (*, '(I10," ")', ADVANCE='NO') ISIZE
( 2141)   WRITE (*, *) TRIM (CLPATH)//'%CSOLARIRRADIANCEFILE'
( 2142) ENDIF
( 2143) KSIZE = KSIZE + ISIZE
( 2144) ISIZE = KIND (YD%RRATSEA)
( 2145) IF (LLPRINT) THEN
( 2146)   WRITE (*, '(I10," ")', ADVANCE='NO') ISIZE
( 2147)   WRITE (*, *) TRIM (CLPATH)//'%RRATSEA'
( 2148) ENDIF
( 2149) KSIZE = KSIZE + ISIZE
( 2150) ISIZE = KIND (YD%RRATLAND)
( 2151) IF (LLPRINT) THEN
( 2152)   WRITE (*, '(I10," ")', ADVANCE='NO') ISIZE
( 2153)   WRITE (*, *) TRIM (CLPATH)//'%RRATLAND'
( 2154) ENDIF
( 2155) KSIZE = KSIZE + ISIZE
( 2156) ISIZE = KIND (YD%RRATDRI)
( 2157) IF (LLPRINT) THEN
( 2158)   WRITE (*, '(I10," ")', ADVANCE='NO') ISIZE
( 2159)   WRITE (*, *) TRIM (CLPATH)//'%RRATDRI'
( 2160) ENDIF
( 2161) KSIZE = KSIZE + ISIZE
( 2162) ISIZE = KIND (YD%RCADECOR)
( 2163) IF (LLPRINT) THEN
( 2164)   WRITE (*, '(I10," ")', ADVANCE='NO') ISIZE
( 2165)   WRITE (*, *) TRIM (CLPATH)//'%RCADECOR'
( 2166) ENDIF
( 2167) KSIZE = KSIZE + ISIZE
( 2168) ISIZE = KIND (YD%RCBDECOR)
( 2169) IF (LLPRINT) THEN
( 2170)   WRITE (*, '(I10," ")', ADVANCE='NO') ISIZE
( 2171)   WRITE (*, *) TRIM (CLPATH)//'%RCBDECOR'
( 2172) ENDIF
( 2173) KSIZE = KSIZE + ISIZE
( 2174) ISIZE = KIND (YD%RFACDICE)
( 2175) IF (LLPRINT) THEN
( 2176)   WRITE (*, '(I10," ")', ADVANCE='NO') ISIZE
( 2177)   WRITE (*, *) TRIM (CLPATH)//'%RFACDICE'
( 2178) ENDIF
( 2179) KSIZE = KSIZE + ISIZE
( 2180) LCVDAESS = ALLOCATED (YD%CVDAESS)
( 2181) IF (LCVDAESS) THEN
( 2182)   ISIZE = KIND (YD%CVDAESS) * SIZE (YD%CVDAESS)
( 2183)   IF (LLPRINT) THEN
( 2184)     WRITE (*, '(I10," ")', ADVANCE='NO') ISIZE
( 2185)     WRITE (*, *) TRIM (CLPATH)//'%CVDAESS'
( 2186)   ENDIF
( 2187)   KSIZE = KSIZE + ISIZE
( 2188) ENDIF
( 2189) LCVDAEDU = ALLOCATED (YD%CVDAEDU)
( 2190) IF (LCVDAEDU) THEN
( 2191)   ISIZE = KIND (YD%CVDAEDU) * SIZE (YD%CVDAEDU)
( 2192)   IF (LLPRINT) THEN
( 2193)     WRITE (*, '(I10," ")', ADVANCE='NO') ISIZE
( 2194)     WRITE (*, *) TRIM (CLPATH)//'%CVDAEDU'
( 2195)   ENDIF
( 2196)   KSIZE = KSIZE + ISIZE






NVFORTRAN (Version     24.5)          03/19/2025  06:54:40      page 39

( 2197) ENDIF
( 2198) LCVDAEOM = ALLOCATED (YD%CVDAEOM)
( 2199) IF (LCVDAEOM) THEN
( 2200)   ISIZE = KIND (YD%CVDAEOM) * SIZE (YD%CVDAEOM)
( 2201)   IF (LLPRINT) THEN
( 2202)     WRITE (*, '(I10," ")', ADVANCE='NO') ISIZE
( 2203)     WRITE (*, *) TRIM (CLPATH)//'%CVDAEOM'
( 2204)   ENDIF
( 2205)   KSIZE = KSIZE + ISIZE
( 2206) ENDIF
( 2207) LCVDAEBC = ALLOCATED (YD%CVDAEBC)
( 2208) IF (LCVDAEBC) THEN
( 2209)   ISIZE = KIND (YD%CVDAEBC) * SIZE (YD%CVDAEBC)
( 2210)   IF (LLPRINT) THEN
( 2211)     WRITE (*, '(I10," ")', ADVANCE='NO') ISIZE
( 2212)     WRITE (*, *) TRIM (CLPATH)//'%CVDAEBC'
( 2213)   ENDIF
( 2214)   KSIZE = KSIZE + ISIZE
( 2215) ENDIF
( 2216) LCVDAESU = ALLOCATED (YD%CVDAESU)
( 2217) IF (LCVDAESU) THEN
( 2218)   ISIZE = KIND (YD%CVDAESU) * SIZE (YD%CVDAESU)
( 2219)   IF (LLPRINT) THEN
( 2220)     WRITE (*, '(I10," ")', ADVANCE='NO') ISIZE
( 2221)     WRITE (*, *) TRIM (CLPATH)//'%CVDAESU'
( 2222)   ENDIF
( 2223)   KSIZE = KSIZE + ISIZE
( 2224) ENDIF
( 2225) ISIZE = KIND (YD%CECRADARCH) * LEN (YD%CECRADARCH)
( 2226) IF (LLPRINT) THEN
( 2227)   WRITE (*, '(I10," ")', ADVANCE='NO') ISIZE
( 2228)   WRITE (*, *) TRIM (CLPATH)//'%CECRADARCH'
( 2229) ENDIF
( 2230) KSIZE = KSIZE + ISIZE
( 2231) ISIZE = KIND (YD%LECRADACC)
( 2232) IF (LLPRINT) THEN
( 2233)   WRITE (*, '(I10," ")', ADVANCE='NO') ISIZE
( 2234)   WRITE (*, *) TRIM (CLPATH)//'%LECRADACC'
( 2235) ENDIF
( 2236) KSIZE = KSIZE + ISIZE
( 2237) ISIZE = KIND (YD%NECRADLEN)
( 2238) IF (LLPRINT) THEN
( 2239)   WRITE (*, '(I10," ")', ADVANCE='NO') ISIZE
( 2240)   WRITE (*, *) TRIM (CLPATH)//'%NECRADLEN'
( 2241) ENDIF
( 2242) KSIZE = KSIZE + ISIZE
( 2243) JSIZE = 0
( 2244) ISIZE = SIZE_TSPECTRALPLANCK (YD%YSPECTPLANCK, CLPATH//'%YSPECTPLANCK', .FALSE.)
( 2245) JSIZE = JSIZE + ISIZE
( 2246) KSIZE = KSIZE + ISIZE
( 2247) IF (LLPRINT) THEN
( 2248)   WRITE (*, '(I10," ")', ADVANCE='NO') JSIZE
( 2249)   WRITE (*, *) TRIM (CLPATH)//'%YSPECTPLANCK'
( 2250) ENDIF
( 2251) END FUNCTION
( 2252) 
( 2253) END MODULE







NVFORTRAN (Version     24.5)          03/19/2025  06:54:40      page 40

(    1) # 1 "./util_terad_mod.F90"
(    1) MODULE UTIL_TERAD_MOD
(    2) # 3 "./util_terad_mod.F90"
(    3) USE YOERAD, ONLY : TERAD
(    4) # 5 "./util_terad_mod.F90"
(    5) INTERFACE SAVE
(    6) MODULE PROCEDURE SAVE_TERAD
(    7) END INTERFACE
(    8) # 9 "./util_terad_mod.F90"
(    9) INTERFACE LOAD
(   10) MODULE PROCEDURE LOAD_TERAD
(   11) END INTERFACE
(   12) # 13 "./util_terad_mod.F90"
(   13) INTERFACE COPY
(   14) MODULE PROCEDURE COPY_TERAD
(   15) END INTERFACE
(   16) # 17 "./util_terad_mod.F90"
(   17) INTERFACE HOST
(   18) MODULE PROCEDURE HOST_TERAD
(   19) END INTERFACE
(   20) # 21 "./util_terad_mod.F90"
(   21)      
(   22) INTERFACE CRC64
(   23) MODULE PROCEDURE CRC64_TERAD
(   24) END INTERFACE
(   25) # 26 "./util_terad_mod.F90"
(   26) INTERFACE WIPE
(   27) MODULE PROCEDURE WIPE_TERAD
(   28) END INTERFACE
(   29) # 30 "./util_terad_mod.F90"
(   30) INTERFACE SIZE
(   31) MODULE PROCEDURE SIZE_TERAD
(   32) END INTERFACE
(   33) # 35 "./util_terad_mod.F90"
(   35) CONTAINS
(   36) # 37 "./util_terad_mod.F90"
(   37) SUBROUTINE SAVE_TERAD (KLUN, YD)
(   38) USE UTIL_TSPECTRALPLANCK_MOD
(   39) IMPLICIT NONE
(   40) INTEGER, INTENT (IN) :: KLUN
(   41) TYPE (TERAD), INTENT (IN), TARGET :: YD
(   42) LOGICAL :: LCVDAEBC, LCVDAEDU, LCVDAEOM, LCVDAESS, LCVDAESU
(   43) WRITE (KLUN) YD%NAER
(   44) WRITE (KLUN) YD%NMODE
(   45) WRITE (KLUN) YD%NOZOCL
(   46) WRITE (KLUN) YD%NRADFR
(   47) WRITE (KLUN) YD%NRADPFR
(   48) WRITE (KLUN) YD%NRADPLA
(   49) WRITE (KLUN) YD%NRADINT
(   50) WRITE (KLUN) YD%NRADRES
(   51) WRITE (KLUN) YD%NRADNFR
(   52) WRITE (KLUN) YD%NRADSFR
(   53) WRITE (KLUN) YD%NRADE1H
(   54) WRITE (KLUN) YD%NRADE3H
(   55) WRITE (KLUN) YD%NRADELG
(   56) WRITE (KLUN) YD%NOVLP
(   57) WRITE (KLUN) YD%NRPROMA
(   58) WRITE (KLUN) YD%NLW






NVFORTRAN (Version     24.5)          03/19/2025  06:54:40      page 41

(   59) WRITE (KLUN) YD%NSWNL
(   60) WRITE (KLUN) YD%NSWTL
(   61) WRITE (KLUN) YD%NTLW
(   62) WRITE (KLUN) YD%NTSW
(   63) WRITE (KLUN) YD%NUV
(   64) WRITE (KLUN) YD%NCSRADF
(   65) WRITE (KLUN) YD%NINHOM
(   66) WRITE (KLUN) YD%NLAYINH
(   67) WRITE (KLUN) YD%NLNGR1H
(   68) WRITE (KLUN) YD%NPERTAER
(   69) WRITE (KLUN) YD%NPERTOZ
(   70) WRITE (KLUN) YD%NSCEN
(   71) WRITE (KLUN) YD%NHINCSOL
(   72) WRITE (KLUN) YD%NMCICA
(   73) WRITE (KLUN) YD%NGHGRAD
(   74) WRITE (KLUN) YD%NVOLCVERT
(   75) WRITE (KLUN) YD%NREDGLW
(   76) WRITE (KLUN) YD%NREDGSW
(   77) WRITE (KLUN) YD%NSPMAPL
(   78) WRITE (KLUN) YD%NSPMAPS
(   79) WRITE (KLUN) YD%NSW
(   80) WRITE (KLUN) YD%NLWEMISS
(   81) WRITE (KLUN) YD%NICEOPT
(   82) WRITE (KLUN) YD%NLIQOPT
(   83) WRITE (KLUN) YD%NRADIP
(   84) WRITE (KLUN) YD%NRADLP
(   85) WRITE (KLUN) YD%NLWOUT
(   86) WRITE (KLUN) YD%NDECOLAT
(   87) WRITE (KLUN) YD%NMINICE
(   88) WRITE (KLUN) YD%NAERMACC
(   89) WRITE (KLUN) YD%NMCVAR
(   90) WRITE (KLUN) YD%NLWSCATTERING
(   91) WRITE (KLUN) YD%NSWSOLVER
(   92) WRITE (KLUN) YD%NLWSOLVER
(   93) WRITE (KLUN) YD%NSOLARSPECTRUM
(   94) WRITE (KLUN) YD%NDUMPBADINPUTS
(   95) WRITE (KLUN) YD%NDUMPINPUTS
(   96) WRITE (KLUN) YD%NCLOUDOVERLAP
(   97) WRITE (KLUN) YD%RCLOUD_FRAC_STD
(   98) WRITE (KLUN) YD%RCLOUD_SEPARATION_SCALE_TOA
(   99) WRITE (KLUN) YD%RCLOUD_SEPARATION_SCALE_SURF
(  100) WRITE (KLUN) YD%LFU_LW_ICE_OPTICS_BUG
(  101) WRITE (KLUN) YD%LDIAGFORCING
(  102) WRITE (KLUN) YD%LAPPROXLWUPDATE
(  103) WRITE (KLUN) YD%LAPPROXSWUPDATE
(  104) WRITE (KLUN) YD%NSWICEOPT
(  105) WRITE (KLUN) YD%NSWLIQOPT
(  106) WRITE (KLUN) YD%NLWICEOPT
(  107) WRITE (KLUN) YD%NLWLIQOPT
(  108) WRITE (KLUN) YD%LCCNL
(  109) WRITE (KLUN) YD%LCCNO
(  110) WRITE (KLUN) YD%RCCNLND
(  111) WRITE (KLUN) YD%RCCNSEA
(  112) WRITE (KLUN) YD%RRE2DE
(  113) WRITE (KLUN) YD%RMINICE
(  114) WRITE (KLUN) YD%NMCLAT
(  115) WRITE (KLUN) YD%NMCLON
(  116) WRITE (KLUN) YD%NMCLEV






NVFORTRAN (Version     24.5)          03/19/2025  06:54:40      page 42

(  117) WRITE (KLUN) YD%NSWGASOPTICS
(  118) WRITE (KLUN) YD%NLWGASOPTICS
(  119) WRITE (KLUN) YD%NGASOPTICSSCHEME
(  120) WRITE (KLUN) YD%KMODTS
(  121) WRITE (KLUN) YD%NSWWVCONTINUUM
(  122) WRITE (KLUN) YD%NRTCALL
(  123) WRITE (KLUN) YD%IRTCALLREF
(  124) WRITE (KLUN) YD%IRTCALLCLN
(  125) WRITE (KLUN) YD%LINTERPINCLOUDMEAN
(  126) WRITE (KLUN) YD%LERAD1H
(  127) WRITE (KLUN) YD%LEPO3RA
(  128) WRITE (KLUN) YD%LONEWSW
(  129) WRITE (KLUN) YD%LECSRAD
(  130) WRITE (KLUN) YD%LRRTM
(  131) WRITE (KLUN) YD%LSRTM
(  132) WRITE (KLUN) YD%LDIFFC
(  133) WRITE (KLUN) YD%LHVOLCA
(  134) WRITE (KLUN) YD%LNEWAER
(  135) WRITE (KLUN) YD%LNOTROAER
(  136) WRITE (KLUN) YD%LRAYL
(  137) WRITE (KLUN) YD%LOPTRPROMA
(  138) WRITE (KLUN) YD%LECO2VAR
(  139) WRITE (KLUN) YD%LHGHG
(  140) WRITE (KLUN) YD%LESO4HIS
(  141) WRITE (KLUN) YD%LETRACGMS
(  142) WRITE (KLUN) YD%LAERCLIM
(  143) WRITE (KLUN) YD%LAERVISI
(  144) WRITE (KLUN) YD%LAER3D
(  145) WRITE (KLUN) YD%LVOLCSPEC
(  146) WRITE (KLUN) YD%LVOLCDAMP
(  147) WRITE (KLUN) YD%LAERADCLI
(  148) WRITE (KLUN) YD%LAERADJDU
(  149) WRITE (KLUN) YD%LMANNERSSWUPDATE
(  150) WRITE (KLUN) YD%LCENTREDTIMESZA
(  151) WRITE (KLUN) YD%LAVERAGESZA
(  152) WRITE (KLUN) YD%LECOMPGRID
(  153) WRITE (KLUN) YD%LUSEPRE2017RAD
(  154) WRITE (KLUN) YD%LDUSEASON
(  155) WRITE (KLUN) YD%LPERPET
(  156) WRITE (KLUN) YD%LCLEAN
(  157) WRITE (KLUN) YD%RAOVLP
(  158) WRITE (KLUN) YD%RBOVLP
(  159) WRITE (KLUN) YD%LEDBUG
(  160) WRITE (KLUN) YD%RPERTOZ
(  161) WRITE (KLUN) YD%RLWINHF
(  162) WRITE (KLUN) YD%RSWINHF
(  163) WRITE (KLUN) YD%RVOLCSPEC
(  164) WRITE (KLUN) YD%RNS
(  165) WRITE (KLUN) YD%RSIGAIR
(  166) WRITE (KLUN) YD%RAESHSS
(  167) WRITE (KLUN) YD%RAESHDU
(  168) WRITE (KLUN) YD%RAESHOM
(  169) WRITE (KLUN) YD%RAESHBC
(  170) WRITE (KLUN) YD%RAESHSU
(  171) WRITE (KLUN) YD%TRBKG
(  172) WRITE (KLUN) YD%STBKG
(  173) WRITE (KLUN) YD%CGHGCLIMFILE
(  174) WRITE (KLUN) YD%CGHGTIMESERIESFILE






NVFORTRAN (Version     24.5)          03/19/2025  06:54:40      page 43

(  175) WRITE (KLUN) YD%CSOLARIRRADIANCEFILE
(  176) WRITE (KLUN) YD%RRATSEA
(  177) WRITE (KLUN) YD%RRATLAND
(  178) WRITE (KLUN) YD%RRATDRI
(  179) WRITE (KLUN) YD%RCADECOR
(  180) WRITE (KLUN) YD%RCBDECOR
(  181) WRITE (KLUN) YD%RFACDICE
(  182) LCVDAESS = ALLOCATED (YD%CVDAESS)
(  183) WRITE (KLUN) LCVDAESS
(  184) IF (LCVDAESS) THEN
(  185)   WRITE (KLUN) LBOUND (YD%CVDAESS)
(  186)   WRITE (KLUN) UBOUND (YD%CVDAESS)
(  187)   WRITE (KLUN) YD%CVDAESS
(  188) ENDIF
(  189) LCVDAEDU = ALLOCATED (YD%CVDAEDU)
(  190) WRITE (KLUN) LCVDAEDU
(  191) IF (LCVDAEDU) THEN
(  192)   WRITE (KLUN) LBOUND (YD%CVDAEDU)
(  193)   WRITE (KLUN) UBOUND (YD%CVDAEDU)
(  194)   WRITE (KLUN) YD%CVDAEDU
(  195) ENDIF
(  196) LCVDAEOM = ALLOCATED (YD%CVDAEOM)
(  197) WRITE (KLUN) LCVDAEOM
(  198) IF (LCVDAEOM) THEN
(  199)   WRITE (KLUN) LBOUND (YD%CVDAEOM)
(  200)   WRITE (KLUN) UBOUND (YD%CVDAEOM)
(  201)   WRITE (KLUN) YD%CVDAEOM
(  202) ENDIF
(  203) LCVDAEBC = ALLOCATED (YD%CVDAEBC)
(  204) WRITE (KLUN) LCVDAEBC
(  205) IF (LCVDAEBC) THEN
(  206)   WRITE (KLUN) LBOUND (YD%CVDAEBC)
(  207)   WRITE (KLUN) UBOUND (YD%CVDAEBC)
(  208)   WRITE (KLUN) YD%CVDAEBC
(  209) ENDIF
(  210) LCVDAESU = ALLOCATED (YD%CVDAESU)
(  211) WRITE (KLUN) LCVDAESU
(  212) IF (LCVDAESU) THEN
(  213)   WRITE (KLUN) LBOUND (YD%CVDAESU)
(  214)   WRITE (KLUN) UBOUND (YD%CVDAESU)
(  215)   WRITE (KLUN) YD%CVDAESU
(  216) ENDIF
(  217) WRITE (KLUN) YD%CECRADARCH
(  218) WRITE (KLUN) YD%LECRADACC
(  219) WRITE (KLUN) YD%NECRADLEN
(  220) CALL SAVE_TSPECTRALPLANCK (KLUN, YD%YSPECTPLANCK)
(  221) END SUBROUTINE
(  222) # 223 "./util_terad_mod.F90"
(  223) SUBROUTINE LOAD_TERAD (KLUN, YD)
(  224) USE UTIL_TSPECTRALPLANCK_MOD
(  225) USE PARKIND1, ONLY : JPRD
(  226) # 227 "./util_terad_mod.F90"
(  227) IMPLICIT NONE
(  228) INTEGER, INTENT (IN) :: KLUN
(  229) TYPE (TERAD), INTENT (OUT), TARGET :: YD
(  230) INTEGER :: IL1(1), IU1(1)
(  231) LOGICAL :: LCVDAEBC, LCVDAEDU, LCVDAEOM, LCVDAESS, LCVDAESU
(  232) REAL(KIND=JPRD) :: ZTMP0






NVFORTRAN (Version     24.5)          03/19/2025  06:54:40      page 44

(  233) REAL(KIND=JPRD), ALLOCATABLE :: ZTMP1 (:)
(  234) READ (KLUN) YD%NAER
(  235) READ (KLUN) YD%NMODE
(  236) READ (KLUN) YD%NOZOCL
(  237) READ (KLUN) YD%NRADFR
(  238) READ (KLUN) YD%NRADPFR
(  239) READ (KLUN) YD%NRADPLA
(  240) READ (KLUN) YD%NRADINT
(  241) READ (KLUN) YD%NRADRES
(  242) READ (KLUN) YD%NRADNFR
(  243) READ (KLUN) YD%NRADSFR
(  244) READ (KLUN) YD%NRADE1H
(  245) READ (KLUN) YD%NRADE3H
(  246) READ (KLUN) YD%NRADELG
(  247) READ (KLUN) YD%NOVLP
(  248) READ (KLUN) YD%NRPROMA
(  249) READ (KLUN) YD%NLW
(  250) READ (KLUN) YD%NSWNL
(  251) READ (KLUN) YD%NSWTL
(  252) READ (KLUN) YD%NTLW
(  253) READ (KLUN) YD%NTSW
(  254) READ (KLUN) YD%NUV
(  255) READ (KLUN) YD%NCSRADF
(  256) READ (KLUN) YD%NINHOM
(  257) READ (KLUN) YD%NLAYINH
(  258) READ (KLUN) YD%NLNGR1H
(  259) READ (KLUN) YD%NPERTAER
(  260) READ (KLUN) YD%NPERTOZ
(  261) READ (KLUN) YD%NSCEN
(  262) READ (KLUN) YD%NHINCSOL
(  263) READ (KLUN) YD%NMCICA
(  264) READ (KLUN) YD%NGHGRAD
(  265) READ (KLUN) YD%NVOLCVERT
(  266) READ (KLUN) YD%NREDGLW
(  267) READ (KLUN) YD%NREDGSW
(  268) READ (KLUN) YD%NSPMAPL
(  269) READ (KLUN) YD%NSPMAPS
(  270) READ (KLUN) YD%NSW
(  271) READ (KLUN) YD%NLWEMISS
(  272) READ (KLUN) YD%NICEOPT
(  273) READ (KLUN) YD%NLIQOPT
(  274) READ (KLUN) YD%NRADIP
(  275) READ (KLUN) YD%NRADLP
(  276) READ (KLUN) YD%NLWOUT
(  277) READ (KLUN) YD%NDECOLAT
(  278) READ (KLUN) YD%NMINICE
(  279) READ (KLUN) YD%NAERMACC
(  280) READ (KLUN) YD%NMCVAR
(  281) READ (KLUN) YD%NLWSCATTERING
(  282) READ (KLUN) YD%NSWSOLVER
(  283) READ (KLUN) YD%NLWSOLVER
(  284) READ (KLUN) YD%NSOLARSPECTRUM
(  285) READ (KLUN) YD%NDUMPBADINPUTS
(  286) READ (KLUN) YD%NDUMPINPUTS
(  287) READ (KLUN) YD%NCLOUDOVERLAP
(  288) READ (KLUN) ZTMP0
(  289) YD%RCLOUD_FRAC_STD = ZTMP0
(  290) READ (KLUN) ZTMP0






NVFORTRAN (Version     24.5)          03/19/2025  06:54:40      page 45

(  291) YD%RCLOUD_SEPARATION_SCALE_TOA = ZTMP0
(  292) READ (KLUN) ZTMP0
(  293) YD%RCLOUD_SEPARATION_SCALE_SURF = ZTMP0
(  294) READ (KLUN) YD%LFU_LW_ICE_OPTICS_BUG
(  295) READ (KLUN) YD%LDIAGFORCING
(  296) READ (KLUN) YD%LAPPROXLWUPDATE
(  297) READ (KLUN) YD%LAPPROXSWUPDATE
(  298) READ (KLUN) YD%NSWICEOPT
(  299) READ (KLUN) YD%NSWLIQOPT
(  300) READ (KLUN) YD%NLWICEOPT
(  301) READ (KLUN) YD%NLWLIQOPT
(  302) READ (KLUN) YD%LCCNL
(  303) READ (KLUN) YD%LCCNO
(  304) READ (KLUN) ZTMP0
(  305) YD%RCCNLND = ZTMP0
(  306) READ (KLUN) ZTMP0
(  307) YD%RCCNSEA = ZTMP0
(  308) READ (KLUN) ZTMP0
(  309) YD%RRE2DE = ZTMP0
(  310) READ (KLUN) ZTMP0
(  311) YD%RMINICE = ZTMP0
(  312) READ (KLUN) YD%NMCLAT
(  313) READ (KLUN) YD%NMCLON
(  314) READ (KLUN) YD%NMCLEV
(  315) READ (KLUN) YD%NSWGASOPTICS
(  316) READ (KLUN) YD%NLWGASOPTICS
(  317) READ (KLUN) YD%NGASOPTICSSCHEME
(  318) READ (KLUN) YD%KMODTS
(  319) READ (KLUN) YD%NSWWVCONTINUUM
(  320) READ (KLUN) YD%NRTCALL
(  321) READ (KLUN) YD%IRTCALLREF
(  322) READ (KLUN) YD%IRTCALLCLN
(  323) READ (KLUN) YD%LINTERPINCLOUDMEAN
(  324) READ (KLUN) YD%LERAD1H
(  325) READ (KLUN) YD%LEPO3RA
(  326) READ (KLUN) YD%LONEWSW
(  327) READ (KLUN) YD%LECSRAD
(  328) READ (KLUN) YD%LRRTM
(  329) READ (KLUN) YD%LSRTM
(  330) READ (KLUN) YD%LDIFFC
(  331) READ (KLUN) YD%LHVOLCA
(  332) READ (KLUN) YD%LNEWAER
(  333) READ (KLUN) YD%LNOTROAER
(  334) READ (KLUN) YD%LRAYL
(  335) READ (KLUN) YD%LOPTRPROMA
(  336) READ (KLUN) YD%LECO2VAR
(  337) READ (KLUN) YD%LHGHG
(  338) READ (KLUN) YD%LESO4HIS
(  339) READ (KLUN) YD%LETRACGMS
(  340) READ (KLUN) YD%LAERCLIM
(  341) READ (KLUN) YD%LAERVISI
(  342) READ (KLUN) YD%LAER3D
(  343) READ (KLUN) YD%LVOLCSPEC
(  344) READ (KLUN) YD%LVOLCDAMP
(  345) READ (KLUN) YD%LAERADCLI
(  346) READ (KLUN) YD%LAERADJDU
(  347) READ (KLUN) YD%LMANNERSSWUPDATE
(  348) READ (KLUN) YD%LCENTREDTIMESZA






NVFORTRAN (Version     24.5)          03/19/2025  06:54:40      page 46

(  349) READ (KLUN) YD%LAVERAGESZA
(  350) READ (KLUN) YD%LECOMPGRID
(  351) READ (KLUN) YD%LUSEPRE2017RAD
(  352) READ (KLUN) YD%LDUSEASON
(  353) READ (KLUN) YD%LPERPET
(  354) READ (KLUN) YD%LCLEAN
(  355) READ (KLUN) ZTMP0
(  356) YD%RAOVLP = ZTMP0
(  357) READ (KLUN) ZTMP0
(  358) YD%RBOVLP = ZTMP0
(  359) READ (KLUN) YD%LEDBUG
(  360) READ (KLUN) ZTMP0
(  361) YD%RPERTOZ = ZTMP0
(  362) READ (KLUN) ZTMP0
(  363) YD%RLWINHF = ZTMP0
(  364) READ (KLUN) ZTMP0
(  365) YD%RSWINHF = ZTMP0
(  366) ALLOCATE (ZTMP1(LBOUND(YD%RVOLCSPEC,1):UBOUND(YD%RVOLCSPEC,1)))
(  367) READ (KLUN) ZTMP1
(  368) YD%RVOLCSPEC = ZTMP1
(  369) DEALLOCATE (ZTMP1)
(  370) READ (KLUN) ZTMP0
(  371) YD%RNS = ZTMP0
(  372) READ (KLUN) ZTMP0
(  373) YD%RSIGAIR = ZTMP0
(  374) READ (KLUN) ZTMP0
(  375) YD%RAESHSS = ZTMP0
(  376) READ (KLUN) ZTMP0
(  377) YD%RAESHDU = ZTMP0
(  378) READ (KLUN) ZTMP0
(  379) YD%RAESHOM = ZTMP0
(  380) READ (KLUN) ZTMP0
(  381) YD%RAESHBC = ZTMP0
(  382) READ (KLUN) ZTMP0
(  383) YD%RAESHSU = ZTMP0
(  384) READ (KLUN) ZTMP0
(  385) YD%TRBKG = ZTMP0
(  386) READ (KLUN) ZTMP0
(  387) YD%STBKG = ZTMP0
(  388) READ (KLUN) YD%CGHGCLIMFILE
(  389) READ (KLUN) YD%CGHGTIMESERIESFILE
(  390) READ (KLUN) YD%CSOLARIRRADIANCEFILE
(  391) READ (KLUN) ZTMP0
(  392) YD%RRATSEA = ZTMP0
(  393) READ (KLUN) ZTMP0
(  394) YD%RRATLAND = ZTMP0
(  395) READ (KLUN) ZTMP0
(  396) YD%RRATDRI = ZTMP0
(  397) READ (KLUN) ZTMP0
(  398) YD%RCADECOR = ZTMP0
(  399) READ (KLUN) ZTMP0
(  400) YD%RCBDECOR = ZTMP0
(  401) READ (KLUN) ZTMP0
(  402) YD%RFACDICE = ZTMP0
(  403) READ (KLUN) LCVDAESS
(  404) IF (LCVDAESS) THEN
(  405)   READ (KLUN) IL1
(  406)   READ (KLUN) IU1






NVFORTRAN (Version     24.5)          03/19/2025  06:54:40      page 47

(  407)   ALLOCATE (YD%CVDAESS (IL1(1):IU1(1)))
(  408)   ALLOCATE (ZTMP1(LBOUND(YD%CVDAESS,1):UBOUND(YD%CVDAESS,1)))
(  409)   READ (KLUN) ZTMP1
(  410)   YD%CVDAESS = ZTMP1
(  411)   DEALLOCATE (ZTMP1)
(  412) ENDIF
(  413) READ (KLUN) LCVDAEDU
(  414) IF (LCVDAEDU) THEN
(  415)   READ (KLUN) IL1
(  416)   READ (KLUN) IU1
(  417)   ALLOCATE (YD%CVDAEDU (IL1(1):IU1(1)))
(  418)   ALLOCATE (ZTMP1(LBOUND(YD%CVDAEDU,1):UBOUND(YD%CVDAEDU,1)))
(  419)   READ (KLUN) ZTMP1
(  420)   YD%CVDAEDU = ZTMP1
(  421)   DEALLOCATE (ZTMP1)
(  422) ENDIF
(  423) READ (KLUN) LCVDAEOM
(  424) IF (LCVDAEOM) THEN
(  425)   READ (KLUN) IL1
(  426)   READ (KLUN) IU1
(  427)   ALLOCATE (YD%CVDAEOM (IL1(1):IU1(1)))
(  428)   ALLOCATE (ZTMP1(LBOUND(YD%CVDAEOM,1):UBOUND(YD%CVDAEOM,1)))
(  429)   READ (KLUN) ZTMP1
(  430)   YD%CVDAEOM = ZTMP1
(  431)   DEALLOCATE (ZTMP1)
(  432) ENDIF
(  433) READ (KLUN) LCVDAEBC
(  434) IF (LCVDAEBC) THEN
(  435)   READ (KLUN) IL1
(  436)   READ (KLUN) IU1
(  437)   ALLOCATE (YD%CVDAEBC (IL1(1):IU1(1)))
(  438)   ALLOCATE (ZTMP1(LBOUND(YD%CVDAEBC,1):UBOUND(YD%CVDAEBC,1)))
(  439)   READ (KLUN) ZTMP1
(  440)   YD%CVDAEBC = ZTMP1
(  441)   DEALLOCATE (ZTMP1)
(  442) ENDIF
(  443) READ (KLUN) LCVDAESU
(  444) IF (LCVDAESU) THEN
(  445)   READ (KLUN) IL1
(  446)   READ (KLUN) IU1
(  447)   ALLOCATE (YD%CVDAESU (IL1(1):IU1(1)))
(  448)   ALLOCATE (ZTMP1(LBOUND(YD%CVDAESU,1):UBOUND(YD%CVDAESU,1)))
(  449)   READ (KLUN) ZTMP1
(  450)   YD%CVDAESU = ZTMP1
(  451)   DEALLOCATE (ZTMP1)
(  452) ENDIF
(  453) READ (KLUN) YD%CECRADARCH
(  454) READ (KLUN) YD%LECRADACC
(  455) READ (KLUN) YD%NECRADLEN
(  456) CALL LOAD_TSPECTRALPLANCK (KLUN, YD%YSPECTPLANCK)
(  457) END SUBROUTINE
(  458) # 460 "./util_terad_mod.F90"
(  460) SUBROUTINE COPY_TERAD (YD, LDCREATED, LDFIELDAPI)
(  461) USE UTIL_TSPECTRALPLANCK_MOD
(  462) IMPLICIT NONE
(  463) TYPE (TERAD), INTENT (IN), TARGET :: YD
(  464) LOGICAL, OPTIONAL, INTENT (IN) :: LDCREATED, LDFIELDAPI
(  465) LOGICAL :: LLCREATED






NVFORTRAN (Version     24.5)          03/19/2025  06:54:40      page 48

(  466) LOGICAL :: LLFIELDAPI
(  467) LOGICAL :: LCVDAEBC, LCVDAEDU, LCVDAEOM, LCVDAESS, LCVDAESU
(  468) # 469 "./util_terad_mod.F90"
(  469) LLFIELDAPI = .FALSE.
(  470) IF (PRESENT (LDFIELDAPI)) THEN
(  471)   LLFIELDAPI = LDFIELDAPI
(  472) ENDIF
(  473) LLCREATED = .FALSE.
(  474) IF (PRESENT (LDCREATED)) THEN
(  475)   LLCREATED = LDCREATED
(  476) ENDIF
(  477) IF (.NOT. LLCREATED) THEN
(  478)   !$acc enter data create (YD)
(  479)   !$acc update device (YD)
(  480) ENDIF
(  481) # 620 "./util_terad_mod.F90"
(  620) LCVDAESS = ALLOCATED (YD%CVDAESS)
(  621) IF (LCVDAESS) THEN
(  622)   !$acc enter data create (YD%CVDAESS)
(  623)   !$acc update device (YD%CVDAESS)
(  624)   !$acc enter data attach (YD%CVDAESS)
(  625) ENDIF
(  626) # 627 "./util_terad_mod.F90"
(  627) LCVDAEDU = ALLOCATED (YD%CVDAEDU)
(  628) IF (LCVDAEDU) THEN
(  629)   !$acc enter data create (YD%CVDAEDU)
(  630)   !$acc update device (YD%CVDAEDU)
(  631)   !$acc enter data attach (YD%CVDAEDU)
(  632) ENDIF
(  633) # 634 "./util_terad_mod.F90"
(  634) LCVDAEOM = ALLOCATED (YD%CVDAEOM)
(  635) IF (LCVDAEOM) THEN
(  636)   !$acc enter data create (YD%CVDAEOM)
(  637)   !$acc update device (YD%CVDAEOM)
(  638)   !$acc enter data attach (YD%CVDAEOM)
(  639) ENDIF
(  640) # 641 "./util_terad_mod.F90"
(  641) LCVDAEBC = ALLOCATED (YD%CVDAEBC)
(  642) IF (LCVDAEBC) THEN
(  643)   !$acc enter data create (YD%CVDAEBC)
(  644)   !$acc update device (YD%CVDAEBC)
(  645)   !$acc enter data attach (YD%CVDAEBC)
(  646) ENDIF
(  647) # 648 "./util_terad_mod.F90"
(  648) LCVDAESU = ALLOCATED (YD%CVDAESU)
(  649) IF (LCVDAESU) THEN
(  650)   !$acc enter data create (YD%CVDAESU)
(  651)   !$acc update device (YD%CVDAESU)
(  652)   !$acc enter data attach (YD%CVDAESU)
(  653) ENDIF
(  654) # 658 "./util_terad_mod.F90"
(  658) CALL COPY_TSPECTRALPLANCK (YD%YSPECTPLANCK, LDCREATED=.TRUE., LDFIELDAPI=LDFIELDAPI)
(  659) # 660 "./util_terad_mod.F90"
(  660) END SUBROUTINE
(  661) # 662 "./util_terad_mod.F90"
(  662) SUBROUTINE HOST_TERAD (YD)
(  663) USE UTIL_TSPECTRALPLANCK_MOD
(  664) # 665 "./util_terad_mod.F90"






NVFORTRAN (Version     24.5)          03/19/2025  06:54:40      page 49

(  665) IMPLICIT NONE
(  666) TYPE (TERAD), TARGET :: YD
(  667) LOGICAL :: LCVDAEBC, LCVDAEDU, LCVDAEOM, LCVDAESS, LCVDAESU
(  668) # 815 "./util_terad_mod.F90"
(  815) CALL HOST_TSPECTRALPLANCK (YD%YSPECTPLANCK)
(  816) # 817 "./util_terad_mod.F90"
(  817) END SUBROUTINE
(  818) # 819 "./util_terad_mod.F90"
(  819)      
(  820) # 821 "./util_terad_mod.F90"
(  821) SUBROUTINE CRC64_TERAD (YD, KLUN, CDPATH)
(  822) USE UTIL_TSPECTRALPLANCK_MOD
(  823) USE CRC64_INTRINSIC
(  824) # 825 "./util_terad_mod.F90"
(  825) IMPLICIT NONE
(  826) TYPE (TERAD), TARGET :: YD
(  827) INTEGER, INTENT (IN) :: KLUN
(  828) CHARACTER(LEN=*), INTENT (IN) :: CDPATH
(  829) CHARACTER(LEN=128) :: CLIND
(  830) LOGICAL :: LCVDAEBC, LCVDAEDU, LCVDAEOM, LCVDAESS, LCVDAESU
(  831) WRITE (KLUN, '(Z16.16," ",A)') CRC64 (YD%NAER), CDPATH//'%NAER'
(  832) # 833 "./util_terad_mod.F90"
(  833) WRITE (KLUN, '(Z16.16," ",A)') CRC64 (YD%NMODE), CDPATH//'%NMODE'
(  834) # 835 "./util_terad_mod.F90"
(  835) WRITE (KLUN, '(Z16.16," ",A)') CRC64 (YD%NOZOCL), CDPATH//'%NOZOCL'
(  836) # 837 "./util_terad_mod.F90"
(  837) WRITE (KLUN, '(Z16.16," ",A)') CRC64 (YD%NRADFR), CDPATH//'%NRADFR'
(  838) # 839 "./util_terad_mod.F90"
(  839) WRITE (KLUN, '(Z16.16," ",A)') CRC64 (YD%NRADPFR), CDPATH//'%NRADPFR'
(  840) # 841 "./util_terad_mod.F90"
(  841) WRITE (KLUN, '(Z16.16," ",A)') CRC64 (YD%NRADPLA), CDPATH//'%NRADPLA'
(  842) # 843 "./util_terad_mod.F90"
(  843) WRITE (KLUN, '(Z16.16," ",A)') CRC64 (YD%NRADINT), CDPATH//'%NRADINT'
(  844) # 845 "./util_terad_mod.F90"
(  845) WRITE (KLUN, '(Z16.16," ",A)') CRC64 (YD%NRADRES), CDPATH//'%NRADRES'
(  846) # 847 "./util_terad_mod.F90"
(  847) WRITE (KLUN, '(Z16.16," ",A)') CRC64 (YD%NRADNFR), CDPATH//'%NRADNFR'
(  848) # 849 "./util_terad_mod.F90"
(  849) WRITE (KLUN, '(Z16.16," ",A)') CRC64 (YD%NRADSFR), CDPATH//'%NRADSFR'
(  850) # 851 "./util_terad_mod.F90"
(  851) WRITE (KLUN, '(Z16.16," ",A)') CRC64 (YD%NRADE1H), CDPATH//'%NRADE1H'
(  852) # 853 "./util_terad_mod.F90"
(  853) WRITE (KLUN, '(Z16.16," ",A)') CRC64 (YD%NRADE3H), CDPATH//'%NRADE3H'
(  854) # 855 "./util_terad_mod.F90"
(  855) WRITE (KLUN, '(Z16.16," ",A)') CRC64 (YD%NRADELG), CDPATH//'%NRADELG'
(  856) # 857 "./util_terad_mod.F90"
(  857) WRITE (KLUN, '(Z16.16," ",A)') CRC64 (YD%NOVLP), CDPATH//'%NOVLP'
(  858) # 859 "./util_terad_mod.F90"
(  859) WRITE (KLUN, '(Z16.16," ",A)') CRC64 (YD%NRPROMA), CDPATH//'%NRPROMA'
(  860) # 861 "./util_terad_mod.F90"
(  861) WRITE (KLUN, '(Z16.16," ",A)') CRC64 (YD%NLW), CDPATH//'%NLW'
(  862) # 863 "./util_terad_mod.F90"
(  863) WRITE (KLUN, '(Z16.16," ",A)') CRC64 (YD%NSWNL), CDPATH//'%NSWNL'
(  864) # 865 "./util_terad_mod.F90"
(  865) WRITE (KLUN, '(Z16.16," ",A)') CRC64 (YD%NSWTL), CDPATH//'%NSWTL'
(  866) # 867 "./util_terad_mod.F90"
(  867) WRITE (KLUN, '(Z16.16," ",A)') CRC64 (YD%NTLW), CDPATH//'%NTLW'
(  868) # 869 "./util_terad_mod.F90"






NVFORTRAN (Version     24.5)          03/19/2025  06:54:40      page 50

(  869) WRITE (KLUN, '(Z16.16," ",A)') CRC64 (YD%NTSW), CDPATH//'%NTSW'
(  870) # 871 "./util_terad_mod.F90"
(  871) WRITE (KLUN, '(Z16.16," ",A)') CRC64 (YD%NUV), CDPATH//'%NUV'
(  872) # 873 "./util_terad_mod.F90"
(  873) WRITE (KLUN, '(Z16.16," ",A)') CRC64 (YD%NCSRADF), CDPATH//'%NCSRADF'
(  874) # 875 "./util_terad_mod.F90"
(  875) WRITE (KLUN, '(Z16.16," ",A)') CRC64 (YD%NINHOM), CDPATH//'%NINHOM'
(  876) # 877 "./util_terad_mod.F90"
(  877) WRITE (KLUN, '(Z16.16," ",A)') CRC64 (YD%NLAYINH), CDPATH//'%NLAYINH'
(  878) # 879 "./util_terad_mod.F90"
(  879) WRITE (KLUN, '(Z16.16," ",A)') CRC64 (YD%NLNGR1H), CDPATH//'%NLNGR1H'
(  880) # 881 "./util_terad_mod.F90"
(  881) WRITE (KLUN, '(Z16.16," ",A)') CRC64 (YD%NPERTAER), CDPATH//'%NPERTAER'
(  882) # 883 "./util_terad_mod.F90"
(  883) WRITE (KLUN, '(Z16.16," ",A)') CRC64 (YD%NPERTOZ), CDPATH//'%NPERTOZ'
(  884) # 885 "./util_terad_mod.F90"
(  885) WRITE (KLUN, '(Z16.16," ",A)') CRC64 (YD%NSCEN), CDPATH//'%NSCEN'
(  886) # 887 "./util_terad_mod.F90"
(  887) WRITE (KLUN, '(Z16.16," ",A)') CRC64 (YD%NHINCSOL), CDPATH//'%NHINCSOL'
(  888) # 889 "./util_terad_mod.F90"
(  889) WRITE (KLUN, '(Z16.16," ",A)') CRC64 (YD%NMCICA), CDPATH//'%NMCICA'
(  890) # 891 "./util_terad_mod.F90"
(  891) WRITE (KLUN, '(Z16.16," ",A)') CRC64 (YD%NGHGRAD), CDPATH//'%NGHGRAD'
(  892) # 893 "./util_terad_mod.F90"
(  893) WRITE (KLUN, '(Z16.16," ",A)') CRC64 (YD%NVOLCVERT), CDPATH//'%NVOLCVERT'
(  894) # 895 "./util_terad_mod.F90"
(  895) WRITE (KLUN, '(Z16.16," ",A)') CRC64 (YD%NREDGLW), CDPATH//'%NREDGLW'
(  896) # 897 "./util_terad_mod.F90"
(  897) WRITE (KLUN, '(Z16.16," ",A)') CRC64 (YD%NREDGSW), CDPATH//'%NREDGSW'
(  898) # 899 "./util_terad_mod.F90"
(  899) WRITE (KLUN, '(Z16.16," ",A)') CRC64 (YD%NSPMAPL), CDPATH//'%NSPMAPL'
(  900) # 901 "./util_terad_mod.F90"
(  901) WRITE (KLUN, '(Z16.16," ",A)') CRC64 (YD%NSPMAPS), CDPATH//'%NSPMAPS'
(  902) # 903 "./util_terad_mod.F90"
(  903) WRITE (KLUN, '(Z16.16," ",A)') CRC64 (YD%NSW), CDPATH//'%NSW'
(  904) # 905 "./util_terad_mod.F90"
(  905) WRITE (KLUN, '(Z16.16," ",A)') CRC64 (YD%NLWEMISS), CDPATH//'%NLWEMISS'
(  906) # 907 "./util_terad_mod.F90"
(  907) WRITE (KLUN, '(Z16.16," ",A)') CRC64 (YD%NICEOPT), CDPATH//'%NICEOPT'
(  908) # 909 "./util_terad_mod.F90"
(  909) WRITE (KLUN, '(Z16.16," ",A)') CRC64 (YD%NLIQOPT), CDPATH//'%NLIQOPT'
(  910) # 911 "./util_terad_mod.F90"
(  911) WRITE (KLUN, '(Z16.16," ",A)') CRC64 (YD%NRADIP), CDPATH//'%NRADIP'
(  912) # 913 "./util_terad_mod.F90"
(  913) WRITE (KLUN, '(Z16.16," ",A)') CRC64 (YD%NRADLP), CDPATH//'%NRADLP'
(  914) # 915 "./util_terad_mod.F90"
(  915) WRITE (KLUN, '(Z16.16," ",A)') CRC64 (YD%NLWOUT), CDPATH//'%NLWOUT'
(  916) # 917 "./util_terad_mod.F90"
(  917) WRITE (KLUN, '(Z16.16," ",A)') CRC64 (YD%NDECOLAT), CDPATH//'%NDECOLAT'
(  918) # 919 "./util_terad_mod.F90"
(  919) WRITE (KLUN, '(Z16.16," ",A)') CRC64 (YD%NMINICE), CDPATH//'%NMINICE'
(  920) # 921 "./util_terad_mod.F90"
(  921) WRITE (KLUN, '(Z16.16," ",A)') CRC64 (YD%NAERMACC), CDPATH//'%NAERMACC'
(  922) # 923 "./util_terad_mod.F90"
(  923) WRITE (KLUN, '(Z16.16," ",A)') CRC64 (YD%NMCVAR), CDPATH//'%NMCVAR'
(  924) # 925 "./util_terad_mod.F90"
(  925) WRITE (KLUN, '(Z16.16," ",A)') CRC64 (YD%NLWSCATTERING), CDPATH//'%NLWSCATTERING'
(  926) # 927 "./util_terad_mod.F90"






NVFORTRAN (Version     24.5)          03/19/2025  06:54:40      page 51

(  927) WRITE (KLUN, '(Z16.16," ",A)') CRC64 (YD%NSWSOLVER), CDPATH//'%NSWSOLVER'
(  928) # 929 "./util_terad_mod.F90"
(  929) WRITE (KLUN, '(Z16.16," ",A)') CRC64 (YD%NLWSOLVER), CDPATH//'%NLWSOLVER'
(  930) # 931 "./util_terad_mod.F90"
(  931) WRITE (KLUN, '(Z16.16," ",A)') CRC64 (YD%NSOLARSPECTRUM), CDPATH//'%NSOLARSPECTRUM'
(  932) # 933 "./util_terad_mod.F90"
(  933) WRITE (KLUN, '(Z16.16," ",A)') CRC64 (YD%NDUMPBADINPUTS), CDPATH//'%NDUMPBADINPUTS'
(  934) # 935 "./util_terad_mod.F90"
(  935) WRITE (KLUN, '(Z16.16," ",A)') CRC64 (YD%NDUMPINPUTS), CDPATH//'%NDUMPINPUTS'
(  936) # 937 "./util_terad_mod.F90"
(  937) WRITE (KLUN, '(Z16.16," ",A)') CRC64 (YD%NCLOUDOVERLAP), CDPATH//'%NCLOUDOVERLAP'
(  938) # 939 "./util_terad_mod.F90"
(  939) WRITE (KLUN, '(Z16.16," ",A)') CRC64 (YD%RCLOUD_FRAC_STD), CDPATH//'%RCLOUD_FRAC_STD'
(  940) # 941 "./util_terad_mod.F90"
(  941) WRITE (KLUN, '(Z16.16," ",A)') CRC64 (YD%RCLOUD_SEPARATION_SCALE_TOA), CDPATH//'%RCLOUD_SEPARATION_SCALE_TOA'
(  942) # 943 "./util_terad_mod.F90"
(  943) WRITE (KLUN, '(Z16.16," ",A)') CRC64 (YD%RCLOUD_SEPARATION_SCALE_SURF), CDPATH//'%RCLOUD_SEPARATION_SCALE_SURF'
(  944) # 945 "./util_terad_mod.F90"
(  945) WRITE (KLUN, '(Z16.16," ",A)') CRC64 (YD%LFU_LW_ICE_OPTICS_BUG), CDPATH//'%LFU_LW_ICE_OPTICS_BUG'
(  946) # 947 "./util_terad_mod.F90"
(  947) WRITE (KLUN, '(Z16.16," ",A)') CRC64 (YD%LDIAGFORCING), CDPATH//'%LDIAGFORCING'
(  948) # 949 "./util_terad_mod.F90"
(  949) WRITE (KLUN, '(Z16.16," ",A)') CRC64 (YD%LAPPROXLWUPDATE), CDPATH//'%LAPPROXLWUPDATE'
(  950) # 951 "./util_terad_mod.F90"
(  951) WRITE (KLUN, '(Z16.16," ",A)') CRC64 (YD%LAPPROXSWUPDATE), CDPATH//'%LAPPROXSWUPDATE'
(  952) # 953 "./util_terad_mod.F90"
(  953) WRITE (KLUN, '(Z16.16," ",A)') CRC64 (YD%NSWICEOPT), CDPATH//'%NSWICEOPT'
(  954) # 955 "./util_terad_mod.F90"
(  955) WRITE (KLUN, '(Z16.16," ",A)') CRC64 (YD%NSWLIQOPT), CDPATH//'%NSWLIQOPT'
(  956) # 957 "./util_terad_mod.F90"
(  957) WRITE (KLUN, '(Z16.16," ",A)') CRC64 (YD%NLWICEOPT), CDPATH//'%NLWICEOPT'
(  958) # 959 "./util_terad_mod.F90"
(  959) WRITE (KLUN, '(Z16.16," ",A)') CRC64 (YD%NLWLIQOPT), CDPATH//'%NLWLIQOPT'
(  960) # 961 "./util_terad_mod.F90"
(  961) WRITE (KLUN, '(Z16.16," ",A)') CRC64 (YD%LCCNL), CDPATH//'%LCCNL'
(  962) # 963 "./util_terad_mod.F90"
(  963) WRITE (KLUN, '(Z16.16," ",A)') CRC64 (YD%LCCNO), CDPATH//'%LCCNO'
(  964) # 965 "./util_terad_mod.F90"
(  965) WRITE (KLUN, '(Z16.16," ",A)') CRC64 (YD%RCCNLND), CDPATH//'%RCCNLND'
(  966) # 967 "./util_terad_mod.F90"
(  967) WRITE (KLUN, '(Z16.16," ",A)') CRC64 (YD%RCCNSEA), CDPATH//'%RCCNSEA'
(  968) # 969 "./util_terad_mod.F90"
(  969) WRITE (KLUN, '(Z16.16," ",A)') CRC64 (YD%RRE2DE), CDPATH//'%RRE2DE'
(  970) # 971 "./util_terad_mod.F90"
(  971) WRITE (KLUN, '(Z16.16," ",A)') CRC64 (YD%RMINICE), CDPATH//'%RMINICE'
(  972) # 973 "./util_terad_mod.F90"
(  973) WRITE (KLUN, '(Z16.16," ",A)') CRC64 (YD%NMCLAT), CDPATH//'%NMCLAT'
(  974) # 975 "./util_terad_mod.F90"
(  975) WRITE (KLUN, '(Z16.16," ",A)') CRC64 (YD%NMCLON), CDPATH//'%NMCLON'
(  976) # 977 "./util_terad_mod.F90"
(  977) WRITE (KLUN, '(Z16.16," ",A)') CRC64 (YD%NMCLEV), CDPATH//'%NMCLEV'
(  978) # 979 "./util_terad_mod.F90"
(  979) WRITE (KLUN, '(Z16.16," ",A)') CRC64 (YD%NSWGASOPTICS), CDPATH//'%NSWGASOPTICS'
(  980) # 981 "./util_terad_mod.F90"
(  981) WRITE (KLUN, '(Z16.16," ",A)') CRC64 (YD%NLWGASOPTICS), CDPATH//'%NLWGASOPTICS'
(  982) # 983 "./util_terad_mod.F90"
(  983) WRITE (KLUN, '(Z16.16," ",A)') CRC64 (YD%NGASOPTICSSCHEME), CDPATH//'%NGASOPTICSSCHEME'
(  984) # 985 "./util_terad_mod.F90"






NVFORTRAN (Version     24.5)          03/19/2025  06:54:40      page 52

(  985) WRITE (KLUN, '(Z16.16," ",A)') CRC64 (YD%KMODTS), CDPATH//'%KMODTS'
(  986) # 987 "./util_terad_mod.F90"
(  987) WRITE (KLUN, '(Z16.16," ",A)') CRC64 (YD%NSWWVCONTINUUM), CDPATH//'%NSWWVCONTINUUM'
(  988) # 989 "./util_terad_mod.F90"
(  989) WRITE (KLUN, '(Z16.16," ",A)') CRC64 (YD%NRTCALL), CDPATH//'%NRTCALL'
(  990) # 991 "./util_terad_mod.F90"
(  991) WRITE (KLUN, '(Z16.16," ",A)') CRC64 (YD%IRTCALLREF), CDPATH//'%IRTCALLREF'
(  992) # 993 "./util_terad_mod.F90"
(  993) WRITE (KLUN, '(Z16.16," ",A)') CRC64 (YD%IRTCALLCLN), CDPATH//'%IRTCALLCLN'
(  994) # 995 "./util_terad_mod.F90"
(  995) WRITE (KLUN, '(Z16.16," ",A)') CRC64 (YD%LINTERPINCLOUDMEAN), CDPATH//'%LINTERPINCLOUDMEAN'
(  996) # 997 "./util_terad_mod.F90"
(  997) WRITE (KLUN, '(Z16.16," ",A)') CRC64 (YD%LERAD1H), CDPATH//'%LERAD1H'
(  998) # 999 "./util_terad_mod.F90"
(  999) WRITE (KLUN, '(Z16.16," ",A)') CRC64 (YD%LEPO3RA), CDPATH//'%LEPO3RA'
( 1000) # 1001 "./util_terad_mod.F90"
( 1001) WRITE (KLUN, '(Z16.16," ",A)') CRC64 (YD%LONEWSW), CDPATH//'%LONEWSW'
( 1002) # 1003 "./util_terad_mod.F90"
( 1003) WRITE (KLUN, '(Z16.16," ",A)') CRC64 (YD%LECSRAD), CDPATH//'%LECSRAD'
( 1004) # 1005 "./util_terad_mod.F90"
( 1005) WRITE (KLUN, '(Z16.16," ",A)') CRC64 (YD%LRRTM), CDPATH//'%LRRTM'
( 1006) # 1007 "./util_terad_mod.F90"
( 1007) WRITE (KLUN, '(Z16.16," ",A)') CRC64 (YD%LSRTM), CDPATH//'%LSRTM'
( 1008) # 1009 "./util_terad_mod.F90"
( 1009) WRITE (KLUN, '(Z16.16," ",A)') CRC64 (YD%LDIFFC), CDPATH//'%LDIFFC'
( 1010) # 1011 "./util_terad_mod.F90"
( 1011) WRITE (KLUN, '(Z16.16," ",A)') CRC64 (YD%LHVOLCA), CDPATH//'%LHVOLCA'
( 1012) # 1013 "./util_terad_mod.F90"
( 1013) WRITE (KLUN, '(Z16.16," ",A)') CRC64 (YD%LNEWAER), CDPATH//'%LNEWAER'
( 1014) # 1015 "./util_terad_mod.F90"
( 1015) WRITE (KLUN, '(Z16.16," ",A)') CRC64 (YD%LNOTROAER), CDPATH//'%LNOTROAER'
( 1016) # 1017 "./util_terad_mod.F90"
( 1017) WRITE (KLUN, '(Z16.16," ",A)') CRC64 (YD%LRAYL), CDPATH//'%LRAYL'
( 1018) # 1019 "./util_terad_mod.F90"
( 1019) WRITE (KLUN, '(Z16.16," ",A)') CRC64 (YD%LOPTRPROMA), CDPATH//'%LOPTRPROMA'
( 1020) # 1021 "./util_terad_mod.F90"
( 1021) WRITE (KLUN, '(Z16.16," ",A)') CRC64 (YD%LECO2VAR), CDPATH//'%LECO2VAR'
( 1022) # 1023 "./util_terad_mod.F90"
( 1023) WRITE (KLUN, '(Z16.16," ",A)') CRC64 (YD%LHGHG), CDPATH//'%LHGHG'
( 1024) # 1025 "./util_terad_mod.F90"
( 1025) WRITE (KLUN, '(Z16.16," ",A)') CRC64 (YD%LESO4HIS), CDPATH//'%LESO4HIS'
( 1026) # 1027 "./util_terad_mod.F90"
( 1027) WRITE (KLUN, '(Z16.16," ",A)') CRC64 (YD%LETRACGMS), CDPATH//'%LETRACGMS'
( 1028) # 1029 "./util_terad_mod.F90"
( 1029) WRITE (KLUN, '(Z16.16," ",A)') CRC64 (YD%LAERCLIM), CDPATH//'%LAERCLIM'
( 1030) # 1031 "./util_terad_mod.F90"
( 1031) WRITE (KLUN, '(Z16.16," ",A)') CRC64 (YD%LAERVISI), CDPATH//'%LAERVISI'
( 1032) # 1033 "./util_terad_mod.F90"
( 1033) WRITE (KLUN, '(Z16.16," ",A)') CRC64 (YD%LAER3D), CDPATH//'%LAER3D'
( 1034) # 1035 "./util_terad_mod.F90"
( 1035) WRITE (KLUN, '(Z16.16," ",A)') CRC64 (YD%LVOLCSPEC), CDPATH//'%LVOLCSPEC'
( 1036) # 1037 "./util_terad_mod.F90"
( 1037) WRITE (KLUN, '(Z16.16," ",A)') CRC64 (YD%LVOLCDAMP), CDPATH//'%LVOLCDAMP'
( 1038) # 1039 "./util_terad_mod.F90"
( 1039) WRITE (KLUN, '(Z16.16," ",A)') CRC64 (YD%LAERADCLI), CDPATH//'%LAERADCLI'
( 1040) # 1041 "./util_terad_mod.F90"
( 1041) WRITE (KLUN, '(Z16.16," ",A)') CRC64 (YD%LAERADJDU), CDPATH//'%LAERADJDU'
( 1042) # 1043 "./util_terad_mod.F90"






NVFORTRAN (Version     24.5)          03/19/2025  06:54:40      page 53

( 1043) WRITE (KLUN, '(Z16.16," ",A)') CRC64 (YD%LMANNERSSWUPDATE), CDPATH//'%LMANNERSSWUPDATE'
( 1044) # 1045 "./util_terad_mod.F90"
( 1045) WRITE (KLUN, '(Z16.16," ",A)') CRC64 (YD%LCENTREDTIMESZA), CDPATH//'%LCENTREDTIMESZA'
( 1046) # 1047 "./util_terad_mod.F90"
( 1047) WRITE (KLUN, '(Z16.16," ",A)') CRC64 (YD%LAVERAGESZA), CDPATH//'%LAVERAGESZA'
( 1048) # 1049 "./util_terad_mod.F90"
( 1049) WRITE (KLUN, '(Z16.16," ",A)') CRC64 (YD%LECOMPGRID), CDPATH//'%LECOMPGRID'
( 1050) # 1051 "./util_terad_mod.F90"
( 1051) WRITE (KLUN, '(Z16.16," ",A)') CRC64 (YD%LUSEPRE2017RAD), CDPATH//'%LUSEPRE2017RAD'
( 1052) # 1053 "./util_terad_mod.F90"
( 1053) WRITE (KLUN, '(Z16.16," ",A)') CRC64 (YD%LDUSEASON), CDPATH//'%LDUSEASON'
( 1054) # 1055 "./util_terad_mod.F90"
( 1055) WRITE (KLUN, '(Z16.16," ",A)') CRC64 (YD%LPERPET), CDPATH//'%LPERPET'
( 1056) # 1057 "./util_terad_mod.F90"
( 1057) WRITE (KLUN, '(Z16.16," ",A)') CRC64 (YD%LCLEAN), CDPATH//'%LCLEAN'
( 1058) # 1059 "./util_terad_mod.F90"
( 1059) WRITE (KLUN, '(Z16.16," ",A)') CRC64 (YD%RAOVLP), CDPATH//'%RAOVLP'
( 1060) # 1061 "./util_terad_mod.F90"
( 1061) WRITE (KLUN, '(Z16.16," ",A)') CRC64 (YD%RBOVLP), CDPATH//'%RBOVLP'
( 1062) # 1063 "./util_terad_mod.F90"
( 1063) WRITE (KLUN, '(Z16.16," ",A)') CRC64 (YD%LEDBUG), CDPATH//'%LEDBUG'
( 1064) # 1065 "./util_terad_mod.F90"
( 1065) WRITE (KLUN, '(Z16.16," ",A)') CRC64 (YD%RPERTOZ), CDPATH//'%RPERTOZ'
( 1066) # 1067 "./util_terad_mod.F90"
( 1067) WRITE (KLUN, '(Z16.16," ",A)') CRC64 (YD%RLWINHF), CDPATH//'%RLWINHF'
( 1068) # 1069 "./util_terad_mod.F90"
( 1069) WRITE (KLUN, '(Z16.16," ",A)') CRC64 (YD%RSWINHF), CDPATH//'%RSWINHF'
( 1070) # 1071 "./util_terad_mod.F90"
( 1071) WRITE (KLUN, '(Z16.16," ",A)') CRC64 (YD%RVOLCSPEC), CDPATH//'%RVOLCSPEC'
( 1072) # 1073 "./util_terad_mod.F90"
( 1073) WRITE (KLUN, '(Z16.16," ",A)') CRC64 (YD%RNS), CDPATH//'%RNS'
( 1074) # 1075 "./util_terad_mod.F90"
( 1075) WRITE (KLUN, '(Z16.16," ",A)') CRC64 (YD%RSIGAIR), CDPATH//'%RSIGAIR'
( 1076) # 1077 "./util_terad_mod.F90"
( 1077) WRITE (KLUN, '(Z16.16," ",A)') CRC64 (YD%RAESHSS), CDPATH//'%RAESHSS'
( 1078) # 1079 "./util_terad_mod.F90"
( 1079) WRITE (KLUN, '(Z16.16," ",A)') CRC64 (YD%RAESHDU), CDPATH//'%RAESHDU'
( 1080) # 1081 "./util_terad_mod.F90"
( 1081) WRITE (KLUN, '(Z16.16," ",A)') CRC64 (YD%RAESHOM), CDPATH//'%RAESHOM'
( 1082) # 1083 "./util_terad_mod.F90"
( 1083) WRITE (KLUN, '(Z16.16," ",A)') CRC64 (YD%RAESHBC), CDPATH//'%RAESHBC'
( 1084) # 1085 "./util_terad_mod.F90"
( 1085) WRITE (KLUN, '(Z16.16," ",A)') CRC64 (YD%RAESHSU), CDPATH//'%RAESHSU'
( 1086) # 1087 "./util_terad_mod.F90"
( 1087) WRITE (KLUN, '(Z16.16," ",A)') CRC64 (YD%TRBKG), CDPATH//'%TRBKG'
( 1088) # 1089 "./util_terad_mod.F90"
( 1089) WRITE (KLUN, '(Z16.16," ",A)') CRC64 (YD%STBKG), CDPATH//'%STBKG'
( 1090) # 1091 "./util_terad_mod.F90"
( 1091) WRITE (KLUN, '(Z16.16," ",A)') CRC64 (YD%CGHGCLIMFILE), CDPATH//'%CGHGCLIMFILE'
( 1092) # 1093 "./util_terad_mod.F90"
( 1093) WRITE (KLUN, '(Z16.16," ",A)') CRC64 (YD%CGHGTIMESERIESFILE), CDPATH//'%CGHGTIMESERIESFILE'
( 1094) # 1095 "./util_terad_mod.F90"
( 1095) WRITE (KLUN, '(Z16.16," ",A)') CRC64 (YD%CSOLARIRRADIANCEFILE), CDPATH//'%CSOLARIRRADIANCEFILE'
( 1096) # 1097 "./util_terad_mod.F90"
( 1097) WRITE (KLUN, '(Z16.16," ",A)') CRC64 (YD%RRATSEA), CDPATH//'%RRATSEA'
( 1098) # 1099 "./util_terad_mod.F90"
( 1099) WRITE (KLUN, '(Z16.16," ",A)') CRC64 (YD%RRATLAND), CDPATH//'%RRATLAND'
( 1100) # 1101 "./util_terad_mod.F90"






NVFORTRAN (Version     24.5)          03/19/2025  06:54:40      page 54

( 1101) WRITE (KLUN, '(Z16.16," ",A)') CRC64 (YD%RRATDRI), CDPATH//'%RRATDRI'
( 1102) # 1103 "./util_terad_mod.F90"
( 1103) WRITE (KLUN, '(Z16.16," ",A)') CRC64 (YD%RCADECOR), CDPATH//'%RCADECOR'
( 1104) # 1105 "./util_terad_mod.F90"
( 1105) WRITE (KLUN, '(Z16.16," ",A)') CRC64 (YD%RCBDECOR), CDPATH//'%RCBDECOR'
( 1106) # 1107 "./util_terad_mod.F90"
( 1107) WRITE (KLUN, '(Z16.16," ",A)') CRC64 (YD%RFACDICE), CDPATH//'%RFACDICE'
( 1108) # 1109 "./util_terad_mod.F90"
( 1109) WRITE (KLUN, '(Z16.16," ",A)') CRC64 (YD%CVDAESS), CDPATH//'%CVDAESS'
( 1110) # 1111 "./util_terad_mod.F90"
( 1111) WRITE (KLUN, '(Z16.16," ",A)') CRC64 (YD%CVDAEDU), CDPATH//'%CVDAEDU'
( 1112) # 1113 "./util_terad_mod.F90"
( 1113) WRITE (KLUN, '(Z16.16," ",A)') CRC64 (YD%CVDAEOM), CDPATH//'%CVDAEOM'
( 1114) # 1115 "./util_terad_mod.F90"
( 1115) WRITE (KLUN, '(Z16.16," ",A)') CRC64 (YD%CVDAEBC), CDPATH//'%CVDAEBC'
( 1116) # 1117 "./util_terad_mod.F90"
( 1117) WRITE (KLUN, '(Z16.16," ",A)') CRC64 (YD%CVDAESU), CDPATH//'%CVDAESU'
( 1118) # 1119 "./util_terad_mod.F90"
( 1119) WRITE (KLUN, '(Z16.16," ",A)') CRC64 (YD%CECRADARCH), CDPATH//'%CECRADARCH'
( 1120) # 1121 "./util_terad_mod.F90"
( 1121) WRITE (KLUN, '(Z16.16," ",A)') CRC64 (YD%LECRADACC), CDPATH//'%LECRADACC'
( 1122) # 1123 "./util_terad_mod.F90"
( 1123) WRITE (KLUN, '(Z16.16," ",A)') CRC64 (YD%NECRADLEN), CDPATH//'%NECRADLEN'
( 1124) # 1125 "./util_terad_mod.F90"
( 1125) CLIND = ''
( 1126) CALL CRC64_TSPECTRALPLANCK (YD%YSPECTPLANCK, KLUN, CDPATH//'%YSPECTPLANCK'//TRIM(CLIND))
( 1127) # 1128 "./util_terad_mod.F90"
( 1128) END SUBROUTINE
( 1129) # 1130 "./util_terad_mod.F90"
( 1130) SUBROUTINE WIPE_TERAD (YD, LDDELETED, LDFIELDAPI)
( 1131) USE UTIL_TSPECTRALPLANCK_MOD
( 1132) IMPLICIT NONE
( 1133) TYPE (TERAD), INTENT (IN), TARGET :: YD
( 1134) LOGICAL, OPTIONAL, INTENT (IN) :: LDDELETED, LDFIELDAPI
( 1135) LOGICAL :: LLDELETED
( 1136) LOGICAL :: LLFIELDAPI
( 1137) LOGICAL :: LCVDAEBC, LCVDAEDU, LCVDAEOM, LCVDAESS, LCVDAESU
( 1138) # 1139 "./util_terad_mod.F90"
( 1139) LLFIELDAPI = .FALSE.
( 1140) IF (PRESENT (LDFIELDAPI)) THEN
( 1141)   LLFIELDAPI = LDFIELDAPI
( 1142) ENDIF
( 1143) # 1282 "./util_terad_mod.F90"
( 1282) LCVDAESS = ALLOCATED (YD%CVDAESS)
( 1283) IF (LCVDAESS) THEN
( 1284)   !$acc exit data detach (YD%CVDAESS)
( 1285)   !$acc exit data delete (YD%CVDAESS)
( 1286) ENDIF
( 1287) # 1288 "./util_terad_mod.F90"
( 1288) LCVDAEDU = ALLOCATED (YD%CVDAEDU)
( 1289) IF (LCVDAEDU) THEN
( 1290)   !$acc exit data detach (YD%CVDAEDU)
( 1291)   !$acc exit data delete (YD%CVDAEDU)
( 1292) ENDIF
( 1293) # 1294 "./util_terad_mod.F90"
( 1294) LCVDAEOM = ALLOCATED (YD%CVDAEOM)
( 1295) IF (LCVDAEOM) THEN
( 1296)   !$acc exit data detach (YD%CVDAEOM)






NVFORTRAN (Version     24.5)          03/19/2025  06:54:40      page 55

( 1297)   !$acc exit data delete (YD%CVDAEOM)
( 1298) ENDIF
( 1299) # 1300 "./util_terad_mod.F90"
( 1300) LCVDAEBC = ALLOCATED (YD%CVDAEBC)
( 1301) IF (LCVDAEBC) THEN
( 1302)   !$acc exit data detach (YD%CVDAEBC)
( 1303)   !$acc exit data delete (YD%CVDAEBC)
( 1304) ENDIF
( 1305) # 1306 "./util_terad_mod.F90"
( 1306) LCVDAESU = ALLOCATED (YD%CVDAESU)
( 1307) IF (LCVDAESU) THEN
( 1308)   !$acc exit data detach (YD%CVDAESU)
( 1309)   !$acc exit data delete (YD%CVDAESU)
( 1310) ENDIF
( 1311) # 1315 "./util_terad_mod.F90"
( 1315) CALL WIPE_TSPECTRALPLANCK (YD%YSPECTPLANCK, LDDELETED=.TRUE., LDFIELDAPI=LDFIELDAPI)
( 1316) # 1317 "./util_terad_mod.F90"
( 1317) LLDELETED = .FALSE.
( 1318) IF (PRESENT (LDDELETED)) THEN
( 1319)   LLDELETED = LDDELETED
( 1320) ENDIF
( 1321) IF (.NOT. LLDELETED) THEN
( 1322)   !$acc exit data delete (YD)
( 1323) ENDIF
( 1324) END SUBROUTINE
( 1325) # 1326 "./util_terad_mod.F90"
( 1326) INTEGER*8 FUNCTION SIZE_TERAD (YD, CDPATH, LDPRINT) RESULT (KSIZE)
( 1327) USE UTIL_TSPECTRALPLANCK_MOD
( 1328) IMPLICIT NONE
( 1329) TYPE (TERAD),     INTENT (IN), TARGET :: YD
( 1330) CHARACTER(LEN=*), INTENT (IN), OPTIONAL :: CDPATH
( 1331) LOGICAL,          INTENT (IN), OPTIONAL :: LDPRINT
( 1332) INTEGER*8 :: ISIZE, JSIZE
( 1333) LOGICAL :: LLPRINT
( 1334) CHARACTER(LEN=128) :: CLPATH
( 1335) LOGICAL :: LCVDAEBC, LCVDAEDU, LCVDAEOM, LCVDAESS, LCVDAESU
( 1336) # 1337 "./util_terad_mod.F90"
( 1337) LLPRINT = .FALSE.
( 1338) IF (PRESENT (LDPRINT)) THEN
( 1339)   LLPRINT = LDPRINT
( 1340) ENDIF
( 1341) CLPATH=''
( 1342) IF (PRESENT (CDPATH)) THEN
( 1343)   CLPATH = CDPATH
( 1344) ENDIF
( 1345) KSIZE = 0
( 1346) ISIZE = KIND (YD%NAER)
( 1347) IF (LLPRINT) THEN
( 1348)   WRITE (*, '(I10," ")', ADVANCE='NO') ISIZE
( 1349)   WRITE (*, *) TRIM (CLPATH)//'%NAER'
( 1350) ENDIF
( 1351) KSIZE = KSIZE + ISIZE
( 1352) ISIZE = KIND (YD%NMODE)
( 1353) IF (LLPRINT) THEN
( 1354)   WRITE (*, '(I10," ")', ADVANCE='NO') ISIZE
( 1355)   WRITE (*, *) TRIM (CLPATH)//'%NMODE'
( 1356) ENDIF
( 1357) KSIZE = KSIZE + ISIZE






NVFORTRAN (Version     24.5)          03/19/2025  06:54:40      page 56

( 1358) ISIZE = KIND (YD%NOZOCL)
( 1359) IF (LLPRINT) THEN
( 1360)   WRITE (*, '(I10," ")', ADVANCE='NO') ISIZE
( 1361)   WRITE (*, *) TRIM (CLPATH)//'%NOZOCL'
( 1362) ENDIF
( 1363) KSIZE = KSIZE + ISIZE
( 1364) ISIZE = KIND (YD%NRADFR)
( 1365) IF (LLPRINT) THEN
( 1366)   WRITE (*, '(I10," ")', ADVANCE='NO') ISIZE
( 1367)   WRITE (*, *) TRIM (CLPATH)//'%NRADFR'
( 1368) ENDIF
( 1369) KSIZE = KSIZE + ISIZE
( 1370) ISIZE = KIND (YD%NRADPFR)
( 1371) IF (LLPRINT) THEN
( 1372)   WRITE (*, '(I10," ")', ADVANCE='NO') ISIZE
( 1373)   WRITE (*, *) TRIM (CLPATH)//'%NRADPFR'
( 1374) ENDIF
( 1375) KSIZE = KSIZE + ISIZE
( 1376) ISIZE = KIND (YD%NRADPLA)
( 1377) IF (LLPRINT) THEN
( 1378)   WRITE (*, '(I10," ")', ADVANCE='NO') ISIZE
( 1379)   WRITE (*, *) TRIM (CLPATH)//'%NRADPLA'
( 1380) ENDIF
( 1381) KSIZE = KSIZE + ISIZE
( 1382) ISIZE = KIND (YD%NRADINT)
( 1383) IF (LLPRINT) THEN
( 1384)   WRITE (*, '(I10," ")', ADVANCE='NO') ISIZE
( 1385)   WRITE (*, *) TRIM (CLPATH)//'%NRADINT'
( 1386) ENDIF
( 1387) KSIZE = KSIZE + ISIZE
( 1388) ISIZE = KIND (YD%NRADRES)
( 1389) IF (LLPRINT) THEN
( 1390)   WRITE (*, '(I10," ")', ADVANCE='NO') ISIZE
( 1391)   WRITE (*, *) TRIM (CLPATH)//'%NRADRES'
( 1392) ENDIF
( 1393) KSIZE = KSIZE + ISIZE
( 1394) ISIZE = KIND (YD%NRADNFR)
( 1395) IF (LLPRINT) THEN
( 1396)   WRITE (*, '(I10," ")', ADVANCE='NO') ISIZE
( 1397)   WRITE (*, *) TRIM (CLPATH)//'%NRADNFR'
( 1398) ENDIF
( 1399) KSIZE = KSIZE + ISIZE
( 1400) ISIZE = KIND (YD%NRADSFR)
( 1401) IF (LLPRINT) THEN
( 1402)   WRITE (*, '(I10," ")', ADVANCE='NO') ISIZE
( 1403)   WRITE (*, *) TRIM (CLPATH)//'%NRADSFR'
( 1404) ENDIF
( 1405) KSIZE = KSIZE + ISIZE
( 1406) ISIZE = KIND (YD%NRADE1H)
( 1407) IF (LLPRINT) THEN
( 1408)   WRITE (*, '(I10," ")', ADVANCE='NO') ISIZE
( 1409)   WRITE (*, *) TRIM (CLPATH)//'%NRADE1H'
( 1410) ENDIF
( 1411) KSIZE = KSIZE + ISIZE
( 1412) ISIZE = KIND (YD%NRADE3H)
( 1413) IF (LLPRINT) THEN
( 1414)   WRITE (*, '(I10," ")', ADVANCE='NO') ISIZE
( 1415)   WRITE (*, *) TRIM (CLPATH)//'%NRADE3H'






NVFORTRAN (Version     24.5)          03/19/2025  06:54:40      page 57

( 1416) ENDIF
( 1417) KSIZE = KSIZE + ISIZE
( 1418) ISIZE = KIND (YD%NRADELG)
( 1419) IF (LLPRINT) THEN
( 1420)   WRITE (*, '(I10," ")', ADVANCE='NO') ISIZE
( 1421)   WRITE (*, *) TRIM (CLPATH)//'%NRADELG'
( 1422) ENDIF
( 1423) KSIZE = KSIZE + ISIZE
( 1424) ISIZE = KIND (YD%NOVLP)
( 1425) IF (LLPRINT) THEN
( 1426)   WRITE (*, '(I10," ")', ADVANCE='NO') ISIZE
( 1427)   WRITE (*, *) TRIM (CLPATH)//'%NOVLP'
( 1428) ENDIF
( 1429) KSIZE = KSIZE + ISIZE
( 1430) ISIZE = KIND (YD%NRPROMA)
( 1431) IF (LLPRINT) THEN
( 1432)   WRITE (*, '(I10," ")', ADVANCE='NO') ISIZE
( 1433)   WRITE (*, *) TRIM (CLPATH)//'%NRPROMA'
( 1434) ENDIF
( 1435) KSIZE = KSIZE + ISIZE
( 1436) ISIZE = KIND (YD%NLW)
( 1437) IF (LLPRINT) THEN
( 1438)   WRITE (*, '(I10," ")', ADVANCE='NO') ISIZE
( 1439)   WRITE (*, *) TRIM (CLPATH)//'%NLW'
( 1440) ENDIF
( 1441) KSIZE = KSIZE + ISIZE
( 1442) ISIZE = KIND (YD%NSWNL)
( 1443) IF (LLPRINT) THEN
( 1444)   WRITE (*, '(I10," ")', ADVANCE='NO') ISIZE
( 1445)   WRITE (*, *) TRIM (CLPATH)//'%NSWNL'
( 1446) ENDIF
( 1447) KSIZE = KSIZE + ISIZE
( 1448) ISIZE = KIND (YD%NSWTL)
( 1449) IF (LLPRINT) THEN
( 1450)   WRITE (*, '(I10," ")', ADVANCE='NO') ISIZE
( 1451)   WRITE (*, *) TRIM (CLPATH)//'%NSWTL'
( 1452) ENDIF
( 1453) KSIZE = KSIZE + ISIZE
( 1454) ISIZE = KIND (YD%NTLW)
( 1455) IF (LLPRINT) THEN
( 1456)   WRITE (*, '(I10," ")', ADVANCE='NO') ISIZE
( 1457)   WRITE (*, *) TRIM (CLPATH)//'%NTLW'
( 1458) ENDIF
( 1459) KSIZE = KSIZE + ISIZE
( 1460) ISIZE = KIND (YD%NTSW)
( 1461) IF (LLPRINT) THEN
( 1462)   WRITE (*, '(I10," ")', ADVANCE='NO') ISIZE
( 1463)   WRITE (*, *) TRIM (CLPATH)//'%NTSW'
( 1464) ENDIF
( 1465) KSIZE = KSIZE + ISIZE
( 1466) ISIZE = KIND (YD%NUV)
( 1467) IF (LLPRINT) THEN
( 1468)   WRITE (*, '(I10," ")', ADVANCE='NO') ISIZE
( 1469)   WRITE (*, *) TRIM (CLPATH)//'%NUV'
( 1470) ENDIF
( 1471) KSIZE = KSIZE + ISIZE
( 1472) ISIZE = KIND (YD%NCSRADF)
( 1473) IF (LLPRINT) THEN






NVFORTRAN (Version     24.5)          03/19/2025  06:54:40      page 58

( 1474)   WRITE (*, '(I10," ")', ADVANCE='NO') ISIZE
( 1475)   WRITE (*, *) TRIM (CLPATH)//'%NCSRADF'
( 1476) ENDIF
( 1477) KSIZE = KSIZE + ISIZE
( 1478) ISIZE = KIND (YD%NINHOM)
( 1479) IF (LLPRINT) THEN
( 1480)   WRITE (*, '(I10," ")', ADVANCE='NO') ISIZE
( 1481)   WRITE (*, *) TRIM (CLPATH)//'%NINHOM'
( 1482) ENDIF
( 1483) KSIZE = KSIZE + ISIZE
( 1484) ISIZE = KIND (YD%NLAYINH)
( 1485) IF (LLPRINT) THEN
( 1486)   WRITE (*, '(I10," ")', ADVANCE='NO') ISIZE
( 1487)   WRITE (*, *) TRIM (CLPATH)//'%NLAYINH'
( 1488) ENDIF
( 1489) KSIZE = KSIZE + ISIZE
( 1490) ISIZE = KIND (YD%NLNGR1H)
( 1491) IF (LLPRINT) THEN
( 1492)   WRITE (*, '(I10," ")', ADVANCE='NO') ISIZE
( 1493)   WRITE (*, *) TRIM (CLPATH)//'%NLNGR1H'
( 1494) ENDIF
( 1495) KSIZE = KSIZE + ISIZE
( 1496) ISIZE = KIND (YD%NPERTAER)
( 1497) IF (LLPRINT) THEN
( 1498)   WRITE (*, '(I10," ")', ADVANCE='NO') ISIZE
( 1499)   WRITE (*, *) TRIM (CLPATH)//'%NPERTAER'
( 1500) ENDIF
( 1501) KSIZE = KSIZE + ISIZE
( 1502) ISIZE = KIND (YD%NPERTOZ)
( 1503) IF (LLPRINT) THEN
( 1504)   WRITE (*, '(I10," ")', ADVANCE='NO') ISIZE
( 1505)   WRITE (*, *) TRIM (CLPATH)//'%NPERTOZ'
( 1506) ENDIF
( 1507) KSIZE = KSIZE + ISIZE
( 1508) ISIZE = KIND (YD%NSCEN)
( 1509) IF (LLPRINT) THEN
( 1510)   WRITE (*, '(I10," ")', ADVANCE='NO') ISIZE
( 1511)   WRITE (*, *) TRIM (CLPATH)//'%NSCEN'
( 1512) ENDIF
( 1513) KSIZE = KSIZE + ISIZE
( 1514) ISIZE = KIND (YD%NHINCSOL)
( 1515) IF (LLPRINT) THEN
( 1516)   WRITE (*, '(I10," ")', ADVANCE='NO') ISIZE
( 1517)   WRITE (*, *) TRIM (CLPATH)//'%NHINCSOL'
( 1518) ENDIF
( 1519) KSIZE = KSIZE + ISIZE
( 1520) ISIZE = KIND (YD%NMCICA)
( 1521) IF (LLPRINT) THEN
( 1522)   WRITE (*, '(I10," ")', ADVANCE='NO') ISIZE
( 1523)   WRITE (*, *) TRIM (CLPATH)//'%NMCICA'
( 1524) ENDIF
( 1525) KSIZE = KSIZE + ISIZE
( 1526) ISIZE = KIND (YD%NGHGRAD)
( 1527) IF (LLPRINT) THEN
( 1528)   WRITE (*, '(I10," ")', ADVANCE='NO') ISIZE
( 1529)   WRITE (*, *) TRIM (CLPATH)//'%NGHGRAD'
( 1530) ENDIF
( 1531) KSIZE = KSIZE + ISIZE






NVFORTRAN (Version     24.5)          03/19/2025  06:54:40      page 59

( 1532) ISIZE = KIND (YD%NVOLCVERT)
( 1533) IF (LLPRINT) THEN
( 1534)   WRITE (*, '(I10," ")', ADVANCE='NO') ISIZE
( 1535)   WRITE (*, *) TRIM (CLPATH)//'%NVOLCVERT'
( 1536) ENDIF
( 1537) KSIZE = KSIZE + ISIZE
( 1538) ISIZE = KIND (YD%NREDGLW)
( 1539) IF (LLPRINT) THEN
( 1540)   WRITE (*, '(I10," ")', ADVANCE='NO') ISIZE
( 1541)   WRITE (*, *) TRIM (CLPATH)//'%NREDGLW'
( 1542) ENDIF
( 1543) KSIZE = KSIZE + ISIZE
( 1544) ISIZE = KIND (YD%NREDGSW)
( 1545) IF (LLPRINT) THEN
( 1546)   WRITE (*, '(I10," ")', ADVANCE='NO') ISIZE
( 1547)   WRITE (*, *) TRIM (CLPATH)//'%NREDGSW'
( 1548) ENDIF
( 1549) KSIZE = KSIZE + ISIZE
( 1550) ISIZE = KIND (YD%NSPMAPL) * SIZE (YD%NSPMAPL)
( 1551) IF (LLPRINT) THEN
( 1552)   WRITE (*, '(I10," ")', ADVANCE='NO') ISIZE
( 1553)   WRITE (*, *) TRIM (CLPATH)//'%NSPMAPL'
( 1554) ENDIF
( 1555) KSIZE = KSIZE + ISIZE
( 1556) ISIZE = KIND (YD%NSPMAPS) * SIZE (YD%NSPMAPS)
( 1557) IF (LLPRINT) THEN
( 1558)   WRITE (*, '(I10," ")', ADVANCE='NO') ISIZE
( 1559)   WRITE (*, *) TRIM (CLPATH)//'%NSPMAPS'
( 1560) ENDIF
( 1561) KSIZE = KSIZE + ISIZE
( 1562) ISIZE = KIND (YD%NSW)
( 1563) IF (LLPRINT) THEN
( 1564)   WRITE (*, '(I10," ")', ADVANCE='NO') ISIZE
( 1565)   WRITE (*, *) TRIM (CLPATH)//'%NSW'
( 1566) ENDIF
( 1567) KSIZE = KSIZE + ISIZE
( 1568) ISIZE = KIND (YD%NLWEMISS)
( 1569) IF (LLPRINT) THEN
( 1570)   WRITE (*, '(I10," ")', ADVANCE='NO') ISIZE
( 1571)   WRITE (*, *) TRIM (CLPATH)//'%NLWEMISS'
( 1572) ENDIF
( 1573) KSIZE = KSIZE + ISIZE
( 1574) ISIZE = KIND (YD%NICEOPT)
( 1575) IF (LLPRINT) THEN
( 1576)   WRITE (*, '(I10," ")', ADVANCE='NO') ISIZE
( 1577)   WRITE (*, *) TRIM (CLPATH)//'%NICEOPT'
( 1578) ENDIF
( 1579) KSIZE = KSIZE + ISIZE
( 1580) ISIZE = KIND (YD%NLIQOPT)
( 1581) IF (LLPRINT) THEN
( 1582)   WRITE (*, '(I10," ")', ADVANCE='NO') ISIZE
( 1583)   WRITE (*, *) TRIM (CLPATH)//'%NLIQOPT'
( 1584) ENDIF
( 1585) KSIZE = KSIZE + ISIZE
( 1586) ISIZE = KIND (YD%NRADIP)
( 1587) IF (LLPRINT) THEN
( 1588)   WRITE (*, '(I10," ")', ADVANCE='NO') ISIZE
( 1589)   WRITE (*, *) TRIM (CLPATH)//'%NRADIP'






NVFORTRAN (Version     24.5)          03/19/2025  06:54:40      page 60

( 1590) ENDIF
( 1591) KSIZE = KSIZE + ISIZE
( 1592) ISIZE = KIND (YD%NRADLP)
( 1593) IF (LLPRINT) THEN
( 1594)   WRITE (*, '(I10," ")', ADVANCE='NO') ISIZE
( 1595)   WRITE (*, *) TRIM (CLPATH)//'%NRADLP'
( 1596) ENDIF
( 1597) KSIZE = KSIZE + ISIZE
( 1598) ISIZE = KIND (YD%NLWOUT)
( 1599) IF (LLPRINT) THEN
( 1600)   WRITE (*, '(I10," ")', ADVANCE='NO') ISIZE
( 1601)   WRITE (*, *) TRIM (CLPATH)//'%NLWOUT'
( 1602) ENDIF
( 1603) KSIZE = KSIZE + ISIZE
( 1604) ISIZE = KIND (YD%NDECOLAT)
( 1605) IF (LLPRINT) THEN
( 1606)   WRITE (*, '(I10," ")', ADVANCE='NO') ISIZE
( 1607)   WRITE (*, *) TRIM (CLPATH)//'%NDECOLAT'
( 1608) ENDIF
( 1609) KSIZE = KSIZE + ISIZE
( 1610) ISIZE = KIND (YD%NMINICE)
( 1611) IF (LLPRINT) THEN
( 1612)   WRITE (*, '(I10," ")', ADVANCE='NO') ISIZE
( 1613)   WRITE (*, *) TRIM (CLPATH)//'%NMINICE'
( 1614) ENDIF
( 1615) KSIZE = KSIZE + ISIZE
( 1616) ISIZE = KIND (YD%NAERMACC)
( 1617) IF (LLPRINT) THEN
( 1618)   WRITE (*, '(I10," ")', ADVANCE='NO') ISIZE
( 1619)   WRITE (*, *) TRIM (CLPATH)//'%NAERMACC'
( 1620) ENDIF
( 1621) KSIZE = KSIZE + ISIZE
( 1622) ISIZE = KIND (YD%NMCVAR)
( 1623) IF (LLPRINT) THEN
( 1624)   WRITE (*, '(I10," ")', ADVANCE='NO') ISIZE
( 1625)   WRITE (*, *) TRIM (CLPATH)//'%NMCVAR'
( 1626) ENDIF
( 1627) KSIZE = KSIZE + ISIZE
( 1628) ISIZE = KIND (YD%NLWSCATTERING)
( 1629) IF (LLPRINT) THEN
( 1630)   WRITE (*, '(I10," ")', ADVANCE='NO') ISIZE
( 1631)   WRITE (*, *) TRIM (CLPATH)//'%NLWSCATTERING'
( 1632) ENDIF
( 1633) KSIZE = KSIZE + ISIZE
( 1634) ISIZE = KIND (YD%NSWSOLVER)
( 1635) IF (LLPRINT) THEN
( 1636)   WRITE (*, '(I10," ")', ADVANCE='NO') ISIZE
( 1637)   WRITE (*, *) TRIM (CLPATH)//'%NSWSOLVER'
( 1638) ENDIF
( 1639) KSIZE = KSIZE + ISIZE
( 1640) ISIZE = KIND (YD%NLWSOLVER)
( 1641) IF (LLPRINT) THEN
( 1642)   WRITE (*, '(I10," ")', ADVANCE='NO') ISIZE
( 1643)   WRITE (*, *) TRIM (CLPATH)//'%NLWSOLVER'
( 1644) ENDIF
( 1645) KSIZE = KSIZE + ISIZE
( 1646) ISIZE = KIND (YD%NSOLARSPECTRUM)
( 1647) IF (LLPRINT) THEN






NVFORTRAN (Version     24.5)          03/19/2025  06:54:40      page 61

( 1648)   WRITE (*, '(I10," ")', ADVANCE='NO') ISIZE
( 1649)   WRITE (*, *) TRIM (CLPATH)//'%NSOLARSPECTRUM'
( 1650) ENDIF
( 1651) KSIZE = KSIZE + ISIZE
( 1652) ISIZE = KIND (YD%NDUMPBADINPUTS)
( 1653) IF (LLPRINT) THEN
( 1654)   WRITE (*, '(I10," ")', ADVANCE='NO') ISIZE
( 1655)   WRITE (*, *) TRIM (CLPATH)//'%NDUMPBADINPUTS'
( 1656) ENDIF
( 1657) KSIZE = KSIZE + ISIZE
( 1658) ISIZE = KIND (YD%NDUMPINPUTS)
( 1659) IF (LLPRINT) THEN
( 1660)   WRITE (*, '(I10," ")', ADVANCE='NO') ISIZE
( 1661)   WRITE (*, *) TRIM (CLPATH)//'%NDUMPINPUTS'
( 1662) ENDIF
( 1663) KSIZE = KSIZE + ISIZE
( 1664) ISIZE = KIND (YD%NCLOUDOVERLAP)
( 1665) IF (LLPRINT) THEN
( 1666)   WRITE (*, '(I10," ")', ADVANCE='NO') ISIZE
( 1667)   WRITE (*, *) TRIM (CLPATH)//'%NCLOUDOVERLAP'
( 1668) ENDIF
( 1669) KSIZE = KSIZE + ISIZE
( 1670) ISIZE = KIND (YD%RCLOUD_FRAC_STD)
( 1671) IF (LLPRINT) THEN
( 1672)   WRITE (*, '(I10," ")', ADVANCE='NO') ISIZE
( 1673)   WRITE (*, *) TRIM (CLPATH)//'%RCLOUD_FRAC_STD'
( 1674) ENDIF
( 1675) KSIZE = KSIZE + ISIZE
( 1676) ISIZE = KIND (YD%RCLOUD_SEPARATION_SCALE_TOA)
( 1677) IF (LLPRINT) THEN
( 1678)   WRITE (*, '(I10," ")', ADVANCE='NO') ISIZE
( 1679)   WRITE (*, *) TRIM (CLPATH)//'%RCLOUD_SEPARATION_SCALE_TOA'
( 1680) ENDIF
( 1681) KSIZE = KSIZE + ISIZE
( 1682) ISIZE = KIND (YD%RCLOUD_SEPARATION_SCALE_SURF)
( 1683) IF (LLPRINT) THEN
( 1684)   WRITE (*, '(I10," ")', ADVANCE='NO') ISIZE
( 1685)   WRITE (*, *) TRIM (CLPATH)//'%RCLOUD_SEPARATION_SCALE_SURF'
( 1686) ENDIF
( 1687) KSIZE = KSIZE + ISIZE
( 1688) ISIZE = KIND (YD%LFU_LW_ICE_OPTICS_BUG)
( 1689) IF (LLPRINT) THEN
( 1690)   WRITE (*, '(I10," ")', ADVANCE='NO') ISIZE
( 1691)   WRITE (*, *) TRIM (CLPATH)//'%LFU_LW_ICE_OPTICS_BUG'
( 1692) ENDIF
( 1693) KSIZE = KSIZE + ISIZE
( 1694) ISIZE = KIND (YD%LDIAGFORCING)
( 1695) IF (LLPRINT) THEN
( 1696)   WRITE (*, '(I10," ")', ADVANCE='NO') ISIZE
( 1697)   WRITE (*, *) TRIM (CLPATH)//'%LDIAGFORCING'
( 1698) ENDIF
( 1699) KSIZE = KSIZE + ISIZE
( 1700) ISIZE = KIND (YD%LAPPROXLWUPDATE)
( 1701) IF (LLPRINT) THEN
( 1702)   WRITE (*, '(I10," ")', ADVANCE='NO') ISIZE
( 1703)   WRITE (*, *) TRIM (CLPATH)//'%LAPPROXLWUPDATE'
( 1704) ENDIF
( 1705) KSIZE = KSIZE + ISIZE






NVFORTRAN (Version     24.5)          03/19/2025  06:54:40      page 62

( 1706) ISIZE = KIND (YD%LAPPROXSWUPDATE)
( 1707) IF (LLPRINT) THEN
( 1708)   WRITE (*, '(I10," ")', ADVANCE='NO') ISIZE
( 1709)   WRITE (*, *) TRIM (CLPATH)//'%LAPPROXSWUPDATE'
( 1710) ENDIF
( 1711) KSIZE = KSIZE + ISIZE
( 1712) ISIZE = KIND (YD%NSWICEOPT)
( 1713) IF (LLPRINT) THEN
( 1714)   WRITE (*, '(I10," ")', ADVANCE='NO') ISIZE
( 1715)   WRITE (*, *) TRIM (CLPATH)//'%NSWICEOPT'
( 1716) ENDIF
( 1717) KSIZE = KSIZE + ISIZE
( 1718) ISIZE = KIND (YD%NSWLIQOPT)
( 1719) IF (LLPRINT) THEN
( 1720)   WRITE (*, '(I10," ")', ADVANCE='NO') ISIZE
( 1721)   WRITE (*, *) TRIM (CLPATH)//'%NSWLIQOPT'
( 1722) ENDIF
( 1723) KSIZE = KSIZE + ISIZE
( 1724) ISIZE = KIND (YD%NLWICEOPT)
( 1725) IF (LLPRINT) THEN
( 1726)   WRITE (*, '(I10," ")', ADVANCE='NO') ISIZE
( 1727)   WRITE (*, *) TRIM (CLPATH)//'%NLWICEOPT'
( 1728) ENDIF
( 1729) KSIZE = KSIZE + ISIZE
( 1730) ISIZE = KIND (YD%NLWLIQOPT)
( 1731) IF (LLPRINT) THEN
( 1732)   WRITE (*, '(I10," ")', ADVANCE='NO') ISIZE
( 1733)   WRITE (*, *) TRIM (CLPATH)//'%NLWLIQOPT'
( 1734) ENDIF
( 1735) KSIZE = KSIZE + ISIZE
( 1736) ISIZE = KIND (YD%LCCNL)
( 1737) IF (LLPRINT) THEN
( 1738)   WRITE (*, '(I10," ")', ADVANCE='NO') ISIZE
( 1739)   WRITE (*, *) TRIM (CLPATH)//'%LCCNL'
( 1740) ENDIF
( 1741) KSIZE = KSIZE + ISIZE
( 1742) ISIZE = KIND (YD%LCCNO)
( 1743) IF (LLPRINT) THEN
( 1744)   WRITE (*, '(I10," ")', ADVANCE='NO') ISIZE
( 1745)   WRITE (*, *) TRIM (CLPATH)//'%LCCNO'
( 1746) ENDIF
( 1747) KSIZE = KSIZE + ISIZE
( 1748) ISIZE = KIND (YD%RCCNLND)
( 1749) IF (LLPRINT) THEN
( 1750)   WRITE (*, '(I10," ")', ADVANCE='NO') ISIZE
( 1751)   WRITE (*, *) TRIM (CLPATH)//'%RCCNLND'
( 1752) ENDIF
( 1753) KSIZE = KSIZE + ISIZE
( 1754) ISIZE = KIND (YD%RCCNSEA)
( 1755) IF (LLPRINT) THEN
( 1756)   WRITE (*, '(I10," ")', ADVANCE='NO') ISIZE
( 1757)   WRITE (*, *) TRIM (CLPATH)//'%RCCNSEA'
( 1758) ENDIF
( 1759) KSIZE = KSIZE + ISIZE
( 1760) ISIZE = KIND (YD%RRE2DE)
( 1761) IF (LLPRINT) THEN
( 1762)   WRITE (*, '(I10," ")', ADVANCE='NO') ISIZE
( 1763)   WRITE (*, *) TRIM (CLPATH)//'%RRE2DE'






NVFORTRAN (Version     24.5)          03/19/2025  06:54:40      page 63

( 1764) ENDIF
( 1765) KSIZE = KSIZE + ISIZE
( 1766) ISIZE = KIND (YD%RMINICE)
( 1767) IF (LLPRINT) THEN
( 1768)   WRITE (*, '(I10," ")', ADVANCE='NO') ISIZE
( 1769)   WRITE (*, *) TRIM (CLPATH)//'%RMINICE'
( 1770) ENDIF
( 1771) KSIZE = KSIZE + ISIZE
( 1772) ISIZE = KIND (YD%NMCLAT)
( 1773) IF (LLPRINT) THEN
( 1774)   WRITE (*, '(I10," ")', ADVANCE='NO') ISIZE
( 1775)   WRITE (*, *) TRIM (CLPATH)//'%NMCLAT'
( 1776) ENDIF
( 1777) KSIZE = KSIZE + ISIZE
( 1778) ISIZE = KIND (YD%NMCLON)
( 1779) IF (LLPRINT) THEN
( 1780)   WRITE (*, '(I10," ")', ADVANCE='NO') ISIZE
( 1781)   WRITE (*, *) TRIM (CLPATH)//'%NMCLON'
( 1782) ENDIF
( 1783) KSIZE = KSIZE + ISIZE
( 1784) ISIZE = KIND (YD%NMCLEV)
( 1785) IF (LLPRINT) THEN
( 1786)   WRITE (*, '(I10," ")', ADVANCE='NO') ISIZE
( 1787)   WRITE (*, *) TRIM (CLPATH)//'%NMCLEV'
( 1788) ENDIF
( 1789) KSIZE = KSIZE + ISIZE
( 1790) ISIZE = KIND (YD%NSWGASOPTICS)
( 1791) IF (LLPRINT) THEN
( 1792)   WRITE (*, '(I10," ")', ADVANCE='NO') ISIZE
( 1793)   WRITE (*, *) TRIM (CLPATH)//'%NSWGASOPTICS'
( 1794) ENDIF
( 1795) KSIZE = KSIZE + ISIZE
( 1796) ISIZE = KIND (YD%NLWGASOPTICS)
( 1797) IF (LLPRINT) THEN
( 1798)   WRITE (*, '(I10," ")', ADVANCE='NO') ISIZE
( 1799)   WRITE (*, *) TRIM (CLPATH)//'%NLWGASOPTICS'
( 1800) ENDIF
( 1801) KSIZE = KSIZE + ISIZE
( 1802) ISIZE = KIND (YD%NGASOPTICSSCHEME)
( 1803) IF (LLPRINT) THEN
( 1804)   WRITE (*, '(I10," ")', ADVANCE='NO') ISIZE
( 1805)   WRITE (*, *) TRIM (CLPATH)//'%NGASOPTICSSCHEME'
( 1806) ENDIF
( 1807) KSIZE = KSIZE + ISIZE
( 1808) ISIZE = KIND (YD%KMODTS)
( 1809) IF (LLPRINT) THEN
( 1810)   WRITE (*, '(I10," ")', ADVANCE='NO') ISIZE
( 1811)   WRITE (*, *) TRIM (CLPATH)//'%KMODTS'
( 1812) ENDIF
( 1813) KSIZE = KSIZE + ISIZE
( 1814) ISIZE = KIND (YD%NSWWVCONTINUUM)
( 1815) IF (LLPRINT) THEN
( 1816)   WRITE (*, '(I10," ")', ADVANCE='NO') ISIZE
( 1817)   WRITE (*, *) TRIM (CLPATH)//'%NSWWVCONTINUUM'
( 1818) ENDIF
( 1819) KSIZE = KSIZE + ISIZE
( 1820) ISIZE = KIND (YD%NRTCALL)
( 1821) IF (LLPRINT) THEN






NVFORTRAN (Version     24.5)          03/19/2025  06:54:40      page 64

( 1822)   WRITE (*, '(I10," ")', ADVANCE='NO') ISIZE
( 1823)   WRITE (*, *) TRIM (CLPATH)//'%NRTCALL'
( 1824) ENDIF
( 1825) KSIZE = KSIZE + ISIZE
( 1826) ISIZE = KIND (YD%IRTCALLREF)
( 1827) IF (LLPRINT) THEN
( 1828)   WRITE (*, '(I10," ")', ADVANCE='NO') ISIZE
( 1829)   WRITE (*, *) TRIM (CLPATH)//'%IRTCALLREF'
( 1830) ENDIF
( 1831) KSIZE = KSIZE + ISIZE
( 1832) ISIZE = KIND (YD%IRTCALLCLN)
( 1833) IF (LLPRINT) THEN
( 1834)   WRITE (*, '(I10," ")', ADVANCE='NO') ISIZE
( 1835)   WRITE (*, *) TRIM (CLPATH)//'%IRTCALLCLN'
( 1836) ENDIF
( 1837) KSIZE = KSIZE + ISIZE
( 1838) ISIZE = KIND (YD%LINTERPINCLOUDMEAN)
( 1839) IF (LLPRINT) THEN
( 1840)   WRITE (*, '(I10," ")', ADVANCE='NO') ISIZE
( 1841)   WRITE (*, *) TRIM (CLPATH)//'%LINTERPINCLOUDMEAN'
( 1842) ENDIF
( 1843) KSIZE = KSIZE + ISIZE
( 1844) ISIZE = KIND (YD%LERAD1H)
( 1845) IF (LLPRINT) THEN
( 1846)   WRITE (*, '(I10," ")', ADVANCE='NO') ISIZE
( 1847)   WRITE (*, *) TRIM (CLPATH)//'%LERAD1H'
( 1848) ENDIF
( 1849) KSIZE = KSIZE + ISIZE
( 1850) ISIZE = KIND (YD%LEPO3RA)
( 1851) IF (LLPRINT) THEN
( 1852)   WRITE (*, '(I10," ")', ADVANCE='NO') ISIZE
( 1853)   WRITE (*, *) TRIM (CLPATH)//'%LEPO3RA'
( 1854) ENDIF
( 1855) KSIZE = KSIZE + ISIZE
( 1856) ISIZE = KIND (YD%LONEWSW)
( 1857) IF (LLPRINT) THEN
( 1858)   WRITE (*, '(I10," ")', ADVANCE='NO') ISIZE
( 1859)   WRITE (*, *) TRIM (CLPATH)//'%LONEWSW'
( 1860) ENDIF
( 1861) KSIZE = KSIZE + ISIZE
( 1862) ISIZE = KIND (YD%LECSRAD)
( 1863) IF (LLPRINT) THEN
( 1864)   WRITE (*, '(I10," ")', ADVANCE='NO') ISIZE
( 1865)   WRITE (*, *) TRIM (CLPATH)//'%LECSRAD'
( 1866) ENDIF
( 1867) KSIZE = KSIZE + ISIZE
( 1868) ISIZE = KIND (YD%LRRTM)
( 1869) IF (LLPRINT) THEN
( 1870)   WRITE (*, '(I10," ")', ADVANCE='NO') ISIZE
( 1871)   WRITE (*, *) TRIM (CLPATH)//'%LRRTM'
( 1872) ENDIF
( 1873) KSIZE = KSIZE + ISIZE
( 1874) ISIZE = KIND (YD%LSRTM)
( 1875) IF (LLPRINT) THEN
( 1876)   WRITE (*, '(I10," ")', ADVANCE='NO') ISIZE
( 1877)   WRITE (*, *) TRIM (CLPATH)//'%LSRTM'
( 1878) ENDIF
( 1879) KSIZE = KSIZE + ISIZE






NVFORTRAN (Version     24.5)          03/19/2025  06:54:40      page 65

( 1880) ISIZE = KIND (YD%LDIFFC)
( 1881) IF (LLPRINT) THEN
( 1882)   WRITE (*, '(I10," ")', ADVANCE='NO') ISIZE
( 1883)   WRITE (*, *) TRIM (CLPATH)//'%LDIFFC'
( 1884) ENDIF
( 1885) KSIZE = KSIZE + ISIZE
( 1886) ISIZE = KIND (YD%LHVOLCA)
( 1887) IF (LLPRINT) THEN
( 1888)   WRITE (*, '(I10," ")', ADVANCE='NO') ISIZE
( 1889)   WRITE (*, *) TRIM (CLPATH)//'%LHVOLCA'
( 1890) ENDIF
( 1891) KSIZE = KSIZE + ISIZE
( 1892) ISIZE = KIND (YD%LNEWAER)
( 1893) IF (LLPRINT) THEN
( 1894)   WRITE (*, '(I10," ")', ADVANCE='NO') ISIZE
( 1895)   WRITE (*, *) TRIM (CLPATH)//'%LNEWAER'
( 1896) ENDIF
( 1897) KSIZE = KSIZE + ISIZE
( 1898) ISIZE = KIND (YD%LNOTROAER)
( 1899) IF (LLPRINT) THEN
( 1900)   WRITE (*, '(I10," ")', ADVANCE='NO') ISIZE
( 1901)   WRITE (*, *) TRIM (CLPATH)//'%LNOTROAER'
( 1902) ENDIF
( 1903) KSIZE = KSIZE + ISIZE
( 1904) ISIZE = KIND (YD%LRAYL)
( 1905) IF (LLPRINT) THEN
( 1906)   WRITE (*, '(I10," ")', ADVANCE='NO') ISIZE
( 1907)   WRITE (*, *) TRIM (CLPATH)//'%LRAYL'
( 1908) ENDIF
( 1909) KSIZE = KSIZE + ISIZE
( 1910) ISIZE = KIND (YD%LOPTRPROMA)
( 1911) IF (LLPRINT) THEN
( 1912)   WRITE (*, '(I10," ")', ADVANCE='NO') ISIZE
( 1913)   WRITE (*, *) TRIM (CLPATH)//'%LOPTRPROMA'
( 1914) ENDIF
( 1915) KSIZE = KSIZE + ISIZE
( 1916) ISIZE = KIND (YD%LECO2VAR)
( 1917) IF (LLPRINT) THEN
( 1918)   WRITE (*, '(I10," ")', ADVANCE='NO') ISIZE
( 1919)   WRITE (*, *) TRIM (CLPATH)//'%LECO2VAR'
( 1920) ENDIF
( 1921) KSIZE = KSIZE + ISIZE
( 1922) ISIZE = KIND (YD%LHGHG)
( 1923) IF (LLPRINT) THEN
( 1924)   WRITE (*, '(I10," ")', ADVANCE='NO') ISIZE
( 1925)   WRITE (*, *) TRIM (CLPATH)//'%LHGHG'
( 1926) ENDIF
( 1927) KSIZE = KSIZE + ISIZE
( 1928) ISIZE = KIND (YD%LESO4HIS)
( 1929) IF (LLPRINT) THEN
( 1930)   WRITE (*, '(I10," ")', ADVANCE='NO') ISIZE
( 1931)   WRITE (*, *) TRIM (CLPATH)//'%LESO4HIS'
( 1932) ENDIF
( 1933) KSIZE = KSIZE + ISIZE
( 1934) ISIZE = KIND (YD%LETRACGMS)
( 1935) IF (LLPRINT) THEN
( 1936)   WRITE (*, '(I10," ")', ADVANCE='NO') ISIZE
( 1937)   WRITE (*, *) TRIM (CLPATH)//'%LETRACGMS'






NVFORTRAN (Version     24.5)          03/19/2025  06:54:40      page 66

( 1938) ENDIF
( 1939) KSIZE = KSIZE + ISIZE
( 1940) ISIZE = KIND (YD%LAERCLIM)
( 1941) IF (LLPRINT) THEN
( 1942)   WRITE (*, '(I10," ")', ADVANCE='NO') ISIZE
( 1943)   WRITE (*, *) TRIM (CLPATH)//'%LAERCLIM'
( 1944) ENDIF
( 1945) KSIZE = KSIZE + ISIZE
( 1946) ISIZE = KIND (YD%LAERVISI)
( 1947) IF (LLPRINT) THEN
( 1948)   WRITE (*, '(I10," ")', ADVANCE='NO') ISIZE
( 1949)   WRITE (*, *) TRIM (CLPATH)//'%LAERVISI'
( 1950) ENDIF
( 1951) KSIZE = KSIZE + ISIZE
( 1952) ISIZE = KIND (YD%LAER3D)
( 1953) IF (LLPRINT) THEN
( 1954)   WRITE (*, '(I10," ")', ADVANCE='NO') ISIZE
( 1955)   WRITE (*, *) TRIM (CLPATH)//'%LAER3D'
( 1956) ENDIF
( 1957) KSIZE = KSIZE + ISIZE
( 1958) ISIZE = KIND (YD%LVOLCSPEC)
( 1959) IF (LLPRINT) THEN
( 1960)   WRITE (*, '(I10," ")', ADVANCE='NO') ISIZE
( 1961)   WRITE (*, *) TRIM (CLPATH)//'%LVOLCSPEC'
( 1962) ENDIF
( 1963) KSIZE = KSIZE + ISIZE
( 1964) ISIZE = KIND (YD%LVOLCDAMP)
( 1965) IF (LLPRINT) THEN
( 1966)   WRITE (*, '(I10," ")', ADVANCE='NO') ISIZE
( 1967)   WRITE (*, *) TRIM (CLPATH)//'%LVOLCDAMP'
( 1968) ENDIF
( 1969) KSIZE = KSIZE + ISIZE
( 1970) ISIZE = KIND (YD%LAERADCLI)
( 1971) IF (LLPRINT) THEN
( 1972)   WRITE (*, '(I10," ")', ADVANCE='NO') ISIZE
( 1973)   WRITE (*, *) TRIM (CLPATH)//'%LAERADCLI'
( 1974) ENDIF
( 1975) KSIZE = KSIZE + ISIZE
( 1976) ISIZE = KIND (YD%LAERADJDU)
( 1977) IF (LLPRINT) THEN
( 1978)   WRITE (*, '(I10," ")', ADVANCE='NO') ISIZE
( 1979)   WRITE (*, *) TRIM (CLPATH)//'%LAERADJDU'
( 1980) ENDIF
( 1981) KSIZE = KSIZE + ISIZE
( 1982) ISIZE = KIND (YD%LMANNERSSWUPDATE)
( 1983) IF (LLPRINT) THEN
( 1984)   WRITE (*, '(I10," ")', ADVANCE='NO') ISIZE
( 1985)   WRITE (*, *) TRIM (CLPATH)//'%LMANNERSSWUPDATE'
( 1986) ENDIF
( 1987) KSIZE = KSIZE + ISIZE
( 1988) ISIZE = KIND (YD%LCENTREDTIMESZA)
( 1989) IF (LLPRINT) THEN
( 1990)   WRITE (*, '(I10," ")', ADVANCE='NO') ISIZE
( 1991)   WRITE (*, *) TRIM (CLPATH)//'%LCENTREDTIMESZA'
( 1992) ENDIF
( 1993) KSIZE = KSIZE + ISIZE
( 1994) ISIZE = KIND (YD%LAVERAGESZA)
( 1995) IF (LLPRINT) THEN






NVFORTRAN (Version     24.5)          03/19/2025  06:54:40      page 67

( 1996)   WRITE (*, '(I10," ")', ADVANCE='NO') ISIZE
( 1997)   WRITE (*, *) TRIM (CLPATH)//'%LAVERAGESZA'
( 1998) ENDIF
( 1999) KSIZE = KSIZE + ISIZE
( 2000) ISIZE = KIND (YD%LECOMPGRID)
( 2001) IF (LLPRINT) THEN
( 2002)   WRITE (*, '(I10," ")', ADVANCE='NO') ISIZE
( 2003)   WRITE (*, *) TRIM (CLPATH)//'%LECOMPGRID'
( 2004) ENDIF
( 2005) KSIZE = KSIZE + ISIZE
( 2006) ISIZE = KIND (YD%LUSEPRE2017RAD)
( 2007) IF (LLPRINT) THEN
( 2008)   WRITE (*, '(I10," ")', ADVANCE='NO') ISIZE
( 2009)   WRITE (*, *) TRIM (CLPATH)//'%LUSEPRE2017RAD'
( 2010) ENDIF
( 2011) KSIZE = KSIZE + ISIZE
( 2012) ISIZE = KIND (YD%LDUSEASON)
( 2013) IF (LLPRINT) THEN
( 2014)   WRITE (*, '(I10," ")', ADVANCE='NO') ISIZE
( 2015)   WRITE (*, *) TRIM (CLPATH)//'%LDUSEASON'
( 2016) ENDIF
( 2017) KSIZE = KSIZE + ISIZE
( 2018) ISIZE = KIND (YD%LPERPET)
( 2019) IF (LLPRINT) THEN
( 2020)   WRITE (*, '(I10," ")', ADVANCE='NO') ISIZE
( 2021)   WRITE (*, *) TRIM (CLPATH)//'%LPERPET'
( 2022) ENDIF
( 2023) KSIZE = KSIZE + ISIZE
( 2024) ISIZE = KIND (YD%LCLEAN)
( 2025) IF (LLPRINT) THEN
( 2026)   WRITE (*, '(I10," ")', ADVANCE='NO') ISIZE
( 2027)   WRITE (*, *) TRIM (CLPATH)//'%LCLEAN'
( 2028) ENDIF
( 2029) KSIZE = KSIZE + ISIZE
( 2030) ISIZE = KIND (YD%RAOVLP)
( 2031) IF (LLPRINT) THEN
( 2032)   WRITE (*, '(I10," ")', ADVANCE='NO') ISIZE
( 2033)   WRITE (*, *) TRIM (CLPATH)//'%RAOVLP'
( 2034) ENDIF
( 2035) KSIZE = KSIZE + ISIZE
( 2036) ISIZE = KIND (YD%RBOVLP)
( 2037) IF (LLPRINT) THEN
( 2038)   WRITE (*, '(I10," ")', ADVANCE='NO') ISIZE
( 2039)   WRITE (*, *) TRIM (CLPATH)//'%RBOVLP'
( 2040) ENDIF
( 2041) KSIZE = KSIZE + ISIZE
( 2042) ISIZE = KIND (YD%LEDBUG)
( 2043) IF (LLPRINT) THEN
( 2044)   WRITE (*, '(I10," ")', ADVANCE='NO') ISIZE
( 2045)   WRITE (*, *) TRIM (CLPATH)//'%LEDBUG'
( 2046) ENDIF
( 2047) KSIZE = KSIZE + ISIZE
( 2048) ISIZE = KIND (YD%RPERTOZ)
( 2049) IF (LLPRINT) THEN
( 2050)   WRITE (*, '(I10," ")', ADVANCE='NO') ISIZE
( 2051)   WRITE (*, *) TRIM (CLPATH)//'%RPERTOZ'
( 2052) ENDIF
( 2053) KSIZE = KSIZE + ISIZE






NVFORTRAN (Version     24.5)          03/19/2025  06:54:40      page 68

( 2054) ISIZE = KIND (YD%RLWINHF)
( 2055) IF (LLPRINT) THEN
( 2056)   WRITE (*, '(I10," ")', ADVANCE='NO') ISIZE
( 2057)   WRITE (*, *) TRIM (CLPATH)//'%RLWINHF'
( 2058) ENDIF
( 2059) KSIZE = KSIZE + ISIZE
( 2060) ISIZE = KIND (YD%RSWINHF)
( 2061) IF (LLPRINT) THEN
( 2062)   WRITE (*, '(I10," ")', ADVANCE='NO') ISIZE
( 2063)   WRITE (*, *) TRIM (CLPATH)//'%RSWINHF'
( 2064) ENDIF
( 2065) KSIZE = KSIZE + ISIZE
( 2066) ISIZE = KIND (YD%RVOLCSPEC) * SIZE (YD%RVOLCSPEC)
( 2067) IF (LLPRINT) THEN
( 2068)   WRITE (*, '(I10," ")', ADVANCE='NO') ISIZE
( 2069)   WRITE (*, *) TRIM (CLPATH)//'%RVOLCSPEC'
( 2070) ENDIF
( 2071) KSIZE = KSIZE + ISIZE
( 2072) ISIZE = KIND (YD%RNS)
( 2073) IF (LLPRINT) THEN
( 2074)   WRITE (*, '(I10," ")', ADVANCE='NO') ISIZE
( 2075)   WRITE (*, *) TRIM (CLPATH)//'%RNS'
( 2076) ENDIF
( 2077) KSIZE = KSIZE + ISIZE
( 2078) ISIZE = KIND (YD%RSIGAIR)
( 2079) IF (LLPRINT) THEN
( 2080)   WRITE (*, '(I10," ")', ADVANCE='NO') ISIZE
( 2081)   WRITE (*, *) TRIM (CLPATH)//'%RSIGAIR'
( 2082) ENDIF
( 2083) KSIZE = KSIZE + ISIZE
( 2084) ISIZE = KIND (YD%RAESHSS)
( 2085) IF (LLPRINT) THEN
( 2086)   WRITE (*, '(I10," ")', ADVANCE='NO') ISIZE
( 2087)   WRITE (*, *) TRIM (CLPATH)//'%RAESHSS'
( 2088) ENDIF
( 2089) KSIZE = KSIZE + ISIZE
( 2090) ISIZE = KIND (YD%RAESHDU)
( 2091) IF (LLPRINT) THEN
( 2092)   WRITE (*, '(I10," ")', ADVANCE='NO') ISIZE
( 2093)   WRITE (*, *) TRIM (CLPATH)//'%RAESHDU'
( 2094) ENDIF
( 2095) KSIZE = KSIZE + ISIZE
( 2096) ISIZE = KIND (YD%RAESHOM)
( 2097) IF (LLPRINT) THEN
( 2098)   WRITE (*, '(I10," ")', ADVANCE='NO') ISIZE
( 2099)   WRITE (*, *) TRIM (CLPATH)//'%RAESHOM'
( 2100) ENDIF
( 2101) KSIZE = KSIZE + ISIZE
( 2102) ISIZE = KIND (YD%RAESHBC)
( 2103) IF (LLPRINT) THEN
( 2104)   WRITE (*, '(I10," ")', ADVANCE='NO') ISIZE
( 2105)   WRITE (*, *) TRIM (CLPATH)//'%RAESHBC'
( 2106) ENDIF
( 2107) KSIZE = KSIZE + ISIZE
( 2108) ISIZE = KIND (YD%RAESHSU)
( 2109) IF (LLPRINT) THEN
( 2110)   WRITE (*, '(I10," ")', ADVANCE='NO') ISIZE
( 2111)   WRITE (*, *) TRIM (CLPATH)//'%RAESHSU'






NVFORTRAN (Version     24.5)          03/19/2025  06:54:40      page 69

( 2112) ENDIF
( 2113) KSIZE = KSIZE + ISIZE
( 2114) ISIZE = KIND (YD%TRBKG)
( 2115) IF (LLPRINT) THEN
( 2116)   WRITE (*, '(I10," ")', ADVANCE='NO') ISIZE
( 2117)   WRITE (*, *) TRIM (CLPATH)//'%TRBKG'
( 2118) ENDIF
( 2119) KSIZE = KSIZE + ISIZE
( 2120) ISIZE = KIND (YD%STBKG)
( 2121) IF (LLPRINT) THEN
( 2122)   WRITE (*, '(I10," ")', ADVANCE='NO') ISIZE
( 2123)   WRITE (*, *) TRIM (CLPATH)//'%STBKG'
( 2124) ENDIF
( 2125) KSIZE = KSIZE + ISIZE
( 2126) ISIZE = KIND (YD%CGHGCLIMFILE) * LEN (YD%CGHGCLIMFILE)
( 2127) IF (LLPRINT) THEN
( 2128)   WRITE (*, '(I10," ")', ADVANCE='NO') ISIZE
( 2129)   WRITE (*, *) TRIM (CLPATH)//'%CGHGCLIMFILE'
( 2130) ENDIF
( 2131) KSIZE = KSIZE + ISIZE
( 2132) ISIZE = KIND (YD%CGHGTIMESERIESFILE) * LEN (YD%CGHGTIMESERIESFILE)
( 2133) IF (LLPRINT) THEN
( 2134)   WRITE (*, '(I10," ")', ADVANCE='NO') ISIZE
( 2135)   WRITE (*, *) TRIM (CLPATH)//'%CGHGTIMESERIESFILE'
( 2136) ENDIF
( 2137) KSIZE = KSIZE + ISIZE
( 2138) ISIZE = KIND (YD%CSOLARIRRADIANCEFILE) * LEN (YD%CSOLARIRRADIANCEFILE)
( 2139) IF (LLPRINT) THEN
( 2140)   WRITE (*, '(I10," ")', ADVANCE='NO') ISIZE
( 2141)   WRITE (*, *) TRIM (CLPATH)//'%CSOLARIRRADIANCEFILE'
( 2142) ENDIF
( 2143) KSIZE = KSIZE + ISIZE
( 2144) ISIZE = KIND (YD%RRATSEA)
( 2145) IF (LLPRINT) THEN
( 2146)   WRITE (*, '(I10," ")', ADVANCE='NO') ISIZE
( 2147)   WRITE (*, *) TRIM (CLPATH)//'%RRATSEA'
( 2148) ENDIF
( 2149) KSIZE = KSIZE + ISIZE
( 2150) ISIZE = KIND (YD%RRATLAND)
( 2151) IF (LLPRINT) THEN
( 2152)   WRITE (*, '(I10," ")', ADVANCE='NO') ISIZE
( 2153)   WRITE (*, *) TRIM (CLPATH)//'%RRATLAND'
( 2154) ENDIF
( 2155) KSIZE = KSIZE + ISIZE
( 2156) ISIZE = KIND (YD%RRATDRI)
( 2157) IF (LLPRINT) THEN
( 2158)   WRITE (*, '(I10," ")', ADVANCE='NO') ISIZE
( 2159)   WRITE (*, *) TRIM (CLPATH)//'%RRATDRI'
( 2160) ENDIF
( 2161) KSIZE = KSIZE + ISIZE
( 2162) ISIZE = KIND (YD%RCADECOR)
( 2163) IF (LLPRINT) THEN
( 2164)   WRITE (*, '(I10," ")', ADVANCE='NO') ISIZE
( 2165)   WRITE (*, *) TRIM (CLPATH)//'%RCADECOR'
( 2166) ENDIF
( 2167) KSIZE = KSIZE + ISIZE
( 2168) ISIZE = KIND (YD%RCBDECOR)
( 2169) IF (LLPRINT) THEN






NVFORTRAN (Version     24.5)          03/19/2025  06:54:40      page 70

( 2170)   WRITE (*, '(I10," ")', ADVANCE='NO') ISIZE
( 2171)   WRITE (*, *) TRIM (CLPATH)//'%RCBDECOR'
( 2172) ENDIF
( 2173) KSIZE = KSIZE + ISIZE
( 2174) ISIZE = KIND (YD%RFACDICE)
( 2175) IF (LLPRINT) THEN
( 2176)   WRITE (*, '(I10," ")', ADVANCE='NO') ISIZE
( 2177)   WRITE (*, *) TRIM (CLPATH)//'%RFACDICE'
( 2178) ENDIF
( 2179) KSIZE = KSIZE + ISIZE
( 2180) LCVDAESS = ALLOCATED (YD%CVDAESS)
( 2181) IF (LCVDAESS) THEN
( 2182)   ISIZE = KIND (YD%CVDAESS) * SIZE (YD%CVDAESS)
( 2183)   IF (LLPRINT) THEN
( 2184)     WRITE (*, '(I10," ")', ADVANCE='NO') ISIZE
( 2185)     WRITE (*, *) TRIM (CLPATH)//'%CVDAESS'
( 2186)   ENDIF
( 2187)   KSIZE = KSIZE + ISIZE
( 2188) ENDIF
( 2189) LCVDAEDU = ALLOCATED (YD%CVDAEDU)
( 2190) IF (LCVDAEDU) THEN
( 2191)   ISIZE = KIND (YD%CVDAEDU) * SIZE (YD%CVDAEDU)
( 2192)   IF (LLPRINT) THEN
( 2193)     WRITE (*, '(I10," ")', ADVANCE='NO') ISIZE
( 2194)     WRITE (*, *) TRIM (CLPATH)//'%CVDAEDU'
( 2195)   ENDIF
( 2196)   KSIZE = KSIZE + ISIZE
( 2197) ENDIF
( 2198) LCVDAEOM = ALLOCATED (YD%CVDAEOM)
( 2199) IF (LCVDAEOM) THEN
( 2200)   ISIZE = KIND (YD%CVDAEOM) * SIZE (YD%CVDAEOM)
( 2201)   IF (LLPRINT) THEN
( 2202)     WRITE (*, '(I10," ")', ADVANCE='NO') ISIZE
( 2203)     WRITE (*, *) TRIM (CLPATH)//'%CVDAEOM'
( 2204)   ENDIF
( 2205)   KSIZE = KSIZE + ISIZE
( 2206) ENDIF
( 2207) LCVDAEBC = ALLOCATED (YD%CVDAEBC)
( 2208) IF (LCVDAEBC) THEN
( 2209)   ISIZE = KIND (YD%CVDAEBC) * SIZE (YD%CVDAEBC)
( 2210)   IF (LLPRINT) THEN
( 2211)     WRITE (*, '(I10," ")', ADVANCE='NO') ISIZE
( 2212)     WRITE (*, *) TRIM (CLPATH)//'%CVDAEBC'
( 2213)   ENDIF
( 2214)   KSIZE = KSIZE + ISIZE
( 2215) ENDIF
( 2216) LCVDAESU = ALLOCATED (YD%CVDAESU)
( 2217) IF (LCVDAESU) THEN
( 2218)   ISIZE = KIND (YD%CVDAESU) * SIZE (YD%CVDAESU)
( 2219)   IF (LLPRINT) THEN
( 2220)     WRITE (*, '(I10," ")', ADVANCE='NO') ISIZE
( 2221)     WRITE (*, *) TRIM (CLPATH)//'%CVDAESU'
( 2222)   ENDIF
( 2223)   KSIZE = KSIZE + ISIZE
( 2224) ENDIF
( 2225) ISIZE = KIND (YD%CECRADARCH) * LEN (YD%CECRADARCH)
( 2226) IF (LLPRINT) THEN
( 2227)   WRITE (*, '(I10," ")', ADVANCE='NO') ISIZE






NVFORTRAN (Version     24.5)          03/19/2025  06:54:40      page 71

( 2228)   WRITE (*, *) TRIM (CLPATH)//'%CECRADARCH'
( 2229) ENDIF
( 2230) KSIZE = KSIZE + ISIZE
( 2231) ISIZE = KIND (YD%LECRADACC)
( 2232) IF (LLPRINT) THEN
( 2233)   WRITE (*, '(I10," ")', ADVANCE='NO') ISIZE
( 2234)   WRITE (*, *) TRIM (CLPATH)//'%LECRADACC'
( 2235) ENDIF
( 2236) KSIZE = KSIZE + ISIZE
( 2237) ISIZE = KIND (YD%NECRADLEN)
( 2238) IF (LLPRINT) THEN
( 2239)   WRITE (*, '(I10," ")', ADVANCE='NO') ISIZE
( 2240)   WRITE (*, *) TRIM (CLPATH)//'%NECRADLEN'
( 2241) ENDIF
( 2242) KSIZE = KSIZE + ISIZE
( 2243) JSIZE = 0
( 2244) ISIZE = SIZE_TSPECTRALPLANCK (YD%YSPECTPLANCK, CLPATH//'%YSPECTPLANCK', .FALSE.)
( 2245) JSIZE = JSIZE + ISIZE
( 2246) KSIZE = KSIZE + ISIZE
( 2247) IF (LLPRINT) THEN
( 2248)   WRITE (*, '(I10," ")', ADVANCE='NO') JSIZE
( 2249)   WRITE (*, *) TRIM (CLPATH)//'%YSPECTPLANCK'
( 2250) ENDIF
( 2251) END FUNCTION
( 2252) # 2253 "./util_terad_mod.F90"
( 2253) END MODULE
